{"purpose": "Provider booking on Cubejek", "template_id": "DRIVER_SEND_MESSAGE_SP", "templates": [{"language": "AF", "body": "[\" Jy het 'n nuwe geskeduleerde taak versoek ( #Booking_Number# ). Gaan asseblief na die program en reageer deur die aanvaarding of afname van werk.\"]"}, {"language": "EN", "body": "[' You have new scheduled job request (#Booking_Number#). Please go to app and respond by accept or declining job.']"}, {"language": "TH", "body": "[' \u0e04\u0e38\u0e13\u0e21\u0e35\u0e04\u0e33\u0e02\u0e2d\u0e07\u0e32\u0e19\u0e17\u0e35\u0e48\u0e01\u0e33\u0e2b\u0e19\u0e14\u0e43\u0e2b\u0e21\u0e48 ( #Booking_Number# ) \u0e01\u0e23\u0e38\u0e13\u0e32\u0e44\u0e1b\u0e17\u0e35\u0e48\u0e41\u0e2d\u0e1e\u0e41\u0e25\u0e30\u0e15\u0e2d\u0e1a\u0e01\u0e25\u0e31\u0e1a\u0e42\u0e14\u0e22\u0e22\u0e2d\u0e21\u0e23\u0e31\u0e1a\u0e2b\u0e23\u0e37\u0e2d\u0e1b\u0e0f\u0e34\u0e40\u0e2a\u0e18\u0e07\u0e32\u0e19']"}, {"language": "ID", "body": "[' Anda memiliki permintaan pekerjaan baru yang dijadwalkan ( #Booking_Number# ). Silakan buka aplikasi dan merespons dengan menerima atau menolak pekerjaan.']"}, {"language": "DE", "body": "[' Sie haben eine neue geplante #Booking_Number# ( #Booking_Number# ). Bitte gehen Sie zur App und antworten Sie, indem Sie den Job annehmen oder ablehnen.']"}, {"language": "ES", "body": "[' Tiene una nueva solicitud de trabajo programada ( #Booking_Number# ). Por favor, vaya a la aplicaci\u00f3n y responda aceptando o rechazando el trabajo.']"}, {"language": "IT", "body": "[\" Hai una nuova richiesta di lavoro programmata ( #Booking_Number# ). Vai all'app e rispondi accettando o rifiutando il lavoro.\"]"}, {"language": "AR", "body": "[' \u0644\u062f\u064a\u0643 \u0637\u0644\u0628 \u0648\u0638\u064a\u0641\u0629 \u0645\u062c\u062f\u0648\u0644\u0629 \u062c\u062f\u064a\u062f ( #Booking_Number# ). \u064a\u0631\u062c\u0649 \u0627\u0644\u0630\u0647\u0627\u0628 \u0625\u0644\u0649 \u0627\u0644\u062a\u0637\u0628\u064a\u0642 \u0648\u0627\u0644\u0631\u062f \u0628\u0642\u0628\u0648\u0644 \u0623\u0648 \u0631\u0641\u0636 \u0627\u0644\u0648\u0638\u064a\u0641\u0629.']"}, {"language": "UR", "body": "[' \u0622\u067e \u0646\u0626\u06d2 \u0634\u06cc\u0688\u0648\u0644 \u06a9\u06d2 \u0645\u0637\u0627\u0628\u0642 \u06a9\u0627\u0645 \u06a9\u06cc \u062f\u0631\u062e\u0648\u0627\u0633\u062a (\u067e\u0691\u06d2 #Booking_Number# ). \u0628\u0631\u0627\u06c1 \u06a9\u0631\u0645 \u0627\u06cc\u067e \u067e\u0631 \u062c\u0627\u0626\u06cc\u06ba \u0627\u0648\u0631 \u0645\u0644\u0627\u0632\u0645\u062a \u06a9\u0648 \u0642\u0628\u0648\u0644 \u06cc\u0627 \u06a9\u0645\u06cc \u0633\u06d2 \u062c\u0648\u0627\u0628 \u062f\u06cc\u06ba.']"}, {"language": "AZ", "body": "[' Yeni t\u0259yin edilmi\u015f i\u015f istifad\u0259si var ( #Booking_Number# ). Xahi\u015f edirik t\u0259tbiq\u0259 ke\u00e7in v\u0259 i\u015fi q\u0259bul edin v\u0259 ya azald\u0131n.']"}, {"language": "ZH", "body": "[' \u60a8\u6709\u65b0\u7684\u9884\u5b9a\u4f5c\u4e1a\u8bf7\u6c42\uff08 #Booking_Number# \uff09\u3002\u8bf7\u8f6c\u5230\u5e94\u7528\u7a0b\u5e8f\u5e76\u901a\u8fc7\u63a5\u53d7\u6216\u62d2\u7edd\u5de5\u4f5c\u56de\u590d\u3002']"}, {"language": "PT", "body": "[' Voc\u00ea tem novo pedido de trabalho agendado ( #Booking_Number# ). Por favor, v\u00e1 ao aplicativo e responda aceitando ou recusando o trabalho.']"}, {"language": "ZU", "body": "[' #Booking_Number# esisha esimisiwe ( #Booking_Number# ). Sicela uye kuhlelo lokusebenza uphendule ngomsebenzi owamukelwayo noma owehlayo.']"}, {"language": "SW", "body": "[' Una ombi la kazi iliyopangwa ( #Booking_Number# ). Tafadhali nenda kwenye programu na uitie kwa kukubali au kupungua kazi.']"}, {"language": "KU", "body": "[' Tu xwed\u00ee daxwaz bi kar biryar n\u00fb ( #Booking_Number# ). Ji kerema xwe bi\u00e7e ser\u00ee \u00fb bersiv bi kar an qeb\u00fbl bikin an j\u00ee k\u00eam bike.']"}, {"language": "MS", "body": "[' Anda mempunyai permintaan kerja berjadual baru ( #Booking_Number# ). Sila pergi ke aplikasi dan balas dengan menerima atau menolak pekerjaan.']"}, {"language": "SI", "body": "[' \u0d94\u0db6\u0da7 \u0db1\u0dc0 \u0db1\u0dd2\u0dba\u0db8\u0dd2\u0dad \u0dbb\u0dd0\u0d9a\u0dd2\u0dba\u0dcf \u0d89\u0dbd\u0dca\u0dbd\u0dd3\u0db8 (\u0d87\u0dad\u0dd2 #Booking_Number# ). \u0d9a\u0dbb\u0dd4\u0dab\u0dcf\u0d9a\u0dbb \u0dba\u0dd9\u0daf\u0dd4\u0db8\u0da7 \u0d9c\u0ddc\u0dc3\u0dca \u0db4\u0dca\u0dbb\u0dad\u0dd2\u0da0\u0dcf\u0dbb \u0db7\u0dcf\u0dbb \u0d9c\u0dd0\u0db1\u0dd3\u0db8 \u0dc4\u0ddd \u0db4\u0dca\u0dbb\u0dad\u0dd2\u0d9a\u0dca\u0dc2\u0dda\u0db4 \u0d9a\u0dd2\u0dbb\u0dd3\u0db8 \u0db8\u0d9c\u0dd2\u0db1\u0dca \u0db4\u0dca\u0dbb\u0dad\u0dd2\u0da0\u0dcf\u0dbb \u0daf\u0d9a\u0dca\u0dc0\u0db1\u0dca\u0db1.']"}, {"language": "TA", "body": "[' \u0ba8\u0bc0\u0b99\u0bcd\u0b95\u0bb3\u0bcd \u0baa\u0bc1\u0ba4\u0bbf\u0baf \u0ba4\u0bbf\u0b9f\u0bcd\u0b9f\u0bae\u0bbf\u0b9f\u0bcd\u0b9f \u0bb5\u0bc7\u0bb2\u0bc8 \u0b95\u0bc7\u0bbe\u0bb0\u0bbf\u0b95\u0bcd\u0b95\u0bc8 (\u0bb5\u0bc7\u0ba3\u0bcd\u0b9f\u0bc1\u0bae\u0bcd #Booking_Number# ). \u0ba4\u0baf\u0bb5\u0bc1\u0b9a\u0bc6\u0baf\u0bcd\u0ba4\u0bc1 \u0bb5\u0bc7\u0bb2\u0bc8\u0b95\u0bcd\u0b95\u0bc1\u0b9a\u0bcd \u0b9a\u0bc6\u0bb2\u0bcd\u0bb2\u0bc1\u0b99\u0bcd\u0b95\u0bb3\u0bcd \u0b85\u0bb2\u0bcd\u0bb2\u0ba4\u0bc1 \u0bb5\u0bc7\u0bb2\u0bc8\u0baf\u0bc8 \u0b8f\u0bb1\u0bcd\u0bb1\u0bc1\u0b95\u0bcd\u0b95\u0bca\u0bb3\u0bcd\u0bb5\u0ba4\u0ba9\u0bcd \u0bae\u0bc2\u0bb2\u0bae\u0bcd \u0b85\u0bb2\u0bcd\u0bb2\u0ba4\u0bc1 \u0baa\u0ba4\u0bbf\u0bb2\u0bb3\u0bbf\u0b95\u0bcd\u0b95 \u0bb5\u0bc7\u0ba3\u0bcd\u0b9f\u0bc1\u0bae\u0bcd.']"}, {"language": "VI", "body": "[' B\u1ea1n c\u00f3 y\u00eau c\u1ea7u c\u00f4ng vi\u1ec7c theo l\u1ecbch tr\u00ecnh m\u1edbi ( #Booking_Number# ). Vui l\u00f2ng v\u00e0o \u1ee9ng d\u1ee5ng v\u00e0 tr\u1ea3 l\u1eddi b\u1eb1ng c\u00e1ch ch\u1ea5p nh\u1eadn ho\u1eb7c t\u1eeb ch\u1ed1i c\u00f4ng vi\u1ec7c.']"}, {"language": "TL", "body": "[' Mayroon kang bagong naka-iskedyul na kahilingan sa trabaho ( #Booking_Number# ). Mangyaring pumunta sa app at tumugon sa pamamagitan ng pagtanggap o pagtanggi ng trabaho.']"}, {"language": "KM", "body": "[' \u17a2\u17d2\u1793\u1780\u1798\u17b6\u1793\u179f\u17c6\u178e\u17be\u1780\u17b6\u179a\u1784\u17b6\u179a\u1790\u17d2\u1798\u17b8\u178a\u17c2\u179b\u1794\u17b6\u1793\u1780\u17c6\u178e\u178f\u17cb\u1796\u17c1\u179b ( #Booking_Number# ) \u17d4 \u179f\u17bc\u1798\u1785\u17bc\u179b\u1791\u17c5\u1780\u17b6\u1793\u17cb\u1780\u1798\u17d2\u1798\u179c\u17b7\u1792\u17b8\u17a0\u17be\u1799\u1786\u17d2\u179b\u17be\u1799\u178f\u1794\u178a\u17c4\u1799\u1780\u17b6\u179a\u1791\u1791\u17bd\u179b\u1799\u1780\u17ac\u1780\u17b6\u179a\u1792\u17d2\u179b\u17b6\u1780\u17cb\u1785\u17bb\u17c7\u1780\u17b6\u179a\u1784\u17b6\u179a\u17d4']"}, {"language": "BN", "body": "[' \u0986\u09aa\u09a8\u09be\u09b0 \u09a8\u09a4\u09c1\u09a8 \u09a8\u09bf\u09b0\u09cd\u09a7\u09be\u09b0\u09bf\u09a4 \u0995\u09be\u099c\u09c7\u09b0 \u0985\u09a8\u09c1\u09b0\u09cb\u09a7 \u0986\u099b\u09c7 ( #Booking_Number# )\u0964 \u0985\u09cd\u09af\u09be\u09aa\u09cd\u09b2\u09bf\u0995\u09c7\u09b6\u09a8 \u09af\u09be\u09a8 \u098f\u09ac\u0982 \u0997\u09cd\u09b0\u09b9\u09a3 \u09ac\u09be \u09b9\u09cd\u09b0\u09be\u09b8 \u0995\u09be\u099c\u09c7\u09b0 \u09a6\u09cd\u09ac\u09be\u09b0\u09be \u09b8\u09be\u09a1\u09bc\u09be \u09a6\u09af\u09bc\u09be \u0995\u09b0\u09c7\u0964']"}, {"language": "JA", "body": "[' \u65b0\u3057\u3044\u30b9\u30b1\u30b8\u30e5\u30fc\u30eb\u3055\u308c\u305f\u6c42\u4eba\u4f9d\u983c\u304c\u3042\u308a\u307e\u3059\uff08 #Booking_Number# \uff09\u3002\u30a2\u30d7\u30ea\u306b\u30a2\u30af\u30bb\u30b9\u3057\u3066\u3001\u627f\u8a8d\u307e\u305f\u306f\u8f9e\u9000\u3057\u3066\u304f\u3060\u3055\u3044\u3002']"}, {"language": "KO", "body": "[' \uc0c8\ub85c\uc6b4 \uc608\uc57d \ub41c \uc791\uc5c5 \uc694\uccad ( #Booking_Number# )\uc774 \uc788\uc2b5\ub2c8\ub2e4. \uc571\uc73c\ub85c \uc774\ub3d9\ud558\uc5ec \uc218\ub77d \ub610\ub294 \uac70\ubd80\ud558\ub294 \uc791\uc5c5\uc73c\ub85c \uc751\ub2f5\ud558\uc2ed\uc2dc\uc624.']"}, {"language": "YO", "body": "[' O ni titun eto ise \u00ecb\u00e9\u00e8r\u00e8 ( #Booking_Number# ). Jowo l\u1ecd si app ki o dahun nipa gbigba tabi dida i\u1e63\u1eb9.']"}, {"language": "TR", "body": "[' Yeni bir zamanlanm\u0131\u015f i\u015f iste\u011finiz var ( #Booking_Number# ). L\u00fctfen uygulamaya gidin ve i\u015fi kabul veya reddederek yan\u0131tlay\u0131n.']"}, {"language": "RU", "body": "[' \u0423 \u0432\u0430\u0441 \u0435\u0441\u0442\u044c \u043d\u043e\u0432\u044b\u0439 \u0437\u0430\u043f\u043b\u0430\u043d\u0438\u0440\u043e\u0432\u0430\u043d\u043d\u044b\u0439 \u0437\u0430\u043f\u0440\u043e\u0441 \u043d\u0430 \u0440\u0430\u0431\u043e\u0442\u0443 ( #Booking_Number# ). \u041f\u043e\u0436\u0430\u043b\u0443\u0439\u0441\u0442\u0430, \u043f\u0435\u0440\u0435\u0439\u0434\u0438\u0442\u0435 \u0432 \u043f\u0440\u0438\u043b\u043e\u0436\u0435\u043d\u0438\u0435 \u0438 \u043e\u0442\u0432\u0435\u0442\u044c\u0442\u0435, \u043f\u0440\u0438\u043d\u044f\u0432 \u0438\u043b\u0438 \u043e\u0442\u043a\u043b\u043e\u043d\u0438\u0432 \u0440\u0430\u0431\u043e\u0442\u0443.']"}, {"language": "FA", "body": "[' \u0634\u0645\u0627 \u062f\u0631\u062e\u0648\u0627\u0633\u062a \u06a9\u0627\u0631 \u062c\u062f\u06cc\u062f \u0628\u0631\u0646\u0627\u0645\u0647 \u0631\u06cc\u0632\u06cc \u0634\u062f\u0647 ( #Booking_Number# ) \u062f\u0627\u0631\u06cc\u062f. \u0644\u0637\u0641\u0627 \u0628\u0647 \u0628\u0631\u0646\u0627\u0645\u0647 \u0628\u0631\u0648\u06cc\u062f \u0648 \u0628\u0627 \u067e\u0630\u06cc\u0631\u0634 \u06cc\u0627 \u0631\u062f \u06a9\u0627\u0631 \u067e\u0627\u0633\u062e \u062f\u0647\u06cc\u062f.']"}, {"language": "MY", "body": "[' \u101e\u1004\u103b\u101e\u100a\u103b\u101e\u1005\u103a\u1000\u102d\u102f\u1021\u1001\u103b\u102d\u1014\u103a\u1000\u102c\u101c\u101e\u1010\u103a\u1019\u103e\u1010\u103a\u1021\u101c\u102f\u1015\u103a\u1010\u1031\u102c\u1004\u103a\u1038\u1006\u102d\u102f\u1001\u103b\u1000\u103a\u1021\u101b (\u101b\u103e\u102d #Booking_Number# ) \u104b app \u1000\u102d\u102f\u101e\u103d\u102c\u1038\u1015\u103c\u102e\u1038\u1021\u101c\u102f\u1015\u103a\u101c\u1000\u103a\u1001\u1036\u101b\u1014\u103a\u101e\u102d\u102f\u1037\u1019\u101f\u102f\u1010\u103a\u1000\u103b\u1006\u1004\u103a\u1038\u1014\u1031\u101e\u1016\u103c\u1004\u103a\u1037\u1000\u102d\u102f\u1010\u102f\u1036\u1037\u1015\u103c\u1014\u103a\u1015\u1031\u1038\u1015\u102b\u104b']"}, {"language": "HI", "body": "[' \u0906\u092a\u0915\u0947 \u092a\u093e\u0938 \u0928\u092f\u093e \u0936\u0947\u0921\u094d\u092f\u0942\u0932 \u0915\u093f\u092f\u093e \u0917\u092f\u093e \u091c\u0949\u092c \u0905\u0928\u0941\u0930\u094b\u0927 ( #Booking_Number# ) \u0939\u0948\u0964 \u0915\u0943\u092a\u092f\u093e \u090f\u092a\u094d\u0932\u093f\u0915\u0947\u0936\u0928 \u092a\u0930 \u091c\u093e\u090f\u0902 \u0914\u0930 \u0938\u094d\u0935\u0940\u0915\u093e\u0930 \u092f\u093e \u0905\u0938\u094d\u0935\u0940\u0915\u093e\u0930 \u0915\u0930\u0915\u0947 \u0928\u094c\u0915\u0930\u0940 \u0915\u093e \u091c\u0935\u093e\u092c \u0926\u0947\u0902\u0964']"}, {"language": "IW", "body": "[' \u05d9\u05e9 \u05dc\u05da \u05d1\u05e7\u05e9\u05ea \u05e2\u05d1\u05d5\u05d3\u05d4 \u05d7\u05d3\u05e9\u05d4 \u05de\u05ea\u05d5\u05d6\u05de\u05e0\u05ea ( #Booking_Number# ). \u05e2\u05d1\u05d5\u05e8 \u05d0\u05dc \u05d4\u05d0\u05e4\u05dc\u05d9\u05e7\u05e6\u05d9\u05d4 \u05d5\u05d4\u05d2\u05d9\u05d1 \u05e2\u05dc \u05d9\u05d3\u05d9 \u05e7\u05d1\u05dc\u05d4 \u05d0\u05d5 \u05d4\u05e1\u05d8\u05d4 \u05e9\u05dc \u05e2\u05d1\u05d5\u05d3\u05d4.']"}, {"language": "FR", "body": "[\" Vous avez une nouvelle demande de travail planifi\u00e9e ( #Booking_Number# ). S'il vous pla\u00eet aller \u00e0 l'application et r\u00e9pondre par accepter ou d\u00e9cliner l'emploi.\"]"}, {"language": "DA", "body": "[' Du har en ny planlagt #Booking_Number# ( #Booking_Number# ). Venligst g\u00e5 til app og svar ved at acceptere eller aftage job.']"}]}