{"purpose": "Booking accept by driver", "template_id": "BOOKING_IN_KIOSK", "templates": [{"language": "AF", "body": "[' Jou rit is suksesvol bespreek. Jou reis nommer is #vRideNo# . Bestuurder #Driver_Name# sal by die hotel binnekort bereik word. In geval van enige navraag kontak asseblief die bestuurder by #driverno# .']"}, {"language": "EN", "body": "[' Your ride is booked successfully. Your Trip Number is #vRideNo#. Driver #Driver_Name# will reached at the hotel Soon. In case of any query please contact the driver at #driverno#.']"}, {"language": "TH", "body": "[' \u0e08\u0e2d\u0e07\u0e23\u0e16\u0e02\u0e2d\u0e07\u0e04\u0e38\u0e13\u0e2a\u0e33\u0e40\u0e23\u0e47\u0e08\u0e41\u0e25\u0e49\u0e27 \u0e2b\u0e21\u0e32\u0e22\u0e40\u0e25\u0e02\u0e01\u0e32\u0e23\u0e40\u0e14\u0e34\u0e19\u0e17\u0e32\u0e07\u0e02\u0e2d\u0e07\u0e04\u0e38\u0e13\u0e04\u0e37\u0e2d #vRideNo# Driver #Driver_Name# \u0e08\u0e30\u0e21\u0e32\u0e16\u0e36\u0e07\u0e17\u0e35\u0e48\u0e42\u0e23\u0e07\u0e41\u0e23\u0e21\u0e43\u0e19\u0e44\u0e21\u0e48\u0e0a\u0e49\u0e32 \u0e43\u0e19\u0e01\u0e23\u0e13\u0e35\u0e17\u0e35\u0e48\u0e21\u0e35\u0e02\u0e49\u0e2d\u0e2a\u0e07\u0e2a\u0e31\u0e22\u0e01\u0e23\u0e38\u0e13\u0e32\u0e15\u0e34\u0e14\u0e15\u0e48\u0e2d\u0e04\u0e19\u0e02\u0e31\u0e1a\u0e23\u0e16\u0e17\u0e35\u0e48 #driverno#']"}, {"language": "ID", "body": "[' Perjalanan Anda berhasil dipesan. Nomor Perjalanan Anda adalah #vRideNo# . Driver #Driver_Name# akan segera tiba di hotel. Jika ada pertanyaan, silakan hubungi driver di #driverno# .']"}, {"language": "DE", "body": "[' Ihre Fahrt ist erfolgreich gebucht. Ihre #vRideNo# lautet #vRideNo# . Driver #Driver_Name# wird bald im Hotel erreicht. Bei #driverno# Sie sich bitte an den Treiber unter #driverno# .']"}, {"language": "ES", "body": "[' Su viaje est\u00e1 reservado con \u00e9xito. Su n\u00famero de viaje es #vRideNo# . Driver #Driver_Name# llegar\u00e1 al hotel Pronto. En caso de cualquier consulta, p\u00f3ngase en contacto con el controlador en #driverno# .']"}, {"language": "IT", "body": "[\" Il tuo giro \u00e8 prenotato con successo. Il tuo numero di viaggio \u00e8 #vRideNo# . Driver #Driver_Name# raggiunger\u00e0 l'hotel Presto. In caso di qualsiasi domanda si prega di contattare l'autista al numero #driverno# .\"]"}, {"language": "AR", "body": "[' \u062a\u0645 \u062d\u062c\u0632 \u0631\u062d\u0644\u062a\u0643 \u0628\u0646\u062c\u0627\u062d. \u0631\u0642\u0645 #vRideNo# \u0647\u0648 #vRideNo# . \u0633\u064a\u062a\u0645 \u0627\u0644\u0648\u0635\u0648\u0644 \u0625\u0644\u0649 Driver #Driver_Name# \u0641\u064a \u0627\u0644\u0641\u0646\u062f\u0642 \u0642\u0631\u064a\u0628\u064b\u0627. \u0641\u064a \u062d\u0627\u0644 \u0648\u062c\u0648\u062f \u0623\u064a \u0627\u0633\u062a\u0641\u0633\u0627\u0631 \u060c \u064a\u0631\u062c\u0649 \u0627\u0644\u0627\u062a\u0635\u0627\u0644 \u0628\u0627\u0644\u0633\u0627\u0626\u0642 \u0639\u0644\u0649 #driverno# .']"}, {"language": "UR", "body": "[' \u0622\u067e \u06a9\u06cc \u0633\u0648\u0627\u0631\u06cc \u06a9\u0627\u0645\u06cc\u0627\u0628\u06cc \u0633\u06d2 \u0628\u06a9 \u0645\u0627\u0631 \u062f\u06cc \u06af\u0626\u06cc \u06c1\u06d2. \u0622\u067e \u06a9\u0627 \u062f\u0648\u0631\u06c1 \u0646\u0645\u0628\u0631 #vRideNo# . \u0688\u0631\u0627\u0626\u06cc\u0648\u0631 #Driver_Name# \u062c\u0644\u062f \u06c1\u06cc \u06c1\u0648\u0679\u0644 \u0645\u06cc\u06ba \u067e\u06c1\u0646\u0686 \u062c\u0627\u0626\u06d2 \u06af\u0627. \u06a9\u0633\u06cc \u0628\u06be\u06cc \u0633\u0648\u0627\u0644 \u06a9\u06cc \u0635\u0648\u0631\u062a \u0645\u06cc\u06ba \u0628\u0631\u0627\u06c1 \u06a9\u0631\u0645 #driverno# \u0688\u0631\u0627\u0626\u06cc\u0648\u0631 #driverno# \u067e\u0631 \u0688\u0631\u0627\u0626\u06cc\u0648\u0631 \u0633\u06d2 \u0631\u0627\u0628\u0637\u06c1 \u06a9\u0631\u06cc\u06ba.']"}, {"language": "AZ", "body": "[' Sizin s\u0259f\u0259riniz u\u011furla sifari\u015fl\u0259nir. Sizin s\u0259f\u0259r say\u0131 #vRideNo# . S\u00fcr\u00fcc\u00fc #Driver_Name# Tezlikl\u0259 oteld\u0259 \u00e7atacaq. H\u0259r hans\u0131 bir sor\u011funun olmas\u0131 v\u0259ziyy\u0259tind\u0259, #driverno# \u0259laq\u0259 saxlay\u0131n.']"}, {"language": "ZH", "body": "[' \u60a8\u7684\u65c5\u7a0b\u5df2\u6210\u529f\u9884\u8ba2\u3002\u60a8\u7684\u65c5\u884c\u53f7\u7801\u662f#vRideNo# \u3002\u53f8\u673a#Driver_Name#\u5c06\u5f88\u5feb\u5230\u8fbe\u9152\u5e97\u3002\u5982\u6709\u4efb\u4f55\u7591\u95ee\uff0c\u8bf7\u901a\u8fc7#driverno#\u8054\u7cfb\u53f8\u673a\u3002']"}, {"language": "PT", "body": "[' Seu passeio \u00e9 reservado com sucesso. O seu n\u00famero de viagem \u00e9 #vRideNo# . Driver #Driver_Name# ser\u00e1 alcan\u00e7ado no hotel em breve. Em caso de #driverno# , entre em contato com o motorista em #driverno# .']"}, {"language": "ZU", "body": "[' Ukuhamba kwakho kubhalwa ngempumelelo. Inombolo Yakho #vRideNo# . Umshayeli #Driver_Name# . Uma kunoma yimuphi umbuzo sicela uxhumane nomshayeli ku- #driverno# .']"}, {"language": "SW", "body": "[' Safari yako imewekwa kwa mafanikio. Safari yako Nambari ni #vRideNo# . Dereva #Driver_Name# itafikia hoteli Hivi karibuni. Ikiwa kuna swali lolote tafadhali wasiliana na dereva kwenye #driverno# .']"}, {"language": "KU", "body": "[' R\u00fby\u00eena we bi serkeft\u00ee re vebirin. Hejmar\u00ean Xwe ya #vRideNo# . Driver #Driver_Name# w\u00ea li n\u00eaz\u00ee ot\u00eal\u00ea gih\u00ee\u015ftiye. Di rew\u015f\u00ea de her pirsek ji kerema xwe re ajoker\u00ea #driverno# .']"}, {"language": "MS", "body": "[' Perjalanan anda berjaya ditempah. Nombor Perjalanan anda ialah #vRideNo# . Pemandu #Driver_Name# akan sampai di hotel Tidak lama kemudian. Sekiranya ada pertanyaan sila hubungi pemandu di #driverno# .']"}, {"language": "SI", "body": "[' \u0d94\u0db6\u0d9c\u0dda \u0d9c\u0db8\u0db1\u0dca \u0dc3\u0dcf\u0dbb\u0dca\u0dae\u0d9a \u0dbd\u0dd9\u0dc3 \u0dc0\u0dd9\u0db1\u0dca \u0d9a\u0dbb \u0d87\u0dad. \u0d94\u0db6\u0d9c\u0dda \u0d9c\u0db8\u0db1\u0dca \u0d85\u0d82\u0d9a\u0dba \u0dba\u0db1\u0dd4 #vRideNo# . Driver #Driver_Name# \u0dc4\u0ddd\u0da7\u0dbd\u0dba\u0da7 \u0dc5\u0d9f\u0dcf \u0dc0\u0db1\u0dd4 \u0d87\u0dad. \u0d9a\u0dd2\u0dc3\u0dd2\u0dba\u0db8\u0dca \u0dc0\u0dd2\u0db8\u0dc3\u0dd4\u0db8\u0d9a\u0dca \u0dc3\u0dd2\u0daf\u0dd4 \u0d9a\u0dc5\u0dc4\u0ddc\u0dad\u0dca \u0d9a\u0dbb\u0dd4\u0dab\u0dcf\u0d9a\u0dbb #driverno# \u0dc4\u0dd2 \u0dbb\u0dd2\u0dba\u0daf\u0dd4\u0dbb\u0dd4 \u0d85\u0db8\u0dad\u0db1\u0dca\u0db1.']"}, {"language": "TA", "body": "[' \u0b89\u0b99\u0bcd\u0b95\u0bb3\u0bcd \u0b9a\u0bb5\u0bbe\u0bb0\u0bbf \u0bb5\u0bc6\u0bb1\u0bcd\u0bb1\u0bbf\u0b95\u0bb0\u0bae\u0bbe\u0b95 \u0baa\u0ba4\u0bbf\u0bb5\u0bc1 \u0b9a\u0bc6\u0baf\u0bcd\u0baf\u0baa\u0bcd\u0baa\u0b9f\u0bcd\u0b9f\u0bc1\u0bb3\u0bcd\u0bb3\u0ba4\u0bc1. \u0b89\u0b99\u0bcd\u0b95\u0bb3\u0bcd \u0baa\u0baf\u0ba3 \u0b8e\u0ba3\u0bcd #vRideNo# . \u0b9f\u0bbf\u0bb0\u0bc8\u0bb5\u0bb0\u0bcd #Driver_Name# \u0bb5\u0bbf\u0bb0\u0bc8\u0bb5\u0bbf\u0bb2\u0bcd \u0bb9\u0bcb\u0b9f\u0bcd\u0b9f\u0bb2\u0bbf\u0bb2\u0bcd \u0b85\u0b9f\u0bc8\u0ba8\u0bcd\u0ba4\u0bc1\u0bb5\u0bbf\u0b9f\u0bc1\u0bae\u0bcd. \u0b8e\u0ba8\u0bcd\u0ba4\u0bb5\u0bca\u0bb0\u0bc1 \u0bb5\u0bbf\u0ba9\u0bb5\u0bb2\u0bcd\u0b95\u0bb3\u0bc1\u0b9f\u0ba9\u0bc1\u0bae\u0bcd #driverno# \u0b87\u0baf\u0b95\u0bcd\u0b95\u0bbf \u0ba4\u0bca\u0b9f\u0bb0\u0bcd\u0baa\u0bc1 \u0b95\u0bca\u0bb3\u0bcd\u0bb3\u0bb5\u0bc1\u0bae\u0bcd.']"}, {"language": "VI", "body": "[' Chuy\u1ebfn \u0111i c\u1ee7a b\u1ea1n \u0111\u01b0\u1ee3c \u0111\u1eb7t th\u00e0nh c\u00f4ng. S\u1ed1 chuy\u1ebfn \u0111i c\u1ee7a b\u1ea1n l\u00e0 #vRideNo# . T\u00e0i x\u1ebf #Driver_Name# s\u1ebd \u0111\u1ebfn kh\u00e1ch s\u1ea1n s\u1edbm. Trong tr\u01b0\u1eddng h\u1ee3p c\u00f3 b\u1ea5t k\u1ef3 truy v\u1ea5n n\u00e0o, vui l\u00f2ng li\u00ean h\u1ec7 v\u1edbi t\u00e0i x\u1ebf t\u1ea1i #driverno# .']"}, {"language": "TL", "body": "[' Matagumpay na nai-book ang iyong biyahe. Ang Numero ng Trip mo ay #vRideNo# . Ang Driver #Driver_Name# ay maaabot sa hotel Hindi magtatagal. Sa kaso ng anumang query mangyaring makipag-ugnay sa driver sa #driverno# .']"}, {"language": "KM", "body": "[' \u1787\u17b7\u17c7\u179a\u1794\u179f\u17cb\u17a2\u17d2\u1793\u1780\u178f\u17d2\u179a\u17bc\u179c\u1794\u17b6\u1793\u1780\u1780\u17cb\u1791\u17bb\u1780\u178a\u17c4\u1799\u1787\u17c4\u1782\u1787\u17d0\u1799\u17d4 \u179b\u17c1\u1781\u1792\u17d2\u179c\u17be\u178a\u17c6\u178e\u17be\u179a\u179a\u1794\u179f\u17cb\u17a2\u17d2\u1793\u1780\u1782\u17ba #vRideNo# \u17d4 \u1780\u1798\u17d2\u1798\u179c\u17b7\u1792\u17b8\u1794\u1789\u17d2\u1787\u17b6 #Driver_Name# \u1793\u17b9\u1784\u1791\u17c5\u178a\u179b\u17cb\u179f\u178e\u17d2\u178b\u17b6\u1782\u17b6\u179a\u1793\u17c1\u17c7\u1786\u17b6\u1794\u17cb\u17d7\u1793\u17c1\u17c7\u17d4 \u1780\u17d2\u1793\u17bb\u1784\u1780\u179a\u178e\u17b8\u179f\u17c6\u178e\u17bd\u179a\u179f\u17bc\u1798\u1791\u17b6\u1780\u17cb\u1791\u1784\u17a2\u17d2\u1793\u1780\u1794\u17be\u1780\u1794\u179a\u1793\u17c5 #driverno# \u17d4']"}, {"language": "BN", "body": "[' \u0986\u09aa\u09a8\u09be\u09b0 \u09af\u09be\u09a4\u09cd\u09b0\u09be\u09af\u09bc \u09b8\u09ab\u09b2\u09ad\u09be\u09ac\u09c7 \u09ac\u09c1\u0995 \u0995\u09b0\u09be \u09b9\u09af\u09bc\u0964 \u0986\u09aa\u09a8\u09be\u09b0 \u099f\u09cd\u09b0\u09bf\u09aa \u09a8\u09ae\u09cd\u09ac\u09b0 #vRideNo# \u0964 \u09a1\u09cd\u09b0\u09be\u0987\u09ad\u09be\u09b0 #Driver_Name# \u09a1\u09cd\u09b0\u09be\u0987\u09ad\u09be\u09b0_\u09a8\u09be\u09ae #Driver_Name# \u09b6\u09c0\u0998\u09cd\u09b0\u0987 \u09b9\u09cb\u099f\u09c7\u09b2 \u098f #Driver_Name# \u0964 \u0995\u09cb\u09a8 \u09aa\u09cd\u09b0\u09b6\u09cd\u09a8\u09c7\u09b0 \u0995\u09cd\u09b7\u09c7\u09a4\u09cd\u09b0\u09c7 \u09a6\u09af\u09bc\u09be \u0995\u09b0\u09c7 #driverno# \u098f \u09a1\u09cd\u09b0\u09be\u0987\u09ad\u09be\u09b0\u09c7\u09b0 \u09b8\u09be\u09a5\u09c7 \u09af\u09cb\u0997\u09be\u09af\u09cb\u0997 \u0995\u09b0\u09c1\u09a8\u0964']"}, {"language": "JA", "body": "[' \u3042\u306a\u305f\u306e\u4e57\u8eca\u306f\u3046\u307e\u304f\u4e88\u7d04\u3055\u308c\u3066\u3044\u307e\u3059\u3002\u3042\u306a\u305f\u306e\u65c5\u884c\u756a\u53f7\u306f#vRideNo#\u3067\u3059\u3002 Driver #Driver_Name#\u304c\u3059\u3050\u306b\u30db\u30c6\u30eb\u306b\u5230\u7740\u3057\u307e\u3059\u3002\u554f\u3044\u5408\u308f\u305b\u304c\u3042\u3063\u305f\u5834\u5408\u306f\u3001 #driverno#\u30c9\u30e9\u30a4\u30d0\u30fc\u306b\u9023\u7d61\u3057\u3066\u304f\u3060\u3055\u3044\u3002']"}, {"language": "KO", "body": "[' \ub2f9\uc2e0\uc758 \uc2b9\uc6a9\ucc28\uac00 \uc131\uacf5\uc801\uc73c\ub85c \uc608\uc57d\ub418\uc5c8\uc2b5\ub2c8\ub2e4. \uadc0\ud558\uc758 \uc5ec\ud589 \ubc88\ud638\ub294 #vRideNo# \uc785\ub2c8\ub2e4. \ub4dc\ub77c\uc774\ubc84 #Driver_Name# \uc740 \uace7 \ud638\ud154\uc5d0 \ub3c4\ucc29\ud569\ub2c8\ub2e4. \uc9c8\ubb38\uc774\uc788\ub294 \uacbd\uc6b0 #driverno# \uc788\ub294 \ub4dc\ub77c\uc774\ubc84\uc5d0\uac8c \ubb38\uc758\ud558\uc2ed\uc2dc\uc624.']"}, {"language": "YO", "body": "[' R\u1eb9 ti wa ni k\u1ecdnputa daradara. N\u1ecdmba #vRideNo# R\u1eb9 j\u1eb9 #vRideNo# . Driver #Driver_Name# yoo w\u1ecdle si hot\u1eb9\u1eb9li Laipe. Ni ir\u00fa ti eyikeyi ibeere j\u1ecdw\u1ecd kan si iwak\u1ecd ni #driverno# .']"}, {"language": "TR", "body": "[' Yolculu\u011funuz ba\u015far\u0131yla rezerve edildi. Seyahat Numaran\u0131z: #vRideNo# . S\u00fcr\u00fcc\u00fc #Driver_Name# , yak\u0131nda otele ula\u015facak. Herhangi bir sorunuz olmas\u0131 durumunda, l\u00fctfen #driverno# adresinden s\u00fcr\u00fcc\u00fcye ba\u015fvurun.']"}, {"language": "RU", "body": "[' \u0412\u0430\u0448\u0430 \u043f\u043e\u0435\u0437\u0434\u043a\u0430 \u0443\u0441\u043f\u0435\u0448\u043d\u043e \u0437\u0430\u0431\u0440\u043e\u043d\u0438\u0440\u043e\u0432\u0430\u043d\u0430. \u0412\u0430\u0448 \u043d\u043e\u043c\u0435\u0440 \u043f\u043e\u0435\u0437\u0434\u043a\u0438 - #vRideNo# . Driver #Driver_Name# \u0431\u0443\u0434\u0435\u0442 \u0434\u043e\u0441\u0442\u0438\u0433\u043d\u0443\u0442 \u0432 \u043e\u0442\u0435\u043b\u0435 \u0432 \u0431\u043b\u0438\u0436\u0430\u0439\u0448\u0435\u0435 \u0432\u0440\u0435\u043c\u044f. \u0412 \u0441\u043b\u0443\u0447\u0430\u0435 \u043b\u044e\u0431\u043e\u0433\u043e \u0437\u0430\u043f\u0440\u043e\u0441\u0430, \u043f\u043e\u0436\u0430\u043b\u0443\u0439\u0441\u0442\u0430, \u0441\u0432\u044f\u0436\u0438\u0442\u0435\u0441\u044c \u0441 \u0432\u043e\u0434\u0438\u0442\u0435\u043b\u0435\u043c \u043f\u043e \u0430\u0434\u0440\u0435\u0441\u0443 #driverno# .']"}, {"language": "FA", "body": "[' \u0633\u0648\u0627\u0631\u06cc \u0634\u0645\u0627 \u0628\u0627 \u0645\u0648\u0641\u0642\u06cc\u062a \u0631\u0632\u0631\u0648 \u0634\u062f\u0647 \u0627\u0633\u062a \u0634\u0645\u0627\u0631\u0647 \u0633\u0641\u0631 \u0634\u0645\u0627 #vRideNo# . \u062f\u0631\u0627\u06cc\u0648\u0631 #Driver_Name# \u062f\u0631 \u0647\u062a\u0644 \u0628\u0647 \u0632\u0648\u062f\u06cc \u062f\u0631\u06cc\u0627\u0641\u062a \u0645\u06cc \u0634\u0648\u062f. \u062f\u0631 \u0635\u0648\u0631\u062a \u0647\u0631 \u06af\u0648\u0646\u0647 \u067e\u0631\u0633 \u0648 \u062c\u0648 \u0644\u0637\u0641\u0627 \u0628\u0627 \u0631\u0627\u0646\u0646\u062f\u0647 \u062f\u0631 #driverno# \u062a\u0645\u0627\u0633 \u0628\u06af\u06cc\u0631\u06cc\u062f.']"}, {"language": "MY", "body": "[' \u101e\u1004\u103a\u1037\u101b\u1032\u1037\u1005\u102e\u1038\u1014\u1004\u103a\u1038\u1021\u1031\u102c\u1004\u103a\u1019\u103c\u1004\u103a\u1005\u103d\u102c\u1000\u103c\u102d\u102f\u1010\u1004\u103a\u1018\u103d\u1010\u103a\u1000\u1004\u103a\u1016\u103c\u1005\u103a\u1015\u102b\u1010\u101a\u103a\u104b \u101e\u1004\u103a\u1037\u101b\u1032\u1037\u1001\u101b\u102e\u1038\u1005\u1009\u103a\u1014\u1036\u1015\u102b\u1010\u103a\u1016\u103c\u1005\u103a\u1015\u102b\u1010\u101a\u103a #vRideNo# \u104b \u1000\u102c\u1038\u1019\u1031\u102c\u1004\u103a\u1038\u101e\u1030 #Driver_Name# \u1019\u1000\u103c\u102c\u1001\u1004\u103a\u1019\u103e\u102c\u1015\u1032\u101f\u102d\u102f\u1010\u101a\u103a\u1010\u103d\u1004\u103a\u101b\u1031\u102c\u1000\u103a\u101b\u103e\u102d\u1015\u102b\u101c\u102d\u1019\u103a\u1037\u1019\u101a\u103a\u104b \u1019\u100a\u103a\u101e\u100a\u103a\u1037\u1005\u102f\u1036\u1005\u1019\u103a\u1038\u1019\u103e\u102f\u104f\u1021\u1019\u103e\u102f\u104c\u1019\u103e\u102c\u101a\u102c\u1009\u103a\u1019\u1031\u102c\u1004\u103a\u1038\u1006\u1000\u103a\u101e\u103d\u101a\u103a\u1014\u102d\u102f\u1004\u103a\u1015\u102b\u101e\u100a\u103a #driverno# \u104b']"}, {"language": "HI", "body": "[' \u0906\u092a\u0915\u0940 \u0938\u0935\u093e\u0930\u0940 \u0938\u092b\u0932\u0924\u093e\u092a\u0942\u0930\u094d\u0935\u0915 \u092c\u0941\u0915 \u0915\u0940 \u0917\u0908 \u0939\u0948\u0964 \u0906\u092a\u0915\u093e \u091f\u094d\u0930\u093f\u092a \u0928\u0902\u092c\u0930 #vRideNo# \u0964 \u0921\u094d\u0930\u093e\u0907\u0935\u0930 #Driver_Name# \u091c\u0932\u094d\u0926 \u0939\u0940 \u0939\u094b\u091f\u0932 \u092a\u0939\u0941\u0901\u091a \u091c\u093e\u090f\u0917\u093e\u0964 \u0915\u093f\u0938\u0940 \u092d\u0940 \u092a\u094d\u0930\u0936\u094d\u0928 \u0915\u0947 \u092e\u093e\u092e\u0932\u0947 \u092e\u0947\u0902, \u0915\u0943\u092a\u092f\u093e #driverno# \u092a\u0930 \u0921\u094d\u0930\u093e\u0907\u0935\u0930 \u0938\u0947 \u0938\u0902\u092a\u0930\u094d\u0915 \u0915\u0930\u0947\u0902\u0964']"}, {"language": "IW", "body": "[' \u05d4\u05e0\u05e1\u05d9\u05e2\u05d4 \u05e9\u05dc\u05da \u05de\u05d5\u05d6\u05de\u05e0\u05ea \u05d1\u05d4\u05e6\u05dc\u05d7\u05d4. \u05de\u05e1\u05e4\u05e8 \u05d4\u05e0\u05e1\u05d9\u05e2\u05d4 \u05e9\u05dc\u05da \u05d4\u05d5\u05d0 #vRideNo# . \u05de\u05e0\u05d4\u05dc \u05d4\u05d4\u05ea\u05e7\u05df #Driver_Name# \u05d9\u05d2\u05d9\u05e2 \u05dc\u05de\u05dc\u05d5\u05df \u05d1\u05e7\u05e8\u05d5\u05d1. \u05d1\u05de\u05e7\u05e8\u05d4 \u05e9\u05dc \u05e9\u05d0\u05d9\u05dc\u05ea\u05d4 \u05d0\u05e0\u05d0 \u05e4\u05e0\u05d4 \u05dc\u05e0\u05d4\u05d2 \u05d1\u05db\u05ea\u05d5\u05d1\u05ea #driverno# .']"}, {"language": "FR", "body": "[\" Votre trajet est r\u00e9serv\u00e9 avec succ\u00e8s. Votre num\u00e9ro de voyage est #vRideNo# . Driver #Driver_Name# sera atteint \u00e0 l'h\u00f4tel bient\u00f4t. Pour toute question, veuillez contacter le pilote \u00e0 l' #driverno# .\"]"}, {"language": "DA", "body": "[' Din tur er bestilt med succes. Dit #vRideNo# er #vRideNo# . Driver #Driver_Name# n\u00e5s p\u00e5 hotel Soon. I tilf\u00e6lde af foresp\u00f8rgsler bedes du kontakte driveren p\u00e5 #driverno# .']"}]}