{"purpose": "User booking for Cubejek", "template_id": "USER_SEND_MESSAGE_APP", "templates": [{"language": "AF", "body": "[' Bestuurder #DRIVER_NAME# sal by jou #DRIVER_NAME# op #BOOKING_TIME# by #BOOKING_TIME# vir bespreking #BOOKING_NUMBER#']"}, {"language": "EN", "body": "[' Driver #DRIVER_NAME# will come at your pickup location on #BOOKING_DATE# at #BOOKING_TIME# for Booking  #BOOKING_NUMBER#']"}, {"language": "TH", "body": "[' \u0e44\u0e14\u0e23\u0e4c\u0e40\u0e27\u0e2d\u0e23\u0e4c #DRIVER_NAME# \u0e08\u0e30\u0e21\u0e32\u0e17\u0e35\u0e48\u0e15\u0e33\u0e41\u0e2b\u0e19\u0e48\u0e07\u0e23\u0e31\u0e1a\u0e02\u0e2d\u0e07\u0e04\u0e38\u0e13\u0e43\u0e19 #BOOKING_TIME# \u0e17\u0e35\u0e48 #BOOKING_TIME# \u0e2a\u0e33\u0e2b\u0e23\u0e31\u0e1a\u0e01\u0e32\u0e23\u0e08\u0e2d\u0e07 #BOOKING_NUMBER#']"}, {"language": "ID", "body": "[' Pengemudi #DRIVER_NAME# akan datang di lokasi penjemputan Anda di #BOOKING_TIME# di #BOOKING_TIME# untuk Pemesanan #BOOKING_NUMBER#']"}, {"language": "DE", "body": "[' Treiber #DRIVER_NAME# wird an Ihrem #BOOKING_TIME# um #BOOKING_TIME# f\u00fcr Buchung #BOOKING_NUMBER#']"}, {"language": "ES", "body": "[' El controlador #DRIVER_NAME# llegar\u00e1 a su ubicaci\u00f3n de recolecci\u00f3n en #BOOKING_TIME# en #BOOKING_TIME# para la reserva #BOOKING_NUMBER#']"}, {"language": "IT", "body": "[' Il driver #DRIVER_NAME# verr\u00e0 visualizzato nella tua posizione di ritiro su #BOOKING_TIME# alle #BOOKING_TIME# per la prenotazione #BOOKING_NUMBER#']"}, {"language": "AR", "body": "[' \u0633\u064a\u0623\u062a\u064a Driver #DRIVER_NAME# \u0625\u0644\u0649 \u0645\u0648\u0642\u0639 \u0627\u0644\u0627\u0644\u062a\u0642\u0627\u0637 \u0627\u0644\u062e\u0627\u0635 \u0628\u0643 \u0639\u0644\u0649 #BOOKING_TIME# \u0641\u064a #BOOKING_TIME# \u0644\u0644\u062d\u062c\u0632 #BOOKING_NUMBER#']"}, {"language": "UR", "body": "[' \u0688\u0631\u0627\u0626\u06cc\u0648\u0631 #DRIVER_NAME# #BOOKING_TIME# \u067e\u0631 #BOOKING_TIME# \u06a9\u06d2 \u0644\u06d3 \u0627\u067e\u0646\u06d2 \u0686\u0646\u0627\u0631 \u06a9\u0627 \u0645\u0642\u0627\u0645 \u067e\u0631 \u0622 \u062c\u0627\u0626\u06d2 \u06af\u0627 #BOOKING_NUMBER#']"}, {"language": "AZ", "body": "[' S\u00fcr\u00fcc\u00fc #DRIVER_NAME# sizin alma yeri g\u0259l\u0259c\u0259k #BOOKING_TIME# at #BOOKING_TIME# Rezervasyon \u00fc\u00e7\u00fcn #BOOKING_NUMBER#']"}, {"language": "ZH", "body": "[' \u9a71\u52a8\u7a0b\u5e8f#DRIVER_NAME#\u4f1a\u5728\u60a8\u7684\u53d6\u8d27\u5730\u70b9#BOOKING_TIME#\u7684#BOOKING_TIME#\u8ba2\u7968#BOOKING_NUMBER#']"}, {"language": "PT", "body": "[' O motorista #DRIVER_NAME# seu local de coleta em #BOOKING_TIME# em #BOOKING_TIME# para reserva #BOOKING_NUMBER#']"}, {"language": "ZU", "body": "[' Umshayeli #DRIVER_NAME# uzofika endaweni yakho #DRIVER_NAME# #BOOKING_TIME# ku- #BOOKING_TIME# yokubhuka #BOOKING_NUMBER#']"}, {"language": "SW", "body": "[' Dereva #DRIVER_NAME# atakuja eneo lako la picha kwenye #BOOKING_TIME# #BOOKING_TIME# kwa Booking #BOOKING_NUMBER#']"}, {"language": "KU", "body": "[' Driver #DRIVER_NAME# \u00ea li #BOOKING_TIME# li #BOOKING_TIME# ji bo #BOOKING_NUMBER#']"}, {"language": "MS", "body": "[' Pemandu #DRIVER_NAME# akan datang di lokasi pikap anda di #BOOKING_TIME# di #BOOKING_TIME# untuk Tempahan #BOOKING_NUMBER#']"}, {"language": "SI", "body": "[' Driver #DRIVER_NAME# \u0d94\u0db6\u0d9c\u0dda #BOOKING_TIME# #BOOKING_TIME# #BOOKING_NUMBER#']"}, {"language": "TA", "body": "[' \u0b9f\u0bbf\u0bb0\u0bc8\u0bb5\u0bb0\u0bcd #DRIVER_NAME# \u0b89\u0b99\u0bcd\u0b95\u0bb3\u0bcd \u0b87\u0b9f\u0bc1\u0bae\u0bcd \u0b87\u0b9f\u0ba4\u0bcd\u0ba4\u0bbf\u0bb2\u0bcd \u0bb5\u0bb0\u0bc1\u0bae\u0bcd #BOOKING_TIME# \u0bae\u0ba3\u0bbf\u0b95\u0bcd\u0b95\u0bc1 #BOOKING_TIME# \u0b95\u0bcd\u0b95\u0bbe\u0ba9 \u0bae\u0bc1\u0ba9\u0bcd\u0baa\u0ba4\u0bbf\u0bb5\u0bc1 #BOOKING_NUMBER#']"}, {"language": "VI", "body": "[' T\u00e0i x\u1ebf #DRIVER_NAME# s\u1ebd \u0111\u1ebfn t\u1ea1i \u0111\u1ecba \u0111i\u1ec3m \u0111\u00f3n c\u1ee7a b\u1ea1n v\u00e0o #BOOKING_TIME# t\u1ea1i #BOOKING_TIME# \u0111\u1ec3 \u0111\u1eb7t ch\u1ed7 #BOOKING_NUMBER#']"}, {"language": "TL", "body": "[' Ang Driver #DRIVER_NAME# ay darating sa iyong pickup location sa #BOOKING_TIME# sa #BOOKING_TIME# para sa Booking #BOOKING_NUMBER#']"}, {"language": "KM", "body": "[' \u1780\u1798\u17d2\u1798\u179c\u17b7\u1792\u17b8\u1794\u1789\u17d2\u1787\u17b6 #DRIVER_NAME# \u1793\u17b9\u1784\u1798\u1780\u178a\u179b\u17cb\u1791\u17b8\u178f\u17b6\u17c6\u1784\u1797\u17b8\u1780\u17a2\u17b6\u1794\u17cb\u179a\u1794\u179f\u17cb\u17a2\u17d2\u1793\u1780\u1793\u17c5 #BOOKING_TIME# \u1793\u17c5 #BOOKING_TIME# \u179f\u1798\u17d2\u179a\u17b6\u1794\u17cb\u1780\u17b6\u179a\u1780\u1780\u17cb #BOOKING_NUMBER#']"}, {"language": "BN", "body": "[' \u09a1\u09cd\u09b0\u09be\u0987\u09ad\u09be\u09b0 #DRIVER_NAME# \u0986\u09aa\u09a8\u09be\u09b0 \u09aa\u09bf\u0995 \u0985\u09ac\u09b8\u09cd\u09a5\u09be\u09a8\u09c7 \u0986\u09b8\u09ac\u09c7 #BOOKING_TIME# \u098f #BOOKING_TIME# \u099c\u09a8\u09cd\u09af \u09ac\u09c1\u0995\u09bf\u0982 #BOOKING_NUMBER#']"}, {"language": "JA", "body": "[' \u30c9\u30e9\u30a4\u30d0\u30fc#DRIVER_NAME#\u3067\u3042\u306a\u305f\u306e\u30d4\u30c3\u30af\u30a2\u30c3\u30d7\u5834\u6240\u306b\u6765\u308b#BOOKING_TIME#\u3067#BOOKING_TIME#\u306e\u4e88\u7d04\u306e\u305f\u3081\u306e#BOOKING_NUMBER#']"}, {"language": "KO", "body": "[' \ub4dc\ub77c\uc774\ubc84 #DRIVER_NAME# \uc740 (\ub294) #BOOKING_TIME# \uc5d0 #BOOKING_TIME# \uc5d0 #DRIVER_NAME# #BOOKING_NUMBER#']"}, {"language": "YO", "body": "[' Iwak\u1ecd #DRIVER_NAME# yoo wa ni ipo ib\u1eb9r\u1eb9 r\u1eb9 lori #BOOKING_TIME# ni #BOOKING_TIME# fun #BOOKING_NUMBER# si #BOOKING_NUMBER#']"}, {"language": "TR", "body": "[' Driver #DRIVER_NAME# \u00fczerinde pikap yerde gelecektir #BOOKING_TIME# de #BOOKING_TIME# Rezervasyon i\u00e7in #BOOKING_NUMBER#']"}, {"language": "RU", "body": "[' \u0412\u043e\u0434\u0438\u0442\u0435\u043b\u044c #DRIVER_NAME# \u043f\u0440\u0438\u0434\u0435\u0442 \u043a \u0432\u0430\u043c \u0432 #BOOKING_TIME# \u043d\u0430 #BOOKING_TIME# \u043d\u0430 #BOOKING_TIME# \u0434\u043b\u044f \u0431\u0440\u043e\u043d\u0438\u0440\u043e\u0432\u0430\u043d\u0438\u044f #BOOKING_NUMBER#']"}, {"language": "FA", "body": "[' #DRIVER_NAME# \u062f\u0631 #BOOKING_TIME# \u062f\u0631 #BOOKING_TIME# \u0628\u0631\u0627\u06cc \u0631\u0632\u0631\u0648 #BOOKING_NUMBER#']"}, {"language": "MY", "body": "[' \u1000\u102c\u1038\u1019\u1031\u102c\u1004\u103a\u1038\u101e\u1030 #DRIVER_NAME# \u1015\u1031\u102b\u103a\u1010\u103d\u1004\u103a\u101e\u1004\u103a\u104f\u1015\u1005\u103a\u1000\u1015\u103a\u1010\u100a\u103a\u1014\u1031\u101b\u102c\u1019\u103e\u102c\u101c\u102c\u1015\u102b\u101c\u102d\u1019\u103a\u1037\u1019\u101a\u103a #BOOKING_TIME# \u1019\u103e\u102c #BOOKING_TIME# \u1005\u102c\u1021\u102f\u1015\u103a #BOOKING_NUMBER#']"}, {"language": "HI", "body": "[' \u0921\u094d\u0930\u093e\u0907\u0935\u0930 #DRIVER_NAME# \u092a\u0930 #BOOKING_TIME# \u092a\u0930 #BOOKING_TIME# \u092a\u0930 \u0906\u092a\u0915\u0947 \u092a\u093f\u0915\u0905\u092a \u0938\u094d\u0925\u093e\u0928 \u092a\u0930 #BOOKING_NUMBER#']"}, {"language": "IW", "body": "[' \u05de\u05e0\u05d4\u05dc \u05d4\u05ea\u05e7\u05df #DRIVER_NAME# \u05d9\u05d1\u05e7\u05e8 \u05d1\u05de\u05d9\u05e7\u05d5\u05dd \u05d4\u05d0\u05d9\u05e1\u05d5\u05e3 \u05e9\u05dc\u05da \u05d1- #BOOKING_TIME# \u05d1\u05e9\u05e2\u05d4 #BOOKING_TIME# #BOOKING_NUMBER#']"}, {"language": "FR", "body": "[' Le pilote #DRIVER_NAME# viendra \u00e0 votre lieu de prise en charge le #BOOKING_TIME# \u00e0 #BOOKING_TIME# pour la r\u00e9servation #BOOKING_NUMBER#']"}, {"language": "DA", "body": "[' Driver #DRIVER_NAME# kommer til din afhentningssted p\u00e5 #BOOKING_TIME# p\u00e5 #BOOKING_TIME# for booking #BOOKING_NUMBER#']"}]}