{"purpose": "Booked By Someone", "template_id": "BOOK_FOR_SOMEONE_ELSE_SMS", "templates": [{"language": "AF", "body": "[' Jou #VEHICLE_TYPE# #CAR_NUMBER# aangedryf deur #DRIVER_NAME# #DRIVER_NUMBER# is op pad. Jou rit is bespreek deur #DRIVER_NAME# vir jou. Betaal af: #VEHICLE_TYPE# . Finale rekening bedrag sal op bestuurder toestel gewys word. Volg rit hier: #LIVE_TRACKING_URL#']"}, {"language": "EN", "body": "[' Your #VEHICLE_TYPE# #CAR_NUMBER# driven by #DRIVER_NAME# #DRIVER_NUMBER# is headed your way.This ride is booked by #BOOKER_NAME# for you. Payment mode : #PAYMENT_MODE#. Final bill amount will be shown on driver device. Track ride here : #LIVE_TRACKING_URL#']"}, {"language": "TH", "body": "[' #VEHICLE_TYPE# #CAR_NUMBER# \u0e02\u0e31\u0e1a\u0e40\u0e04\u0e25\u0e37\u0e48\u0e2d\u0e19\u0e42\u0e14\u0e22 #DRIVER_NAME# #DRIVER_NUMBER# \u0e21\u0e38\u0e48\u0e07\u0e2b\u0e19\u0e49\u0e32\u0e44\u0e1b\u0e15\u0e32\u0e21\u0e17\u0e32\u0e07\u0e02\u0e2d\u0e07\u0e04\u0e38\u0e13\u0e01\u0e32\u0e23\u0e40\u0e14\u0e34\u0e19\u0e17\u0e32\u0e07\u0e19\u0e35\u0e49\u0e16\u0e39\u0e01\u0e08\u0e2d\u0e07\u0e42\u0e14\u0e22 #DRIVER_NAME# \u0e2a\u0e33\u0e2b\u0e23\u0e31\u0e1a\u0e04\u0e38\u0e13 \u0e42\u0e2b\u0e21\u0e14\u0e01\u0e32\u0e23\u0e0a\u0e33\u0e23\u0e30\u0e40\u0e07\u0e34\u0e19: #VEHICLE_TYPE# \u0e08\u0e33\u0e19\u0e27\u0e19\u0e40\u0e07\u0e34\u0e19\u0e04\u0e48\u0e32\u0e2a\u0e38\u0e14\u0e17\u0e49\u0e32\u0e22\u0e08\u0e30\u0e1b\u0e23\u0e32\u0e01\u0e0f\u0e1a\u0e19\u0e2d\u0e38\u0e1b\u0e01\u0e23\u0e13\u0e4c\u0e02\u0e31\u0e1a \u0e15\u0e34\u0e14\u0e15\u0e32\u0e21\u0e01\u0e32\u0e23\u0e19\u0e31\u0e48\u0e07\u0e17\u0e35\u0e48\u0e19\u0e35\u0e48: #LIVE_TRACKING_URL#']"}, {"language": "ID", "body": "[' #VEHICLE_TYPE# #CAR_NUMBER# digerakkan oleh #DRIVER_NAME# #DRIVER_NUMBER# menuju ke arah Anda. Perjalanan ini dipesan oleh #DRIVER_NAME# untuk Anda. Mode pembayaran: #VEHICLE_TYPE# . Jumlah tagihan akhir akan ditampilkan pada perangkat driver. Lacak perjalanan di sini: #LIVE_TRACKING_URL#']"}, {"language": "DE", "body": "[' Ihre #VEHICLE_TYPE# #CAR_NUMBER# wird von #DRIVER_NAME# #DRIVER_NUMBER# angesteuert. Diese Fahrt wird von #DRIVER_NAME# f\u00fcr Sie gebucht. Zahlungsmodus: #VEHICLE_TYPE# . Der endg\u00fcltige Rechnungsbetrag wird auf dem Treiberger\u00e4t angezeigt. #LIVE_TRACKING_URL# hier: #LIVE_TRACKING_URL#']"}, {"language": "ES", "body": "[' Tu #VEHICLE_TYPE# #CAR_NUMBER# manejado por #DRIVER_NAME# #DRIVER_NUMBER# se dirige hacia ti. Este paseo est\u00e1 reservado por #DRIVER_NAME# para ti. Modo de pago: #VEHICLE_TYPE# . El importe final de la factura se mostrar\u00e1 en el dispositivo del conductor. Siga el recorrido aqu\u00ed: #LIVE_TRACKING_URL#']"}, {"language": "IT", "body": "[\" Il tuo #VEHICLE_TYPE# #CAR_NUMBER# guidata da #DRIVER_NAME# #DRIVER_NUMBER# \u00e8 diretto il vostro giro way.This \u00e8 prenotato da #DRIVER_NAME# per voi. Modalit\u00e0 di pagamento: #VEHICLE_TYPE# . L'importo della fattura finale verr\u00e0 mostrato sul dispositivo di guida. Traccia qui: #LIVE_TRACKING_URL#\"]"}, {"language": "AR", "body": "[' #VEHICLE_TYPE# #CAR_NUMBER# \u0645\u062f\u0641\u0648\u0639\u064b\u0627 \u0628\u0640 #DRIVER_NAME# #DRIVER_NUMBER# \u0645\u062a\u062c\u0647\u064b\u0627 \u0625\u0644\u064a\u0643. \u0647\u0630\u0647 \u0627\u0644\u0631\u062d\u0644\u0629 \u0645\u062d\u062c\u0648\u0632\u0629 \u0645\u0646 \u0642\u0650\u0628\u0644 #DRIVER_NAME# \u0623\u062c\u0644\u0643. \u0648\u0636\u0639 \u0627\u0644\u062f\u0641\u0639: #VEHICLE_TYPE# . \u0633\u064a\u062a\u0645 \u0639\u0631\u0636 \u0645\u0628\u0644\u063a \u0627\u0644\u0641\u0627\u062a\u0648\u0631\u0629 \u0627\u0644\u0646\u0647\u0627\u0626\u064a \u0639\u0644\u0649 \u062c\u0647\u0627\u0632 \u0627\u0644\u062a\u0634\u063a\u064a\u0644. \u062a\u062a\u0628\u0639 \u0627\u0644\u0645\u0633\u0627\u0631 \u0647\u0646\u0627: #LIVE_TRACKING_URL#']"}, {"language": "UR", "body": "[' \u0622\u067e #VEHICLE_TYPE# #CAR_NUMBER# \u0630\u0631\u06cc\u0639\u06d2 \u06a9\u0627\u0631\u0641\u0631\u0645\u0627 #DRIVER_NAME# #DRIVER_NUMBER# \u0622\u067e way.This \u0633\u0648\u0627\u0631\u06cc \u06a9\u06cc \u0637\u0631\u0641 \u0633\u06d2 \u0628\u06a9 \u06c1\u06d2 \u0633\u0631\u0628\u0631\u0627\u06c1\u06cc \u0645\u06cc\u06ba \u06c1\u06d2 #DRIVER_NAME# \u0622\u067e \u06a9\u06d2 \u0644\u0626\u06d2. \u0627\u062f\u0627\u0626\u06cc\u06af\u06cc \u0645\u0648\u0688: #VEHICLE_TYPE# . \u062d\u062a\u0645\u06cc \u0628\u0644 \u06a9\u06cc \u0631\u0642\u0645 \u0688\u0631\u0627\u0626\u06cc\u0648\u0631 \u06a9\u06d2 \u0622\u0644\u06d2 \u067e\u0631 \u062f\u06a9\u06be\u0627\u06cc\u0627 \u062c\u0627\u0626\u06d2 \u06af\u0627. \u06cc\u06c1\u0627\u06ba \u0679\u0631\u06cc\u06a9 \u0679\u0631\u06cc\u06a9 \u06a9\u0631\u06cc\u06ba: #LIVE_TRACKING_URL#']"}, {"language": "AZ", "body": "[' Sizin #VEHICLE_TYPE# #CAR_NUMBER# #DRIVER_NAME# #DRIVER_NUMBER# sizin yolunuzu idar\u0259 edir. Bu g\u0259zinti #DRIVER_NAME# sizin \u00fc\u00e7\u00fcn sifari\u015f edilir. \u00d6d\u0259ni\u015f rejimi: #VEHICLE_TYPE# . S\u00fcr\u00fcc\u00fc cihaz\u0131nda son layih\u0259 m\u0259bl\u0259\u011fi g\u00f6st\u0259rilir. Buraya #LIVE_TRACKING_URL# : #LIVE_TRACKING_URL#']"}, {"language": "ZH", "body": "[' \u4f60#VEHICLE_TYPE# #CAR_NUMBER#\u901a\u8fc7\u9a71\u52a8#DRIVER_NAME# #DRIVER_NUMBER#\u662f\u4f60\u7684\u9886\u5bfcway.This\u4e58\u5750\u88ab\u9ec4\u724c\u8b66\u544a#DRIVER_NAME#\u4f60\u3002\u4ed8\u6b3e\u65b9\u5f0f\uff1a #VEHICLE_TYPE# \u3002\u6700\u7ec8\u8d26\u5355\u91d1\u989d\u5c06\u663e\u793a\u5728\u9a71\u52a8\u7a0b\u5e8f\u8bbe\u5907\u4e0a\u3002\u5728\u8fd9\u91cc\u9a91\u884c\uff1a #LIVE_TRACKING_URL#']"}, {"language": "PT", "body": "[' O seu #VEHICLE_TYPE# #CAR_NUMBER# dirigido por #DRIVER_NAME# #DRIVER_NUMBER# est\u00e1 \u00e0 sua maneira. Esse passeio est\u00e1 reservado por #DRIVER_NAME# para voc\u00ea. Modo de pagamento: #VEHICLE_TYPE# . O valor final da fatura ser\u00e1 exibido no dispositivo do driver. Veja aqui: #LIVE_TRACKING_URL#']"}, {"language": "ZU", "body": "[' I- #VEHICLE_TYPE# #CAR_NUMBER# eqhutshwa ngu- #DRIVER_NAME# #DRIVER_NUMBER# hambo ibhalwa #DRIVER_NAME# ngawe. Imodi yokukhokha: #VEHICLE_TYPE# . Inani lokugcina lomthetho lizoboniswa kudivayisi yokushayela. Landelela uhambo lapha: #LIVE_TRACKING_URL#']"}, {"language": "SW", "body": "[' #VEHICLE_TYPE# #CAR_NUMBER# inaendeshwa na #DRIVER_NAME# #DRIVER_NUMBER# njia #DRIVER_NAME# na #DRIVER_NAME# kwako. Mfumo wa kulipa: #VEHICLE_TYPE# . Kiasi cha muswada wa mwisho kitaonyeshwa kwenye kifaa cha dereva. Fuatilia safari hapa: #LIVE_TRACKING_URL#']"}, {"language": "KU", "body": "[' #VEHICLE_TYPE# #CAR_NUMBER# ji h\u00eala #DRIVER_NAME# #DRIVER_NUMBER# t\u00ea ve\u015fart\u00ee ye. R\u00eaw\u00eetiyek ji aliy\u00ea #DRIVER_NAME# ji bo te ve t\u00ea ve\u015fartin. Modeya #VEHICLE_TYPE# : #VEHICLE_TYPE# . Heya heq\u00ea daw\u00een d\u00ea li ser ajokera ajok\u00ea\u015f\u00ea n\u00ee\u015fan bide. Li vir r\u00eaw\u00eetiy\u00ea bike: #LIVE_TRACKING_URL#']"}, {"language": "MS", "body": "[' #VEHICLE_TYPE# #CAR_NUMBER# didorong oleh #DRIVER_NAME# #DRIVER_NUMBER# menuju jalan anda. Perjalanan ini ditempah oleh #DRIVER_NAME# untuk anda. Mod pembayaran: #VEHICLE_TYPE# . Jumlah bil akhir akan ditunjukkan pada peranti pemacu. Trek perjalanan di sini: #LIVE_TRACKING_URL#']"}, {"language": "SI", "body": "[' \u0d94\u0db6\u0d9c\u0dda #VEHICLE_TYPE# #CAR_NUMBER# \u0dc4\u0dda\u0dad\u0dd4 #DRIVER_NAME# #DRIVER_NUMBER# \u0d94\u0db6\u0dda way.This \u0d9c\u0db8\u0db1 \u0dc0\u0dd2\u0dc3\u0dd2\u0db1\u0dca \u0dc0\u0dd9\u0db1\u0dca \u0d9a\u0dbb\u0db1\u0dd4 \u0db4\u0dca\u0dbb\u0db0\u0dcf\u0db1\u0dd2\u0dba\u0dcf \u0dc0\u0dda #DRIVER_NAME# \u0d94\u0db6 \u0dc0\u0dd9\u0db1\u0dd4\u0dc0\u0dd9\u0db1\u0dca. \u0d9c\u0dd9\u0dc0\u0dd3\u0db8\u0dda \u0d9a\u0dca\u0dbb\u0db8\u0dba: #VEHICLE_TYPE# . \u0d85\u0dc0\u0dc3\u0dcf\u0db1 \u0db6\u0dd2\u0dbd\u0dca\u0db4\u0dad\u0dca \u0db4\u0dca\u0dbb\u0db8\u0dcf\u0dab\u0dba \u0dbb\u0dd2\u0dba\u0daf\u0dd4\u0dbb\u0dd4 \u0d8b\u0db4\u0dcf\u0d82\u0d9c\u0dba \u0db8\u0dad \u0db4\u0dd9\u0db1\u0dca\u0dc0\u0db1\u0dd4 \u0d87\u0dad. \u0db8\u0dd9\u0dad\u0db1 \u0d9c\u0db8\u0db1\u0dca \u0d9a\u0dbb\u0db1\u0dca\u0db1: #LIVE_TRACKING_URL#']"}, {"language": "TA", "body": "[' \u0b89\u0b99\u0bcd\u0b95\u0bb3\u0bcd #VEHICLE_TYPE# #CAR_NUMBER# #DRIVER_NAME# #DRIVER_NUMBER# \u0b86\u0bb2\u0bcd \u0b87\u0baf\u0b95\u0bcd\u0b95\u0baa\u0bcd\u0baa\u0b9f\u0bc1\u0b95\u0bbf\u0bb1\u0ba4\u0bc1. \u0b89\u0b99\u0bcd\u0b95\u0bb3\u0bcd \u0baa\u0baf\u0ba3\u0bae\u0bcd #DRIVER_NAME# \u0b89\u0b99\u0bcd\u0b95\u0bb3\u0bc1\u0b95\u0bcd\u0b95\u0bbe\u0b95\u0baa\u0bcd \u0baa\u0ba4\u0bbf\u0bb5\u0bc1 \u0b9a\u0bc6\u0baf\u0bcd\u0baf\u0baa\u0bcd\u0baa\u0b9f\u0bcd\u0b9f\u0bc1\u0bb3\u0bcd\u0bb3\u0ba4\u0bc1. \u0b95\u0b9f\u0bcd\u0b9f\u0ba3 \u0bae\u0bc1\u0bb1\u0bc8: #VEHICLE_TYPE# . \u0b87\u0bb1\u0bc1\u0ba4\u0bbf \u0baa\u0bbf\u0bb2\u0bcd \u0b85\u0bb3\u0bb5\u0bc1 \u0b87\u0baf\u0b95\u0bcd\u0b95\u0bbf \u0b9a\u0bbe\u0ba4\u0ba9\u0ba4\u0bcd\u0ba4\u0bbf\u0bb2\u0bcd \u0b95\u0bbe\u0b9f\u0bcd\u0b9f\u0baa\u0bcd\u0baa\u0b9f\u0bc1\u0bae\u0bcd. \u0b87\u0b99\u0bcd\u0b95\u0bc7 \u0b9a\u0bb5\u0bbe\u0bb0\u0bbf \u0b9a\u0bc6\u0baf\u0bcd\u0b95: #LIVE_TRACKING_URL#']"}, {"language": "VI", "body": "[' B\u1ea1n #VEHICLE_TYPE# #CAR_NUMBER# do #DRIVER_NAME# #DRIVER_NUMBER# \u0111\u01b0\u1ee3c l\u00e3nh \u0111\u1ea1o \u0111i xe way.This c\u1ee7a b\u1ea1n \u0111\u01b0\u1ee3c \u0111\u1eb7t b\u1edfi #DRIVER_NAME# cho b\u1ea1n. Ch\u1ebf \u0111\u1ed9 thanh to\u00e1n: #VEHICLE_TYPE# . S\u1ed1 ti\u1ec1n h\u00f3a \u0111\u01a1n cu\u1ed1i c\u00f9ng s\u1ebd \u0111\u01b0\u1ee3c hi\u1ec3n th\u1ecb tr\u00ean thi\u1ebft b\u1ecb \u0111i\u1ec1u khi\u1ec3n. Theo d\u00f5i chuy\u1ebfn \u0111i t\u1ea1i \u0111\u00e2y: #LIVE_TRACKING_URL#']"}, {"language": "TL", "body": "[' Ang iyong #VEHICLE_TYPE# #CAR_NUMBER# hinimok ng #DRIVER_NAME# #DRIVER_NUMBER# ay #DRIVER_NAME# sa iyong paraan. Ang biyahe na ito ay naka-book sa pamamagitan ng #DRIVER_NAME# para sa iyo. Mode sa pagbabayad: #VEHICLE_TYPE# . Ang halaga ng huling bayarin ay ipapakita sa aparato ng pagmamaneho. Sumakay rito dito: #LIVE_TRACKING_URL#']"}, {"language": "KM", "body": "[' \u179a\u1794\u179f\u17cb\u17a2\u17d2\u1793\u1780 #VEHICLE_TYPE# #CAR_NUMBER# \u1787\u17c6\u179a\u17bb\u1789\u178a\u17c4\u1799 #DRIVER_NAME# #DRIVER_NUMBER# \u1780\u17c6\u1796\u17bb\u1784\u178a\u17b9\u1780\u1793\u17b6\u17c6\u1795\u17d2\u179b\u17bc\u179c\u179a\u1794\u179f\u17cb\u17a2\u17d2\u1793\u1780\u17d4 \u1787\u17b7\u17c7\u1793\u17c1\u17c7\u178f\u17d2\u179a\u17bc\u179c\u1794\u17b6\u1793\u1780\u1780\u17cb\u178a\u17c4\u1799 #DRIVER_NAME# \u179f\u1798\u17d2\u179a\u17b6\u1794\u17cb\u17a2\u17d2\u1793\u1780\u17d4 \u179a\u1794\u17c0\u1794\u1794\u1784\u17cb\u1794\u17d2\u179a\u17b6\u1780\u17cb: #VEHICLE_TYPE# \u17d4 \u1785\u17c6\u1793\u17bd\u1793\u1791\u17b9\u1780\u1794\u17d2\u179a\u17b6\u1780\u17cb\u179c\u17b7\u1780\u17d0\u1799\u1794\u17d0\u178f\u17d2\u179a\u1785\u17bb\u1784\u1780\u17d2\u179a\u17c4\u1799\u1793\u17b9\u1784\u178f\u17d2\u179a\u17bc\u179c\u1794\u17b6\u1793\u1794\u1784\u17d2\u17a0\u17b6\u1789\u1793\u17c5\u179b\u17be\u17a7\u1794\u1780\u179a\u178e\u17cd\u1780\u1798\u17d2\u1798\u179c\u17b7\u1792\u17b8\u1794\u1789\u17d2\u1787\u17b6\u17d4 \u178f\u17b6\u1798\u178a\u17b6\u1793\u1787\u17b7\u17c7\u1793\u17c5\u1791\u17b8\u1793\u17c1\u17c7: #LIVE_TRACKING_URL#']"}, {"language": "BN", "body": "[' \u0986\u09aa\u09a8\u09be\u09b0 #VEHICLE_TYPE# #CAR_NUMBER# #DRIVER_NAME# #DRIVER_NUMBER# \u09a6\u09cd\u09ac\u09be\u09b0\u09be \u09aa\u09b0\u09bf\u099a\u09be\u09b2\u09bf\u09a4 #DRIVER_NUMBER# \u0986\u09aa\u09a8\u09be\u09b0 \u09aa\u09a5\u09c7 #DRIVER_NUMBER# \u098f\u0987 \u09af\u09be\u09a4\u09cd\u09b0\u09be\u09af\u09bc \u0986\u09aa\u09a8\u09be\u09b0 \u099c\u09a8\u09cd\u09af #DRIVER_NAME# \u09a6\u09cd\u09ac\u09be\u09b0\u09be \u09ac\u09c1\u0995 \u0995\u09b0\u09be \u09b9\u09af\u09bc\u09c7\u099b\u09c7\u0964 \u09aa\u09c7\u09ae\u09c7\u09a8\u09cd\u099f \u09ae\u09cb\u09a1: #VEHICLE_TYPE# \u0964 \u099a\u09c2\u09a1\u09bc\u09be\u09a8\u09cd\u09a4 \u09ac\u09bf\u09b2\u09c7\u09b0 \u09aa\u09b0\u09bf\u09ae\u09be\u09a3 \u09a1\u09cd\u09b0\u09be\u0987\u09ad\u09be\u09b0 \u09a1\u09bf\u09ad\u09be\u0987\u09b8\u09c7 \u09a6\u09c7\u0996\u09be\u09a8\u09cb \u09b9\u09ac\u09c7\u0964 \u099f\u09cd\u09b0\u09cd\u09af\u09be\u0995 \u098f\u0996\u09be\u09a8\u09c7 \u099f\u09cd\u09b0\u09cd\u09af\u09be\u0995: #LIVE_TRACKING_URL#']"}, {"language": "JA", "body": "[' \u3042\u306a\u305f\u306e#VEHICLE_TYPE# #CAR_NUMBER#\u306b\u3088\u3063\u3066\u99c6\u52d5#DRIVER_NAME# #DRIVER_NUMBER# \u3001\u3042\u306a\u305f\u306eway.This\u306b\u4e57\u308b\u304c\u3067\u8a08\u4e0a\u3055\u308c\u3066\u5411\u304b\u3063\u3066\u3044\u308b#DRIVER_NAME#\u3042\u306a\u305f\u306e\u305f\u3081\u306b\u3002\u652f\u6255\u3044\u30e2\u30fc\u30c9\uff1a #VEHICLE_TYPE#\u6700\u7d42\u7684\u306a\u8acb\u6c42\u91d1\u984d\u306f\u30c9\u30e9\u30a4\u30d0\u30fc\u30c7\u30d0\u30a4\u30b9\u306b\u8868\u793a\u3055\u308c\u307e\u3059\u3002\u3053\u3053\u3067\u30c8\u30e9\u30c3\u30af\u306b\u4e57\u308b\uff1a #LIVE_TRACKING_URL#']"}, {"language": "KO", "body": "[' #VEHICLE_TYPE# #CAR_NUMBER# #DRIVER_NAME# #DRIVER_NUMBER# ) \uc8fc\ud589\ud569\ub2c8\ub2e4.\uc774 \uc8fc\ud589\uc740 #DRIVER_NAME# \uac00) \ub2f9\uc2e0\uc744 \uc704\ud574 \uc608\uc57d\ud588\uc2b5\ub2c8\ub2e4. \uacb0\uc81c \ubaa8\ub4dc : #VEHICLE_TYPE# . \ucd5c\uc885 \uccad\uad6c \uae08\uc561\uc774 \ub4dc\ub77c\uc774\ubc84 \uc7a5\uce58\uc5d0 \ud45c\uc2dc\ub429\ub2c8\ub2e4. \uc5ec\uae30\uc5d0\uc11c \ud0c0\ub294 \ud2b8\ub799 : #LIVE_TRACKING_URL#']"}, {"language": "YO", "body": "[' R\u1eb9 #VEHICLE_TYPE# #CAR_NUMBER# a \u1e63akoso nipas\u1eb9 #DRIVER_NAME# #DRIVER_NUMBER# wa ni \u1ecdna r\u1eb9.T\u1eb9rin yii ni o wa ni #DRIVER_NAME# fun \u1ecd. Ipo i\u1e63owo: #VEHICLE_TYPE# . Owo idiyele ipari yoo han lori \u1eb9r\u1ecd iwak\u1ecd. Gigun k\u1eb9k\u1eb9 nibi: #LIVE_TRACKING_URL#']"}, {"language": "TR", "body": "[' #VEHICLE_TYPE# #CAR_NUMBER# , #DRIVER_NAME# #DRIVER_NUMBER# taraf\u0131ndan #DRIVER_NAME# . \u00d6deme \u015fekli: #VEHICLE_TYPE# . Son fatura miktar\u0131 s\u00fcr\u00fcc\u00fc cihaz\u0131nda g\u00f6sterilecektir. Buraya iz #LIVE_TRACKING_URL# : #LIVE_TRACKING_URL#']"}, {"language": "RU", "body": "[' \u0412\u0430\u0448 #VEHICLE_TYPE# #CAR_NUMBER# \u0443\u043f\u0440\u0430\u0432\u043b\u044f\u0435\u043c\u044b\u0439 #DRIVER_NAME# #DRIVER_NUMBER# \u0432 \u0432\u0430\u0448\u0443 #DRIVER_NUMBER# \u043f\u043e\u0435\u0437\u0434\u043a\u0430 \u0437\u0430\u0431\u0440\u043e\u043d\u0438\u0440\u043e\u0432\u0430\u043d\u0430 \u0434\u043b\u044f \u0432\u0430\u0441 #DRIVER_NAME# \u0420\u0435\u0436\u0438\u043c \u043e\u043f\u043b\u0430\u0442\u044b: #VEHICLE_TYPE# . \u041e\u043a\u043e\u043d\u0447\u0430\u0442\u0435\u043b\u044c\u043d\u0430\u044f \u0441\u0443\u043c\u043c\u0430 \u0441\u0447\u0435\u0442\u0430 \u0431\u0443\u0434\u0435\u0442 \u043f\u043e\u043a\u0430\u0437\u0430\u043d\u0430 \u043d\u0430 \u0443\u0441\u0442\u0440\u043e\u0439\u0441\u0442\u0432\u0435 \u0432\u043e\u0434\u0438\u0442\u0435\u043b\u044f. \u0422\u0440\u0435\u043a \u043f\u043e\u0435\u0437\u0434\u043a\u0430 \u0437\u0434\u0435\u0441\u044c: #LIVE_TRACKING_URL#']"}, {"language": "FA", "body": "[' \u0634\u0645\u0627 #VEHICLE_TYPE# #CAR_NUMBER# \u0631\u0627\u0646\u062f\u0647 \u0634\u062f\u0647 \u062a\u0648\u0633\u0637 #DRIVER_NAME# #DRIVER_NUMBER# \u0631\u0647\u0628\u0631\u06cc \u0627\u0633\u062a \u0633\u0648\u0627\u0631 way.This \u062e\u0648\u062f \u0631\u0627 \u0628\u0627 \u0631\u0632\u0631\u0648 #DRIVER_NAME# \u0628\u0631\u0627\u06cc \u0634\u0645\u0627. \u062d\u0627\u0644\u062a \u067e\u0631\u062f\u0627\u062e\u062a: #VEHICLE_TYPE# . \u0645\u0628\u0644\u063a \u0644\u0627\u06cc\u062d\u0647 \u0646\u0647\u0627\u06cc\u06cc \u062f\u0631 \u062f\u0633\u062a\u06af\u0627\u0647 \u0631\u0627\u0646\u0646\u062f\u0647 \u0646\u0645\u0627\u06cc\u0634 \u062f\u0627\u062f\u0647 \u0645\u06cc \u0634\u0648\u062f. \u0633\u0648\u0627\u0631 \u0634\u062f\u0646 \u062f\u0631 \u0627\u06cc\u0646\u062c\u0627: #LIVE_TRACKING_URL#']"}, {"language": "MY", "body": "[' \u101e\u1004\u103a\u1037\u101b\u1032\u1037 #VEHICLE_TYPE# #CAR_NUMBER# \u1019\u1031\u102c\u1004\u103a\u1038\u1014\u103e\u1004\u103a #DRIVER_NAME# #DRIVER_NUMBER# \u101e\u1004\u103a\u1037\u101b\u1032\u1037 way.This \u1005\u102e\u1038\u1014\u1004\u103a\u1038\u1001\u103c\u1004\u103a\u1038\u1016\u103c\u1004\u103a\u1037\u1000\u103c\u102d\u102f\u1010\u1004\u103a\u1018\u103d\u1010\u103a\u1000\u1004\u103a\u1016\u103c\u1005\u103a\u1015\u102b\u1010\u101a\u103a\u1001\u1031\u102b\u1004\u103a\u1038\u1014\u103e\u1005\u103a\u101c\u102f\u1036\u1038\u1016\u103c\u1005\u103a\u1015\u102b\u1010\u101a\u103a #DRIVER_NAME# \u101e\u1004\u103a\u1010\u102d\u102f\u1037\u1021\u1018\u102d\u102f\u1037\u104b \u1004\u103d\u1031\u1015\u1031\u1038\u1001\u103b\u1031\u1019\u103e\u102f\u101b\u1019\u100a\u103a\u1037\u1019\u102f\u1012\u103a: #VEHICLE_TYPE# \u104b \u1017\u102d\u102f\u101c\u103a\u101c\u102f\u1015\u103d\u1032\u1025\u1015\u1012\u1031\u1000\u103c\u1019\u103a\u1038\u1004\u103d\u1031\u1015\u1019\u102c\u100f\u1000\u102d\u102f\u1019\u1031\u102c\u1004\u103a\u1038\u101e\u1030\u1005\u1000\u103a\u1015\u1031\u102b\u103a\u1019\u103e\u102c\u1015\u103c\u101e\u1015\u102b\u101c\u102d\u1019\u103a\u1037\u1019\u100a\u103a\u104b \u1024\u1014\u1031\u101b\u102c\u1010\u103d\u1004\u103a track \u1005\u102e\u1038\u1014\u1004\u103a\u1038: #LIVE_TRACKING_URL#']"}, {"language": "HI", "body": "[' \u0906\u092a\u0915\u093e #VEHICLE_TYPE# #CAR_NUMBER# \u0926\u094d\u0935\u093e\u0930\u093e \u0938\u0902\u091a\u093e\u0932\u093f\u0924 #DRIVER_NAME# #DRIVER_NUMBER# \u0928\u0947\u0924\u0943\u0924\u094d\u0935 \u092e\u0947\u0902 \u0939\u0948 \u0905\u092a\u0928\u0947 \u0939\u0948.\u092f\u0939 \u0938\u0935\u093e\u0930\u0940 \u0926\u094d\u0935\u093e\u0930\u093e \u092c\u0941\u0915 \u0915\u093f\u092f\u093e \u0917\u092f\u093e \u0939\u0948 #DRIVER_NAME# \u0906\u092a \u0915\u0947 \u0932\u093f\u090f\u0964 \u092d\u0941\u0917\u0924\u093e\u0928 \u092e\u094b\u0921: #VEHICLE_TYPE# \u0964 \u0921\u094d\u0930\u093e\u0907\u0935\u0930 \u0921\u093f\u0935\u093e\u0907\u0938 \u092a\u0930 \u0905\u0902\u0924\u093f\u092e \u092c\u093f\u0932 \u0930\u093e\u0936\u093f \u0926\u093f\u0916\u093e\u0908 \u091c\u093e\u090f\u0917\u0940\u0964 \u092f\u0939\u093e\u0901 \u091f\u094d\u0930\u0948\u0915 \u091f\u094d\u0930\u0948\u0915 \u0915\u0930\u0947\u0902: #LIVE_TRACKING_URL#']"}, {"language": "IW", "body": "[' #VEHICLE_TYPE# \u05e9\u05dc\u05da #VEHICLE_TYPE# #CAR_NUMBER# \u05de\u05d5\u05e0\u05e2 \u05e2\u05dc \u05d9\u05d3\u05d9 #DRIVER_NAME# #DRIVER_NUMBER# \u05d4\u05d5\u05dc\u05da \u05d1\u05d3\u05e8\u05da \u05e9\u05dc\u05da. \u05e0\u05e1\u05d9\u05e2\u05d4 \u05d6\u05d5 \u05de\u05d5\u05d6\u05de\u05e0\u05ea \u05e2\u05dc \u05d9\u05d3\u05d9 #DRIVER_NAME# \u05e2\u05d1\u05d5\u05e8\u05da. \u05de\u05e6\u05d1 \u05ea\u05e9\u05dc\u05d5\u05dd: #VEHICLE_TYPE# . \u05e1\u05db\u05d5\u05dd \u05d4\u05d7\u05d9\u05d5\u05d1 \u05d4\u05e1\u05d5\u05e4\u05d9 \u05d9\u05d5\u05e6\u05d2 \u05e2\u05dc \u05d4\u05ea\u05e7\u05df \u05d4\u05e0\u05d4\u05d2. \u05de\u05e1\u05dc\u05d5\u05dc \u05e0\u05e1\u05d9\u05e2\u05d4 \u05db\u05d0\u05df: #LIVE_TRACKING_URL#']"}, {"language": "FR", "body": "[' Votre #VEHICLE_TYPE# #CAR_NUMBER# pilot\u00e9 par #DRIVER_NAME# #DRIVER_NUMBER# est dirig\u00e9 vers vous. Ce trajet est r\u00e9serv\u00e9 par #DRIVER_NAME# pour vous. Mode de paiement: #VEHICLE_TYPE# . Le montant final de la facture sera affich\u00e9 sur le p\u00e9riph\u00e9rique du pilote. Suivre le trajet ici: #LIVE_TRACKING_URL#']"}, {"language": "DA", "body": "[' Din #VEHICLE_TYPE# #CAR_NUMBER# drevet af #DRIVER_NAME# #DRIVER_NUMBER# ledes p\u00e5 din m\u00e5de. Denne tur er reserveret af #DRIVER_NAME# til dig. Betalingsmetode: #VEHICLE_TYPE# . Endelig faktura vil blive vist p\u00e5 driverenheden. Spor tur her: #LIVE_TRACKING_URL#']"}]}