{"purpose": "Emergency SMS to Driver", "template_id": "EMERGENCY_SMS_FOR_DRIVER_RIDE", "templates": [{"language": "AF", "body": "[' Belangrik: #DriverName# ( #DriverPhone# ) het via u bereik via #SITE_NAME# SOS. Bring asseblief dringend na hom / haar uit. Die besonderhede van die rit is: Reis begin: #SITE_NAME# . Tel op van: #Saddress# . Passasier naam: #PassengerName# . Passasiersnommer: #PassengerPhone# . Bestuurder se motor nommer: #LicencePlate#']"}, {"language": "EN", "body": "[\" Important: #DriverName# (#DriverPhone#) has reached out to you via #SITE_NAME# SOS. Please reach out to him/her urgently. The details of the ride are: Trip start time: #StartDate#. Pick up from: #Saddress#. Passenger name: #PassengerName#. Passenger number:#PassengerPhone#. Driver's car number: #LicencePlate#\"]"}, {"language": "TH", "body": "[' \u0e2a\u0e33\u0e04\u0e31\u0e0d: #DriverName# ( #DriverPhone# ) \u0e2a\u0e48\u0e07\u0e16\u0e36\u0e07\u0e04\u0e38\u0e13\u0e1c\u0e48\u0e32\u0e19 #SITE_NAME# SOS \u0e01\u0e23\u0e38\u0e13\u0e32\u0e15\u0e34\u0e14\u0e15\u0e48\u0e2d\u0e01\u0e31\u0e1a\u0e40\u0e02\u0e32 / \u0e40\u0e18\u0e2d\u0e2d\u0e22\u0e48\u0e32\u0e07\u0e40\u0e23\u0e48\u0e07\u0e14\u0e48\u0e27\u0e19 \u0e23\u0e32\u0e22\u0e25\u0e30\u0e40\u0e2d\u0e35\u0e22\u0e14\u0e02\u0e2d\u0e07\u0e01\u0e32\u0e23\u0e40\u0e14\u0e34\u0e19\u0e17\u0e32\u0e07\u0e04\u0e37\u0e2d: \u0e40\u0e27\u0e25\u0e32\u0e40\u0e23\u0e34\u0e48\u0e21\u0e15\u0e49\u0e19\u0e01\u0e32\u0e23\u0e40\u0e14\u0e34\u0e19\u0e17\u0e32\u0e07: #SITE_NAME# \u0e40\u0e25\u0e37\u0e2d\u0e01\u0e08\u0e32\u0e01: #Saddress# \u0e0a\u0e37\u0e48\u0e2d\u0e1c\u0e39\u0e49\u0e42\u0e14\u0e22\u0e2a\u0e32\u0e23: #PassengerName# \u0e2b\u0e21\u0e32\u0e22\u0e40\u0e25\u0e02\u0e1c\u0e39\u0e49\u0e42\u0e14\u0e22\u0e2a\u0e32\u0e23: #PassengerPhone# \u0e2b\u0e21\u0e32\u0e22\u0e40\u0e25\u0e02\u0e23\u0e16\u0e22\u0e19\u0e15\u0e4c\u0e02\u0e2d\u0e07\u0e04\u0e19\u0e02\u0e31\u0e1a: #LicencePlate#']"}, {"language": "ID", "body": "[' Penting: #DriverName# ( #DriverPhone# ) telah menghubungi Anda melalui #SITE_NAME# SOS. Mohon segera hubungi dia. Detail perjalanannya adalah: Waktu mulai perjalanan: #SITE_NAME# . Ambil dari: #Saddress# . Nama penumpang: #PassengerName# Nama #PassengerName# . Nomor Penumpang: #PassengerPhone# . Nomor mobil pengemudi: #LicencePlate#']"}, {"language": "DE", "body": "[' Wichtig: #DriverName# ( #DriverPhone# ) hat Sie \u00fcber #SITE_NAME# SOS erreicht. Bitte rufen Sie ihn dringend an. Die Details der Fahrt sind: Startzeit der Reise: #SITE_NAME# . #Saddress# von: #Saddress# . Passagiername: #PassengerName# . Passagiernummer: #PassengerPhone# . Nummer des #LicencePlate# : #LicencePlate#']"}, {"language": "ES", "body": "[' Importante: #DriverName# ( #DriverPhone# ) se ha comunicado con usted a trav\u00e9s de #SITE_NAME# SOS. Por favor, comun\u00edquese con \u00e9l / ella urgentemente. Los detalles del viaje son: Hora de inicio del viaje: #SITE_NAME# . Recoger de: #Saddress# . Nombre del pasajero: #PassengerName# . N\u00famero de pasajero: #PassengerPhone# . N\u00famero de auto del conductor: #LicencePlate#']"}, {"language": "IT", "body": "[\" Importante: #DriverName# ( #DriverPhone# ) ti ha #DriverPhone# tramite #SITE_NAME# SOS. Per favore, contattalo con urgenza. I dettagli del viaggio sono: Ora di inizio del viaggio: #SITE_NAME# . #Saddress# da: #Saddress# . Nome del passeggero: #PassengerName# . Numero del passeggero: #PassengerPhone# . Numero dell'auto del macchinista: #LicencePlate#\"]"}, {"language": "AR", "body": "[' \u0647\u0627\u0645: #DriverName# ( #DriverPhone# \u0648\u0635\u0644\u062a) \u0645\u0646 \u0623\u0635\u0644 \u0625\u0644\u064a\u0643 \u0639\u0628\u0631 #SITE_NAME# SOS. \u064a\u0631\u062c\u0649 \u0627\u0644\u062a\u0648\u0627\u0635\u0644 \u0645\u0639\u0647 \u0639\u0644\u0649 \u0648\u062c\u0647 \u0627\u0644\u0633\u0631\u0639\u0629. \u062a\u0641\u0627\u0635\u064a\u0644 \u0627\u0644\u0631\u062d\u0644\u0629 \u0647\u064a: \u0648\u0642\u062a \u0628\u062f\u0621 \u0627\u0644\u0631\u062d\u0644\u0629: #SITE_NAME# . \u0627\u0644\u062a\u0642\u0637 \u0645\u0646: #Saddress# . \u0627\u0633\u0645 \u0627\u0644\u0631\u0627\u0643\u0628: #PassengerName# \u0627\u0633\u0645 #PassengerName# . \u0631\u0642\u0645 \u0627\u0644\u0631\u0627\u0643\u0628: #PassengerPhone# . \u0631\u0642\u0645 \u0633\u064a\u0627\u0631\u0629 \u0627\u0644\u0633\u0627\u0626\u0642: #LicencePlate#']"}, {"language": "UR", "body": "[' \u0627\u06c1\u0645: #DriverName# #SITE_NAME# SOS \u06a9\u06d2 \u0630\u0631\u06cc\u0639\u06c1 #DriverName# ( #DriverPhone# ) \u0622\u067e \u06a9\u06d2 \u067e\u0627\u0633 \u0622\u06cc\u0627 \u06c1\u06d2. \u0628\u0631\u0627\u06c1 \u06a9\u0631\u0645 \u0627\u0646 \u0633\u06d2 \u0641\u0648\u0631\u06cc \u0637\u0648\u0631 \u067e\u0631 \u067e\u06c1\u0646\u0686 \u062c\u0627\u0624. \u0633\u0648\u0627\u0631\u06cc \u06a9\u06cc \u062a\u0641\u0635\u06cc\u0644\u0627\u062a \u06c1\u06cc\u06ba: \u062f\u0648\u0631\u06c2 \u0622\u063a\u0627\u0632 \u06a9\u0627 \u0648\u0642\u062a: #SITE_NAME# . \u0633\u06d2 \u0627\u0679\u06be\u0627\u0648: #Saddress# . \u0645\u0633\u0627\u0641\u0631 \u06a9\u0627 \u0646\u0627\u0645: #PassengerName# \u0645\u0633\u0627\u0641\u0631 \u0646\u0627\u0645 #PassengerName# . \u0645\u0633\u0627\u0641\u0631 \u0646\u0645\u0628\u0631: #PassengerPhone# . \u0688\u0631\u0627\u0626\u06cc\u0648\u0631 \u06a9\u06cc \u06a9\u0627\u0631 \u0646\u0645\u0628\u0631: #LicencePlate#']"}, {"language": "AZ", "body": "[' M\u00fch\u00fcm: #DriverName# ( #DriverPhone# ) #DriverPhone# #SITE_NAME# SOS vasit\u0259sil\u0259 siz\u0259 \u00e7atd\u0131. Xahi\u015f edirik ona t\u0259cili m\u00fcraci\u0259t edin. S\u0259f\u0259rin detallar\u0131 a\u015fa\u011f\u0131dak\u0131lard\u0131r: G\u0259zinti ba\u015flama vaxt\u0131: #SITE_NAME# . #Saddress# : #Saddress# . S\u0259rni\u015fin ad\u0131: #PassengerName# . S\u0259rni\u015fin n\u00f6mr\u0259si: #PassengerPhone# . S\u00fcr\u00fcc\u00fcn\u00fcn avtomobil n\u00f6mr\u0259si: #LicencePlate#']"}, {"language": "ZH", "body": "[' \u91cd\u8981\u63d0\u793a\uff1a #DriverPhone# #DriverName# \uff08 #DriverPhone# \uff09\u5df2\u901a\u8fc7#SITE_NAME# SOS\u4e0e\u60a8\u8054\u7cfb\u3002\u8bf7\u7d27\u6025\u8054\u7cfb\u4ed6/\u5979\u3002\u4e58\u8f66\u7684\u8be6\u7ec6\u4fe1\u606f\u5982\u4e0b\uff1a\u65c5\u884c\u5f00\u59cb\u65f6\u95f4\uff1a #SITE_NAME# \u3002\u9009\u62e9\uff1a #Saddress# \u3002\u4e58\u5ba2\u59d3\u540d\uff1a #PassengerName# \u3002\u4e58\u5ba2\u53f7\u7801\uff1a #PassengerPhone# \u3002\u53f8\u673a\u7684\u8f66\u53f7\uff1a #LicencePlate#']"}, {"language": "PT", "body": "[' Importante: #DriverName# ( #DriverPhone# ) entrou em #DriverPhone# com voc\u00ea pelo #SITE_NAME# SOS. Por favor, entre em contato com ele com urg\u00eancia. Os detalhes do passeio s\u00e3o: Hor\u00e1rio de in\u00edcio da viagem: #SITE_NAME# . Pegue a partir de: #Saddress# . Nome do passageiro: #PassengerName# . N\u00famero do passageiro: #PassengerPhone# . N\u00famero do carro do motorista: #LicencePlate#']"}, {"language": "ZU", "body": "[' Okubalulekile: #DriverName# ( #DriverPhone# ) ufinyelele kuwe nge #SITE_NAME# SOS. Sicela uphumelele kuye / ngokuphuthumayo. Imininingwane yokugibela yilezi: Ukuhamba kwesikhathi sokuhamba: #SITE_NAME# . Thatha kusuka: #Saddress# . Igama lomgibeli: #PassengerName# Igama #PassengerName# . Inombolo yomgibeli: #PassengerPhone# . Inombolo yemoto yomshayeli: #LicencePlate#']"}, {"language": "SW", "body": "[' Muhimu: #DriverName# ( #DriverPhone# ) imefikia kwako kupitia #SITE_NAME# SOS. Tafadhali pata naye kwa haraka. Maelezo ya safari ni: Safari ya kuanza safari: #SITE_NAME# . #Saddress# kutoka: #Saddress# . Jina la abiria: #PassengerName# . Nambari ya abiria: #PassengerPhone# . Nambari ya gari ya dereva: #LicencePlate#']"}, {"language": "KU", "body": "[' Gir\u00eade: #DriverName# ( #DriverPhone# ) bi #SITE_NAME# SOS bi we re #SITE_NAME# . Ji kerema xwe bigih\u00eejin w\u00ee / her w\u00ea bigih\u00eeje. Agahdariy\u00ean r\u00eaw\u00eetiy\u00ea hene: #SITE_NAME# dest bi dest p\u00ea dike: #SITE_NAME# . Ji hilbij\u00eare: #Saddress# . Nav\u00ea navend\u00ea: #PassengerName# . Hejmara hejmara #PassengerPhone# : #PassengerPhone# . #LicencePlate# otomob\u00eel\u00ea: #LicencePlate#']"}, {"language": "MS", "body": "[' Penting: #DriverName# ( #DriverPhone# ) telah menghubungi anda melalui #SITE_NAME# SOS. Sila hubungi dia dengan segera. Butiran perjalanan adalah: Masa mula lawatan: #SITE_NAME# . Angkat dari: #Saddress# . Nama penumpang: #PassengerName# . Nombor penumpang: #PassengerPhone# . Nombor kereta pemandu: #LicencePlate#']"}, {"language": "SI", "body": "[' \u0dc0\u0dd0\u0daf\u0d9c\u0dad\u0dca: #DriverName# ( #DriverPhone# ) \u0d94\u0db6\u0da7 #SITE_NAME# SOS \u0dc4\u0dbb\u0dc4\u0dcf \u0d94\u0db6 \u0dc0\u0dd9\u0dad \u0dc5\u0d9f\u0dcf \u0dc0\u0dd3 \u0d87\u0dad. \u0d9a\u0dbb\u0dd4\u0dab\u0dcf\u0d9a\u0dbb \u0d94\u0dc4\u0dd4\u0da7 / \u0d87\u0dba\u0da7 \u0dc0\u0dc4\u0dcf\u0db8 \u0db4\u0dd2\u0dc0\u0dd2\u0dc3\u0dd9\u0db1\u0dca\u0db1. \u0db0\u0dcf\u0dc0\u0db1\u0dba \u0db4\u0dd2\u0dc5\u0dd2\u0db6\u0db3 \u0dc0\u0dd2\u0dc3\u0dca\u0dad\u0dbb: Trip Trip time: #SITE_NAME# . #Saddress# . \u0db8\u0d9c\u0dd3 \u0db1\u0db8: #PassengerName# . \u0db8\u0d9c\u0dd3 \u0d85\u0d82\u0d9a\u0dba: #PassengerPhone# . \u0dbb\u0dd2\u0dba\u0daf\u0dd4\u0dbb\u0dd4\u0d9c\u0dda \u0d9a\u0dcf\u0dbb\u0dca \u0d85\u0d82\u0d9a\u0dba: #LicencePlate#']"}, {"language": "TA", "body": "[' \u0bae\u0bc1\u0b95\u0bcd\u0b95\u0bbf\u0baf\u0bae\u0bcd: #DriverName# #SITE_NAME# SOS \u0bb5\u0bb4\u0bbf\u0baf\u0bbe\u0b95 #DriverName# ( #DriverPhone# ) \u0b89\u0b99\u0bcd\u0b95\u0bb3\u0bbf\u0b9f\u0bae\u0bcd \u0bb5\u0ba8\u0bcd\u0ba4\u0bc1\u0bb3\u0bcd\u0bb3\u0ba4\u0bc1. \u0b85\u0bb5\u0bb0\u0bc8 \u0b85\u0bb5\u0b9a\u0bb0 \u0b85\u0bb5\u0b9a\u0bb0\u0bae\u0bbe\u0b95 \u0b85\u0b9f\u0bc8\u0baf\u0bc1\u0b99\u0bcd\u0b95\u0bb3\u0bcd. \u0b9a\u0bb5\u0bbe\u0bb0\u0bbf \u0bb5\u0bbf\u0bb5\u0bb0\u0b99\u0bcd\u0b95\u0bb3\u0bcd: \u0baa\u0baf\u0ba3 \u0ba8\u0bc7\u0bb0\u0bae\u0bcd: #SITE_NAME# . \u0b87\u0bb0\u0bc1\u0ba8\u0bcd\u0ba4\u0bc1 \u0b8e\u0b9f\u0bc1: #Saddress# . \u0baa\u0baf\u0ba3\u0bbf\u0baf\u0bbf\u0ba9\u0bcd \u0baa\u0bc6\u0baf\u0bb0\u0bcd: #PassengerName# \u0baa\u0baf\u0ba3\u0bbf\u0b95\u0bb3\u0bcd \u0baa\u0bc6\u0baf\u0bb0\u0bcd #PassengerName# . \u0baa\u0baf\u0ba3\u0bbf\u0b95\u0bb3\u0bcd \u0b8e\u0ba3\u0bcd: #PassengerPhone# . \u0b9f\u0bbf\u0bb0\u0bc8\u0bb5\u0bb0\u0bcd \u0b95\u0bbe\u0bb0\u0bcd \u0b8e\u0ba3\u0bcd: #LicencePlate#']"}, {"language": "VI", "body": "[' Quan tr\u1ecdng: #DriverName# ( #DriverPhone# ) \u0111\u00e3 li\u00ean h\u1ec7 v\u1edbi b\u1ea1n qua #SITE_NAME# SOS. H\u00e3y li\u00ean h\u1ec7 v\u1edbi anh \u1ea5y / c\u00f4 \u1ea5y kh\u1ea9n tr\u01b0\u01a1ng. C\u00e1c chi ti\u1ebft c\u1ee7a chuy\u1ebfn \u0111i l\u00e0: Th\u1eddi gian b\u1eaft \u0111\u1ea7u chuy\u1ebfn \u0111i: #SITE_NAME# . Nh\u1eadn t\u1eeb: #Saddress# . T\u00ean h\u00e0nh kh\u00e1ch: #PassengerName# . S\u1ed1 h\u00e0nh kh\u00e1ch: #PassengerPhone# . S\u1ed1 xe c\u1ee7a t\u00e0i x\u1ebf: #LicencePlate#']"}, {"language": "TL", "body": "[' Mahalaga: #DriverName# ( #DriverPhone# ) ay naabot sa iyo sa pamamagitan ng #SITE_NAME# SOS. Mangyaring makipag-ugnayan sa kanya nang mapilit. Ang mga detalye ng pagsakay ay: Oras ng pagsisimula ng #SITE_NAME# : #SITE_NAME# . Kunin mula sa: #Saddress# . Pangalan ng pasahero: #PassengerName# . Numero ng pasahero: #PassengerPhone# . Numero ng kotse ng driver: #LicencePlate#']"}, {"language": "KM", "body": "[' \u179f\u17c6\u1781\u17b6\u1793\u17cb: #DriverName# ( #DriverPhone# ) \u1794\u17b6\u1793\u1791\u17b6\u1780\u17cb\u1791\u1784\u1798\u1780\u17a2\u17d2\u1793\u1780\u178f\u17b6\u1798\u179a\u1799\u17c8 #SITE_NAME# SOS \u17d4 \u179f\u17bc\u1798\u1791\u17b6\u1780\u17cb\u1791\u1784\u1798\u1780\u1782\u17b6\u178f\u17cb\u1787\u17b6\u1794\u1793\u17d2\u1791\u17b6\u1793\u17cb\u17d4 \u1796\u178f\u17cc\u1798\u17b6\u1793\u179b\u17c6\u17a2\u17b7\u178f\u1793\u17c3\u1780\u17b6\u179a\u1787\u17b7\u17c7\u1793\u17c1\u17c7\u1782\u17ba: \u1796\u17c1\u179b\u179c\u17c1\u179b\u17b6\u1785\u17b6\u1794\u17cb\u1795\u17d2\u178f\u17be\u1798\u178a\u17c6\u178e\u17be\u179a\u1780\u17c6\u179f\u17b6\u1793\u17d2\u178f: #SITE_NAME# \u17d4 \u1787\u17d2\u179a\u17be\u179f\u1799\u1780\u1796\u17b8: #Saddress# \u17d4 \u1788\u17d2\u1798\u17c4\u17c7\u17a2\u17d2\u1793\u1780\u178a\u17c6\u178e\u17be\u179a: #PassengerName# \u17d4 \u1785\u17c6\u1793\u17bd\u1793\u17a2\u17d2\u1793\u1780\u178a\u17c6\u178e\u17be\u179a: #PassengerPhone# \u179b\u17c1\u1781\u1791\u17bc\u179a\u179f\u17d0\u1796\u17d2\u1791 #PassengerPhone# \u17d4 \u179b\u17c1\u1781\u179a\u1790\u1799\u1793\u17d2\u178f\u179a\u1794\u179f\u17cb\u17a2\u17d2\u1793\u1780\u1794\u17be\u1780\u1794\u179a: #LicencePlate#']"}, {"language": "BN", "body": "[' \u0997\u09c1\u09b0\u09c1\u09a4\u09cd\u09ac\u09aa\u09c2\u09b0\u09cd\u09a3: #DriverName# ( #DriverPhone# ) #SITE_NAME# SOS \u098f\u09b0 \u09ae\u09be\u09a7\u09cd\u09af\u09ae\u09c7 \u0986\u09aa\u09a8\u09be\u09b0 \u0995\u09be\u099b\u09c7 \u09aa\u09cc\u0981\u099b\u09c7\u099b\u09c7\u0964 \u0985\u09a8\u09c1\u0997\u09cd\u09b0\u09b9\u09aa\u09c2\u09b0\u09cd\u09ac\u0995 \u09a4\u09be\u0995\u09c7 / \u09a4\u09be\u09b0 \u09b8\u09be\u09a5\u09c7 \u09af\u09cb\u0997\u09be\u09af\u09cb\u0997 \u0995\u09b0\u09c1\u09a8\u0964 \u09af\u09be\u09a4\u09cd\u09b0\u09be\u09b0 \u09ac\u09bf\u09b6\u09a6\u0997\u09c1\u09b2\u09bf \u09b9\u09b2: \u099f\u09cd\u09b0\u09bf\u09aa \u09b6\u09c1\u09b0\u09c1 \u0995\u09b0\u09be\u09b0 \u09b8\u09ae\u09af\u09bc: #SITE_NAME# \u0964 \u09a5\u09c7\u0995\u09c7 #Saddress# : #Saddress# \u0964 \u09af\u09be\u09a4\u09cd\u09b0\u09c0 \u09a8\u09be\u09ae: #PassengerName# \u09af\u09be\u09a4\u09cd\u09b0\u09c0 \u09a8\u09be\u09ae #PassengerName# \u0964 \u09af\u09be\u09a4\u09cd\u09b0\u09c0 \u09b8\u0982\u0996\u09cd\u09af\u09be: #PassengerPhone# \u0964 \u09a1\u09cd\u09b0\u09be\u0987\u09ad\u09be\u09b0\u09c7\u09b0 \u0997\u09be\u09a1\u09bc\u09bf \u09a8\u09ae\u09cd\u09ac\u09b0: #LicencePlate#']"}, {"language": "JA", "body": "[' \u91cd\u8981\uff1a #DriverPhone# #DriverName# \uff08 #DriverPhone# \uff09\u304b\u3089#SITE_NAME# SOS\u7d4c\u7531\u3067#SITE_NAME# \u3002\u81f3\u6025\u624b\u3092\u5dee\u3057\u4f38\u3079\u3066\u304f\u3060\u3055\u3044\u3002\u4e57\u8eca\u306e\u8a73\u7d30\u306f\u4ee5\u4e0b\u306e\u901a\u308a\u3067\u3059\uff1a\u65c5\u884c\u306e\u958b\u59cb\u6642\u523b\uff1a #SITE_NAME# \u3002\u304b\u3089\u30d4\u30c3\u30af\u30a2\u30c3\u30d7\u3057\u3066\u304f\u3060\u3055\u3044\uff1a #Saddress# \u3002\u4e57\u5ba2\u540d\uff1a #PassengerName#\u4e57\u5ba2\u540d#PassengerName# \u3002\u65c5\u5ba2\u756a\u53f7\uff1a #PassengerPhone# \u3002\u30c9\u30e9\u30a4\u30d0\u30fc\u306e\u8eca\u756a\u53f7\uff1a #LicencePlate#']"}, {"language": "KO", "body": "[' \uc911\uc694 : #DriverName# ( #DriverPhone# ) \ub2d8\uc774 #SITE_NAME# SOS\ub97c \ud1b5\ud574 \uc5f0\ub77d\uc744 #DriverPhone# . \uae34\uae09\ud558\uac8c \uc5f0\ub77d\ud558\uc2ed\uc2dc\uc624. \ud0c0\uae30 \uc2dc\uc791 \uc2dc\uac04 : #SITE_NAME# . \ud53d\uc5c5 : #Saddress# . \uc2b9\uac1d \uc774\ub984 : #PassengerName# . \uc2b9\uac1d \ubc88\ud638 : #PassengerPhone# . \uc6b4\uc804\uc790 \ucc28\ub7c9 \ubc88\ud638 : #LicencePlate#']"}, {"language": "YO", "body": "[' P\u00e0t\u00e0k\u00ec: #DriverName# ( #DriverPhone# ) ti d\u00e9 si \u1ecd nipas\u1eb9 #SITE_NAME# SOS. Jowo de \u1ecdd\u1ecd r\u1eb9 / ni kiakia. Aw\u1ecdn alaye ti gigun naa ni: Akoko ibere ibere: #SITE_NAME# . Gbe soke lati: #Saddress# . Oruk\u1ecd irin-ajo: #PassengerName# . N\u1ecdja ti nlo: #PassengerPhone# . \u1ecck\u1ecd ay\u1ecdk\u1eb9l\u1eb9 \u1ecdk\u1ecd ay\u1ecdk\u1eb9l\u1eb9: #LicencePlate#']"}, {"language": "TR", "body": "[' \u00d6nemli: #DriverName# ( #DriverPhone# ) #SITE_NAME# SOS \u00fczerinden size ula\u015ft\u0131. L\u00fctfen acilen ona ula\u015f\u0131n\u0131z. Yolculu\u011fun detaylar\u0131: Yolculu\u011fun ba\u015flama zaman\u0131: #SITE_NAME# . #Saddress# : #Saddress# . Yolcu ad\u0131: #PassengerName# . Yolcu numaras\u0131: #PassengerPhone# . S\u00fcr\u00fcc\u00fc otomobil numaras\u0131: #LicencePlate#']"}, {"language": "RU", "body": "[' \u0412\u0430\u0436\u043d\u043e: #DriverName# ( #DriverPhone# ) #DriverPhone# \u043a \u0432\u0430\u043c \u0447\u0435\u0440\u0435\u0437 #SITE_NAME# SOS. \u041f\u043e\u0436\u0430\u043b\u0443\u0439\u0441\u0442\u0430, \u043e\u0431\u0440\u0430\u0442\u0438\u0442\u0435\u0441\u044c \u043a \u043d\u0435\u043c\u0443 / \u043d\u0435\u0439 \u0441\u0440\u043e\u0447\u043d\u043e. \u0414\u0435\u0442\u0430\u043b\u0438 \u043f\u043e\u0435\u0437\u0434\u043a\u0438: \u0412\u0440\u0435\u043c\u044f \u043d\u0430\u0447\u0430\u043b\u0430 \u043f\u043e\u0435\u0437\u0434\u043a\u0438: #SITE_NAME# . \u0412\u043e\u0437\u044c\u043c\u0438\u0442\u0435 \u0438\u0437: #Saddress# . \u0418\u043c\u044f \u043f\u0430\u0441\u0441\u0430\u0436\u0438\u0440\u0430: #PassengerName# . \u041f\u0430\u0441\u0441\u0430\u0436\u0438\u0440\u0441\u043a\u0438\u0439 \u043d\u043e\u043c\u0435\u0440: #PassengerPhone# . \u0412\u043e\u0434\u0438\u0442\u0435\u043b\u044c\u0441\u043a\u0438\u0439 \u043d\u043e\u043c\u0435\u0440 \u0430\u0432\u0442\u043e\u043c\u043e\u0431\u0438\u043b\u044f: #LicencePlate#']"}, {"language": "FA", "body": "[' \u0645\u0647\u0645: #DriverName# #DriverPhone# ( #DriverPhone# ) \u0628\u0647 \u0634\u0645\u0627 \u0627\u0632 \u0637\u0631\u06cc\u0642 #SITE_NAME# SOS \u0631\u0633\u06cc\u062f\u0647 \u0627\u0633\u062a. \u0644\u0637\u0641\u0627 \u0628\u0647 \u0627\u0648 \u0641\u0648\u0631\u0627 \u0631\u0633\u06cc\u062f\u06af\u06cc \u06a9\u0646\u06cc\u062f. \u062c\u0632\u0626\u06cc\u0627\u062a \u0633\u0648\u0627\u0631\u06cc \u0639\u0628\u0627\u0631\u062a\u0646\u062f \u0627\u0632: \u0632\u0645\u0627\u0646 \u0634\u0631\u0648\u0639 \u0633\u0641\u0631: #SITE_NAME# . \u0628\u0644\u0646\u062f \u06a9\u0631\u062f\u0646 \u0627\u0632: #Saddress# . \u0646\u0627\u0645 \u0645\u0633\u0627\u0641\u0631: #PassengerName# . \u0634\u0645\u0627\u0631\u0647 \u0645\u0633\u0627\u0641\u0631: #PassengerPhone# . \u0634\u0645\u0627\u0631\u0647 \u0645\u0627\u0634\u06cc\u0646 \u0631\u0627\u0646\u0646\u062f\u0647: #LicencePlate#']"}, {"language": "MY", "body": "[' \u1021\u101b\u1031\u1038\u1000\u103c\u102e\u1038: #DriverName# ( #DriverPhone# ) \u1019\u103e\u1010\u1006\u1004\u103a\u1037\u101e\u1004\u103a\u1000\u1011\u103d\u1000\u103a\u101b\u1031\u102c\u1000\u103a\u101b\u103e\u102d\u1014\u1031\u1015\u103c\u102e\u1016\u103c\u1005\u103a\u1015\u102b\u1010\u101a\u103a #SITE_NAME# \u1021\u101b\u1031\u1038\u1015\u1031\u102b\u103a\u104b \u1021\u101b\u1031\u1038\u1010\u1000\u103c\u102e\u1038\u101e\u1030\u1037\u1000\u102d\u102f / \u101e\u1030\u1019\u104f\u1011\u103d\u1000\u103a\u101b\u1031\u102c\u1000\u103a\u101b\u103e\u102d\u1015\u1031\u1038\u1015\u102b\u104b \u1005\u102e\u1038\u104f\u1021\u101e\u1031\u1038\u1005\u102d\u1010\u103a\u1021\u1001\u103b\u1000\u103a\u1021\u101c\u1000\u103a\u1019\u103b\u102c\u1038\u1000\u102d\u102f\u1014\u1031\u101e\u1031\u102c\u1001\u1031\u102b\u1004\u103a\u1038\u1005\u1009\u103a: \u1001\u101b\u102e\u1038\u1005\u1009\u103a\u1005\u1010\u1004\u103a\u1021\u1001\u103b\u102d\u1014\u103a: #SITE_NAME# \u104b : \u1000\u1014\u1031\u1010\u1000\u103a Pick #Saddress# \u104b \u1001\u101b\u102e\u1038\u101e\u100a\u103a\u1021\u1019\u100a\u103a: #PassengerName# \u104b \u1001\u101b\u102e\u1038\u101e\u100a\u103a\u1021\u101b\u1031\u1021\u1010\u103d\u1000\u103a: #PassengerPhone# \u104b \u1000\u102c\u1038\u1019\u1031\u102c\u1004\u103a\u1038\u101e\u1030\u101b\u1032\u1037\u1000\u102c\u1038\u1014\u1036\u1015\u102b\u1010\u103a: #LicencePlate#']"}, {"language": "HI", "body": "[' \u092e\u0939\u0924\u094d\u0935\u092a\u0942\u0930\u094d\u0923: #DriverName# ( #DriverPhone# ) #SITE_NAME# SOS \u0915\u0947 \u092e\u093e\u0927\u094d\u092f\u092e \u0938\u0947 \u0906\u092a\u0915\u0947 \u092a\u093e\u0938 \u092a\u0939\u0941\u0902\u091a\u093e \u0939\u0948\u0964 \u0915\u0943\u092a\u092f\u093e \u0909\u0938\u0947 / \u0909\u0938\u0915\u0947 \u092a\u093e\u0938 \u0924\u0941\u0930\u0902\u0924 \u092a\u0939\u0941\u0902\u091a\u0947\u0902\u0964 \u0938\u0935\u093e\u0930\u0940 \u0915\u093e \u0935\u093f\u0935\u0930\u0923 \u0907\u0938 \u092a\u094d\u0930\u0915\u093e\u0930 \u0939\u0948: \u091f\u094d\u0930\u093f\u092a \u0915\u093e \u092a\u094d\u0930\u093e\u0930\u0902\u092d \u0938\u092e\u092f: #SITE_NAME# \u0964 \u0938\u0947 \u0909\u0920\u093e\u0913: #Saddress# \u0964 \u092f\u093e\u0924\u094d\u0930\u0940 \u0915\u093e \u0928\u093e\u092e: #PassengerName# \u0964 \u092f\u093e\u0924\u094d\u0930\u0940 \u0938\u0902\u0916\u094d\u092f\u093e: #PassengerPhone# \u0964 \u0921\u094d\u0930\u093e\u0907\u0935\u0930 \u0915\u0940 \u0915\u093e\u0930 \u0915\u093e \u0928\u0902\u092c\u0930: #LicencePlate#']"}, {"language": "IW", "body": "[' \u05d7\u05e9\u05d5\u05d1: #DriverName# ( #DriverPhone# ) \u05d4\u05d2\u05d9\u05e2 \u05d0\u05dc\u05d9\u05da \u05d3\u05e8\u05da #SITE_NAME# SOS. \u05d0\u05e0\u05d0 \u05e4\u05e0\u05d4 \u05d0\u05dc\u05d9\u05d5 \u05d1\u05d3\u05d7\u05d9\u05e4\u05d5\u05ea. \u05e4\u05e8\u05d8\u05d9 \u05d4\u05e0\u05e1\u05d9\u05e2\u05d4 \u05d4\u05dd: \u05d6\u05de\u05df \u05ea\u05d7\u05d9\u05dc\u05ea \u05d4\u05e0\u05e1\u05d9\u05e2\u05d4: #SITE_NAME# . \u05dc\u05d4\u05e8\u05d9\u05dd \u05de: #Saddress# . \u05e9\u05dd \u05d4\u05e0\u05d5\u05e1\u05e2: #PassengerName# . \u05de\u05e1\u05e4\u05e8 \u05e0\u05d5\u05e1\u05e2: #PassengerPhone# \u05de\u05e1\u05e4\u05e8 \u05d4\u05e8\u05db\u05d1 \u05e9\u05dc \u05d4\u05e0\u05d4\u05d2: #LicencePlate#']"}, {"language": "FR", "body": "[\" Important: #DriverName# ( #DriverPhone# ) vous a contact\u00e9 via #SITE_NAME# SOS. S'il vous pla\u00eet tendre la main \u00e0 lui / elle de toute urgence. Les d\u00e9tails du trajet sont les suivants: Heure de d\u00e9but du voyage: #SITE_NAME# . Pick up from: #Saddress# . Nom du passager: #PassengerName# . Num\u00e9ro de passager: #PassengerPhone# . Num\u00e9ro de voiture du conducteur: #LicencePlate#\"]"}, {"language": "DA", "body": "[' Vigtigt: #DriverName# ( #DriverPhone# ) har n\u00e5et dig via #SITE_NAME# SOS. Kontakt venligst ham / hende straks. Detaljerne i turen er: Starttid for rejsen: #SITE_NAME# . #Saddress# op fra: #Saddress# . Passagernavn: #PassengerName# . Passager nummer: #PassengerPhone# . Bilens #LicencePlate# : #LicencePlate#']"}]}