{"purpose": "User booking for Cubejek", "template_id": "USER_SEND_MESSAGE", "templates": [{"language": "AF", "body": "[' Bestuurder #DRIVER_NAME# met kar nommer #BOOKING_DATE# sal jou op #BOOKING_DATE# by #BOOKING_DATE# vir bespreking #BOOKING_NUMBER# jy saam met ons gemaak het.']"}, {"language": "EN", "body": "[' Driver #DRIVER_NAME# with Car number\\n#PLATE_NUMBER# will pickup you on #BOOKING_DATE# at #BOOKING_TIME# for Booking  #BOOKING_NUMBER# you have made with us.']"}, {"language": "TH", "body": "[' \u0e44\u0e14\u0e23\u0e4c\u0e40\u0e27\u0e2d\u0e23\u0e4c #DRIVER_NAME# \u0e1e\u0e23\u0e49\u0e2d\u0e21\u0e2b\u0e21\u0e32\u0e22\u0e40\u0e25\u0e02\u0e23\u0e16 #BOOKING_DATE# \u0e08\u0e30\u0e23\u0e31\u0e1a\u0e04\u0e38\u0e13\u0e43\u0e19 #BOOKING_DATE# \u0e17\u0e35\u0e48 #BOOKING_DATE# \u0e2a\u0e33\u0e2b\u0e23\u0e31\u0e1a\u0e01\u0e32\u0e23\u0e08\u0e2d\u0e07 #BOOKING_NUMBER# \u0e04\u0e38\u0e13\u0e17\u0e33\u0e01\u0e31\u0e1a\u0e40\u0e23\u0e32']"}, {"language": "ID", "body": "[' Pengemudi #DRIVER_NAME# dengan nomor Mobil #BOOKING_DATE# akan #BOOKING_DATE# Anda di #BOOKING_DATE# di #BOOKING_DATE# untuk Pemesanan #BOOKING_NUMBER# yang telah Anda buat bersama kami.']"}, {"language": "DE", "body": "[' Fahrer #DRIVER_NAME# mit #BOOKING_DATE# Sie am #BOOKING_DATE# um #BOOKING_DATE# f\u00fcr die Buchung #BOOKING_NUMBER# Sie bei uns gemacht haben.']"}, {"language": "ES", "body": "[' El controlador #DRIVER_NAME# con el n\u00famero de auto #BOOKING_DATE# recoger\u00e1 en #BOOKING_DATE# en #BOOKING_DATE# para reservar #BOOKING_NUMBER# que ha realizado con nosotros.']"}, {"language": "IT", "body": "[' Il driver #DRIVER_NAME# con numero di #BOOKING_DATE# ti #BOOKING_DATE# il #BOOKING_DATE# al #BOOKING_DATE# per la prenotazione #BOOKING_NUMBER# che hai effettuato con noi.']"}, {"language": "AR", "body": "[' \u0633\u064a\u0642\u0648\u0645 \u0627\u0644\u0633\u0627\u0626\u0642 #DRIVER_NAME# \u0628\u0631\u0642\u0645 \u0627\u0644\u0633\u064a\u0627\u0631\u0629 #BOOKING_DATE# \u0639\u0644\u0649 #BOOKING_DATE# \u0641\u064a #BOOKING_DATE# \u0644\u0644\u062d\u062c\u0632 #BOOKING_NUMBER# \u0627\u0644\u0630\u064a \u0642\u0645\u062a #BOOKING_NUMBER# \u0645\u0639\u0646\u0627.']"}, {"language": "UR", "body": "[' \u0688\u0631\u0627\u0626\u06cc\u0648\u0631 #DRIVER_NAME# \u06a9\u0627\u0631 \u0646\u0645\u0628\u0631 #BOOKING_DATE# #DRIVER_NAME# #BOOKING_DATE# #BOOKING_DATE# #BOOKING_DATE# \u06a9\u06d2 \u0644\u06d3 #BOOKING_NUMBER# \u0622\u067e \u0646\u06d2 \u06c1\u0645\u0627\u0631\u06d2 \u0633\u0627\u062a\u06be \u0628\u0646\u0627 \u062f\u06cc\u0627 \u06c1\u06d2.']"}, {"language": "AZ", "body": "[' S\u00fcr\u00fcc\u00fc #DRIVER_NAME# Avtomobil say\u0131 il\u0259 #BOOKING_DATE# dair irad\u0259 alma siz\u0259 #BOOKING_DATE# at #BOOKING_DATE# Rezervasyon \u00fc\u00e7\u00fcn #BOOKING_NUMBER# Bizi etdik.']"}, {"language": "ZH", "body": "[' \u9a71\u52a8\u7a0b\u5e8f#DRIVER_NAME#\u4e0e\u6c7d\u8f66\u53f7\u7801#BOOKING_DATE#\u5c06\u76ae\u5361\u4f60#BOOKING_DATE#\u7684#BOOKING_DATE#\u8ba2\u7968#BOOKING_NUMBER#\u60a8\u4e0e\u6211\u4eec\u53d6\u5f97\u3002']"}, {"language": "PT", "body": "[' O motorista #DRIVER_NAME# com o n\u00famero do carro #BOOKING_DATE# voc\u00ea em #BOOKING_DATE# em #BOOKING_DATE# para a reserva #BOOKING_NUMBER# voc\u00ea fez conosco.']"}, {"language": "ZU", "body": "[' Umshayeli #DRIVER_NAME# #BOOKING_DATE# uzokukopisha ngomhla ka- #BOOKING_DATE# ngo- #BOOKING_DATE# yokubhuka #BOOKING_NUMBER# owenze nathi.']"}, {"language": "SW", "body": "[' Dereva #DRIVER_NAME# na nambari ya Gari #BOOKING_DATE# picha #BOOKING_DATE# #BOOKING_DATE# kwa Booking #BOOKING_NUMBER# uliyofanya na sisi.']"}, {"language": "KU", "body": "[' Driver #DRIVER_NAME# bi kar\u00ea Car Car #BOOKING_DATE# \u00ea li #BOOKING_DATE# li #BOOKING_DATE# ji bo #BOOKING_NUMBER# we re \u00e7\u00eakir.']"}, {"language": "MS", "body": "[' Pemandu #DRIVER_NAME# dengan nombor Kereta #BOOKING_DATE# akan menjemput anda pada #BOOKING_DATE# di #BOOKING_DATE# untuk Tempahan #BOOKING_NUMBER# telah dibuat dengan kami.']"}, {"language": "SI", "body": "[' \u0dbb\u0dd2\u0dba\u0daf\u0dd4\u0dbb\u0dd4 #DRIVER_NAME# \u0db8\u0ddd\u0da7\u0dbb\u0dca \u0dbb\u0dae \u0d85\u0d82\u0d9a\u0dba #BOOKING_DATE# \u0d9a\u0dd0\u0db8\u0dd0\u0dad\u0dca\u0dad \u0db4\u0dd2\u0d9a\u0db4\u0dca \u0d94\u0db6 #BOOKING_DATE# \u0daf\u0dd3 #BOOKING_DATE# \u0dc0\u0dd9\u0db1\u0dca\u0d9a\u0dbb \u0d9c\u0dd0\u0db1\u0dd3\u0db8\u0da7 \u0dc3\u0db3\u0dc4\u0dcf #BOOKING_NUMBER# \u0d94\u0db6 \u0d85\u0db4 \u0dc3\u0db8\u0d9f \u0d9a\u0dbb \u0d87\u0dad.']"}, {"language": "TA", "body": "[' \u0b9f\u0bbf\u0bb0\u0bc8\u0bb5\u0bb0\u0bcd #DRIVER_NAME# \u0b95\u0bbe\u0bb0\u0bcd \u0b8e\u0ba3\u0bcd\u0ba3\u0bc1\u0b9f\u0ba9\u0bcd #BOOKING_DATE# \u0bb5\u0bbf\u0bb0\u0bc1\u0baa\u0bcd\u0baa\u0ba4\u0bcd\u0ba4\u0bbf\u0bb1\u0bcd\u0b95\u0bc1 \u0ba8\u0bc0\u0b99\u0bcd\u0b95\u0bb3\u0bcd \u0b87\u0b9f\u0bc1\u0bae\u0bcd #BOOKING_DATE# \u0bae\u0ba3\u0bbf\u0b95\u0bcd\u0b95\u0bc1 #BOOKING_DATE# \u0b95\u0bcd\u0b95\u0bbe\u0ba9 \u0bae\u0bc1\u0ba9\u0bcd\u0baa\u0ba4\u0bbf\u0bb5\u0bc1 #BOOKING_NUMBER# \u0ba8\u0bc0\u0b99\u0bcd\u0b95\u0bb3\u0bcd \u0b8e\u0b99\u0bcd\u0b95\u0bb3\u0bc1\u0b9f\u0ba9\u0bcd \u0b9a\u0bc6\u0baf\u0bcd\u0ba4\u0bc1\u0bb5\u0bbf\u0b9f\u0bcd\u0b9f\u0bc7\u0ba9\u0bcd.']"}, {"language": "VI", "body": "[' T\u00e0i x\u1ebf #DRIVER_NAME# c\u00f3 s\u1ed1 xe #BOOKING_DATE# s\u1ebd \u0111\u00f3n b\u1ea1n v\u00e0o #BOOKING_DATE# t\u1ea1i #BOOKING_DATE# \u0111\u1ec3 \u0111\u1eb7t ch\u1ed7 #BOOKING_NUMBER# b\u1ea1n \u0111\u00e3 th\u1ef1c hi\u1ec7n v\u1edbi ch\u00fang t\u00f4i.']"}, {"language": "TL", "body": "[' Driver #DRIVER_NAME# may numero ng Kotse #BOOKING_DATE# ay kukunin ka sa #BOOKING_DATE# sa #BOOKING_DATE# para sa Booking #BOOKING_NUMBER# iyong ginawa sa amin.']"}, {"language": "KM", "body": "[' \u1780\u1798\u17d2\u1798\u179c\u17b7\u1792\u17b8\u1794\u1789\u17d2\u1787\u17b6 #DRIVER_NAME# \u1798\u17b6\u1793\u179b\u17c1\u1781\u179a\u1790\u1799\u1793\u17d2\u178f\u179b\u17c1\u1781 #BOOKING_DATE# \u1793\u17b9\u1784\u1791\u1791\u17bd\u179b\u17a2\u17d2\u1793\u1780\u1793\u17c5 #BOOKING_DATE# \u1793\u17c5 #BOOKING_DATE# \u179f\u1798\u17d2\u179a\u17b6\u1794\u17cb #BOOKING_NUMBER# \u17a2\u17d2\u1793\u1780\u1794\u17b6\u1793\u1792\u17d2\u179c\u17be\u1787\u17b6\u1798\u17bd\u1799\u1799\u17be\u1784\u17d4']"}, {"language": "BN", "body": "[' \u09a1\u09cd\u09b0\u09be\u0987\u09ad\u09be\u09b0 #DRIVER_NAME# \u0997\u09be\u09a1\u09bc\u09bf \u09a8\u09ae\u09cd\u09ac\u09b0 \u09a6\u09bf\u09af\u09bc\u09c7 #BOOKING_DATE# \u0987\u099a\u09cd\u099b\u09be \u09a4\u09cb\u09ae\u09be\u09b0 \u0989\u09aa\u09b0 \u09aa\u09bf\u0995 #BOOKING_DATE# \u098f #BOOKING_DATE# \u099c\u09a8\u09cd\u09af \u09ac\u09c1\u0995\u09bf\u0982 #BOOKING_NUMBER# \u0986\u09aa\u09a8\u09bf \u0995\u09bf \u0986\u09ae\u09be\u09a6\u09c7\u09b0 \u09b8\u09be\u09a5\u09c7 \u0995\u09b0\u09c7\u099b\u09c7\u09a8\u0964']"}, {"language": "JA", "body": "[' \u8eca\u756a\u53f7#BOOKING_DATE#\u30c9\u30e9\u30a4\u30d0\u30fc#DRIVER_NAME#\u306f\u3001 #BOOKING_DATE# \u3001 #BOOKING_DATE#\u306e\u4e88\u7d04#BOOKING_NUMBER#\u307e\u3059\u3002']"}, {"language": "KO", "body": "[' \ub4dc\ub77c\uc774\ubc84 #DRIVER_NAME# \ucc28\ub7c9 \ubc88\ud638\uc640 #BOOKING_DATE# \uc5d0 \uc758\uc9c0 \ud53d\uc5c5\uc744 #BOOKING_DATE# \uc5d0 #BOOKING_DATE# \uc608\uc57d\uc5d0 \ub300\ud55c #BOOKING_NUMBER# \ub2f9\uc2e0\uc774 \uc6b0\ub9ac\uc640 \ud568\uaed8 \ub9cc\ub4e4\uc5c8\uc2b5\ub2c8\ub2e4.']"}, {"language": "YO", "body": "[' Iwak\u1ecd #DRIVER_NAME# p\u1eb9lu n\u1ecdmba \u1ecdk\u1ecd ay\u1ecdk\u1eb9l\u1eb9 #BOOKING_DATE# yoo gba \u1ecd lori #BOOKING_DATE# ni #BOOKING_DATE# fun #BOOKING_NUMBER# o \u1e63e p\u1eb9lu wa.']"}, {"language": "TR", "body": "[' S\u00fcr\u00fcc\u00fc #DRIVER_NAME# numaral\u0131 araba ile #BOOKING_DATE# \u00fczerinde irade pikap sizi #BOOKING_DATE# de #BOOKING_DATE# Rezervasyon i\u00e7in #BOOKING_NUMBER# bizimle yapt\u0131k.']"}, {"language": "RU", "body": "[' \u0412\u043e\u0434\u0438\u0442\u0435\u043b\u044c #DRIVER_NAME# \u0441 \u043d\u043e\u043c\u0435\u0440\u043e\u043c \u0430\u0432\u0442\u043e\u043c\u043e\u0431\u0438\u043b\u044f #BOOKING_DATE# \u0432\u0430\u0441 \u0441 #BOOKING_DATE# \u043d\u0430 #BOOKING_DATE# \u0434\u043b\u044f \u0431\u0440\u043e\u043d\u0438\u0440\u043e\u0432\u0430\u043d\u0438\u044f #BOOKING_NUMBER# \u0432\u044b \u0441\u0434\u0435\u043b\u0430\u043b\u0438 \u0441 \u043d\u0430\u043c\u0438.']"}, {"language": "FA", "body": "[' #DRIVER_NAME# Driver #DRIVER_NAME# \u0628\u0627 \u0634\u0645\u0627\u0631\u0647 \u0627\u062a\u0648\u0645\u0628\u06cc\u0644 #BOOKING_DATE# \u062f\u0631 \u062a\u0627\u0631\u06cc\u062e #BOOKING_DATE# \u062f\u0631 #BOOKING_DATE# \u0628\u0631\u0627\u06cc \u0631\u0632\u0631\u0648 #BOOKING_NUMBER# \u0628\u0627 \u0645\u0627 \u0633\u0627\u062e\u062a\u0647 \u0627\u06cc\u062f.']"}, {"language": "MY", "body": "[' \u1000\u102c\u1038\u1019\u1031\u102c\u1004\u103a\u1038\u101e\u1030 #DRIVER_NAME# \u1000\u102c\u1038\u1014\u1036\u1015\u102b\u1010\u103a #BOOKING_DATE# \u1021\u1015\u1031\u102b\u103a\u1021\u101c\u102d\u102f\u1010\u1031\u102c\u103a\u1015\u1005\u103a\u1000\u1015\u103a\u1000\u102d\u102f\u101e\u1004\u103a #BOOKING_DATE# \u1019\u103e\u102c #BOOKING_DATE# \u1005\u102c\u1021\u102f\u1015\u103a #BOOKING_NUMBER# \u101e\u1004\u103a\u101e\u100a\u103a\u1000\u103b\u103d\u1014\u103a\u102f\u1015\u103a\u1010\u102d\u102f\u1037\u1014\u103e\u1004\u103a\u1037\u1021\u1010\u1030\u1005\u1031\u1015\u103c\u102e\u104b']"}, {"language": "HI", "body": "[' \u0921\u094d\u0930\u093e\u0907\u0935\u0930 #DRIVER_NAME# \u0915\u093e\u0930 \u0928\u0902\u092c\u0930 \u0915\u0947 \u0938\u093e\u0925 #BOOKING_DATE# \u0906\u092a\u0915\u094b #BOOKING_DATE# \u092a\u0930 #BOOKING_DATE# \u092a\u0930 #BOOKING_DATE# \u0939\u092e\u093e\u0930\u0947 \u0938\u093e\u0925 \u092c\u0928\u093e\u090f \u0917\u090f #BOOKING_NUMBER# \u092c\u0941\u0915\u093f\u0902\u0917 \u0915\u0947 \u0932\u093f\u090f \u0906\u092a\u0915\u094b \u092a\u093f\u0915\u0905\u092a \u0915\u0930\u0947\u0917\u093e']"}, {"language": "IW", "body": "[' \u05de\u05e0\u05d4\u05dc \u05d4\u05ea\u05e7\u05df #DRIVER_NAME# \u05e2\u05dd \u05de\u05e1\u05e4\u05e8 \u05e8\u05db\u05d1 #BOOKING_DATE# \u05d0\u05d5\u05ea\u05da \u05d1\u05ea\u05d0\u05e8\u05d9\u05da #BOOKING_DATE# \u05d1\u05e9\u05e2\u05d4 #BOOKING_DATE# #BOOKING_NUMBER# \u05e9\u05d1\u05d9\u05e6\u05e2\u05ea \u05d0\u05d9\u05ea\u05e0\u05d5.']"}, {"language": "FR", "body": "[' Le pilote #DRIVER_NAME# avec le num\u00e9ro de v\u00e9hicule #BOOKING_DATE# viendra vous #BOOKING_DATE# le #BOOKING_DATE# \u00e0 #BOOKING_DATE# pour la r\u00e9servation #BOOKING_NUMBER# effectu\u00e9 aupr\u00e8s de nous.']"}, {"language": "DA", "body": "[' Driver #DRIVER_NAME# med bil nummer #BOOKING_DATE# dig p\u00e5 #BOOKING_DATE# p\u00e5 #BOOKING_DATE# for Booking #BOOKING_NUMBER# du har lavet hos os.']"}]}