{"purpose": "Job request declined by service provider on Cubejek", "template_id": "BOOKING_DECLINED_BYDRIVER_MESSAGE_SP", "templates": [{"language": "AF", "body": "[\" Verskaffer #PROVIDER_NAME# het jou werkversoek vir werk # #BOOKING_NUMBER# geweier. Gaan asseblief na die 'My Jobs'-kieslysitems in jou program om verdere opsies te koop.\"]"}, {"language": "EN", "body": "[\" Provider #PROVIDER_NAME# has declined your job request for job# #BOOKING_NUMBER#. Please go to 'My Jobs' menu items in your app to checkout further options.\"]"}, {"language": "TH", "body": "[\" \u0e1c\u0e39\u0e49\u0e43\u0e2b\u0e49\u0e1a\u0e23\u0e34\u0e01\u0e32\u0e23 #PROVIDER_NAME# \u0e1b\u0e0f\u0e34\u0e40\u0e2a\u0e18\u0e04\u0e33\u0e02\u0e2d\u0e07\u0e32\u0e19\u0e02\u0e2d\u0e07\u0e04\u0e38\u0e13\u0e2a\u0e33\u0e2b\u0e23\u0e31\u0e1a\u0e07\u0e32\u0e19 # #BOOKING_NUMBER# \u0e42\u0e1b\u0e23\u0e14\u0e44\u0e1b\u0e17\u0e35\u0e48\u0e23\u0e32\u0e22\u0e01\u0e32\u0e23\u0e40\u0e21\u0e19\u0e39 '\u0e07\u0e32\u0e19\u0e02\u0e2d\u0e07\u0e09\u0e31\u0e19' \u0e43\u0e19\u0e41\u0e2d\u0e1b\u0e02\u0e2d\u0e07\u0e04\u0e38\u0e13\u0e40\u0e1e\u0e37\u0e48\u0e2d\u0e0a\u0e33\u0e23\u0e30\u0e40\u0e07\u0e34\u0e19\u0e15\u0e31\u0e27\u0e40\u0e25\u0e37\u0e2d\u0e01\u0e40\u0e1e\u0e34\u0e48\u0e21\u0e40\u0e15\u0e34\u0e21\"]"}, {"language": "ID", "body": "[\" Penyedia #PROVIDER_NAME# telah menolak permintaan pekerjaan Anda untuk pekerjaan # #BOOKING_NUMBER# . Buka item menu 'Pekerjaan Saya' di aplikasi Anda untuk memeriksa opsi lebih lanjut.\"]"}, {"language": "DE", "body": "[' Provider #PROVIDER_NAME# hat Ihre #BOOKING_NUMBER# f\u00fcr Job # #BOOKING_NUMBER# . Gehen Sie in Ihrer App zu den Men\u00fcpunkten \"Meine Jobs\", um weitere Optionen zu pr\u00fcfen.']"}, {"language": "ES", "body": "[' El proveedor #PROVIDER_NAME# rechaz\u00f3 su solicitud de trabajo para el trabajo # #BOOKING_NUMBER# . Por favor, vaya a los elementos del men\u00fa \"Mis trabajos\" en su aplicaci\u00f3n para ver m\u00e1s opciones.']"}, {"language": "IT", "body": "[' Il fornitore #PROVIDER_NAME# ha rifiutato la tua richiesta di lavoro per il processo # #BOOKING_NUMBER# . Vai alle voci di menu \"I miei lavori\" nella tua app per verificare ulteriori opzioni.']"}, {"language": "AR", "body": "[' \u0631\u0641\u0636 #PROVIDER_NAME# \u0637\u0644\u0628 \u0639\u0645\u0644\u0643 \u0644\u0644\u0648\u0638\u064a\u0641\u0629 # #BOOKING_NUMBER# . \u064a\u0631\u062c\u0649 \u0627\u0644\u0627\u0646\u062a\u0642\u0627\u0644 \u0625\u0644\u0649 \u0639\u0646\u0627\u0635\u0631 \u0627\u0644\u0642\u0627\u0626\u0645\u0629 \"\u0648\u0638\u0627\u0626\u0641\u064a\" \u0641\u064a \u062a\u0637\u0628\u064a\u0642\u0643 \u0644\u0644\u062a\u062d\u0642\u0642 \u0645\u0646 \u0627\u0644\u062e\u064a\u0627\u0631\u0627\u062a \u0627\u0644\u0625\u0636\u0627\u0641\u064a\u0629']"}, {"language": "UR", "body": "[\" \u0641\u0631\u0627\u06c1\u0645 \u06a9\u0646\u0646\u062f\u06c1 #PROVIDER_NAME# \u0646\u06d2 \u0646\u0648\u06a9\u0631\u06cc # #BOOKING_NUMBER# \u0644\u0626\u06d2 \u0622\u067e \u06a9\u06d2 \u06a9\u0627\u0645 \u06a9\u06cc \u062f\u0631\u062e\u0648\u0627\u0633\u062a \u0645\u06cc\u06ba \u06a9\u0645\u06cc \u06a9\u06cc \u06c1\u06d2. \u0645\u0632\u06cc\u062f \u0627\u062e\u062a\u06cc\u0627\u0631\u0627\u062a \u0686\u06cc\u06a9 \u06a9\u0631\u0646\u06d2 \u06a9\u06cc\u0644\u0626\u06d2 \u0627\u067e\u0646\u06d2 \u0627\u06cc\u067e \u0645\u06cc\u06ba '\u0645\u06cc\u0631\u06cc \u0646\u0648\u06a9\u0631\u06cc\u0627\u06ba' \u0645\u06cc\u0646\u0648 \u0627\u0634\u06cc\u0627\u0621 \u067e\u0631 \u062c\u0627\u0626\u06cc\u06ba.\"]"}, {"language": "AZ", "body": "[' Provider #PROVIDER_NAME# i\u015f \u00fc\u00e7\u00fcn i\u015f sor\u011fu edib # #BOOKING_NUMBER# . Xahi\u015f edir\u0259m, daha \u00e7ox variantlar\u0131 yoxlamaq \u00fc\u00e7\u00fcn \"M\u0259nim \u0130\u015fl\u0259rim\" menyusuna ke\u00e7in.']"}, {"language": "ZH", "body": "[' \u4f9b\u5e94\u5546#PROVIDER_NAME#\u5df2\u62d2\u7edd\u4f5c\u4e1a\u7684\u4f5c\u4e1a\u8bf7\u6c42# #BOOKING_NUMBER# \u3002\u8bf7\u8f6c\u5230\u5e94\u7528\u4e2d\u7684\u201c\u6211\u7684\u5de5\u4f5c\u201d\u83dc\u5355\u9879\u4ee5\u67e5\u770b\u66f4\u591a\u9009\u9879\u3002']"}, {"language": "PT", "body": "[' O provedor #PROVIDER_NAME# recusou sua solicita\u00e7\u00e3o de emprego para o trabalho # #BOOKING_NUMBER# . V\u00e1 para os itens de menu \"Meus trabalhos\" no seu aplicativo para conferir outras op\u00e7\u00f5es.']"}, {"language": "ZU", "body": "[\" Umhlinzeki #PROVIDER_NAME# unqabe isicelo sakho somsebenzi womsebenzi # #BOOKING_NUMBER# . Sicela uye ku-'Misebenzi Yami Imenyu 'izinto kuhlelo lakho lokusebenza ukuze uhlole okunye okukhethwa kukho.\"]"}, {"language": "SW", "body": "[\" Mtoa huduma #PROVIDER_NAME# amekataa ombi lako la kazi kwa kazi # #BOOKING_NUMBER# . Tafadhali nenda kwenye vitu vya orodha ya 'Ajira Yangu' katika programu yako ili ugue zaidi chaguo.\"]"}, {"language": "KU", "body": "[\" Provider #PROVIDER_NAME# daxwaza kar\u00ea we ji bo kar\u00ea # #BOOKING_NUMBER# . Ji kerema xwe vebij\u00earger\u00ean din \u00ean li ser sepana m\u00eeheng\u00ean 'My Jobs' re bi\u00e7in.\"]"}, {"language": "MS", "body": "[\" Pembekal #PROVIDER_NAME# telah menolak permintaan kerja anda untuk kerja # #BOOKING_NUMBER# . Sila pergi ke item menu 'Pekerjaan Saya' di aplikasi anda untuk menyemak opsyen lanjut.\"]"}, {"language": "SI", "body": "[\" Provider #PROVIDER_NAME# #BOOKING_NUMBER# # #BOOKING_NUMBER# \u0dc3\u0db3\u0dc4\u0dcf \u0d94\u0db6\u0dda \u0dbb\u0dd0\u0d9a\u0dd2\u0dba\u0dcf \u0d89\u0dbd\u0dca\u0dbd\u0dd3\u0db8 \u0db4\u0dca\u0dbb\u0dad\u0dd2\u0d9a\u0dca\u0dc2\u0dda\u0db4 \u0d9a\u0dbb \u0d87\u0dad. \u0d9a\u0dbb\u0dd4\u0dab\u0dcf\u0d9a\u0dbb \u0dc0\u0dd0\u0da9\u0dd2\u0daf\u0dd4\u0dbb \u0dc0\u0dd2\u0d9a\u0dbd\u0dca\u0db4\u0dba\u0db1\u0dca \u0db4\u0dd2\u0dbb\u0dd2\u0d9a\u0dca\u0dc3\u0dd3\u0db8\u0da7 \u0d9a\u0dbb\u0dd4\u0dab\u0dcf\u0d9a\u0dbb \u0d94\u0db6\u0d9c\u0dda \u0dba\u0dd9\u0daf\u0dd4\u0db8\u0dd9\u0dc4\u0dd2 '\u0db8\u0d9c\u0dda \u0dbb\u0dd0\u0d9a\u0dd2\u0dba\u0dcf' \u0db8\u0dd9\u0db1\u0dd4 \u0d85\u0dba\u0dd2\u0dad\u0db8 \u0dc0\u0dd9\u0dad \u0dba\u0db1\u0dca\u0db1.\"]"}, {"language": "TA", "body": "[\" #BOOKING_NUMBER# #PROVIDER_NAME# # #BOOKING_NUMBER# \u0bb5\u0bc7\u0bb2\u0bc8\u0b95\u0bcd\u0b95\u0bbe\u0ba9 \u0b89\u0b99\u0bcd\u0b95\u0bb3\u0bcd \u0bb5\u0bc7\u0bb2\u0bc8 \u0b95\u0bcb\u0bb0\u0bbf\u0b95\u0bcd\u0b95\u0bc8\u0baf\u0bc8 \u0ba8\u0bbf\u0bb0\u0bbe\u0b95\u0bb0\u0bbf\u0ba4\u0bcd\u0ba4\u0bbe\u0bb0\u0bcd. \u0bae\u0bc7\u0bb2\u0bc1\u0bae\u0bcd \u0bb5\u0bbf\u0bb0\u0bc1\u0baa\u0bcd\u0baa\u0b99\u0bcd\u0b95\u0bb3\u0bc8\u0b9a\u0bcd \u0b9a\u0bb0\u0bbf\u0baa\u0bbe\u0bb0\u0bcd\u0b95\u0bcd\u0b95, \u0b89\u0b99\u0bcd\u0b95\u0bb3\u0bcd \u0baa\u0baf\u0ba9\u0bcd\u0baa\u0bbe\u0b9f\u0bcd\u0b9f\u0bbf\u0bb2\u0bcd \u0b89\u0bb3\u0bcd\u0bb3 '\u0b8e\u0ba9\u0ba4\u0bc1 \u0bb5\u0bc7\u0bb2\u0bc8\u0b95\u0bb3\u0bcd' \u0bae\u0bc6\u0ba9\u0bc1 \u0b89\u0bb0\u0bc1\u0baa\u0bcd\u0baa\u0b9f\u0bbf\u0b95\u0bb3\u0bc1\u0b95\u0bcd\u0b95\u0bc1 \u0b9a\u0bc6\u0bb2\u0bcd\u0b95.\"]"}, {"language": "VI", "body": "[\" Nh\u00e0 cung c\u1ea5p #PROVIDER_NAME# \u0111\u00e3 t\u1eeb ch\u1ed1i y\u00eau c\u1ea7u c\u00f4ng vi\u1ec7c c\u1ee7a b\u1ea1n cho c\u00f4ng vi\u1ec7c # #BOOKING_NUMBER# . Vui l\u00f2ng truy c\u1eadp c\u00e1c m\u1ee5c menu 'C\u00f4ng vi\u1ec7c c\u1ee7a t\u00f4i' trong \u1ee9ng d\u1ee5ng c\u1ee7a b\u1ea1n \u0111\u1ec3 ki\u1ec3m tra c\u00e1c t\u00f9y ch\u1ecdn kh\u00e1c.\"]"}, {"language": "TL", "body": "[\" Tinanggihan ng Provider #PROVIDER_NAME# ang iyong kahilingan sa trabaho para sa trabaho # #BOOKING_NUMBER# . Mangyaring pumunta sa item na 'Mga Trabaho ko' sa iyong app upang mag-checkout ng mga karagdagang pagpipilian.\"]"}, {"language": "KM", "body": "[\" \u17a2\u17d2\u1793\u1780\u1795\u17d2\u178a\u179b\u17cb #PROVIDER_NAME# \u1794\u17b6\u1793\u1794\u178a\u17b7\u179f\u17c1\u1792\u179f\u17c6\u178e\u17be\u1780\u17b6\u179a\u1784\u17b6\u179a\u179a\u1794\u179f\u17cb\u17a2\u17d2\u1793\u1780\u179f\u1798\u17d2\u179a\u17b6\u1794\u17cb\u1780\u17b6\u179a\u1784\u17b6\u179a # #BOOKING_NUMBER# \u17d4 \u179f\u17bc\u1798\u1785\u17bc\u179b\u1791\u17c5\u1792\u17b6\u178f\u17bb\u1798\u17c9\u17ba\u1793\u17bb\u1799 '\u1780\u17b6\u179a\u1784\u17b6\u179a\u179a\u1794\u179f\u17cb\u1781\u17d2\u1789\u17bb\u17c6' \u1793\u17c5\u1780\u17d2\u1793\u17bb\u1784\u1780\u1798\u17d2\u1798\u179c\u17b7\u1792\u17b8\u179a\u1794\u179f\u17cb\u17a2\u17d2\u1793\u1780\u178a\u17be\u1798\u17d2\u1794\u17b8\u1796\u17b7\u1793\u17b7\u178f\u17d2\u1799\u1798\u17be\u179b\u1787\u1798\u17d2\u179a\u17be\u179f\u1794\u1793\u17d2\u1790\u17c2\u1798\u1791\u17c0\u178f\u17d4\"]"}, {"language": "BN", "body": "[\" \u09b8\u09b0\u09ac\u09b0\u09be\u09b9\u0995\u09be\u09b0\u09c0 #PROVIDER_NAME# \u099a\u09be\u0995\u09b0\u09bf\u09b0 \u099c\u09a8\u09cd\u09af # #BOOKING_NUMBER# \u0986\u09aa\u09a8\u09be\u09b0 \u0995\u09be\u099c\u09c7\u09b0 \u0985\u09a8\u09c1\u09b0\u09cb\u09a7 \u09aa\u09cd\u09b0\u09a4\u09cd\u09af\u09be\u0996\u09cd\u09af\u09be\u09a8 \u0995\u09b0\u09c7\u099b\u09c7\u0964 \u0986\u09b0\u0993 \u09ac\u09bf\u0995\u09b2\u09cd\u09aa \u099a\u09c7\u0995\u0986\u0989\u099f \u0995\u09b0\u09a4\u09c7 \u0986\u09aa\u09a8\u09be\u09b0 \u0985\u09cd\u09af\u09be\u09aa\u09cd\u09b2\u09bf\u0995\u09c7\u09b6\u09be\u09a8\u09c7 '\u0986\u09ae\u09be\u09b0 \u0995\u09be\u099c' \u09ae\u09c7\u09a8\u09c1 \u0986\u0987\u099f\u09c7\u09ae\u0997\u09c1\u09b2\u09bf\u09a4\u09c7 \u09af\u09be\u09a8\u0964\"]"}, {"language": "JA", "body": "[' \u30d7\u30ed\u30d0\u30a4\u30c0#PROVIDER_NAME#\u4ed5\u4e8b\u306e\u305f\u3081\u306e\u3042\u306a\u305f\u306e\u4ed5\u4e8b\u306e\u4f9d\u983c\u6e1b\u5c11\u3057\u3066\u3044\u308b# #BOOKING_NUMBER# \u3002\u4ed6\u306e\u30aa\u30d7\u30b7\u30e7\u30f3\u3092\u30c1\u30a7\u30c3\u30af\u30a2\u30a6\u30c8\u3059\u308b\u306b\u306f\u3001\u30a2\u30d7\u30ea\u306e[\u30de\u30a4\u30b8\u30e7\u30d6]\u30e1\u30cb\u30e5\u30fc\u9805\u76ee\u306b\u79fb\u52d5\u3057\u3066\u304f\u3060\u3055\u3044\u3002']"}, {"language": "KO", "body": "[\" \uacf5\uae09\uc790 #PROVIDER_NAME# \uc774 (\uac00) \uc791\uc5c5 # #BOOKING_NUMBER# \ub300\ud55c \uc791\uc5c5 \uc694\uccad\uc744 \uac70\ubd80\ud588\uc2b5\ub2c8\ub2e4. \ucd94\uac00 \uc635\uc158\uc744 \ud655\uc778\ud558\ub824\uba74 \uc571\uc758 '\ub0b4 \uc791\uc5c5'\uba54\ub274 \ud56d\ubaa9\uc73c\ub85c \uc774\ub3d9\ud558\uc2ed\uc2dc\uc624.\"]"}, {"language": "YO", "body": "[\" Olupese #PROVIDER_NAME# ti k\u1ecd i\u1e63\u1eb9 i\u1e63\u1eb9 r\u1eb9 fun i\u1e63\u1eb9 # #BOOKING_NUMBER# . J\u1ecdw\u1ecd l\u1ecd si aw\u1ecdn ohun elo akoj\u1ecd a\u1e63ayan mi ni '\u1eb8r\u1ecd mi lati \u1e63ay\u1eb9wo aw\u1ecdn a\u1e63ayan di\u1eb9 sii.\"]"}, {"language": "TR", "body": "[\" Sa\u011flay\u0131c\u0131 #PROVIDER_NAME# , # #BOOKING_NUMBER# i\u015f i\u00e7in i\u015f iste\u011finizi reddetti. Di\u011fer se\u00e7enekleri incelemek i\u00e7in l\u00fctfen uygulaman\u0131zdaki '\u0130\u015flerim' men\u00fc \u00f6\u011felerine gidin.\"]"}, {"language": "RU", "body": "[' \u041f\u043e\u0441\u0442\u0430\u0432\u0449\u0438\u043a #PROVIDER_NAME# \u043e\u0442\u043a\u043b\u043e\u043d\u0438\u043b \u0432\u0430\u0448 \u0437\u0430\u043f\u0440\u043e\u0441 \u043d\u0430 \u0440\u0430\u0431\u043e\u0442\u0443 # #BOOKING_NUMBER# . \u041f\u0435\u0440\u0435\u0439\u0434\u0438\u0442\u0435 \u043a \u043f\u0443\u043d\u043a\u0442\u0430\u043c \u043c\u0435\u043d\u044e \u00ab\u041c\u043e\u0438 \u0432\u0430\u043a\u0430\u043d\u0441\u0438\u0438\u00bb \u0432 \u0432\u0430\u0448\u0435\u043c \u043f\u0440\u0438\u043b\u043e\u0436\u0435\u043d\u0438\u0438, \u0447\u0442\u043e\u0431\u044b \u043e\u0444\u043e\u0440\u043c\u0438\u0442\u044c \u0437\u0430\u043a\u0430\u0437.']"}, {"language": "FA", "body": "[' \u0627\u0631\u0627\u0626\u0647 \u062f\u0647\u0646\u062f\u0647 #PROVIDER_NAME# \u062f\u0631\u062e\u0648\u0627\u0633\u062a \u06a9\u0627\u0631 \u062e\u0648\u062f \u0631\u0627 \u0628\u0631\u0627\u06cc \u06a9\u0627\u0631 \u06a9\u0627\u0647\u0634 \u06cc\u0627\u0641\u062a\u0647 \u0627\u0633\u062a # #BOOKING_NUMBER# . \u0644\u0637\u0641\u0627 \u0628\u0631\u0627\u06cc \u0627\u0646\u062a\u062e\u0627\u0628 \u06af\u0632\u06cc\u0646\u0647 \u0647\u0627\u06cc \u0628\u06cc\u0634\u062a\u0631 \u0628\u0647 \u06af\u0632\u06cc\u0646\u0647 \u0647\u0627\u06cc \u0645\u0646\u0648\u06cc \u00ab\u062c\u0627\u0628\u062c\u0627\u06cc\u06cc \u0645\u0646\u00bb \u062f\u0631 \u0628\u0631\u0646\u0627\u0645\u0647 \u062e\u0648\u062f \u0628\u0631\u0648\u06cc\u062f.']"}, {"language": "MY", "body": "[\" provider #PROVIDER_NAME# \u1021\u101c\u102f\u1015\u103a\u1021\u1018\u102d\u102f\u1037\u101e\u1004\u1037\u103a\u1021\u101c\u102f\u1015\u103a\u1010\u1031\u102c\u1004\u103a\u1038\u1006\u102d\u102f\u1019\u103e\u102f\u1000\u102d\u102f\u1004\u103c\u1004\u103a\u1038\u1006\u1014\u103a\u1011\u102c\u1038\u1015\u102b\u1010\u101a\u103a # #BOOKING_NUMBER# \u104b \u1014\u1031\u102c\u1000\u103a\u1011\u1015\u103a\u101b\u103d\u1031\u1038\u1001\u103b\u101a\u103a\u1005\u101b\u102c checkout \u101b\u1014\u103a\u101e\u1004\u103a\u1037 app \u1011\u1032\u1019\u103e\u102c '' \u1004\u102b\u1037\u1021\u1002\u103b\u1031\u102c\u1037\u1018\u103a '' menu \u1000\u102d\u102f\u1015\u1005\u1039\u1005\u100a\u103a\u1038\u1019\u103b\u102c\u1038\u1000\u102d\u102f\u101e\u103d\u102c\u1038\u1015\u102b\u104b\"]"}, {"language": "HI", "body": "[\" \u092a\u094d\u0930\u0926\u093e\u0924\u093e #PROVIDER_NAME# \u0928\u0947 \u0928\u094c\u0915\u0930\u0940 \u0915\u0947 \u0932\u093f\u090f \u0906\u092a\u0915\u0947 # #BOOKING_NUMBER# \u0905\u0928\u0941\u0930\u094b\u0927 \u0915\u094b \u0905\u0938\u094d\u0935\u0940\u0915\u093e\u0930 \u0915\u0930 \u0926\u093f\u092f\u093e \u0939\u0948\u0964 \u0906\u0917\u0947 \u0915\u0947 \u0935\u093f\u0915\u0932\u094d\u092a\u094b\u0902 \u0915\u0940 \u091c\u093e\u0901\u091a \u0915\u0930\u0928\u0947 \u0915\u0947 \u0932\u093f\u090f \u0915\u0943\u092a\u092f\u093e \u0905\u092a\u0928\u0947 \u0910\u092a \u092e\u0947\u0902 '\u092e\u093e\u0908 \u091c\u0949\u092c\u094d\u0938' \u092e\u0947\u0928\u0942 \u0906\u0907\u091f\u092e \u092a\u0930 \u091c\u093e\u090f\u0901\u0964\"]"}, {"language": "IW", "body": "[\" \u05e1\u05e4\u05e7 #PROVIDER_NAME# \u05d3\u05d7\u05d4 \u05d0\u05ea \u05d1\u05e7\u05e9\u05ea \u05d4\u05e2\u05d1\u05d5\u05d3\u05d4 \u05e9\u05dc\u05da \u05dc\u05ea\u05e4\u05e7\u05d9\u05d3 # #BOOKING_NUMBER# . \u05e2\u05d1\u05d5\u05e8 \u05d0\u05dc \u05e4\u05e8\u05d9\u05d8\u05d9 \u05d4\u05ea\u05e4\u05e8\u05d9\u05d8 '\u05de\u05e9\u05d9\u05de\u05d5\u05ea' \u05d1\u05d0\u05e4\u05dc\u05d9\u05e7\u05e6\u05d9\u05d4 \u05e9\u05dc\u05da \u05db\u05d3\u05d9 \u05dc\u05d1\u05d3\u05d5\u05e7 \u05d0\u05e4\u05e9\u05e8\u05d5\u05d9\u05d5\u05ea \u05e0\u05d5\u05e1\u05e4\u05d5\u05ea.\"]"}, {"language": "FR", "body": "[' Le fournisseur #PROVIDER_NAME# a refus\u00e9 votre demande de travail pour le travail # #BOOKING_NUMBER# . Veuillez acc\u00e9der aux \u00e9l\u00e9ments de menu \"Mes travaux\" de votre application pour commander d\\'autres options.']"}, {"language": "DA", "body": "[' Leverand\u00f8r #PROVIDER_NAME# har afvist din #BOOKING_NUMBER# til job # #BOOKING_NUMBER# . G\u00e5 til menuerne \"Mine jobber\" i din app for at afk\u00f8le yderligere muligheder.']"}]}