{"purpose": "User booking for Cubejek", "template_id": "USER_SEND_MESSAGE_AUTOASSIGN", "templates": [{"language": "AF", "body": "[' Jou bespreking is geskeduleer op #BOOKING_DATE# by #BOOKING_DATE# met besprekingsnr # #BOOKING_NUMBER# .']"}, {"language": "EN", "body": "[' Your booking is scheduled on #BOOKING_DATE# at #BOOKING_TIME# with booking no# #BOOKING_NUMBER#.']"}, {"language": "TH", "body": "[' \u0e01\u0e32\u0e23\u0e08\u0e2d\u0e07\u0e02\u0e2d\u0e07\u0e04\u0e38\u0e13\u0e21\u0e35\u0e01\u0e33\u0e2b\u0e19\u0e14\u0e43\u0e19\u0e27\u0e31\u0e19\u0e17\u0e35\u0e48 #BOOKING_DATE# \u0e17\u0e35\u0e48 #BOOKING_DATE# \u0e42\u0e14\u0e22\u0e17\u0e35\u0e48\u0e44\u0e21\u0e48\u0e21\u0e35 # #BOOKING_NUMBER# \u0e08\u0e2d\u0e07']"}, {"language": "ID", "body": "[' Pemesanan Anda dijadwalkan pada #BOOKING_DATE# di #BOOKING_DATE# tanpa pemesanan # #BOOKING_NUMBER# .']"}, {"language": "DE", "body": "[' Ihre Buchung ist am #BOOKING_DATE# um #BOOKING_DATE# mit der Buchungsnummer # #BOOKING_NUMBER# .']"}, {"language": "ES", "body": "[' Su reserva est\u00e1 programada en #BOOKING_DATE# en #BOOKING_DATE# con la reserva no # #BOOKING_NUMBER# .']"}, {"language": "IT", "body": "[' La prenotazione \u00e8 pianificata il #BOOKING_DATE# al #BOOKING_DATE# con la prenotazione no # #BOOKING_NUMBER# .']"}, {"language": "AR", "body": "[' \u062a\u062a\u0645 \u062c\u062f\u0648\u0644\u0629 \u062d\u062c\u0632\u0643 \u0641\u064a #BOOKING_DATE# \u0641\u064a #BOOKING_DATE# \u0645\u0639 \u062d\u062c\u0632 # #BOOKING_NUMBER#']"}, {"language": "UR", "body": "[' \u0622\u067e \u06a9\u0627 \u0628\u06a9\u0646\u06af #BOOKING_DATE# \u067e\u0631 #BOOKING_DATE# \u067e\u0631 \u0628\u06a9\u0646\u06af \u0646\u0645\u0628\u0631 # #BOOKING_NUMBER# .']"}, {"language": "AZ", "body": "[' Sizin sifari\u015f planla\u015fd\u0131r\u0131l\u0131r #BOOKING_DATE# at #BOOKING_DATE# he\u00e7 bir sifari\u015f il\u0259 # #BOOKING_NUMBER# .']"}, {"language": "ZH", "body": "[' \u60a8\u7684\u9884\u8ba2\u5b9a\u4e8e#BOOKING_DATE#\u7684#BOOKING_DATE#\u4e0e\u9884\u8ba2\u65e0# #BOOKING_NUMBER# \u3002']"}, {"language": "PT", "body": "[' Sua reserva est\u00e1 marcada para #BOOKING_DATE# em #BOOKING_DATE# com a reserva n\u00e3o # #BOOKING_NUMBER# .']"}, {"language": "ZU", "body": "[' Ukubhuka kwakho kuhlelwe ngo- #BOOKING_DATE# ngo- #BOOKING_DATE# ngokubhuka akukho # #BOOKING_NUMBER# .']"}, {"language": "SW", "body": "[' #BOOKING_DATE# wako umepangwa #BOOKING_DATE# #BOOKING_DATE# na booking hakuna # #BOOKING_NUMBER# .']"}, {"language": "KU", "body": "[' #BOOKING_DATE# li #BOOKING_DATE# li #BOOKING_DATE# bi booking no # #BOOKING_NUMBER# .']"}, {"language": "MS", "body": "[' Tempahan anda dijadualkan pada #BOOKING_DATE# pada #BOOKING_DATE# dengan tempahan tidak # #BOOKING_NUMBER# .']"}, {"language": "SI", "body": "[' \u0d94\u0db6\u0d9c\u0dda \u0dc0\u0dd9\u0db1\u0dca\u0d9a\u0dbb \u0d9c\u0dd0\u0db1\u0dd3\u0db8 \u0db8\u0dad \u0db1\u0dd2\u0dba\u0db8\u0dd2\u0dad\u0dba #BOOKING_DATE# \u0daf\u0dd3 #BOOKING_DATE# \u0d9a\u0dd2\u0dc3\u0dd2\u0daf\u0dd4 \u0dc0\u0dd9\u0db1\u0dca \u0d9a\u0dbb \u0d9c\u0dd0\u0db1\u0dd3\u0db8 \u0dc3\u0db8\u0d9c # #BOOKING_NUMBER# .']"}, {"language": "TA", "body": "[' \u0b89\u0b99\u0bcd\u0b95\u0bb3\u0bcd \u0baa\u0bc1\u0b95\u0bcd\u0b95\u0bbf\u0b99\u0bcd \u0bae\u0bc0\u0ba4\u0bc1 \u0ba4\u0bbf\u0b9f\u0bcd\u0b9f\u0bae\u0bbf\u0b9f\u0baa\u0bcd\u0baa\u0b9f\u0bcd\u0b9f\u0bc1\u0bb3\u0bcd\u0bb3\u0ba4\u0bc1 #BOOKING_DATE# \u0bae\u0ba3\u0bbf\u0b95\u0bcd\u0b95\u0bc1 #BOOKING_DATE# \u0baa\u0bc1\u0b95\u0bcd\u0b95\u0bbf\u0b99\u0bcd \u0b8e\u0ba8\u0bcd\u0ba4 \u0b95\u0bc6\u0bbe\u0ba3\u0bcd\u0b9f\u0bc1 # #BOOKING_NUMBER# .']"}, {"language": "VI", "body": "[' \u0110\u1eb7t ch\u1ed7 c\u1ee7a b\u1ea1n \u0111\u01b0\u1ee3c l\u00ean l\u1ecbch v\u00e0o #BOOKING_DATE# t\u1ea1i #BOOKING_DATE# v\u1edbi vi\u1ec7c \u0111\u1eb7t ch\u1ed7 kh\u00f4ng # #BOOKING_NUMBER# .']"}, {"language": "TL", "body": "[' Ang iyong booking ay naka-iskedyul sa #BOOKING_DATE# sa #BOOKING_DATE# sa pagpapareserba walang # #BOOKING_NUMBER# .']"}, {"language": "KM", "body": "[' \u1780\u17b6\u179a\u1780\u1780\u17cb\u179a\u1794\u179f\u17cb\u17a2\u17d2\u1793\u1780\u178f\u17d2\u179a\u17bc\u179c\u1794\u17b6\u1793\u1780\u17c6\u178e\u178f\u17cb\u1796\u17c1\u179b\u1793\u17c5 #BOOKING_DATE# \u1793\u17c5 #BOOKING_DATE# \u1798\u17b6\u1793\u1780\u1780\u17cb # #BOOKING_NUMBER# \u17d4']"}, {"language": "BN", "body": "[' \u0986\u09aa\u09a8\u09be\u09b0 \u09ac\u09c1\u0995\u09bf\u0982 \u09a8\u09bf\u09b0\u09cd\u09a7\u09be\u09b0\u09bf\u09a4 \u09b9\u09af\u09bc #BOOKING_DATE# \u098f #BOOKING_DATE# \u0995\u09cb\u09a8 \u09ac\u09c1\u0995\u09bf\u0982 \u09a6\u09bf\u09af\u09bc\u09c7 # #BOOKING_NUMBER# \u0964']"}, {"language": "JA", "body": "[' \u3054\u4e88\u7d04\u306f\u3001\u4e0a\u3067\u30b9\u30b1\u30b8\u30e5\u30fc\u30eb\u3055\u308c\u305f#BOOKING_DATE#\u3067#BOOKING_DATE#\u4e88\u7d04\u3057\u306a\u3044\u3068# #BOOKING_NUMBER# \u3002']"}, {"language": "KO", "body": "[' \uadc0\ud558\uc758 \uc608\uc57d\uc740 #BOOKING_DATE# #BOOKING_DATE# \uc5d0 \uc608\uc57d\ub418\uba70 \uc608\uc57d \ubc88\ud638\ub294 # #BOOKING_NUMBER# \uc785\ub2c8\ub2e4.']"}, {"language": "YO", "body": "[' A \u1e63eto atun\u1e63e r\u1eb9 si #BOOKING_DATE# ni #BOOKING_DATE# p\u1eb9lu iwe- #BOOKING_NUMBER# ko si # #BOOKING_NUMBER# .']"}, {"language": "TR", "body": "[' Rezervasyonunuz \u00fczerinde planlanan #BOOKING_DATE# de #BOOKING_DATE# hi\u00e7bir rezervasyon ile # #BOOKING_NUMBER# .']"}, {"language": "RU", "body": "[' \u0412\u0430\u0448\u0435 \u0431\u0440\u043e\u043d\u0438\u0440\u043e\u0432\u0430\u043d\u0438\u0435 \u0437\u0430\u043f\u043b\u0430\u043d\u0438\u0440\u043e\u0432\u0430\u043d\u043e \u043d\u0430 #BOOKING_DATE# \u043d\u0430 #BOOKING_DATE# \u0441 \u0431\u0440\u043e\u043d\u0438\u0440\u043e\u0432\u0430\u043d\u0438\u0435\u043c # #BOOKING_NUMBER# .']"}, {"language": "FA", "body": "[' \u0631\u0632\u0631\u0648 \u0634\u0645\u0627 \u062f\u0631 #BOOKING_DATE# \u062f\u0631 #BOOKING_DATE# \u0628\u0627 \u0631\u0632\u0631\u0648 # #BOOKING_NUMBER# \u0628\u0631\u0646\u0627\u0645\u0647 \u0631\u06cc\u0632\u06cc \u0634\u062f\u0647 \u0627\u0633\u062a.']"}, {"language": "MY", "body": "[' \u101e\u1004\u103a\u1037\u101b\u1032\u1037\u1018\u103d\u1010\u103a\u1000\u1004\u103a\u1015\u1031\u102b\u103a\u1005\u102e\u1005\u1009\u103a\u1011\u102c\u1038\u101e\u100a\u103a #BOOKING_DATE# \u1019\u103e\u102c #BOOKING_DATE# \u1021\u1018\u101a\u103a\u101e\u1030\u1019\u103b\u103e\u1019 booking \u1014\u103e\u1004\u103a\u1037\u1021\u1010\u1030 # #BOOKING_NUMBER# \u104b']"}, {"language": "HI", "body": "[' \u0906\u092a\u0915\u093e \u092c\u0941\u0915\u093f\u0902\u0917 \u092a\u0930 \u0928\u093f\u0930\u094d\u0927\u093e\u0930\u093f\u0924 \u0939\u0948 #BOOKING_DATE# \u092a\u0930 #BOOKING_DATE# \u0915\u094b\u0908 \u092c\u0941\u0915\u093f\u0902\u0917 \u0915\u0947 \u0938\u093e\u0925 # #BOOKING_NUMBER# \u0964']"}, {"language": "IW", "body": "[' \u05d4\u05d6\u05de\u05e0\u05ea\u05da \u05de\u05ea\u05d5\u05db\u05e0\u05e0\u05ea \u05d1\u05ea\u05d0\u05e8\u05d9\u05da #BOOKING_DATE# \u05d1\u05e9\u05e2\u05d4 #BOOKING_DATE# \u05e2\u05dd \u05d1\u05d9\u05e6\u05d5\u05e2 \u05d4\u05d6\u05de\u05e0\u05d4 # #BOOKING_NUMBER# .']"}, {"language": "FR", "body": "[' Votre r\u00e9servation est programm\u00e9e le #BOOKING_DATE# \u00e0 #BOOKING_DATE# avec la r\u00e9servation # #BOOKING_NUMBER# # #BOOKING_NUMBER# .']"}, {"language": "DA", "body": "[' Din reservation er planlagt til #BOOKING_DATE# p\u00e5 #BOOKING_DATE# med reservationsnummer # #BOOKING_NUMBER# .']"}]}