{"purpose": "Emergency SMS to User", "template_id": "EMERGENCY_SMS_FOR_USER_SP", "templates": [{"language": "AF", "body": "[' Belangrik: #PassengerName# ( #PassengerPhone# ) het via u bereik via #SITE_NAME# SOS. Bring asseblief dringend na hom / haar uit. Die besonderhede van die werk is: Werkstartyd: #SITE_NAME# . Posadres: #Saddress# . Naam van diensverskaffer: #DriverName# . Diensverskaffer nommer :( #DriverPhone# )']"}, {"language": "EN", "body": "[' Important: #PassengerName# (#PassengerPhone#) has reached out to you via #SITE_NAME# SOS. Please reach out to him/her urgently. The details of the Job are: Job start time: #StartDate#. Job Address: #Saddress#. Service Provider name: #DriverName#. Service Provider number:(#DriverPhone#)']"}, {"language": "TH", "body": "[' \u0e2a\u0e33\u0e04\u0e31\u0e0d: #PassengerName# ( #PassengerPhone# ) \u0e2a\u0e48\u0e07\u0e16\u0e36\u0e07\u0e04\u0e38\u0e13\u0e1c\u0e48\u0e32\u0e19 #SITE_NAME# SOS \u0e01\u0e23\u0e38\u0e13\u0e32\u0e15\u0e34\u0e14\u0e15\u0e48\u0e2d\u0e01\u0e31\u0e1a\u0e40\u0e02\u0e32 / \u0e40\u0e18\u0e2d\u0e2d\u0e22\u0e48\u0e32\u0e07\u0e40\u0e23\u0e48\u0e07\u0e14\u0e48\u0e27\u0e19 \u0e23\u0e32\u0e22\u0e25\u0e30\u0e40\u0e2d\u0e35\u0e22\u0e14\u0e02\u0e2d\u0e07\u0e07\u0e32\u0e19\u0e04\u0e37\u0e2d: \u0e40\u0e27\u0e25\u0e32\u0e40\u0e23\u0e34\u0e48\u0e21\u0e07\u0e32\u0e19: #SITE_NAME# \u0e17\u0e35\u0e48\u0e2d\u0e22\u0e39\u0e48\u0e07\u0e32\u0e19: #Saddress# \u0e0a\u0e37\u0e48\u0e2d\u0e1c\u0e39\u0e49\u0e43\u0e2b\u0e49\u0e1a\u0e23\u0e34\u0e01\u0e32\u0e23: #DriverName# \u0e2b\u0e21\u0e32\u0e22\u0e40\u0e25\u0e02\u0e1c\u0e39\u0e49\u0e43\u0e2b\u0e49\u0e1a\u0e23\u0e34\u0e01\u0e32\u0e23 :( #DriverPhone# )']"}, {"language": "ID", "body": "[' Penting: #PassengerName# ( #PassengerPhone# ) telah menghubungi Anda melalui #SITE_NAME# SOS. Mohon segera hubungi dia. Detail dari Ayub adalah: Waktu mulai pekerjaan: #SITE_NAME# . Alamat Pekerjaan: #Saddress# . Nama Penyedia Layanan: #DriverName# . Nomor Penyedia Layanan :( #DriverPhone# )']"}, {"language": "DE", "body": "[' Wichtig: #PassengerName# ( #PassengerPhone# ) hat Sie \u00fcber #SITE_NAME# SOS an Sie #SITE_NAME# . Bitte rufen Sie ihn dringend an. Die Details des Jobs sind: #SITE_NAME# : #SITE_NAME# . #Saddress# : #Saddress# . Name des Diensteanbieters: #DriverName# . Diensteanbieternummer :( #DriverPhone# )']"}, {"language": "ES", "body": "[' Importante: #PassengerName# ( #PassengerPhone# ) se ha comunicado con usted a trav\u00e9s de #SITE_NAME# SOS. Por favor, comun\u00edquese con \u00e9l / ella urgentemente. Los detalles del trabajo son: Hora de inicio del trabajo: #SITE_NAME# . Direcci\u00f3n del trabajo: #Saddress# . Nombre del proveedor de servicios: #DriverName# . N\u00famero de proveedor de servicio :( #DriverPhone# )']"}, {"language": "IT", "body": "[' Importante: #PassengerName# ( #PassengerPhone# ) ti ha raggiunto tramite #SITE_NAME# SOS. Per favore, contattalo con urgenza. I dettagli del lavoro sono: Ora di inizio del lavoro: #SITE_NAME# . Indirizzo di lavoro: #Saddress# . Nome provider di servizi: #DriverName# . Numero del provider di servizi :( #DriverPhone# )']"}, {"language": "AR", "body": "[' \u0647\u0627\u0645: \u0648\u0635\u0644 #PassengerName# ( #PassengerPhone# ) \u0625\u0644\u064a\u0643 \u0639\u0628\u0631 #SITE_NAME# SOS. \u064a\u0631\u062c\u0649 \u0627\u0644\u062a\u0648\u0627\u0635\u0644 \u0645\u0639\u0647 \u0639\u0644\u0649 \u0648\u062c\u0647 \u0627\u0644\u0633\u0631\u0639\u0629. \u062a\u0641\u0627\u0635\u064a\u0644 \u0627\u0644\u0648\u0638\u064a\u0641\u0629 \u0647\u064a: \u0648\u0642\u062a \u0628\u062f\u0621 \u0627\u0644\u0648\u0638\u064a\u0641\u0629: #SITE_NAME# . \u0639\u0646\u0648\u0627\u0646 \u0627\u0644\u0648\u0638\u064a\u0641\u0629: #Saddress# . \u0627\u0633\u0645 \u0645\u0642\u062f\u0645 \u0627\u0644\u062e\u062f\u0645\u0629: #DriverName# . \u0631\u0642\u0645 \u0645\u0642\u062f\u0645 \u0627\u0644\u062e\u062f\u0645\u0629 :( #DriverPhone# )']"}, {"language": "UR", "body": "[' \u0627\u06c1\u0645: #PassengerName# #SITE_NAME# SOS \u06a9\u06d2 \u0630\u0631\u06cc\u0639\u06c1 #PassengerName# ( #PassengerPhone# ) \u0622\u067e \u06a9\u06d2 \u067e\u0627\u0633 \u067e\u06c1\u0646\u0686 \u06af\u06cc\u0627 \u06c1\u06d2. \u0628\u0631\u0627\u06c1 \u06a9\u0631\u0645 \u0627\u0646 \u0633\u06d2 \u0641\u0648\u0631\u06cc \u0637\u0648\u0631 \u067e\u0631 \u067e\u06c1\u0646\u0686 \u062c\u0627\u0624. \u0645\u0644\u0627\u0632\u0645\u062a \u06a9\u06cc \u062a\u0641\u0635\u06cc\u0644\u0627\u062a \u06c1\u06cc\u06ba: \u0645\u0644\u0627\u0632\u0645\u062a \u0634\u0631\u0648\u0639 \u06a9\u0631\u0646\u06d2 \u06a9\u0627 \u0648\u0642\u062a: #SITE_NAME# . \u0645\u0644\u0627\u0632\u0645\u062a \u06a9\u0627 \u067e\u062a\u06c1: #Saddress# . \u0633\u0631\u0648\u0633 \u0641\u0631\u0627\u06c1\u0645 \u06a9\u0646\u0646\u062f\u06c1 \u06a9\u0627 \u0646\u0627\u0645: #DriverName# \u0646\u0627\u0645 #DriverName# . \u0633\u0631\u0648\u0633 \u0641\u0631\u0627\u06c1\u0645 \u06a9\u0646\u0646\u062f\u06c1 \u0646\u0645\u0628\u0631 :( #DriverPhone# )']"}, {"language": "AZ", "body": "[' \u00d6nemli: #PassengerName# ( #PassengerPhone# ) #SITE_NAME# SOS vasit\u0259sil\u0259 siz\u0259 \u00e7atd\u0131. Xahi\u015f edirik ona t\u0259cili m\u00fcraci\u0259t edin. \u0130\u015fin detallar\u0131 a\u015fa\u011f\u0131dak\u0131lard\u0131r: \u0130\u015f ba\u015flan\u011f\u0131c saat\u0131: #SITE_NAME# . \u0130\u015f \u00fcnvan\u0131: #Saddress# . Xidm\u0259t #DriverName# ad\u0131: #DriverName# . Xidm\u0259t Provider n\u00f6mr\u0259si :( #DriverPhone# )']"}, {"language": "ZH", "body": "[' \u91cd\u8981\u63d0\u793a\uff1a #PassengerName# \uff08 #PassengerPhone# \uff09\u5df2\u901a\u8fc7#SITE_NAME# SOS\u4e0e\u60a8\u8054\u7cfb\u3002\u8bf7\u7d27\u6025\u8054\u7cfb\u4ed6/\u5979\u3002\u5de5\u4f5c\u7684\u8be6\u7ec6\u4fe1\u606f\u662f\uff1a\u5de5\u4f5c\u5f00\u59cb\u65f6\u95f4\uff1a #SITE_NAME# \u3002\u5de5\u4f5c\u5730\u5740\uff1a #Saddress# \u3002\u670d\u52a1\u63d0\u4f9b\u5546\u540d\u79f0\uff1a #DriverName# \u3002\u670d\u52a1\u63d0\u4f9b\u5546\u53f7\u7801:( #DriverPhone# \uff09']"}, {"language": "PT", "body": "[' Importante: #PassengerName# ( #PassengerPhone# ) entrou em contato com voc\u00ea por meio do #SITE_NAME# SOS. Por favor, entre em contato com ele com urg\u00eancia. Os detalhes do trabalho s\u00e3o: Hor\u00e1rio de in\u00edcio do trabalho: #SITE_NAME# . Endere\u00e7o do Trabalho: #Saddress# . Nome do provedor de servi\u00e7os: #DriverName# . N\u00famero do provedor de servi\u00e7os :( #DriverPhone# )']"}, {"language": "ZU", "body": "[' Okubalulekile: #PassengerName# ( #PassengerPhone# ) lifinyelele kuwe nge #SITE_NAME# SOS. Sicela uphumelele kuye / ngokuphuthumayo. Imininingwane kaJobe yilezi: Isikhathi sokuqala sikaJobe: #SITE_NAME# . Ikheli likaJobe: #Saddress# . Igama lomhlinzeki wesevisi: #DriverName# . Inombolo #DriverPhone# wesevisi: #DriverPhone# )']"}, {"language": "SW", "body": "[' Muhimu: #PassengerName# ( #PassengerPhone# ) imefikia kwako kupitia #SITE_NAME# SOS. Tafadhali pata naye kwa haraka. Maelezo ya Ayubu ni: Ajira ya kuanza kazi: #SITE_NAME# . Anwani ya Ayubu: #Saddress# . Jina la Mtoa huduma: #DriverName# . Nambari ya Mtoaji wa Huduma: ( #DriverPhone# )']"}, {"language": "KU", "body": "[' Gir\u00eeng: #PassengerName# ( #PassengerPhone# ) bi #SITE_NAME# SOS ve #SITE_NAME# we hat\u00ee. Ji kerema xwe bigih\u00eejin w\u00ee / her w\u00ea bigih\u00eeje. Agahdariya Karbidestiy\u00ea ne: #SITE_NAME# . Navn\u00ee\u015fana kar: #Saddress# . Nav\u00ea #DriverName# : #DriverName# . Numreya Xizmetkar\u00ea ( #DriverPhone# )']"}, {"language": "MS", "body": "[' Penting: #PassengerName# ( #PassengerPhone# ) telah menghubungi anda melalui #SITE_NAME# SOS. Sila hubungi dia dengan segera. Butiran Job adalah: Masa mula kerja: #SITE_NAME# . Alamat Kerja: #Saddress# . Nama Penyedia Perkhidmatan: #DriverName# . Nombor Penyedia Perkhidmatan :( #DriverPhone# )']"}, {"language": "SI", "body": "[' \u0dc0\u0dd0\u0daf\u0d9c\u0dad\u0dca: #PassengerName# ( #PassengerPhone# ) \u0d94\u0db6\u0da7 #SITE_NAME# SOS \u0dc4\u0dbb\u0dc4\u0dcf \u0d94\u0db6 \u0dc0\u0dd9\u0dad \u0dc5\u0d9f\u0dcf \u0dc0\u0dd3 \u0d87\u0dad. \u0d9a\u0dbb\u0dd4\u0dab\u0dcf\u0d9a\u0dbb \u0d94\u0dc4\u0dd4\u0da7 / \u0d87\u0dba\u0da7 \u0dc0\u0dc4\u0dcf\u0db8 \u0db4\u0dd2\u0dc0\u0dd2\u0dc3\u0dd9\u0db1\u0dca\u0db1. \u0dba\u0ddd\u0db6\u0dca\u0d9c\u0dda \u0dad\u0ddc\u0dbb\u0dad\u0dd4\u0dbb\u0dd4: \u0dbb\u0dd0\u0d9a\u0dd2\u0dba\u0dcf \u0d86\u0dbb\u0db8\u0dca\u0db7\u0d9a \u0dc0\u0dda\u0dbd\u0dcf\u0dc0: #SITE_NAME# . \u0dbb\u0dd0\u0d9a\u0dd2\u0dba\u0dcf \u0dbd\u0dd2\u0db4\u0dd2\u0db1\u0dba: #Saddress# . \u0dc3\u0dda\u0dc0\u0dcf \u0dc3\u0dd0\u0db4\u0dba\u0dd4\u0db8\u0dca\u0d9a\u0dbb\u0dd4 \u0db1\u0db8: #DriverName# . \u0dc3\u0dda\u0dc0\u0dcf \u0dc3\u0dd0\u0db4\u0dba\u0dd4\u0db8\u0dca\u0d9a\u0dbb\u0dd4\u0d9c\u0dda \u0d85\u0d82\u0d9a\u0dba :( #DriverPhone# )']"}, {"language": "TA", "body": "[' \u0bae\u0bc1\u0b95\u0bcd\u0b95\u0bbf\u0baf\u0bae\u0bbe\u0ba9: #PassengerName# #SITE_NAME# SOS \u0bb5\u0bb4\u0bbf\u0baf\u0bbe\u0b95 #SITE_NAME# #PassengerPhone# #PassengerName# ( #PassengerPhone# ) \u0b89\u0b99\u0bcd\u0b95\u0bb3\u0bbf\u0b9f\u0bae\u0bcd \u0bb5\u0ba8\u0bcd\u0ba4\u0bc1\u0bb3\u0bcd\u0bb3\u0ba4\u0bc1. \u0b85\u0bb5\u0bb0\u0bc8 \u0b85\u0bb5\u0b9a\u0bb0 \u0b85\u0bb5\u0b9a\u0bb0\u0bae\u0bbe\u0b95 \u0b85\u0b9f\u0bc8\u0baf\u0bc1\u0b99\u0bcd\u0b95\u0bb3\u0bcd. \u0bb5\u0bc7\u0bb2\u0bc8 \u0bb5\u0bbf\u0bb5\u0bb0\u0b99\u0bcd\u0b95\u0bb3\u0bcd: \u0bb5\u0bc7\u0bb2\u0bc8 \u0b86\u0bb0\u0bae\u0bcd\u0baa \u0ba8\u0bc7\u0bb0\u0bae\u0bcd: #SITE_NAME# . \u0bb5\u0bc7\u0bb2\u0bc8 \u0bae\u0bc1\u0b95\u0bb5\u0bb0\u0bbf: #Saddress# . \u0b9a\u0bc7\u0bb5\u0bc8 \u0bb5\u0bb4\u0b99\u0bcd\u0b95\u0bc1\u0ba8\u0bb0\u0bcd \u0baa\u0bc6\u0baf\u0bb0\u0bcd: #DriverName# . \u0b9a\u0bc7\u0bb5\u0bc8 \u0bb5\u0bb4\u0b99\u0bcd\u0b95\u0bc1\u0ba8\u0bb0\u0bcd \u0b8e\u0ba3\u0bcd :( #DriverPhone# )']"}, {"language": "VI", "body": "[' Quan tr\u1ecdng: #PassengerName# ( #PassengerPhone# ) \u0111\u00e3 li\u00ean h\u1ec7 v\u1edbi b\u1ea1n qua #SITE_NAME# SOS. H\u00e3y li\u00ean h\u1ec7 v\u1edbi anh \u1ea5y / c\u00f4 \u1ea5y kh\u1ea9n tr\u01b0\u01a1ng. C\u00e1c chi ti\u1ebft c\u1ee7a C\u00f4ng vi\u1ec7c l\u00e0: Th\u1eddi gian b\u1eaft \u0111\u1ea7u c\u00f4ng vi\u1ec7c: #SITE_NAME# . \u0110\u1ecba ch\u1ec9 c\u00f4ng vi\u1ec7c: #Saddress# . T\u00ean nh\u00e0 cung c\u1ea5p d\u1ecbch v\u1ee5: #DriverName# . S\u1ed1 nh\u00e0 cung c\u1ea5p d\u1ecbch v\u1ee5 :( #DriverPhone# )']"}, {"language": "TL", "body": "[' Mahalaga: Naabot ka ng #PassengerName# ( #PassengerPhone# ) sa pamamagitan ng #SITE_NAME# SOS. Mangyaring makipag-ugnayan sa kanya nang mapilit. Ang mga detalye ng Job ay: Oras ng pagsisimula ng trabaho: #SITE_NAME# . Job Address: #Saddress# . Pangalan ng tagapagbigay ng serbisyo: #DriverName# . Service Provider number: ( #DriverPhone# )']"}, {"language": "KM", "body": "[' \u179f\u17c6\u1781\u17b6\u1793\u17cb: #PassengerName# ( #PassengerPhone# ) \u1794\u17b6\u1793\u1791\u17b6\u1780\u17cb\u1791\u1784\u1798\u1780\u17a2\u17d2\u1793\u1780\u178f\u17b6\u1798\u179a\u1799\u17c7 #SITE_NAME# SOS \u17d4 \u179f\u17bc\u1798\u1791\u17b6\u1780\u17cb\u1791\u1784\u1798\u1780\u1782\u17b6\u178f\u17cb\u1787\u17b6\u1794\u1793\u17d2\u1791\u17b6\u1793\u17cb\u17d4 \u1796\u17d0\u178f\u17cc\u1798\u17b6\u1793\u179b\u1798\u17d2\u17a2\u17b7\u178f\u1793\u17c3\u1780\u17b6\u179a\u1784\u17b6\u179a\u1782\u17ba: \u1798\u17c9\u17c4\u1784\u1780\u17b6\u179a\u1784\u17b6\u179a: #SITE_NAME# \u17d4 \u17a2\u17b6\u179f\u1799\u178a\u17d2\u178b\u17b6\u1793\u1780\u17b6\u179a\u1784\u17b6\u179a: #Saddress# \u17d4 \u1788\u17d2\u1798\u17c4\u17c7\u1780\u17d2\u179a\u17bb\u1798\u17a0\u17ca\u17bb\u1793\u1795\u17d2\u178f\u179b\u17cb\u179f\u17c1\u179c\u17b6: #DriverName# \u17d4 \u179b\u17c1\u1781\u1780\u17d2\u179a\u17bb\u1798\u17a0\u17ca\u17bb\u1793\u1795\u17d2\u178f\u179b\u17cb\u179f\u17c1\u179c\u17b6 :( #DriverPhone# )']"}, {"language": "BN", "body": "[' \u0997\u09c1\u09b0\u09c1\u09a4\u09cd\u09ac\u09aa\u09c2\u09b0\u09cd\u09a3: #PassengerName# ( #PassengerPhone# ) #SITE_NAME# SOS \u098f\u09b0 \u09ae\u09be\u09a7\u09cd\u09af\u09ae\u09c7 \u0986\u09aa\u09a8\u09be\u09b0 \u0995\u09be\u099b\u09c7 \u09aa\u09cc\u0981\u099b\u09c7\u099b\u09c7\u0964 \u0985\u09a8\u09c1\u0997\u09cd\u09b0\u09b9\u09aa\u09c2\u09b0\u09cd\u09ac\u0995 \u09a4\u09be\u0995\u09c7 / \u09a4\u09be\u09b0 \u09b8\u09be\u09a5\u09c7 \u09af\u09cb\u0997\u09be\u09af\u09cb\u0997 \u0995\u09b0\u09c1\u09a8\u0964 \u0995\u09be\u099c\u09c7\u09b0 \u09ac\u09bf\u09b8\u09cd\u09a4\u09be\u09b0\u09bf\u09a4: \u0995\u09be\u099c\u09c7\u09b0 \u09b6\u09c1\u09b0\u09c1 \u09b8\u09ae\u09af\u09bc: #SITE_NAME# \u0964 \u0995\u09be\u099c\u09c7\u09b0 \u09a0\u09bf\u0995\u09be\u09a8\u09be: #Saddress# \u0964 \u09aa\u09b0\u09bf\u09b7\u09c7\u09ac\u09be \u09aa\u09cd\u09b0\u09a6\u09be\u09a8\u0995\u09be\u09b0\u09c0\u09b0 \u09a8\u09be\u09ae: #DriverName# \u09a8\u09be\u09ae #DriverName# \u0964 \u09aa\u09b0\u09bf\u09b7\u09c7\u09ac\u09be \u09b8\u09b0\u09ac\u09b0\u09be\u09b9\u0995\u09be\u09b0\u09c0 \u09b8\u0982\u0996\u09cd\u09af\u09be :( #DriverPhone# )']"}, {"language": "JA", "body": "[' \u91cd\u8981\uff1a #PassengerName# #PassengerPhone#\u3092\u7d4c\u7531\u3057\u3066\u3042\u306a\u305f\u306b\u624b\u3092\u4f38\u3070\u3057\u305f#SITE_NAME# SOS\u3002\u81f3\u6025\u624b\u3092\u5dee\u3057\u4f38\u3079\u3066\u304f\u3060\u3055\u3044\u3002\u30b8\u30e7\u30d6\u306e\u8a73\u7d30\u306f\u4ee5\u4e0b\u306e\u3068\u304a\u308a\u3067\u3059\u3002\u30b8\u30e7\u30d6\u958b\u59cb\u6642\u523b\uff1a #SITE_NAME# \u3002\u30b8\u30e7\u30d6\u30a2\u30c9\u30ec\u30b9\uff1a #Saddress# \u3002\u30b5\u30fc\u30d3\u30b9\u30d7\u30ed\u30d0\u30a4\u30c0\u540d\uff1a #DriverName# \u3002\u30b5\u30fc\u30d3\u30b9\u30d7\u30ed\u30d0\u30a4\u30c0\u756a\u53f7:( #DriverPhone# \uff09']"}, {"language": "KO", "body": "[' \uc911\uc694 : #PassengerName# ( #PassengerPhone# ) \ub2d8\uc774 #SITE_NAME# SOS\ub97c \ud1b5\ud574 \uc5f0\ub77d\uc744 #SITE_NAME# . \uae34\uae09\ud558\uac8c \uc5f0\ub77d\ud558\uc2ed\uc2dc\uc624. \uc791\uc5c5\uc758 \uc138\ubd80 \uc815\ubcf4\ub294 \ub2e4\uc74c\uacfc \uac19\uc2b5\ub2c8\ub2e4. \uc791\uc5c5 \uc2dc\uc791 \uc2dc\uac04 : #SITE_NAME# . \uc791\uc5c5 \uc8fc\uc18c : #Saddress# . \uc11c\ube44\uc2a4 \uacf5\uae09\uc790 \uc774\ub984 : #DriverName# . \uc11c\ube44\uc2a4 \uc81c\uacf5 \uc5c5\uccb4 \ubc88\ud638 :( #DriverPhone# )']"}, {"language": "YO", "body": "[' P\u00e0t\u00e0k\u00ec: #PassengerName# #PassengerPhone# #SITE_NAME# Jowo de \u1ecdd\u1ecd r\u1eb9 / ni kiakia. Aw\u1ecdn alaye ti Job j\u1eb9: Akoko Ib\u1eb9r\u1eb9: #SITE_NAME# . Adir\u1eb9si Job: #Saddress# . Oruk\u1ecd Olupese I\u1e63\u1eb9: #DriverName# . N\u1ecdmba Olupese I\u1e63\u1eb9 :( #DriverPhone# )']"}, {"language": "TR", "body": "[' \u00d6nemli: #PassengerName# ( #PassengerPhone# ) #SITE_NAME# SOS \u00fczerinden size ula\u015ft\u0131. L\u00fctfen acilen ona ula\u015f\u0131n\u0131z. \u0130\u015fin detaylar\u0131 \u015funlard\u0131r: \u0130\u015fin ba\u015flama zaman\u0131: #SITE_NAME# . \u0130\u015f Adresi: #Saddress# . Servis Sa\u011flay\u0131c\u0131 ad\u0131: #DriverName# . Servis Sa\u011flay\u0131c\u0131 numaras\u0131 :( #DriverPhone# )']"}, {"language": "RU", "body": "[' \u0412\u0430\u0436\u043d\u043e: #PassengerName# ( #PassengerPhone# ) #SITE_NAME# \u043a \u0432\u0430\u043c \u0447\u0435\u0440\u0435\u0437 #SITE_NAME# SOS. \u041f\u043e\u0436\u0430\u043b\u0443\u0439\u0441\u0442\u0430, \u043e\u0431\u0440\u0430\u0442\u0438\u0442\u0435\u0441\u044c \u043a \u043d\u0435\u043c\u0443 / \u043d\u0435\u0439 \u0441\u0440\u043e\u0447\u043d\u043e. \u041f\u043e\u0434\u0440\u043e\u0431\u043d\u043e\u0441\u0442\u0438 \u0440\u0430\u0431\u043e\u0442\u044b: \u0412\u0440\u0435\u043c\u044f \u043d\u0430\u0447\u0430\u043b\u0430 \u0440\u0430\u0431\u043e\u0442\u044b: #SITE_NAME# . \u0410\u0434\u0440\u0435\u0441 \u0440\u0430\u0431\u043e\u0442\u044b: #Saddress# . \u041d\u0430\u0437\u0432\u0430\u043d\u0438\u0435 \u043f\u043e\u0441\u0442\u0430\u0432\u0449\u0438\u043a\u0430 \u0443\u0441\u043b\u0443\u0433: #DriverName# . \u041d\u043e\u043c\u0435\u0440 \u043f\u043e\u0441\u0442\u0430\u0432\u0449\u0438\u043a\u0430 \u0443\u0441\u043b\u0443\u0433 :( #DriverPhone# )']"}, {"language": "FA", "body": "[' \u0645\u0647\u0645: #PassengerName# ( #PassengerPhone# ) \u0627\u0632 \u0637\u0631\u06cc\u0642 #SITE_NAME# SOS \u0628\u0647 \u0634\u0645\u0627 \u0631\u0633\u06cc\u062f\u0647 \u0627\u0633\u062a. \u0644\u0637\u0641\u0627 \u0628\u0647 \u0627\u0648 \u0641\u0648\u0631\u0627 \u0631\u0633\u06cc\u062f\u06af\u06cc \u06a9\u0646\u06cc\u062f. \u062c\u0632\u0626\u06cc\u0627\u062a \u0634\u063a\u0644 \u0639\u0628\u0627\u0631\u062a\u0646\u062f \u0627\u0632: \u0632\u0645\u0627\u0646 \u0634\u0631\u0648\u0639 \u06a9\u0627\u0631: #SITE_NAME# . \u0622\u062f\u0631\u0633 \u06a9\u0627\u0631: #Saddress# . \u0646\u0627\u0645 \u0627\u0631\u0627\u0626\u0647 \u062f\u0647\u0646\u062f\u0647 \u062e\u062f\u0645\u0627\u062a: #DriverName# . \u0634\u0645\u0627\u0631\u0647 \u0633\u0631\u0648\u06cc\u0633 \u062f\u0647\u0646\u062f\u0647 :( #DriverPhone# )']"}, {"language": "MY", "body": "[' \u1021\u101b\u1031\u1038\u1000\u103c\u102e\u1038: #PassengerName# ( #PassengerPhone# ) \u1019\u103e\u1010\u1006\u1004\u103a\u1037\u101e\u1004\u103a\u1000\u1011\u103d\u1000\u103a\u101b\u1031\u102c\u1000\u103a\u101b\u103e\u102d\u1014\u1031\u1015\u103c\u102e\u1016\u103c\u1005\u103a\u1015\u102b\u1010\u101a\u103a #SITE_NAME# \u1021\u101b\u1031\u1038\u1015\u1031\u102b\u103a\u104b \u1021\u101b\u1031\u1038\u1010\u1000\u103c\u102e\u1038\u101e\u1030\u1037\u1000\u102d\u102f / \u101e\u1030\u1019\u104f\u1011\u103d\u1000\u103a\u101b\u1031\u102c\u1000\u103a\u101b\u103e\u102d\u1015\u1031\u1038\u1015\u102b\u104b \u1021\u1006\u102d\u102f\u1015\u102b\u101a\u1031\u102c\u1018\u104f\u1021\u101e\u1031\u1038\u1005\u102d\u1010\u103a\u1021\u1001\u103b\u1000\u103a\u1021\u101c\u1000\u103a\u1019\u103b\u102c\u1038\u1019\u103e\u102c: \u101a\u1031\u102c\u1018\u101e\u100a\u103a\u1021\u1001\u103b\u102d\u1014\u103a start #SITE_NAME# \u104b \u101a\u1031\u102c\u1018\u101e\u100a\u103a\u1014\u1031\u101b\u1015\u103a\u101c\u102d\u1015\u103a\u1005\u102c: #Saddress# \u104b Service Provider \u1021\u1019\u100a\u103a: #DriverName# \u104b Service Provider \u1021\u101b\u1031\u1021\u1010\u103d\u1000\u103a\u1000\u102d\u102f :( #DriverPhone# )']"}, {"language": "HI", "body": "[' \u092e\u0939\u0924\u094d\u0935\u092a\u0942\u0930\u094d\u0923: #PassengerName# ( #PassengerPhone# ) #SITE_NAME# \u090f\u0938\u0913\u090f\u0938 \u0915\u0947 \u092e\u093e\u0927\u094d\u092f\u092e \u0938\u0947 \u0906\u092a \u0924\u0915 \u092a\u0939\u0941\u0902\u091a\u093e \u0939\u0948\u0964 \u0915\u0943\u092a\u092f\u093e \u0909\u0938\u0947 / \u0909\u0938\u0915\u0947 \u092a\u093e\u0938 \u0924\u0941\u0930\u0902\u0924 \u092a\u0939\u0941\u0902\u091a\u0947\u0902\u0964 \u0928\u094c\u0915\u0930\u0940 \u0915\u0947 \u0935\u093f\u0935\u0930\u0923 \u0907\u0938 \u092a\u094d\u0930\u0915\u093e\u0930 \u0939\u0948\u0902: \u0928\u094c\u0915\u0930\u0940 \u0915\u093e \u0906\u0930\u0902\u092d \u0938\u092e\u092f: #SITE_NAME# \u0964 \u091c\u0949\u092c \u0915\u093e \u092a\u0924\u093e: #Saddress# \u0964 \u0938\u0947\u0935\u093e \u092a\u094d\u0930\u0926\u093e\u0924\u093e \u0915\u093e \u0928\u093e\u092e: #DriverName# \u0964 \u0938\u0947\u0935\u093e \u092a\u094d\u0930\u0926\u093e\u0924\u093e \u0938\u0902\u0916\u094d\u092f\u093e :( #DriverPhone# )']"}, {"language": "IW", "body": "[' \u05d7\u05e9\u05d5\u05d1: #PassengerName# ( #PassengerPhone# ) \u05d4\u05d2\u05d9\u05e2 \u05d0\u05dc\u05d9\u05da \u05d3\u05e8\u05da #SITE_NAME# SOS. \u05d0\u05e0\u05d0 \u05e4\u05e0\u05d4 \u05d0\u05dc\u05d9\u05d5 \u05d1\u05d3\u05d7\u05d9\u05e4\u05d5\u05ea. \u05e4\u05e8\u05d8\u05d9 \u05d4\u05e2\u05d1\u05d5\u05d3\u05d4 \u05d4\u05dd: \u05d6\u05de\u05df \u05ea\u05d7\u05d9\u05dc\u05ea \u05e2\u05d1\u05d5\u05d3\u05d4: #SITE_NAME# . \u05db\u05ea\u05d5\u05d1\u05ea \u05e2\u05d1\u05d5\u05d3\u05d4: #Saddress# . \u05e9\u05dd \u05e1\u05e4\u05e7 \u05d4\u05e9\u05d9\u05e8\u05d5\u05ea: #DriverName# . \u05de\u05e1\u05e4\u05e8 \u05e1\u05e4\u05e7 \u05d4\u05e9\u05d9\u05e8\u05d5\u05ea: ( #DriverPhone# )']"}, {"language": "FR", "body": "[\" Important: #PassengerName# ( #PassengerPhone# ) vous a contact\u00e9 via #SITE_NAME# SOS. S'il vous pla\u00eet tendre la main \u00e0 lui / elle de toute urgence. Les d\u00e9tails du travail sont les suivants: Heure de d\u00e9but du travail: #SITE_NAME# . Adresse de travail: #Saddress# . Nom du fournisseur de service: #DriverName# . Num\u00e9ro de fournisseur de service :( #DriverPhone# )\"]"}, {"language": "DA", "body": "[' Vigtigt: #PassengerName# ( #PassengerPhone# ) er n\u00e5et til dig via #SITE_NAME# SOS. Kontakt venligst ham / hende straks. Jobens detaljer er: Jobstart: #SITE_NAME# . #Saddress# : #Saddress# . Navn p\u00e5 tjenesteudbyder: #DriverName# . Tjenesteudbyder nummer :( #DriverPhone# )']"}]}