{"purpose": "Job request accept by service provider on Cubejek", "template_id": "BOOKING_ACCEPT_BYDRIVER_MESSAGE_SP", "templates": [{"language": "AF", "body": "[' Verskaffer #PROVIDER_NAME# het jou werkversoek vir werk # #BOOKING_NUMBER# .']"}, {"language": "EN", "body": "[' Provider #PROVIDER_NAME# has accepted your job request for job# #BOOKING_NUMBER#.']"}, {"language": "TH", "body": "[' \u0e1c\u0e39\u0e49\u0e43\u0e2b\u0e49\u0e1a\u0e23\u0e34\u0e01\u0e32\u0e23 #PROVIDER_NAME# \u0e22\u0e2d\u0e21\u0e23\u0e31\u0e1a\u0e04\u0e33\u0e02\u0e2d\u0e07\u0e32\u0e19\u0e02\u0e2d\u0e07\u0e04\u0e38\u0e13\u0e2a\u0e33\u0e2b\u0e23\u0e31\u0e1a\u0e07\u0e32\u0e19 # #BOOKING_NUMBER#']"}, {"language": "ID", "body": "[' Penyedia #PROVIDER_NAME# telah menerima permintaan pekerjaan Anda untuk pekerjaan # #BOOKING_NUMBER# .']"}, {"language": "DE", "body": "[' Provider #PROVIDER_NAME# hat Ihre #BOOKING_NUMBER# f\u00fcr Job # #BOOKING_NUMBER# .']"}, {"language": "ES", "body": "[' El proveedor #PROVIDER_NAME# ha aceptado su solicitud de trabajo para el trabajo # #BOOKING_NUMBER# .']"}, {"language": "IT", "body": "[' Il fornitore #PROVIDER_NAME# ha accettato la tua richiesta di lavoro per il processo # #BOOKING_NUMBER# .']"}, {"language": "AR", "body": "[' \u0642\u0627\u0645 \u0627\u0644\u0645\u0648\u0641\u0631 #PROVIDER_NAME# \u0628\u0642\u0628\u0648\u0644 \u0637\u0644\u0628 \u0627\u0644\u0648\u0638\u064a\u0641\u0629 \u0644\u0648\u0638\u064a\u0641\u0629 # #BOOKING_NUMBER#']"}, {"language": "UR", "body": "[' \u0641\u0631\u0627\u06c1\u0645 \u06a9\u0646\u0646\u062f\u06c1 #PROVIDER_NAME# \u0646\u06d2 \u0646\u0648\u06a9\u0631\u06cc # #BOOKING_NUMBER# \u0644\u0626\u06d2 \u0622\u067e \u06a9\u06cc \u0646\u0648\u06a9\u0631\u06cc \u06a9\u06cc \u062f\u0631\u062e\u0648\u0627\u0633\u062a \u0642\u0628\u0648\u0644 \u06a9\u0631\u0644\u06cc \u06c1\u06d2.']"}, {"language": "AZ", "body": "[' T\u0259chizat\u00e7\u0131 #PROVIDER_NAME# i\u015f \u00fc\u00e7\u00fcn i\u015f talebinizi q\u0259bul etmi\u015fdir # #BOOKING_NUMBER# .']"}, {"language": "ZH", "body": "[' \u4f9b\u5e94\u5546#PROVIDER_NAME#\u5df2\u7ecf\u63a5\u53d7\u4e86\u4e00\u4efd\u5de5\u4f5c\u4e2d\u4f5c\u4e1a\u8bf7\u6c42# #BOOKING_NUMBER# \u3002']"}, {"language": "PT", "body": "[' O provedor #PROVIDER_NAME# aceitou sua solicita\u00e7\u00e3o de emprego para o trabalho # #BOOKING_NUMBER# .']"}, {"language": "ZU", "body": "[' Umhlinzeki #PROVIDER_NAME# wamukele isicelo sakho somsebenzi wemisebenzi # #BOOKING_NUMBER# .']"}, {"language": "SW", "body": "[' Mtoa huduma #PROVIDER_NAME# amekubali ombi lako la kazi kwa kazi # #BOOKING_NUMBER# .']"}, {"language": "KU", "body": "[' Provider #PROVIDER_NAME# daxwaza kar\u00ea we qeb\u00fbl kir ku ji bo kar\u00ea # #BOOKING_NUMBER# .']"}, {"language": "MS", "body": "[' Pembekal #PROVIDER_NAME# telah menerima permintaan kerja anda untuk kerja # #BOOKING_NUMBER# .']"}, {"language": "SI", "body": "[' \u0dc3\u0db4\u0dba\u0db1\u0dca\u0db1\u0dcf #PROVIDER_NAME# \u0dbb\u0dd0\u0d9a\u0dd2\u0dba\u0dcf \u0dc3\u0db3\u0dc4\u0dcf \u0d94\u0db6\u0dda \u0dbb\u0dd0\u0d9a\u0dd2\u0dba\u0dcf \u0d89\u0dbd\u0dca\u0dbd\u0dd3\u0db8 \u0db4\u0dd2\u0dc5\u0dd2\u0d9c\u0dd9\u0db1 \u0dad\u0dd2\u0db6\u0dda # #BOOKING_NUMBER# .']"}, {"language": "TA", "body": "[' # #BOOKING_NUMBER# \u0bb5\u0bc7\u0bb2\u0bc8 #PROVIDER_NAME# \u0b89\u0b99\u0bcd\u0b95\u0bb3\u0bcd \u0bb5\u0bc7\u0bb2\u0bc8 \u0b95\u0bcb\u0bb0\u0bbf\u0b95\u0bcd\u0b95\u0bc8\u0baf\u0bc8 \u0b8f\u0bb1\u0bcd\u0bb1\u0bc1\u0b95\u0bcd\u0b95\u0bca\u0ba3\u0bcd\u0b9f\u0bbe\u0bb0\u0bcd.']"}, {"language": "VI", "body": "[' Nh\u00e0 cung c\u1ea5p #PROVIDER_NAME# \u0111\u00e3 ch\u1ea5p nh\u1eadn y\u00eau c\u1ea7u c\u00f4ng vi\u1ec7c c\u1ee7a b\u1ea1n cho c\u00f4ng vi\u1ec7c # #BOOKING_NUMBER# .']"}, {"language": "TL", "body": "[' Tinanggap ng tagapagbigay ng #PROVIDER_NAME# ang iyong kahilingan sa trabaho para sa trabaho # #BOOKING_NUMBER# .']"}, {"language": "KM", "body": "[' \u17a2\u17d2\u1793\u1780\u1795\u17d2\u178a\u179b\u17cb #PROVIDER_NAME# \u1794\u17b6\u1793\u1791\u1791\u17bd\u179b\u1799\u1780\u179f\u17c6\u178e\u17be\u1780\u17b6\u179a\u1784\u17b6\u179a\u179a\u1794\u179f\u17cb\u17a2\u17d2\u1793\u1780\u179f\u1798\u17d2\u179a\u17b6\u1794\u17cb\u1780\u17b6\u179a\u1784\u17b6\u179a # #BOOKING_NUMBER# \u17d4']"}, {"language": "BN", "body": "[' \u09b8\u09b0\u09ac\u09b0\u09be\u09b9\u0995\u09be\u09b0\u09c0 #PROVIDER_NAME# \u099a\u09be\u0995\u09b0\u09bf\u09b0 \u099c\u09a8\u09cd\u09af \u0986\u09aa\u09a8\u09be\u09b0 # #BOOKING_NUMBER# \u099a\u09be\u0995\u09b0\u09bf\u09b0 \u0985\u09a8\u09c1\u09b0\u09cb\u09a7 \u09b8\u09cd\u09ac\u09c0\u0995\u09be\u09b0 \u0995\u09b0\u09c7\u099b\u09c7\u0964']"}, {"language": "JA", "body": "[' \u30d7\u30ed\u30d0\u30a4\u30c0#PROVIDER_NAME#\u4ed5\u4e8b\u306e\u305f\u3081\u306e\u3042\u306a\u305f\u306e\u4ed5\u4e8b\u306e\u8981\u6c42\u53d7\u3051\u5165\u308c\u305f# #BOOKING_NUMBER# \u3002']"}, {"language": "KO", "body": "[' \uacf5\uae09\uc790 #PROVIDER_NAME# \uc774 (\uac00) \uc791\uc5c5 # #BOOKING_NUMBER# \ub300\ud55c \uc791\uc5c5 \uc694\uccad\uc744 \uc218\ub77d\ud588\uc2b5\ub2c8\ub2e4.']"}, {"language": "YO", "body": "[' Olupese #PROVIDER_NAME# ti gba i\u1e63\u1eb9 i\u1e63\u1eb9 r\u1eb9 fun i\u1e63\u1eb9 # #BOOKING_NUMBER# .']"}, {"language": "TR", "body": "[' Sa\u011flay\u0131c\u0131 #PROVIDER_NAME# , # #BOOKING_NUMBER# i\u015f i\u00e7in i\u015f iste\u011finizi kabul etti.']"}, {"language": "RU", "body": "[' \u041f\u043e\u0441\u0442\u0430\u0432\u0449\u0438\u043a #PROVIDER_NAME# \u043f\u0440\u0438\u043d\u044f\u043b \u0432\u0430\u0448 \u0437\u0430\u043f\u0440\u043e\u0441 \u043d\u0430 \u0432\u0430\u043a\u0430\u043d\u0441\u0438\u044e \u0434\u043b\u044f \u0440\u0430\u0431\u043e\u0442\u044b # #BOOKING_NUMBER# .']"}, {"language": "FA", "body": "[' \u0627\u0631\u0627\u0626\u0647 \u06a9\u0646\u0646\u062f\u0647 #PROVIDER_NAME# \u062f\u0631\u062e\u0648\u0627\u0633\u062a \u06a9\u0627\u0631 \u0634\u0645\u0627 \u0628\u0631\u0627\u06cc \u0634\u063a\u0644 # #BOOKING_NUMBER# .']"}, {"language": "MY", "body": "[' provider #PROVIDER_NAME# \u1021\u101c\u102f\u1015\u103a\u1021\u1018\u102d\u102f\u1037\u101e\u1004\u1037\u103a\u1021\u101c\u102f\u1015\u103a\u1010\u1031\u102c\u1004\u103a\u1038\u1006\u102d\u102f\u1001\u103b\u1000\u103a\u1000\u102d\u102f\u101c\u1000\u103a\u1001\u1036\u1001\u1032\u1037 # #BOOKING_NUMBER# \u104b']"}, {"language": "HI", "body": "[' \u092a\u094d\u0930\u0926\u093e\u0924\u093e #PROVIDER_NAME# \u0928\u0947 \u0928\u094c\u0915\u0930\u0940 \u0915\u0947 \u0932\u093f\u090f \u0906\u092a\u0915\u0947 # #BOOKING_NUMBER# \u0905\u0928\u0941\u0930\u094b\u0927 \u0915\u094b \u0938\u094d\u0935\u0940\u0915\u093e\u0930 \u0915\u0930 \u0932\u093f\u092f\u093e \u0939\u0948\u0964']"}, {"language": "IW", "body": "[' \u05e1\u05e4\u05e7 #PROVIDER_NAME# \u05e7\u05d9\u05d1\u05dc \u05d0\u05ea \u05d1\u05e7\u05e9\u05ea \u05d4\u05e2\u05d1\u05d5\u05d3\u05d4 \u05e9\u05dc\u05da \u05dc\u05ea\u05e4\u05e7\u05d9\u05d3 # #BOOKING_NUMBER# .']"}, {"language": "FR", "body": "[' Le fournisseur #PROVIDER_NAME# a accept\u00e9 votre demande de travail pour le travail # #BOOKING_NUMBER# .']"}, {"language": "DA", "body": "[' Leverand\u00f8r #PROVIDER_NAME# har accepteret din #BOOKING_NUMBER# til job # #BOOKING_NUMBER# .']"}]}