{"purpose": "Job request cancel by user on Cubejek", "template_id": "BOOKING_CANCEL_BYRIDER_MESSAGE_SP", "templates": [{"language": "AF", "body": "[' Gebruiker #USERNAME# het die werk gekanselleer # #BOOKING_NUMBER#']"}, {"language": "EN", "body": "[' User #USERNAME# has cancelled the job# #BOOKING_NUMBER#']"}, {"language": "TH", "body": "[' \u0e1c\u0e39\u0e49\u0e43\u0e0a\u0e49 #USERNAME# \u0e44\u0e14\u0e49\u0e22\u0e01\u0e40\u0e25\u0e34\u0e01\u0e07\u0e32\u0e19 # #BOOKING_NUMBER#']"}, {"language": "ID", "body": "[' Pengguna #USERNAME# telah membatalkan pekerjaan # #BOOKING_NUMBER#']"}, {"language": "DE", "body": "[' Benutzer #USERNAME# hat den Job # #BOOKING_NUMBER#']"}, {"language": "ES", "body": "[' El usuario #USERNAME# ha cancelado el trabajo # #BOOKING_NUMBER#']"}, {"language": "IT", "body": "[\" L'utente #USERNAME# ha annullato il lavoro # #BOOKING_NUMBER#\"]"}, {"language": "AR", "body": "[' \u0642\u0627\u0645 \u0627\u0644\u0645\u0633\u062a\u062e\u062f\u0645 #USERNAME# \u0628\u0625\u0644\u063a\u0627\u0621 \u0627\u0644\u0648\u0638\u064a\u0641\u0629 # #BOOKING_NUMBER#']"}, {"language": "UR", "body": "[' \u0635\u0627\u0631\u0641 #USERNAME# \u0646\u06d2 \u06a9\u0627\u0645 # #BOOKING_NUMBER# \u0645\u0646\u0633\u0648\u062e \u06a9\u0631 \u062f\u06cc\u0627 \u06c1\u06d2']"}, {"language": "AZ", "body": "[' \u0130stifad\u0259\u00e7i #USERNAME# i\u015fi l\u0259\u011fv etdi # #BOOKING_NUMBER#']"}, {"language": "ZH", "body": "[' \u7528\u6237#USERNAME#\u5df2\u7ecf\u53d6\u6d88\u4e86\u4f5c\u4e1a# #BOOKING_NUMBER#']"}, {"language": "PT", "body": "[' O usu\u00e1rio #USERNAME# cancelou o trabalho # #BOOKING_NUMBER#']"}, {"language": "ZU", "body": "[' Umsebenzisi #USERNAME# ukhansele umsebenzi # #BOOKING_NUMBER#']"}, {"language": "SW", "body": "[' Mtumiaji #USERNAME# amefuta kazi # #BOOKING_NUMBER#']"}, {"language": "KU", "body": "[' Bikarh\u00eaner #USERNAME# kar\u00ea betalkirin hatiye # #BOOKING_NUMBER#']"}, {"language": "MS", "body": "[' Pengguna #USERNAME# telah membatalkan kerja # #BOOKING_NUMBER#']"}, {"language": "SI", "body": "[' \u0db4\u0dbb\u0dd2\u0dc1\u0dd3\u0dbd\u0d9a #USERNAME# \u0d85\u0dc0\u0dbd\u0d82\u0d9c\u0dd4 \u0d9a\u0dbb \u0d87\u0dad # #BOOKING_NUMBER#']"}, {"language": "TA", "body": "[' \u0baa\u0baf\u0ba9\u0bb0\u0bcd #USERNAME# \u0bb5\u0bc7\u0bb2\u0bc8 # #BOOKING_NUMBER#']"}, {"language": "VI", "body": "[' Ng\u01b0\u1eddi d\u00f9ng #USERNAME# \u0111\u00e3 h\u1ee7y c\u00f4ng vi\u1ec7c # #BOOKING_NUMBER#']"}, {"language": "TL", "body": "[' Kinansela ng User #USERNAME# ang trabaho # #BOOKING_NUMBER#']"}, {"language": "KM", "body": "[' \u17a2\u17d2\u1793\u1780\u1794\u17d2\u179a\u17be #USERNAME# \u1794\u17b6\u1793\u1794\u17c4\u17c7\u1794\u1784\u17cb\u1780\u17b6\u179a\u1784\u17b6\u179a # #BOOKING_NUMBER#']"}, {"language": "BN", "body": "[' \u09ac\u09cd\u09af\u09ac\u09b9\u09be\u09b0\u0995\u09be\u09b0\u09c0 #USERNAME# \u099a\u09be\u0995\u09b0\u09bf \u09ac\u09be\u09a4\u09bf\u09b2 \u0995\u09b0\u09c7\u099b\u09c7 # #BOOKING_NUMBER#']"}, {"language": "JA", "body": "[' \u30e6\u30fc\u30b6#USERNAME#\u4ed5\u4e8b\u3092\u30ad\u30e3\u30f3\u30bb\u30eb\u3057\u305f# #BOOKING_NUMBER#']"}, {"language": "KO", "body": "[' \uc0ac\uc6a9\uc790 #USERNAME# \uc774 (\uac00) \uc791\uc5c5\uc744 \ucde8\uc18c\ud588\uc2b5\ub2c8\ub2e4. # #BOOKING_NUMBER#']"}, {"language": "YO", "body": "[' Olumulo #USERNAME# ti fagile i\u1e63\u1eb9 naa # #BOOKING_NUMBER#']"}, {"language": "TR", "body": "[' Kullan\u0131c\u0131 #USERNAME# , # #BOOKING_NUMBER# adl\u0131 i\u015fi iptal etti']"}, {"language": "RU", "body": "[' \u041f\u043e\u043b\u044c\u0437\u043e\u0432\u0430\u0442\u0435\u043b\u044c #USERNAME# \u043e\u0442\u043c\u0435\u043d\u0438\u043b \u0437\u0430\u0434\u0430\u043d\u0438\u0435 # #BOOKING_NUMBER#']"}, {"language": "FA", "body": "[' \u06a9\u0627\u0631\u0628\u0631 #USERNAME# \u0631\u0627 \u0644\u063a\u0648 \u06a9\u0631\u062f\u0647 \u0627\u0633\u062a # #BOOKING_NUMBER#']"}, {"language": "MY", "body": "[' \u1021\u101e\u102f\u1036\u1038\u1015\u103c\u102f\u101e\u1030 #USERNAME# \u1021\u101c\u102f\u1015\u103a\u1016\u103b\u1000\u103a\u101e\u102d\u1019\u103a\u1038\u1011\u102c\u1038\u1015\u102b\u1010\u101a\u103a # #BOOKING_NUMBER#']"}, {"language": "HI", "body": "[' \u0909\u092a\u092f\u094b\u0917\u0915\u0930\u094d\u0924\u093e #USERNAME# \u0928\u0947 \u0928\u094c\u0915\u0930\u0940 # #BOOKING_NUMBER# \u0930\u0926\u094d\u0926 \u0915\u0930 \u0926\u0940 \u0939\u0948']"}, {"language": "IW", "body": "[' \u05de\u05e9\u05ea\u05de\u05e9 #USERNAME# \u05d1\u05d9\u05d8\u05dc \u05d0\u05ea \u05d4\u05e2\u05d1\u05d5\u05d3\u05d4 # #BOOKING_NUMBER#']"}, {"language": "FR", "body": "[\" L'utilisateur #USERNAME# a annul\u00e9 le travail # #BOOKING_NUMBER#\"]"}, {"language": "DA", "body": "[' Bruger #USERNAME# har annulleret jobbet # #BOOKING_NUMBER#']"}]}