{"purpose": "Verification Code Message", "template_id": "VERIFICATION_CODE_MESSAGE", "templates": [{"language": "AF", "body": "[' Jou verifikasiekode vir Cubejek aansoek is']"}, {"language": "EN", "body": "[' Your verification code for Cubejek Application is']"}, {"language": "TH", "body": "[' \u0e23\u0e2b\u0e31\u0e2a\u0e22\u0e37\u0e19\u0e22\u0e31\u0e19\u0e2a\u0e33\u0e2b\u0e23\u0e31\u0e1a\u0e41\u0e2d\u0e1b\u0e1e\u0e25\u0e34\u0e40\u0e04\u0e0a\u0e31\u0e19 Cubejek \u0e04\u0e37\u0e2d']"}, {"language": "ID", "body": "[' Kode verifikasi Anda untuk Aplikasi Cubejek adalah']"}, {"language": "DE", "body": "[' Ihr Best\u00e4tigungscode f\u00fcr Cubejek Application lautet']"}, {"language": "ES", "body": "[' Su c\u00f3digo de verificaci\u00f3n para la aplicaci\u00f3n Cubejek es']"}, {"language": "IT", "body": "[' Il tuo codice di verifica per Cubejek applicazione Cubejek \u00e8']"}, {"language": "AR", "body": "[' \u0631\u0645\u0632 \u0627\u0644\u062a\u062d\u0642\u0642 \u0644\u062a\u0637\u0628\u064a\u0642 Cubejek \u0647\u0648']"}, {"language": "UR", "body": "[' Cubejek \u06a9\u06d2 \u0644\u0626\u06d2 \u0622\u067e \u06a9\u0627 \u062a\u0648\u062b\u06cc\u0642 \u06a9\u0648\u0688 \u06c1\u06d2']"}, {"language": "AZ", "body": "[' Cubejek Application \u00fc\u00e7\u00fcn do\u011frulama Cubejek']"}, {"language": "ZH", "body": "[' \u60a8\u7684Cubejek\u5e94\u7528\u7a0b\u5e8f\u7684\u9a8c\u8bc1\u7801\u662f']"}, {"language": "PT", "body": "[' Seu c\u00f3digo de verifica\u00e7\u00e3o para o aplicativo Cubejek \u00e9']"}, {"language": "ZU", "body": "[' Ikhodi yakho yokuqinisekisa Cubejek se- Cubejek iwukuthi']"}, {"language": "SW", "body": "[' Cubejek yako ya kuthibitisha kwa Programu ya Cubejek ni']"}, {"language": "KU", "body": "[' Koda te ya Cubejek Ser\u00eel\u00eadan\u00ea ye']"}, {"language": "MS", "body": "[' Kod pengesahan untuk permohonan Cubejek ialah']"}, {"language": "SI", "body": "[' Cubejek \u0dba\u0dd9\u0daf\u0dd4\u0db8 \u0dc3\u0db3\u0dc4\u0dcf \u0d94\u0db6\u0d9c\u0dda \u0dc3\u0dad\u0dca\u0dba\u0dcf\u0db4\u0db1 \u0d9a\u0dda\u0dad\u0dba \u0dc0\u0dda']"}, {"language": "TA", "body": "[' Cubejek \u0baa\u0baf\u0ba9\u0bcd\u0baa\u0bbe\u0b9f\u0bcd\u0b9f\u0bbf\u0bb1\u0bcd\u0b95\u0bbe\u0ba9 \u0b89\u0b99\u0bcd\u0b95\u0bb3\u0bcd \u0b9a\u0bb0\u0bbf\u0baa\u0bbe\u0bb0\u0bcd\u0baa\u0bcd\u0baa\u0bc1\u0b95\u0bcd \u0b95\u0bc1\u0bb1\u0bbf\u0baf\u0bc0\u0b9f\u0bc1']"}, {"language": "VI", "body": "[' M\u00e3 x\u00e1c minh c\u1ee7a b\u1ea1n cho Cubejek Application l\u00e0']"}, {"language": "TL", "body": "[' Ang iyong verification code para sa Cubejek Application ay']"}, {"language": "KM", "body": "[' \u1780\u17bc\u178a\u1795\u17d2\u1791\u17c0\u1784\u1795\u17d2\u1791\u17b6\u178f\u17cb\u179a\u1794\u179f\u17cb\u17a2\u17d2\u1793\u1780\u179f\u1798\u17d2\u179a\u17b6\u1794\u17cb Cubejek \u1782\u17ba']"}, {"language": "BN", "body": "[' Cubejek \u0985\u09cd\u09af\u09be\u09aa\u09cd\u09b2\u09bf\u0995\u09c7\u09b6\u09a8\u09c7\u09b0 \u099c\u09a8\u09cd\u09af \u0986\u09aa\u09a8\u09be\u09b0 \u09af\u09be\u099a\u09be\u0987\u0995\u09b0\u09a3 \u0995\u09cb\u09a1']"}, {"language": "JA", "body": "[' Cubejek\u30a2\u30d7\u30ea\u30b1\u30fc\u30b7\u30e7\u30f3\u306e\u78ba\u8a8d\u30b3\u30fc\u30c9\u306f']"}, {"language": "KO", "body": "[' Cubejek \uc560\ud50c\ub9ac\ucf00\uc774\uc158\uc758 \uc778\uc99d \ucf54\ub4dc\uc785\ub2c8\ub2e4.']"}, {"language": "YO", "body": "[' Cubejek ij\u1eb9risi r\u1eb9 fun ohun Cubejek ni']"}, {"language": "TR", "body": "[' Cubejek Uygulamas\u0131 i\u00e7in do\u011frulama kodunuz']"}, {"language": "RU", "body": "[' \u0412\u0430\u0448 \u043f\u0440\u043e\u0432\u0435\u0440\u043e\u0447\u043d\u044b\u0439 \u043a\u043e\u0434 \u0434\u043b\u044f \u043f\u0440\u0438\u043b\u043e\u0436\u0435\u043d\u0438\u044f Cubejek']"}, {"language": "FA", "body": "[' \u06a9\u062f \u062a\u0623\u06cc\u06cc\u062f \u0634\u0645\u0627 \u0628\u0631\u0627\u06cc \u0628\u0631\u0646\u0627\u0645\u0647 Cubejek \u0627\u06cc\u0646 \u0627\u0633\u062a']"}, {"language": "MY", "body": "[' \u1021\u1018\u102d\u102f\u1037\u101e\u1004\u1037\u103a\u1021\u1010\u100a\u103a\u1015\u103c\u102f\u101b\u1014\u103a\u1000\u102f\u1012\u103a Cubejek \u101c\u103b\u103e\u1031\u102c\u1000\u103a\u101c\u103d\u103e\u102c\u1016\u103c\u1005\u103a\u1015\u102b\u101e\u100a\u103a']"}, {"language": "HI", "body": "[' Cubejek \u090f\u092a\u094d\u0932\u093f\u0915\u0947\u0936\u0928 \u0915\u0947 \u0932\u093f\u090f \u0906\u092a\u0915\u093e \u0938\u0924\u094d\u092f\u093e\u092a\u0928 \u0915\u094b\u0921 \u0939\u0948']"}, {"language": "IW", "body": "[' \u05e7\u05d5\u05d3 \u05d4\u05d0\u05d9\u05de\u05d5\u05ea \u05e9\u05dc\u05da \u05e2\u05d1\u05d5\u05e8 \u05d9\u05d9\u05e9\u05d5\u05dd Cubejek \u05d4\u05d5\u05d0']"}, {"language": "FR", "body": "[\" Votre code de v\u00e9rification pour l'application Cubejek est\"]"}, {"language": "DA", "body": "[' Din bekr\u00e6ftelseskode for Cubejek Application er']"}]}