{"purpose": "Admin Cancel Booking", "template_id": "COMPANY_SEND_MESSAGE_JOB_CANCEL", "templates": [{"language": "AF", "body": "[' Jou bespreking # #BookingNo# op #Ddate# is gekanselleer deur Administrateur']"}, {"language": "EN", "body": "[' Your booking# #BookingNo# on #Ddate# has been cancelled by Administrator']"}, {"language": "TH", "body": "[' \u0e01\u0e32\u0e23\u0e08\u0e2d\u0e07 # #BookingNo# #Ddate# \u0e1a\u0e19 #Ddate# \u0e16\u0e39\u0e01\u0e22\u0e01\u0e40\u0e25\u0e34\u0e01\u0e42\u0e14\u0e22\u0e1c\u0e39\u0e49\u0e14\u0e39\u0e41\u0e25\u0e23\u0e30\u0e1a\u0e1a']"}, {"language": "ID", "body": "[' Pemesanan Anda # #BookingNo# on #Ddate# telah dibatalkan oleh Administrator']"}, {"language": "DE", "body": "[' Ihre Buchung # #BookingNo# on #Ddate# wurde vom Administrator abgebrochen']"}, {"language": "ES", "body": "[' Su reserva # #BookingNo# on #Ddate# ha sido cancelada por el Administrador']"}, {"language": "IT", "body": "[\" La tua prenotazione # #BookingNo# on #Ddate# \u00e8 stata annullata dall'amministratore\"]"}, {"language": "AR", "body": "[' \u062a\u0645 \u0625\u0644\u063a\u0627\u0621 \u0627\u0644\u062d\u062c\u0632 # #BookingNo# \u0627\u0644\u062d\u062c\u0632 # #BookingNo# \u0641\u064a #Ddate# \u0628\u0648\u0627\u0633\u0637\u0629 \u0627\u0644\u0645\u0633\u0624\u0648\u0644']"}, {"language": "UR", "body": "[' \u0622\u067e \u06a9\u0627 \u0628\u06a9\u0646\u06af # #BookingNo# \u0628\u06a9\u0646\u06af #BookingNo# \u067e\u0631 #Ddate# \u0627\u06cc\u0688\u0645\u0646\u0633\u0679\u0631\u06cc\u0679\u0631 \u06a9\u06cc \u0637\u0631\u0641 \u0633\u06d2 \u0645\u0646\u0633\u0648\u062e \u06a9\u0631 \u062f\u06cc\u0627 \u06af\u06cc\u0627 \u06c1\u06d2']"}, {"language": "AZ", "body": "[' Sizin sifari\u015finiz # #BookingNo# #Ddate# Administrator t\u0259r\u0259find\u0259n l\u0259\u011fv edildi']"}, {"language": "ZH", "body": "[' \u60a8\u7684\u9884\u8ba2# #BookingNo# on #Ddate#\u5df2\u88ab\u7ba1\u7406\u5458\u53d6\u6d88']"}, {"language": "PT", "body": "[' Sua reserva # #BookingNo# on #Ddate# foi cancelada pelo administrador']"}, {"language": "ZU", "body": "[' Ukubhuka kwakho # #BookingNo# ku- #Ddate# kukhanseliwe nguMphathi']"}, {"language": "SW", "body": "[' #Ddate# wako # #BookingNo# kwenye #Ddate# imefutwa na Msimamizi']"}, {"language": "KU", "body": "[' #BookingNo# # #BookingNo# li #Ddate# ji aliy\u00ea R\u00eavebir\u00ea ve hat betal kirin']"}, {"language": "MS", "body": "[' Tempahan anda # #BookingNo# pada #Ddate# telah dibatalkan oleh Administrator']"}, {"language": "SI", "body": "[' \u0d94\u0db6\u0d9c\u0dda \u0dc0\u0dd9\u0db1\u0dca \u0d9a\u0dd2\u0dbb\u0dd3\u0db8\u0dca # #BookingNo# on #Ddate# \u0db4\u0dbb\u0dd2\u0db4\u0dcf\u0dbd\u0d9a\u0dba\u0dcf \u0dc0\u0dd2\u0dc3\u0dd2\u0db1\u0dca \u0d85\u0dc0\u0dbd\u0d82\u0d9c\u0dd4 \u0d9a\u0dbb \u0d87\u0dad']"}, {"language": "TA", "body": "[' \u0b89\u0b99\u0bcd\u0b95\u0bb3\u0bcd \u0bae\u0bc1\u0ba9\u0bcd\u0baa\u0ba4\u0bbf\u0bb5\u0bc1 # #BookingNo# \u0bae\u0bc1\u0ba9\u0bcd\u0baa\u0ba4\u0bbf\u0bb5\u0bc1 #BookingNo# \u0b87\u0bb2\u0bcd #Ddate# \u0ba8\u0bbf\u0bb0\u0bcd\u0bb5\u0bbe\u0b95\u0bbf \u0bb0\u0ba4\u0bcd\u0ba4\u0bc1 \u0b9a\u0bc6\u0baf\u0bcd\u0baf\u0baa\u0bcd\u0baa\u0b9f\u0bcd\u0b9f\u0ba4\u0bc1']"}, {"language": "VI", "body": "[' \u0110\u1eb7t ph\u00f2ng c\u1ee7a b\u1ea1n # #BookingNo# tr\u00ean #Ddate# \u0111\u00e3 b\u1ecb h\u1ee7y b\u1edfi Administrator']"}, {"language": "TL", "body": "[' Ang iyong booking # #BookingNo# sa #Ddate# ay nakansela ng Administrator']"}, {"language": "KM", "body": "[' \u1780\u17b6\u179a\u1780\u1780\u17cb\u179a\u1794\u179f\u17cb\u17a2\u17d2\u1793\u1780 # #BookingNo# \u179b\u17be #Ddate# \u178f\u17d2\u179a\u17bc\u179c\u1794\u17b6\u1793\u179b\u17bb\u1794\u1785\u17c4\u179b\u178a\u17c4\u1799\u17a2\u17d2\u1793\u1780\u1782\u17d2\u179a\u1794\u17cb\u1782\u17d2\u179a\u1784']"}, {"language": "BN", "body": "[' \u0986\u09aa\u09a8\u09be\u09b0 \u09ac\u09c1\u0995\u09bf\u0982 # #BookingNo# \u0989\u09aa\u09b0 #Ddate# \u09aa\u09cd\u09b0\u09b6\u09be\u09b8\u0995 \u09ac\u09be\u09a4\u09bf\u09b2 \u0995\u09b0\u09be \u09b9\u09af\u09bc\u09c7\u099b\u09c7']"}, {"language": "JA", "body": "[' #BookingNo#\u3042\u306a\u305f\u306e\u4e88\u7d04# #Ddate#\u306f\u7ba1\u7406\u8005\u306b\u3088\u3063\u3066\u30ad\u30e3\u30f3\u30bb\u30eb\u3055\u308c\u307e\u3057\u305f']"}, {"language": "KO", "body": "[' \uc608\uc57d # #BookingNo# \uc5d0 #Ddate# \uad00\ub9ac\uc790\uc5d0 \uc758\ud574 \ucde8\uc18c\ub418\uc5c8\uc2b5\ub2c8\ub2e4']"}, {"language": "YO", "body": "[' #BookingNo# si # #BookingNo# on #Ddate# ti paar\u1eb9 nipas\u1eb9 Oluk\u1ecdni']"}, {"language": "TR", "body": "[' Rezervasyonunuz # #BookingNo# on #Ddate# , Y\u00f6netici taraf\u0131ndan iptal edildi']"}, {"language": "RU", "body": "[' \u0412\u0430\u0448 \u0437\u0430\u043a\u0430\u0437 # #BookingNo# \u0431\u0440\u043e\u043d\u0438\u0440\u043e\u0432\u0430\u043d\u0438\u044f #BookingNo# \u043d\u0430 #Ddate# \u0431\u044b\u043b \u043e\u0442\u043c\u0435\u043d\u0435\u043d \u0430\u0434\u043c\u0438\u043d\u0438\u0441\u0442\u0440\u0430\u0442\u043e\u0440\u043e\u043c']"}, {"language": "FA", "body": "[' \u0631\u0632\u0631\u0648 \u062e\u0648\u062f \u0631\u0627 # #BookingNo# \u062f\u0631 #Ddate# \u062a\u0648\u0633\u0637 \u0633\u0631\u067e\u0631\u0633\u062a \u0644\u063a\u0648']"}, {"language": "MY", "body": "[' \u101e\u1004\u103a\u1037\u101b\u1032\u1037\u1018\u103d\u1010\u103a\u1000\u1004\u103a # #BookingNo# \u1021\u1015\u1031\u102b\u103a #Ddate# \u1021\u102f\u1015\u103a\u1001\u103b\u102f\u1015\u103a\u101b\u1031\u1038\u1019\u103e\u1030\u1038\u1021\u102c\u1038\u1016\u103c\u1004\u103a\u1037\u1016\u103b\u1000\u103a\u101e\u102d\u1019\u103a\u1038\u1001\u1032\u1037\u1015\u103c\u102e\u1038']"}, {"language": "HI", "body": "[' \u0906\u092a\u0915\u093e \u092c\u0941\u0915\u093f\u0902\u0917 # #BookingNo# \u092a\u0930 #Ddate# \u092a\u094d\u0930\u0936\u093e\u0938\u0915 \u0926\u094d\u0935\u093e\u0930\u093e \u0930\u0926\u094d\u0926 \u0915\u0930 \u0926\u093f\u092f\u093e \u0917\u092f\u093e']"}, {"language": "IW", "body": "[' \u05d4\u05d6\u05de\u05e0\u05ea\u05da # #BookingNo# \u05d1\u05ea\u05d0\u05e8\u05d9\u05da #Ddate# \u05d1\u05d5\u05d8\u05dc\u05d4 \u05e2\u05dc \u05d9\u05d3\u05d9 \u05de\u05e0\u05d4\u05dc \u05d4\u05de\u05e2\u05e8\u05db\u05ea']"}, {"language": "FR", "body": "[\" Votre r\u00e9servation # #BookingNo# sur #Ddate# a \u00e9t\u00e9 annul\u00e9e par l'administrateur\"]"}, {"language": "DA", "body": "[' Din reservation # #BookingNo# p\u00e5 #Ddate# er blevet annulleret af Administrator']"}]}