{"purpose": "Provider booking on Cubejek", "template_id": "DRIVER_SEND_MESSAGE", "templates": [{"language": "AF", "body": "[\" Jy het 'n bespreking vir passasier #PASSENGER_NAME# op #BOOKING_DATE# by #BOOKING_DATE# vir bespreking # #PASSENGER_NAME# .\"]"}, {"language": "EN", "body": "[' You have a booking for passenger #PASSENGER_NAME# on #BOOKING_DATE# at #BOOKING_TIME# for Booking# #BOOKING_NUMBER#.']"}, {"language": "TH", "body": "[' \u0e04\u0e38\u0e13\u0e21\u0e35\u0e01\u0e32\u0e23\u0e08\u0e2d\u0e07\u0e2a\u0e33\u0e2b\u0e23\u0e31\u0e1a\u0e1c\u0e39\u0e49\u0e42\u0e14\u0e22\u0e2a\u0e32\u0e23 #PASSENGER_NAME# \u0e43\u0e19 #BOOKING_DATE# \u0e17\u0e35\u0e48 #BOOKING_DATE# \u0e2a\u0e33\u0e2b\u0e23\u0e31\u0e1a\u0e01\u0e32\u0e23\u0e08\u0e2d\u0e07 # #PASSENGER_NAME#']"}, {"language": "ID", "body": "[' Anda memiliki pemesanan untuk penumpang #PASSENGER_NAME# pada #BOOKING_DATE# di #BOOKING_DATE# untuk Pemesanan # #PASSENGER_NAME# .']"}, {"language": "DE", "body": "[' Sie haben eine Buchung f\u00fcr den Passagier #PASSENGER_NAME# am #BOOKING_DATE# um #BOOKING_DATE# f\u00fcr die Buchung # #PASSENGER_NAME# .']"}, {"language": "ES", "body": "[' Tienes una reserva para el pasajero #PASSENGER_NAME# #BOOKING_DATE# en #BOOKING_DATE# en #BOOKING_DATE# para la reserva # #PASSENGER_NAME# .']"}, {"language": "IT", "body": "[' Hai una prenotazione per il passeggero #PASSENGER_NAME# il #BOOKING_DATE# al #BOOKING_DATE# per la prenotazione # #PASSENGER_NAME# .']"}, {"language": "AR", "body": "[' \u0644\u062f\u064a\u0643 \u062d\u062c\u0632 \u0644\u0644\u0645\u0633\u0627\u0641\u0631\u064a\u0646 #PASSENGER_NAME# \u0639\u0644\u0649 #BOOKING_DATE# \u0639\u0644\u0649 #BOOKING_DATE# \u0644\u0644\u062d\u062c\u0632 # #PASSENGER_NAME# .']"}, {"language": "UR", "body": "[' \u0622\u067e #PASSENGER_NAME# #BOOKING_DATE# \u067e\u0631 #BOOKING_DATE# \u067e\u0631 \u0628\u06a9\u0646\u06af # #PASSENGER_NAME# \u0644\u0626\u06d2 \u0628\u06a9\u0646\u06af \u06c1\u06d2.']"}, {"language": "AZ", "body": "[' Siz s\u0259rni\u015fin \u00fc\u00e7\u00fcn sifari\u015f var #PASSENGER_NAME# dair #BOOKING_DATE# at #BOOKING_DATE# Rezervasyon \u00fc\u00e7\u00fcn # #PASSENGER_NAME# .']"}, {"language": "ZH", "body": "[' \u4f60\u6709\u4e00\u4e2a\u9884\u5b9a\u7684\u4e58\u5ba2#PASSENGER_NAME#\u4e0a#BOOKING_DATE#\u7684#BOOKING_DATE#\u8ba2\u7968# #PASSENGER_NAME# \u3002']"}, {"language": "PT", "body": "[' Voc\u00ea tem uma reserva para o passageiro #PASSENGER_NAME# na #BOOKING_DATE# na #BOOKING_DATE# para a reserva # #PASSENGER_NAME# .']"}, {"language": "ZU", "body": "[' Unokubhuka komgibeli #PASSENGER_NAME# ngomhla ka- #BOOKING_DATE# #BOOKING_DATE# yokubhuka # #PASSENGER_NAME# .']"}, {"language": "SW", "body": "[' Una kitabu kwa ajili ya abiria #PASSENGER_NAME# kwenye #BOOKING_DATE# #BOOKING_DATE# kwa Booking # #PASSENGER_NAME# .']"}, {"language": "KU", "body": "[' H\u00fbn ji bo r\u00eawerek pispor #PASSENGER_NAME# li #BOOKING_DATE# li #BOOKING_DATE# ji bo Booking # #PASSENGER_NAME# .']"}, {"language": "MS", "body": "[' Anda mempunyai tempahan untuk penumpang #PASSENGER_NAME# pada #BOOKING_DATE# di #BOOKING_DATE# untuk Tempahan # #PASSENGER_NAME# .']"}, {"language": "SI", "body": "[' \u0d94\u0db6 \u0db8\u0d9c\u0dd3 \u0dc3\u0db3\u0dc4\u0dcf \u0dc0\u0dd9\u0db1\u0dca \u0d9a\u0dd2\u0dbb\u0dd3\u0db8\u0dca \u0d9a\u0dbb #PASSENGER_NAME# \u0db8\u0dad #BOOKING_DATE# \u0daf\u0dd3 #BOOKING_DATE# \u0dc0\u0dd9\u0db1\u0dca\u0d9a\u0dbb\u0dc0\u0dcf \u0d9c\u0dd0\u0db1\u0dd3\u0db8 \u0dc3\u0db3\u0dc4\u0dcf # #PASSENGER_NAME# .']"}, {"language": "TA", "body": "[' #BOOKING_DATE# # #PASSENGER_NAME# #BOOKING_DATE# \u0b87\u0bb2\u0bcd \u0baa\u0baf\u0ba3\u0bbf\u0b95\u0bb3\u0bcd #PASSENGER_NAME# #BOOKING_DATE# \u0baa\u0bc1\u0b95\u0bcd\u0b95\u0bbf\u0b99\u0bcd \u0b89\u0bb3\u0bcd\u0bb3\u0ba4\u0bc1.']"}, {"language": "VI", "body": "[' B\u1ea1n c\u00f3 \u0111\u1eb7t ch\u1ed7 cho h\u00e0nh kh\u00e1ch #PASSENGER_NAME# tr\u00ean #BOOKING_DATE# t\u1ea1i #BOOKING_DATE# cho \u0110\u1eb7t ch\u1ed7 # #PASSENGER_NAME# .']"}, {"language": "TL", "body": "[' Mayroon kang booking para sa pasahero #PASSENGER_NAME# sa #BOOKING_DATE# sa #BOOKING_DATE# para sa Pag-book # #PASSENGER_NAME# .']"}, {"language": "KM", "body": "[' \u17a2\u17d2\u1793\u1780\u1798\u17b6\u1793\u179f\u17c0\u179c\u1797\u17c5\u179f\u1798\u17d2\u179a\u17b6\u1794\u17cb\u17a2\u17d2\u1793\u1780\u178a\u17c6\u178e\u17be\u179a #PASSENGER_NAME# #BOOKING_DATE# \u1793\u17c5 #BOOKING_DATE# \u1793\u17c5 #BOOKING_DATE# \u179f\u1798\u17d2\u179a\u17b6\u1794\u17cb\u1780\u17b6\u179a\u1780\u1780\u17cb # #PASSENGER_NAME# \u17d4']"}, {"language": "BN", "body": "[' \u0986\u09aa\u09a8\u09bf \u098f\u09b0 \u099c\u09a8\u09cd\u09af \u09af\u09be\u09a4\u09cd\u09b0\u09c0 \u098f\u0995\u099f\u09bf \u09ac\u09c1\u0995\u09bf\u0982 \u0986\u099b\u09c7 #PASSENGER_NAME# \u0989\u09aa\u09b0 #BOOKING_DATE# \u098f #BOOKING_DATE# \u099c\u09a8\u09cd\u09af \u09ac\u09c1\u0995\u09bf\u0982 # #PASSENGER_NAME# \u0964']"}, {"language": "JA", "body": "[' \u3042\u306a\u305f\u306f\u3001\u4e57\u5ba2\u306e\u305f\u3081\u306b\u4e88\u7d04\u3057\u3066\u3044#PASSENGER_NAME#\u306b#BOOKING_DATE#\u3067#BOOKING_DATE#\u4e88\u7d04\u306e\u305f\u3081\u306e# #PASSENGER_NAME# \u3002']"}, {"language": "KO", "body": "[' \ub2f9\uc2e0\uc740 \uc2b9\uac1d\uc758 \uc608\uc57d\uc774 #PASSENGER_NAME# \uc5d0 #BOOKING_DATE# \uc5d0 #BOOKING_DATE# \uc608\uc57d\uc5d0 \ub300\ud55c # #PASSENGER_NAME# .']"}, {"language": "YO", "body": "[' O ni iforukosile fun eroja #PASSENGER_NAME# lori #BOOKING_DATE# ni #BOOKING_DATE# fun #BOOKING_DATE# # #PASSENGER_NAME# .']"}, {"language": "TR", "body": "[' Yolcu i\u00e7in bir rezervasyon #PASSENGER_NAME# \u00fczerinde #BOOKING_DATE# de #BOOKING_DATE# Rezervasyon i\u00e7in # #PASSENGER_NAME# .']"}, {"language": "RU", "body": "[' \u0423 \u0432\u0430\u0441 \u0435\u0441\u0442\u044c \u0431\u0440\u043e\u043d\u0438\u0440\u043e\u0432\u0430\u043d\u0438\u0435 \u0434\u043b\u044f \u043f\u0430\u0441\u0441\u0430\u0436\u0438\u0440\u0430 #PASSENGER_NAME# \u043d\u0430 #BOOKING_DATE# \u043d\u0430 #BOOKING_DATE# \u0434\u043b\u044f \u0431\u0440\u043e\u043d\u0438\u0440\u043e\u0432\u0430\u043d\u0438\u044f # #PASSENGER_NAME# .']"}, {"language": "FA", "body": "[' \u0634\u0645\u0627 \u0628\u0631\u0627\u06cc \u0645\u0633\u0627\u0641\u0631 #PASSENGER_NAME# \u062f\u0631 #BOOKING_DATE# \u0631\u0632\u0631\u0648 # #PASSENGER_NAME# #BOOKING_DATE# \u0628\u0631\u0627\u06cc \u0631\u0632\u0631\u0648 # #PASSENGER_NAME# \u0631\u0632\u0631\u0648 \u062f\u0627\u0631\u06cc\u062f.']"}, {"language": "MY", "body": "[' \u101e\u1004\u103b\u101e\u100a\u103b\u1001\u101b\u102e\u1038\u101e\u100a\u103a\u1010\u1005\u103a\u1018\u103d\u1010\u103a\u1000\u1004\u103a\u1019\u103b\u102c\u1038 #PASSENGER_NAME# \u1021\u1015\u1031\u102b\u103a #BOOKING_DATE# \u1019\u103e\u102c #BOOKING_DATE# booking \u1019\u103b\u102c\u1038\u1021\u1010\u103d\u1000\u103a # #PASSENGER_NAME# \u104b']"}, {"language": "HI", "body": "[' \u0906\u092a \u0915\u0947 \u0932\u093f\u090f \u092f\u093e\u0924\u094d\u0930\u0940 \u090f\u0915 \u092c\u0941\u0915\u093f\u0902\u0917 \u0930\u093e\u0936\u093f #PASSENGER_NAME# \u092a\u0930 #BOOKING_DATE# \u092a\u0930 #BOOKING_DATE# \u0915\u0947 \u0932\u093f\u090f \u0906\u0930\u0915\u094d\u0937\u0923 # #PASSENGER_NAME# \u0964']"}, {"language": "IW", "body": "[' \u05d9\u05e9 \u05dc\u05da \u05d4\u05d6\u05de\u05e0\u05d4 \u05e2\u05d1\u05d5\u05e8 \u05d4\u05e0\u05d5\u05e1\u05e2 #PASSENGER_NAME# \u05d1\u05ea\u05d0\u05e8\u05d9\u05da #BOOKING_DATE# \u05d1\u05e9\u05e2\u05d4 #BOOKING_DATE# \u05dc\u05d4\u05d6\u05de\u05e0\u05d4 # #PASSENGER_NAME# .']"}, {"language": "FR", "body": "[' Vous avez une r\u00e9servation pour le passager #PASSENGER_NAME# au #BOOKING_DATE# \u00e0 #BOOKING_DATE# pour la r\u00e9servation # #PASSENGER_NAME# .']"}, {"language": "DA", "body": "[' Du har en reservation for passager #PASSENGER_NAME# p\u00e5 #BOOKING_DATE# p\u00e5 #BOOKING_DATE# for Booking # #PASSENGER_NAME# .']"}]}