{"purpose": "Emergency SMS to User", "template_id": "EMERGENCY_SMS_FOR_USER_DELIVERY", "templates": [{"language": "AF", "body": "[' Belangrik: #PassengerName# ( #PassengerPhone# ) het via u bereik via #SITE_NAME# SOS. Bring asseblief dringend na hom / haar uit. Die besonderhede van die aflewering is: Afleweringstyd: #SITE_NAME# . Tel op van: #Saddress# . Afleweringsbestuurdernaam: #DriverName# . Afleweringsbestuurdernommer :( #DriverPhone# ). Afleweringsbestuurder se motornommer: #LicencePlate#']"}, {"language": "EN", "body": "[\" Important: #PassengerName# (#PassengerPhone#) has reached out to you via #SITE_NAME# SOS. Please reach out to him/her urgently. The details of the delivery are: Delivery start time: #StartDate#. Pick up from: #Saddress#. Delivery Driver name: #DriverName#. Delivery Driver number:(#DriverPhone#). Delivery Driver's car number: #LicencePlate#\"]"}, {"language": "TH", "body": "[' \u0e2a\u0e33\u0e04\u0e31\u0e0d: #PassengerName# ( #PassengerPhone# ) \u0e2a\u0e48\u0e07\u0e16\u0e36\u0e07\u0e04\u0e38\u0e13\u0e1c\u0e48\u0e32\u0e19 #SITE_NAME# SOS \u0e01\u0e23\u0e38\u0e13\u0e32\u0e15\u0e34\u0e14\u0e15\u0e48\u0e2d\u0e01\u0e31\u0e1a\u0e40\u0e02\u0e32 / \u0e40\u0e18\u0e2d\u0e2d\u0e22\u0e48\u0e32\u0e07\u0e40\u0e23\u0e48\u0e07\u0e14\u0e48\u0e27\u0e19 \u0e23\u0e32\u0e22\u0e25\u0e30\u0e40\u0e2d\u0e35\u0e22\u0e14\u0e02\u0e2d\u0e07\u0e01\u0e32\u0e23\u0e08\u0e31\u0e14\u0e2a\u0e48\u0e07\u0e04\u0e37\u0e2d: \u0e40\u0e27\u0e25\u0e32\u0e40\u0e23\u0e34\u0e48\u0e21\u0e08\u0e31\u0e14\u0e2a\u0e48\u0e07: #SITE_NAME# \u0e40\u0e25\u0e37\u0e2d\u0e01\u0e08\u0e32\u0e01: #Saddress# \u0e0a\u0e37\u0e48\u0e2d\u0e44\u0e14\u0e23\u0e4c\u0e40\u0e27\u0e2d\u0e23\u0e4c\u0e01\u0e32\u0e23\u0e08\u0e31\u0e14\u0e2a\u0e48\u0e07: #DriverName# \u0e2b\u0e21\u0e32\u0e22\u0e40\u0e25\u0e02\u0e44\u0e14\u0e23\u0e40\u0e27\u0e2d\u0e23\u0e4c\u0e01\u0e32\u0e23\u0e08\u0e31\u0e14\u0e2a\u0e48\u0e07 :( #DriverPhone# ) \u0e2b\u0e21\u0e32\u0e22\u0e40\u0e25\u0e02\u0e23\u0e16\u0e22\u0e19\u0e15\u0e4c\u0e02\u0e2d\u0e07\u0e04\u0e19\u0e02\u0e31\u0e1a\u0e23\u0e16\u0e08\u0e31\u0e14\u0e2a\u0e48\u0e07: #LicencePlate#']"}, {"language": "ID", "body": "[' Penting: #PassengerName# ( #PassengerPhone# ) telah menghubungi Anda melalui #SITE_NAME# SOS. Mohon segera hubungi dia. Detail pengiriman adalah: Waktu mulai pengiriman: #SITE_NAME# . Ambil dari: #Saddress# . Nama Pengemudi Pengiriman: #DriverName# . Nomor Pengemudi Pengiriman :( #DriverPhone# ). Nomor mobil Pengemudi Pengiriman: #LicencePlate#']"}, {"language": "DE", "body": "[' Wichtig: #PassengerName# ( #PassengerPhone# ) hat Sie \u00fcber #SITE_NAME# SOS an Sie #SITE_NAME# . Bitte rufen Sie ihn dringend an. Die Details der Lieferung sind: Lieferungsstartzeit: #SITE_NAME# . #Saddress# von: #Saddress# . Name des Auslieferungstreibers: #DriverName# . Lieferung #DriverPhone# ). Lieferwagennummer des Fahrers: #LicencePlate#']"}, {"language": "ES", "body": "[' Importante: #PassengerName# ( #PassengerPhone# ) se ha comunicado con usted a trav\u00e9s de #SITE_NAME# SOS. Por favor, comun\u00edquese con \u00e9l / ella urgentemente. Los detalles de la entrega son: Hora de inicio de la entrega: #SITE_NAME# . Recoger de: #Saddress# . Nombre del controlador de entrega: #DriverName# . N\u00famero de controlador de entrega :( #DriverPhone# ). N\u00famero de veh\u00edculo del conductor de entrega: #LicencePlate#']"}, {"language": "IT", "body": "[' Importante: #PassengerName# ( #PassengerPhone# ) ti ha raggiunto tramite #SITE_NAME# SOS. Per favore, contattalo con urgenza. I dettagli della consegna sono: Ora di inizio consegna: #SITE_NAME# . #Saddress# da: #Saddress# . Nome del driver di consegna: #DriverName# . Numero del driver di consegna :( #DriverPhone# ). Consegna Numero di autista: #LicencePlate#']"}, {"language": "AR", "body": "[' \u0647\u0627\u0645: \u0648\u0635\u0644 #PassengerName# ( #PassengerPhone# ) \u0625\u0644\u064a\u0643 \u0639\u0628\u0631 #SITE_NAME# SOS. \u064a\u0631\u062c\u0649 \u0627\u0644\u062a\u0648\u0627\u0635\u0644 \u0645\u0639\u0647 \u0639\u0644\u0649 \u0648\u062c\u0647 \u0627\u0644\u0633\u0631\u0639\u0629. \u062a\u0641\u0627\u0635\u064a\u0644 \u0627\u0644\u062a\u0633\u0644\u064a\u0645 \u0647\u064a: \u0648\u0642\u062a \u0628\u062f\u0621 \u0627\u0644\u062a\u0633\u0644\u064a\u0645: #SITE_NAME# . \u0627\u0644\u062a\u0642\u0637 \u0645\u0646: #Saddress# . \u0627\u0633\u0645 \u0628\u0631\u0646\u0627\u0645\u062c \u0627\u0644\u062a\u0633\u0644\u064a\u0645: #DriverName# . \u0631\u0642\u0645 \u0628\u0631\u0646\u0627\u0645\u062c \u0627\u0644\u062a\u0633\u0644\u064a\u0645 :( #DriverPhone# ). \u0631\u0642\u0645 \u0633\u064a\u0627\u0631\u0629 \u0633\u0627\u0626\u0642 \u0627\u0644\u062a\u0633\u0644\u064a\u0645: #LicencePlate#']"}, {"language": "UR", "body": "[' \u0627\u06c1\u0645: #PassengerName# #SITE_NAME# SOS \u06a9\u06d2 \u0630\u0631\u06cc\u0639\u06c1 #PassengerName# ( #PassengerPhone# ) \u0622\u067e \u06a9\u06d2 \u067e\u0627\u0633 \u067e\u06c1\u0646\u0686 \u06af\u06cc\u0627 \u06c1\u06d2. \u0628\u0631\u0627\u06c1 \u06a9\u0631\u0645 \u0627\u0646 \u0633\u06d2 \u0641\u0648\u0631\u06cc \u0637\u0648\u0631 \u067e\u0631 \u067e\u06c1\u0646\u0686 \u062c\u0627\u0624. \u062a\u0631\u0633\u06cc\u0644 \u06a9\u06cc \u062a\u0641\u0635\u06cc\u0644\u0627\u062a \u06cc\u06c1 \u06c1\u06cc\u06ba: \u062a\u0631\u0633\u06cc\u0644 \u0634\u0631\u0648\u0639 \u0648\u0642\u062a: #SITE_NAME# . \u0633\u06d2 \u0627\u0679\u06be\u0627\u0648: #Saddress# . \u0688\u0644\u06cc\u0648\u0631\u06cc \u0688\u0631\u0627\u0626\u06cc\u0648\u0631 \u06a9\u0627 \u0646\u0627\u0645: #DriverName# \u0688\u0631\u0627\u0626\u06cc\u0648\u0631 \u0646\u0627\u0645 #DriverName# . \u0688\u0644\u06cc\u0648\u0631\u06cc \u0688\u0631\u0627\u0626\u06cc\u0648\u0631 \u0646\u0645\u0628\u0631 :( #DriverPhone# \u0688\u0631\u0627\u0626\u06cc\u0648\u0631 #DriverPhone# ). \u0688\u0644\u06cc\u0648\u0631\u06cc \u0688\u0631\u0627\u0626\u06cc\u0648\u0631 \u06a9\u06cc \u06a9\u0627\u0631 \u0646\u0645\u0628\u0631: #LicencePlate#']"}, {"language": "AZ", "body": "[' \u00d6nemli: #PassengerName# ( #PassengerPhone# ) #SITE_NAME# SOS vasit\u0259sil\u0259 siz\u0259 \u00e7atd\u0131. Xahi\u015f edirik ona t\u0259cili m\u00fcraci\u0259t edin. T\u0259chizat\u0131n t\u0259f\u0259rr\u00fcatlar\u0131 a\u015fa\u011f\u0131dak\u0131lard\u0131r: \u00c7atd\u0131r\u0131lma ba\u015flama vaxt\u0131: #SITE_NAME# . #Saddress# : #Saddress# . \u00c7atd\u0131r\u0131lma s\u00fcr\u00fcc\u00fcs\u00fc ad\u0131: #DriverName# . \u00c7atd\u0131r\u0131lma S\u00fcr\u00fcc\u00fc n\u00f6mr\u0259si :( #DriverPhone# ). \u00c7atd\u0131r\u0131lma s\u00fcr\u00fcc\u00fcn\u00fcn avtomobil n\u00f6mr\u0259si: #LicencePlate#']"}, {"language": "ZH", "body": "[' \u91cd\u8981\u63d0\u793a\uff1a #PassengerName# \uff08 #PassengerPhone# \uff09\u5df2\u901a\u8fc7#SITE_NAME# SOS\u4e0e\u60a8\u8054\u7cfb\u3002\u8bf7\u7d27\u6025\u8054\u7cfb\u4ed6/\u5979\u3002\u4ea4\u4ed8\u7684\u8be6\u7ec6\u4fe1\u606f\u5982\u4e0b\uff1a\u4ea4\u4ed8\u5f00\u59cb\u65f6\u95f4\uff1a #SITE_NAME# \u3002\u9009\u62e9\uff1a #Saddress# \u3002\u4ea4\u4ed8\u9a71\u52a8\u7a0b\u5e8f\u540d\u79f0\uff1a #DriverName# \u3002\u9001\u8d27\u53f8\u673a\u53f7\u7801\uff1a\uff08 #DriverPhone# \uff09\u3002\u9001\u8d27\u53f8\u673a\u7684\u8f66\u53f7\uff1a #LicencePlate#']"}, {"language": "PT", "body": "[' Importante: #PassengerName# ( #PassengerPhone# ) entrou em contato com voc\u00ea por meio do #SITE_NAME# SOS. Por favor, entre em contato com ele com urg\u00eancia. Os detalhes da entrega s\u00e3o: Hor\u00e1rio de in\u00edcio da entrega: #SITE_NAME# . Pegue a partir de: #Saddress# . Nome do driver de entrega: #DriverName# . N\u00famero do driver de entrega :( #DriverPhone# ). N\u00famero do carro do motorista: #LicencePlate#']"}, {"language": "ZU", "body": "[' Okubalulekile: #PassengerName# ( #PassengerPhone# ) lifinyelele kuwe nge #SITE_NAME# SOS. Sicela uphumelele kuye / ngokuphuthumayo. Imininingwane yokulethwa yiyo: Isikhathi sokuqala sokuletha: #SITE_NAME# . Thatha kusuka: #Saddress# . Igama #DriverName# : #DriverName# . Inombolo #DriverPhone# : #DriverPhone# ). Inombolo yemoto #LicencePlate# : #LicencePlate#']"}, {"language": "SW", "body": "[' Muhimu: #PassengerName# ( #PassengerPhone# ) imefikia kwako kupitia #SITE_NAME# SOS. Tafadhali pata naye kwa haraka. Maelezo ya utoaji ni: Utoaji wa kuanza wakati: #SITE_NAME# . #Saddress# kutoka: #Saddress# . Jina la Dereva la utoaji: #DriverName# . Nambari ya Dereva ya Utoaji: #DriverPhone# ). Nambari ya gari ya dereva wa utoaji: #LicencePlate#']"}, {"language": "KU", "body": "[' Gir\u00eeng: #PassengerName# ( #PassengerPhone# ) bi #SITE_NAME# SOS ve #SITE_NAME# we hat\u00ee. Ji kerema xwe bigih\u00eejin w\u00ee / her w\u00ea bigih\u00eeje. Agahdariy\u00ean ji bo hilber\u00een\u00ea: #SITE_NAME# destp\u00eak\u00ea: #SITE_NAME# . Ji hilbij\u00eare: #Saddress# . #DriverName# Name: #DriverName# . #DriverPhone# ). Delivery number: #LicencePlate#']"}, {"language": "MS", "body": "[' Penting: #PassengerName# ( #PassengerPhone# ) telah menghubungi anda melalui #SITE_NAME# SOS. Sila hubungi dia dengan segera. Butiran penghantaran adalah: Masa mula penghantaran: #SITE_NAME# . Angkat dari: #Saddress# . Penghantaran Nama pemandu: #DriverName# . Nombor Pemandu Penghantaran: ( #DriverPhone# ). Nombor kereta pemandu penghantaran: #LicencePlate#']"}, {"language": "SI", "body": "[' \u0dc0\u0dd0\u0daf\u0d9c\u0dad\u0dca: #PassengerName# ( #PassengerPhone# ) \u0d94\u0db6\u0da7 #SITE_NAME# SOS \u0dc4\u0dbb\u0dc4\u0dcf \u0d94\u0db6 \u0dc0\u0dd9\u0dad \u0dc5\u0d9f\u0dcf \u0dc0\u0dd3 \u0d87\u0dad. \u0d9a\u0dbb\u0dd4\u0dab\u0dcf\u0d9a\u0dbb \u0d94\u0dc4\u0dd4\u0da7 / \u0d87\u0dba\u0da7 \u0dc0\u0dc4\u0dcf\u0db8 \u0db4\u0dd2\u0dc0\u0dd2\u0dc3\u0dd9\u0db1\u0dca\u0db1. \u0db6\u0dd9\u0daf\u0dcf \u0dc4\u0dd0\u0dbb\u0dd3\u0db8\u0dda \u0dc0\u0dd2\u0dc3\u0dca\u0dad\u0dbb: \u0dc3\u0dd0\u0db4\u0dba\u0dd4\u0db8\u0dca \u0d86\u0dbb\u0db8\u0dca\u0db7\u0d9a \u0dc0\u0dda\u0dbd\u0dcf\u0dc0: #SITE_NAME# . #Saddress# . Delivery Driver #DriverName# : #DriverName# . \u0dc3\u0dd0\u0db4\u0dba\u0dd4\u0db8\u0dca \u0dbb\u0dd2\u0dba\u0daf\u0dd4\u0dbb\u0dd4 \u0d85\u0d82\u0d9a\u0dba :( #DriverPhone# ). \u0db6\u0dd9\u0daf\u0dcf\u0dc4\u0dd0\u0dbb\u0dd3\u0db8\u0dda \u0dbb\u0dd2\u0dba\u0daf\u0dd4\u0dbb\u0dd4 \u0d9a\u0dcf\u0dbb\u0dca \u0d85\u0d82\u0d9a\u0dba: #LicencePlate#']"}, {"language": "TA", "body": "[' \u0bae\u0bc1\u0b95\u0bcd\u0b95\u0bbf\u0baf\u0bae\u0bbe\u0ba9: #PassengerName# #SITE_NAME# SOS \u0bb5\u0bb4\u0bbf\u0baf\u0bbe\u0b95 #SITE_NAME# #PassengerPhone# #PassengerName# ( #PassengerPhone# ) \u0b89\u0b99\u0bcd\u0b95\u0bb3\u0bbf\u0b9f\u0bae\u0bcd \u0bb5\u0ba8\u0bcd\u0ba4\u0bc1\u0bb3\u0bcd\u0bb3\u0ba4\u0bc1. \u0b85\u0bb5\u0bb0\u0bc8 \u0b85\u0bb5\u0b9a\u0bb0 \u0b85\u0bb5\u0b9a\u0bb0\u0bae\u0bbe\u0b95 \u0b85\u0b9f\u0bc8\u0baf\u0bc1\u0b99\u0bcd\u0b95\u0bb3\u0bcd. \u0bb5\u0bbf\u0ba8\u0bbf\u0baf\u0bcb\u0b95 \u0bb5\u0bbf\u0bb5\u0bb0\u0b99\u0bcd\u0b95\u0bb3\u0bcd: \u0b9f\u0bc6\u0bb2\u0bbf\u0bb5\u0bb0\u0bbf \u0ba4\u0bca\u0b9f\u0b95\u0bcd\u0b95 \u0ba8\u0bc7\u0bb0\u0bae\u0bcd: #SITE_NAME# . \u0b87\u0bb0\u0bc1\u0ba8\u0bcd\u0ba4\u0bc1 \u0b8e\u0b9f\u0bc1: #Saddress# . \u0b9f\u0bc6\u0bb2\u0bbf\u0bb5\u0bb0\u0bbf \u0b9f\u0bbf\u0bb0\u0bc8\u0bb5\u0bb0\u0bcd \u0baa\u0bc6\u0baf\u0bb0\u0bcd: #DriverName# . \u0b9f\u0bc6\u0bb2\u0bbf\u0bb5\u0bb0\u0bbf \u0b9f\u0bbf\u0bb0\u0bc8\u0bb5\u0bb0\u0bcd \u0b8e\u0ba3\u0bcd :( #DriverPhone# ). \u0b9f\u0bc6\u0bb2\u0bbf\u0bb5\u0bb0\u0bbf \u0b9f\u0bbf\u0bb0\u0bc8\u0bb5\u0bb0\u0bcd \u0b95\u0bbe\u0bb0\u0bcd \u0b8e\u0ba3\u0bcd: #LicencePlate#']"}, {"language": "VI", "body": "[' Quan tr\u1ecdng: #PassengerName# ( #PassengerPhone# ) \u0111\u00e3 li\u00ean h\u1ec7 v\u1edbi b\u1ea1n qua #SITE_NAME# SOS. H\u00e3y li\u00ean h\u1ec7 v\u1edbi anh \u1ea5y / c\u00f4 \u1ea5y kh\u1ea9n tr\u01b0\u01a1ng. Chi ti\u1ebft v\u1ec1 vi\u1ec7c giao h\u00e0ng l\u00e0: Th\u1eddi gian b\u1eaft \u0111\u1ea7u giao h\u00e0ng: #SITE_NAME# . Nh\u1eadn t\u1eeb: #Saddress# . T\u00ean t\u00e0i x\u1ebf giao h\u00e0ng: #DriverName# . S\u1ed1 t\u00e0i x\u1ebf giao h\u00e0ng :( #DriverPhone# ). S\u1ed1 xe c\u1ee7a t\u00e0i x\u1ebf giao h\u00e0ng: #LicencePlate#']"}, {"language": "TL", "body": "[' Mahalaga: Naabot ka ng #PassengerName# ( #PassengerPhone# ) sa pamamagitan ng #SITE_NAME# SOS. Mangyaring makipag-ugnayan sa kanya nang mapilit. Ang mga detalye ng paghahatid ay: Oras ng pagsisimula ng paghahatid: #SITE_NAME# . Kunin mula sa: #Saddress# . Pangalan ng driver ng paghahatid: #DriverName# . Numero ng Paghahatid ng Driver: ( #DriverPhone# ). Numero ng kotse ng paghahatid ng Driver: #LicencePlate#']"}, {"language": "KM", "body": "[' \u179f\u17c6\u1781\u17b6\u1793\u17cb: #PassengerName# ( #PassengerPhone# ) \u1794\u17b6\u1793\u1791\u17b6\u1780\u17cb\u1791\u1784\u1798\u1780\u17a2\u17d2\u1793\u1780\u178f\u17b6\u1798\u179a\u1799\u17c7 #SITE_NAME# SOS \u17d4 \u179f\u17bc\u1798\u1791\u17b6\u1780\u17cb\u1791\u1784\u1798\u1780\u1782\u17b6\u178f\u17cb\u1787\u17b6\u1794\u1793\u17d2\u1791\u17b6\u1793\u17cb\u17d4 \u1796\u17d0\u178f\u17cc\u1798\u17b6\u1793\u179b\u1798\u17d2\u17a2\u17b7\u178f\u1793\u17c3\u1780\u17b6\u179a\u178a\u17b9\u1780\u1787\u1789\u17d2\u1787\u17bc\u1793\u1798\u17b6\u1793: \u1796\u17c1\u179b\u179c\u17c1\u179b\u17b6\u1785\u17b6\u1794\u17cb\u1795\u17d2\u178f\u17be\u1798\u178a\u17b9\u1780\u1787\u1789\u17d2\u1787\u17bc\u1793: #SITE_NAME# \u17d4 \u1787\u17d2\u179a\u17be\u179f\u1799\u1780\u1796\u17b8: #Saddress# \u17d4 \u1788\u17d2\u1798\u17c4\u17c7\u1780\u1798\u17d2\u1798\u179c\u17b7\u1792\u17b8\u1794\u1789\u17d2\u1787\u17b6\u178a\u17b9\u1780\u1787\u1789\u17d2\u1787\u17bc\u1793: #DriverName# \u17d4 \u179b\u17c1\u1781\u1794\u1789\u17d2\u1787\u17bc\u1793\u1780\u17b6\u179a\u178a\u17b9\u1780\u1787\u1789\u17d2\u1787\u17bc\u1793 :( #DriverPhone# ) \u17d4 \u179b\u17c1\u1781\u179a\u1790\u1799\u1793\u17d2\u178f\u179a\u1794\u179f\u17cb\u17a2\u17d2\u1793\u1780\u1794\u17be\u1780\u1794\u179a\u178a\u17b9\u1780\u1787\u1789\u17d2\u1787\u17bc\u1793: #LicencePlate#']"}, {"language": "BN", "body": "[' \u0997\u09c1\u09b0\u09c1\u09a4\u09cd\u09ac\u09aa\u09c2\u09b0\u09cd\u09a3: #PassengerName# ( #PassengerPhone# ) #SITE_NAME# SOS \u098f\u09b0 \u09ae\u09be\u09a7\u09cd\u09af\u09ae\u09c7 \u0986\u09aa\u09a8\u09be\u09b0 \u0995\u09be\u099b\u09c7 \u09aa\u09cc\u0981\u099b\u09c7\u099b\u09c7\u0964 \u0985\u09a8\u09c1\u0997\u09cd\u09b0\u09b9\u09aa\u09c2\u09b0\u09cd\u09ac\u0995 \u09a4\u09be\u0995\u09c7 / \u09a4\u09be\u09b0 \u09b8\u09be\u09a5\u09c7 \u09af\u09cb\u0997\u09be\u09af\u09cb\u0997 \u0995\u09b0\u09c1\u09a8\u0964 \u09a1\u09c7\u09b2\u09bf\u09ad\u09be\u09b0\u09bf \u09ac\u09bf\u09b8\u09cd\u09a4\u09be\u09b0\u09bf\u09a4: \u09a1\u09c7\u09b2\u09bf\u09ad\u09be\u09b0\u09bf \u09b6\u09c1\u09b0\u09c1 \u09b8\u09ae\u09af\u09bc: #SITE_NAME# \u0964 \u09a5\u09c7\u0995\u09c7 #Saddress# : #Saddress# \u0964 \u09a1\u09c7\u09b2\u09bf\u09ad\u09be\u09b0\u09bf \u09a1\u09cd\u09b0\u09be\u0987\u09ad\u09be\u09b0 \u09a8\u09be\u09ae: #DriverName# \u09a1\u09cd\u09b0\u09be\u0987\u09ad\u09be\u09b0 \u09a8\u09be\u09ae #DriverName# \u0964 \u09a1\u09c7\u09b2\u09bf\u09ad\u09be\u09b0\u09bf \u09a1\u09cd\u09b0\u09be\u0987\u09ad\u09be\u09b0 \u09a8\u09ae\u09cd\u09ac\u09b0 :( #DriverPhone# \u09a1\u09cd\u09b0\u09be\u0987\u09ad\u09be\u09b0\u09ab\u09cb\u09a8 #DriverPhone# )\u0964 \u09a1\u09c7\u09b2\u09bf\u09ad\u09be\u09b0\u09bf \u099a\u09be\u09b2\u0995\u09c7\u09b0 \u0997\u09be\u09a1\u09bc\u09bf \u09a8\u09ae\u09cd\u09ac\u09b0: #LicencePlate#']"}, {"language": "JA", "body": "[' \u91cd\u8981\uff1a #PassengerName# #PassengerPhone#\u3092\u7d4c\u7531\u3057\u3066\u3042\u306a\u305f\u306b\u624b\u3092\u4f38\u3070\u3057\u305f#SITE_NAME# SOS\u3002\u81f3\u6025\u624b\u3092\u5dee\u3057\u4f38\u3079\u3066\u304f\u3060\u3055\u3044\u3002\u914d\u9054\u306e\u8a73\u7d30\u306f\u6b21\u306e\u3068\u304a\u308a\u3067\u3059\u3002\u914d\u9054\u958b\u59cb\u6642\u523b\uff1a #SITE_NAME# \u3002\u304b\u3089\u30d4\u30c3\u30af\u30a2\u30c3\u30d7\u3057\u3066\u304f\u3060\u3055\u3044\uff1a #Saddress# \u3002\u914d\u9001\u30c9\u30e9\u30a4\u30d0\u30fc\u540d\uff1a #DriverName# \u3002\u914d\u9054\u30c9\u30e9\u30a4\u30d0\u30fc\u756a\u53f7\uff1a\uff08 #DriverPhone# \uff09\u3002\u914d\u9054\u30c9\u30e9\u30a4\u30d0\u30fc\u306e\u8eca\u756a\u53f7\uff1a #LicencePlate#']"}, {"language": "KO", "body": "[' \uc911\uc694 : #PassengerName# ( #PassengerPhone# ) \ub2d8\uc774 #SITE_NAME# SOS\ub97c \ud1b5\ud574 \uc5f0\ub77d\uc744 #SITE_NAME# . \uae34\uae09\ud558\uac8c \uc5f0\ub77d\ud558\uc2ed\uc2dc\uc624. \ubc30\ub2ec \uc138\ubd80 \uc815\ubcf4\ub294 \ub2e4\uc74c\uacfc \uac19\uc2b5\ub2c8\ub2e4. \ubc30\ub2ec \uc2dc\uc791 \uc2dc\uac04 : #SITE_NAME# . \ud53d\uc5c5 : #Saddress# . \ubc30\ub2ec \ub4dc\ub77c\uc774\ubc84 \uc774\ub984 : #DriverName# . \ubc30\ub2ec \ub4dc\ub77c\uc774\ubc84 \ubc88\ud638 :( #DriverPhone# ). \ubc30\ub2ec \ub4dc\ub77c\uc774\ubc84\uc758 \uc790\ub3d9\ucc28 \ubc88\ud638 : #LicencePlate#']"}, {"language": "YO", "body": "[' P\u00e0t\u00e0k\u00ec: #PassengerName# #PassengerPhone# #SITE_NAME# Jowo de \u1ecdd\u1ecd r\u1eb9 / ni kiakia. Aw\u1ecdn alaye ti ifiji\u1e63\u1eb9 ni: Akoko ib\u1eb9r\u1eb9 akoko: #SITE_NAME# . Gbe soke lati: #Saddress# . Ilana igbim\u1ecd Ilana: #DriverName# . Ilana Awak\u1ecd Ifiji\u1e63\u1eb9 :( #DriverPhone# ). Ipele \u1ecdk\u1ecd ay\u1ecdk\u1eb9l\u1eb9 Ifiji\u1e63\u1eb9: #LicencePlate#']"}, {"language": "TR", "body": "[' \u00d6nemli: #PassengerName# ( #PassengerPhone# ) #SITE_NAME# SOS \u00fczerinden size ula\u015ft\u0131. L\u00fctfen acilen ona ula\u015f\u0131n\u0131z. Teslimat\u0131n detaylar\u0131: Teslimat ba\u015flang\u0131\u00e7 zaman\u0131: #SITE_NAME# . #Saddress# : #Saddress# . Teslim S\u00fcr\u00fcc\u00fc ad\u0131: #DriverName# . Teslim S\u00fcr\u00fcc\u00fc numaras\u0131 :( #DriverPhone# ). Teslimat S\u00fcr\u00fcc\u00fcs\u00fcn\u00fcn araba numaras\u0131: #LicencePlate#']"}, {"language": "RU", "body": "[' \u0412\u0430\u0436\u043d\u043e: #PassengerName# ( #PassengerPhone# ) #SITE_NAME# \u043a \u0432\u0430\u043c \u0447\u0435\u0440\u0435\u0437 #SITE_NAME# SOS. \u041f\u043e\u0436\u0430\u043b\u0443\u0439\u0441\u0442\u0430, \u043e\u0431\u0440\u0430\u0442\u0438\u0442\u0435\u0441\u044c \u043a \u043d\u0435\u043c\u0443 / \u043d\u0435\u0439 \u0441\u0440\u043e\u0447\u043d\u043e. \u0414\u0435\u0442\u0430\u043b\u0438 \u0434\u043e\u0441\u0442\u0430\u0432\u043a\u0438: \u0412\u0440\u0435\u043c\u044f \u043d\u0430\u0447\u0430\u043b\u0430 \u0434\u043e\u0441\u0442\u0430\u0432\u043a\u0438: #SITE_NAME# . \u0412\u043e\u0437\u044c\u043c\u0438\u0442\u0435 \u0438\u0437: #Saddress# . \u0418\u043c\u044f \u0434\u0440\u0430\u0439\u0432\u0435\u0440\u0430 \u0434\u043e\u0441\u0442\u0430\u0432\u043a\u0438: #DriverName# . \u041d\u043e\u043c\u0435\u0440 \u0434\u0440\u0430\u0439\u0432\u0435\u0440\u0430 \u0434\u043e\u0441\u0442\u0430\u0432\u043a\u0438 :( #DriverPhone# ). \u0414\u043e\u0441\u0442\u0430\u0432\u043a\u0430 \u0412\u043e\u0434\u0438\u0442\u0435\u043b\u044c\u0441\u043a\u0438\u0439 \u043d\u043e\u043c\u0435\u0440 \u0430\u0432\u0442\u043e\u043c\u043e\u0431\u0438\u043b\u044f: #LicencePlate#']"}, {"language": "FA", "body": "[' \u0645\u0647\u0645: #PassengerName# ( #PassengerPhone# ) \u0627\u0632 \u0637\u0631\u06cc\u0642 #SITE_NAME# SOS \u0628\u0647 \u0634\u0645\u0627 \u0631\u0633\u06cc\u062f\u0647 \u0627\u0633\u062a. \u0644\u0637\u0641\u0627 \u0628\u0647 \u0627\u0648 \u0641\u0648\u0631\u0627 \u0631\u0633\u06cc\u062f\u06af\u06cc \u06a9\u0646\u06cc\u062f. \u062c\u0632\u0626\u06cc\u0627\u062a \u062a\u062d\u0648\u06cc\u0644: \u0632\u0645\u0627\u0646 \u0634\u0631\u0648\u0639 \u062a\u062d\u0648\u06cc\u0644: #SITE_NAME# . \u0628\u0644\u0646\u062f \u06a9\u0631\u062f\u0646 \u0627\u0632: #Saddress# . \u0646\u0627\u0645 \u062f\u0631\u0627\u06cc\u0648\u0631 \u062a\u062d\u0648\u06cc\u0644: #DriverName# . \u0634\u0645\u0627\u0631\u0647 \u0631\u0627\u0646\u0646\u062f\u0647 \u062a\u062d\u0648\u06cc\u0644 :( #DriverPhone# ). \u0634\u0645\u0627\u0631\u0647 \u0631\u0627\u0646\u0646\u062f\u0647 \u062a\u062d\u0648\u06cc\u0644: #LicencePlate#']"}, {"language": "MY", "body": "[' \u1021\u101b\u1031\u1038\u1000\u103c\u102e\u1038: #PassengerName# ( #PassengerPhone# ) \u1019\u103e\u1010\u1006\u1004\u103a\u1037\u101e\u1004\u103a\u1000\u1011\u103d\u1000\u103a\u101b\u1031\u102c\u1000\u103a\u101b\u103e\u102d\u1014\u1031\u1015\u103c\u102e\u1016\u103c\u1005\u103a\u1015\u102b\u1010\u101a\u103a #SITE_NAME# \u1021\u101b\u1031\u1038\u1015\u1031\u102b\u103a\u104b \u1021\u101b\u1031\u1038\u1010\u1000\u103c\u102e\u1038\u101e\u1030\u1037\u1000\u102d\u102f / \u101e\u1030\u1019\u104f\u1011\u103d\u1000\u103a\u101b\u1031\u102c\u1000\u103a\u101b\u103e\u102d\u1015\u1031\u1038\u1015\u102b\u104b \u1021\u1006\u102d\u102f\u1015\u102b\u1015\u1031\u1038\u1015\u102d\u102f\u1037\u1019\u103b\u102c\u1038\u104f\u1021\u101e\u1031\u1038\u1005\u102d\u1010\u103a\u1021\u1001\u103b\u1000\u103a\u1021\u101c\u1000\u103a\u1019\u103b\u102c\u1038\u1000\u102d\u102f\u1016\u103c\u1005\u103a\u1000\u103c\u101e\u100a\u103a: Delivery \u1021\u1001\u103b\u102d\u1014\u103a start #SITE_NAME# \u104b : \u1000\u1014\u1031\u1010\u1000\u103a Pick #Saddress# \u104b Delivery \u101a\u102c\u1009\u103a\u1019\u1031\u102c\u1004\u103a\u1038\u1021\u1019\u100a\u103a: #DriverName# \u104b Delivery \u101a\u102c\u1009\u103a\u1019\u1031\u102c\u1004\u103a\u1038\u1021\u101b\u1031\u1021\u1010\u103d\u1000\u103a\u101e\u100a\u103a :( #DriverPhone# ) \u104b Delivery \u101a\u102c\u1009\u103a\u1019\u1031\u102c\u1004\u103a\u1038\u101b\u1032\u1037\u1000\u102c\u1038\u1014\u1036\u1015\u102b\u1010\u103a: #LicencePlate#']"}, {"language": "HI", "body": "[' \u092e\u0939\u0924\u094d\u0935\u092a\u0942\u0930\u094d\u0923: #PassengerName# ( #PassengerPhone# ) #SITE_NAME# \u090f\u0938\u0913\u090f\u0938 \u0915\u0947 \u092e\u093e\u0927\u094d\u092f\u092e \u0938\u0947 \u0906\u092a \u0924\u0915 \u092a\u0939\u0941\u0902\u091a\u093e \u0939\u0948\u0964 \u0915\u0943\u092a\u092f\u093e \u0909\u0938\u0947 / \u0909\u0938\u0915\u0947 \u092a\u093e\u0938 \u0924\u0941\u0930\u0902\u0924 \u092a\u0939\u0941\u0902\u091a\u0947\u0902\u0964 \u0935\u093f\u0924\u0930\u0923 \u0915\u093e \u0935\u093f\u0935\u0930\u0923 \u0907\u0938 \u092a\u094d\u0930\u0915\u093e\u0930 \u0939\u0948: \u0935\u093f\u0924\u0930\u0923 \u092a\u094d\u0930\u093e\u0930\u0902\u092d \u0938\u092e\u092f: #SITE_NAME# \u0964 \u0938\u0947 \u0909\u0920\u093e\u0913: #Saddress# \u0964 \u0921\u093f\u0932\u0940\u0935\u0930\u0940 \u0921\u094d\u0930\u093e\u0907\u0935\u0930 \u0915\u093e \u0928\u093e\u092e: #DriverName# \u0964 \u0935\u093f\u0924\u0930\u0923 \u091a\u093e\u0932\u0915 \u0938\u0902\u0916\u094d\u092f\u093e :( #DriverPhone# )\u0964 \u0921\u093f\u0932\u0940\u0935\u0930\u0940 \u0921\u094d\u0930\u093e\u0907\u0935\u0930 \u0915\u0940 \u0915\u093e\u0930 \u0915\u093e \u0928\u0902\u092c\u0930: #LicencePlate#']"}, {"language": "IW", "body": "[' \u05d7\u05e9\u05d5\u05d1: #PassengerName# ( #PassengerPhone# ) \u05d4\u05d2\u05d9\u05e2 \u05d0\u05dc\u05d9\u05da \u05d3\u05e8\u05da #SITE_NAME# SOS. \u05d0\u05e0\u05d0 \u05e4\u05e0\u05d4 \u05d0\u05dc\u05d9\u05d5 \u05d1\u05d3\u05d7\u05d9\u05e4\u05d5\u05ea. \u05e4\u05e8\u05d8\u05d9 \u05d4\u05de\u05e9\u05dc\u05d5\u05d7 \u05d4\u05dd: \u05d6\u05de\u05df \u05d4\u05ea\u05d7\u05dc\u05ea \u05d0\u05e1\u05e4\u05e7\u05d4: #SITE_NAME# . \u05dc\u05d4\u05e8\u05d9\u05dd \u05de: #Saddress# . \u05e9\u05dd \u05de\u05e0\u05d4\u05dc \u05d4\u05d4\u05ea\u05e7\u05e0\u05d9\u05dd: #DriverName# . \u05de\u05e1\u05e4\u05e8 \u05de\u05e0\u05d4\u05dc \u05de\u05e1\u05d9\u05e8\u05d4: ( #DriverPhone# ). \u05de\u05e1\u05e4\u05e8 \u05d4\u05de\u05db\u05d5\u05e0\u05d9\u05ea \u05e9\u05dc \u05d4\u05e0\u05d4\u05d2: #LicencePlate#']"}, {"language": "FR", "body": "[\" Important: #PassengerName# ( #PassengerPhone# ) vous a contact\u00e9 via #SITE_NAME# SOS. S'il vous pla\u00eet tendre la main \u00e0 lui / elle de toute urgence. Les d\u00e9tails de la livraison sont les suivants: Heure de d\u00e9but de la livraison: #SITE_NAME# . Pick up from: #Saddress# . Nom du pilote de livraison: #DriverName# . Num\u00e9ro de livreur #DriverPhone# ( #DriverPhone# ). Num\u00e9ro de voiture du #LicencePlate# : #LicencePlate#\"]"}, {"language": "DA", "body": "[' Vigtigt: #PassengerName# ( #PassengerPhone# ) er n\u00e5et til dig via #SITE_NAME# SOS. Kontakt venligst ham / hende straks. Leveringsdetaljerne er: Leveringstid: #SITE_NAME# . #Saddress# op fra: #Saddress# . Leveringsdrivernavn: #DriverName# . Leveringsdrivernummer :( #DriverPhone# ). Leveringsdriverens bil nummer: #LicencePlate#']"}]}