{"purpose": "To Send Decline Order From Restaurant", "templates": [{"language": "AF", "subject": "Jou bestelling is afgekeur", "body": "[' ', <b>Geagte</b>, ' #USERNAME# , ', <br/>, <br/>, <br/>, ' Restaurant naam #RESTAURANTNAME# het jou bestellingsversoek geweier. Nou is die bestellingbesonderhede. ', <br/>, <br/>, ' ', <b>Bestelnr:</b>, ' #ORDERNO# ', <br/>, <br/>, ' ', <b>Rede:</b>, ' #MSG# ', <br/>, <br/>, <br/>, ' ', <b>Dankie! #MailFooter#</b>]"}, {"language": "EN", "subject": "Your order has been Decline", "body": "[' ', <b>Dear </b>, '#USERNAME#,', <br/>, '\\n', <br/>, '\\n', <br/>, '\\nRestaurant name #RESTAURANTNAME# has declined your order request.Below is the Order details.', <br/>, '\\n', <br/>, '\\n', <b>Order No:</b>, ' #ORDERNO#', <br/>, '\\n', <br/>, '\\n', <b>Reason :</b>, ' #MSG#', <br/>, '\\n', <br/>, '\\n\\n', <br/>, '\\n', <b>\nThanks!  #MailFooter#</b>]"}, {"language": "TH", "subject": "\u0e43\u0e1a\u0e2a\u0e31\u0e48\u0e07\u0e0b\u0e37\u0e49\u0e2d\u0e02\u0e2d\u0e07\u0e04\u0e38\u0e13\u0e16\u0e39\u0e01\u0e1b\u0e0f\u0e34\u0e40\u0e2a\u0e18", "body": "[' ', <b>\u0e40\u0e23\u0e35\u0e22\u0e19</b>, ' #USERNAME# ', <br/>, <br/>, <br/>, ' \u0e0a\u0e37\u0e48\u0e2d\u0e23\u0e49\u0e32\u0e19\u0e2d\u0e32\u0e2b\u0e32\u0e23 #RESTAURANTNAME# \u0e1b\u0e0f\u0e34\u0e40\u0e2a\u0e18\u0e04\u0e33\u0e02\u0e2d\u0e2a\u0e31\u0e48\u0e07\u0e0b\u0e37\u0e49\u0e2d\u0e02\u0e2d\u0e07\u0e04\u0e38\u0e13\u0e14\u0e49\u0e32\u0e19\u0e25\u0e48\u0e32\u0e07\u0e04\u0e37\u0e2d\u0e23\u0e32\u0e22\u0e25\u0e30\u0e40\u0e2d\u0e35\u0e22\u0e14\u0e01\u0e32\u0e23\u0e2a\u0e31\u0e48\u0e07\u0e0b\u0e37\u0e49\u0e2d ', <br/>, <br/>, ' ', <b>\u0e2b\u0e21\u0e32\u0e22\u0e40\u0e25\u0e02\u0e2a\u0e31\u0e48\u0e07\u0e0b\u0e37\u0e49\u0e2d:</b>, ' #ORDERNO# ', <br/>, <br/>, ' ', <b>\u0e40\u0e2b\u0e15\u0e38\u0e1c\u0e25:</b>, ' #MSG# ', <br/>, <br/>, <br/>, ' ', <b>\u0e02\u0e2d\u0e1a\u0e04\u0e38\u0e13! #MailFooter#</b>]"}, {"language": "ID", "subject": "Pesanan Anda telah Ditolak", "body": "[' ', <b>Dear</b>, ' #USERNAME# , ', <br/>, <br/>, <br/>, ' Nama #RESTAURANTNAME# telah menolak permintaan pesanan Anda. Berikut adalah detail Pesanan. ', <br/>, <br/>, ' ', <b>Nomor Pesanan:</b>, ' #ORDERNO# ', <br/>, <br/>, ' ', <b>Alasan:</b>, ' #MSG# ', <br/>, <br/>, <br/>, ' ', <b>Terima kasih! #MailFooter#</b>]"}, {"language": "DE", "subject": "Ihre Bestellung wurde abgelehnt", "body": "[' ', <b>Sehr geehrter</b>, ' #USERNAME# , ', <br/>, <br/>, <br/>, ' Der Restaurantname #RESTAURANTNAME# hat Ihre Bestellanfrage abgelehnt. Unten sind die Bestelldetails. ', <br/>, <br/>, ' #ORDERNO# ', <b>:</b>, ' #ORDERNO# ', <br/>, <br/>, ' ', <b>Grund:</b>, ' #MSG# ', <br/>, <br/>, <br/>, ' ', <b>Vielen Dank! #MailFooter#</b>]"}, {"language": "ES", "subject": "Su pedido ha sido declinado", "body": "[' ', <b>Estimado</b>, ' #USERNAME# , ', <br/>, <br/>, <br/>, ' Nombre del restaurante #RESTAURANTNAME# ha rechazado su solicitud de pedido. A continuaci\u00f3n se muestran los detalles del pedido. ', <br/>, <br/>, ' ', <b>N\u00famero de pedido:</b>, ' #ORDERNO# ', <br/>, <br/>, ' ', <b>Raz\u00f3n:</b>, ' #MSG# ', <br/>, <br/>, <br/>, ' ', <b>\u00a1Gracias! #MailFooter#</b>]"}, {"language": "IT", "subject": "Il tuo ordine \u00e8 stato rifiutato", "body": "[' ', <b>Gentile</b>, ' #USERNAME# , ', <br/>, <br/>, <br/>, \" Il nome del ristorante #RESTAURANTNAME# ha rifiutato la tua richiesta d'ordine. Di seguito sono riportati i dettagli dell'ordine. \", <br/>, <br/>, ' ', <b>N. ordine:</b>, ' #ORDERNO# ', <br/>, <br/>, ' ', <b>Motivo:</b>, ' #MSG# ', <br/>, <br/>, <br/>, ' ', <b>Grazie! #MailFooter#</b>]"}, {"language": "AR", "subject": "\u062a\u0645 \u0631\u0641\u0636 \u0637\u0644\u0628\u0643", "body": "[' ', <b>\u0639\u0632\u064a\u0632\u064a</b>, ' #USERNAME# \u060c ', <br/>, <br/>, <br/>, ' \u0631\u0641\u0636 \u0627\u0633\u0645 \u0627\u0644\u0645\u0637\u0639\u0645 #RESTAURANTNAME# \u0637\u0644\u0628\u0643 \u060c \u0641\u064a\u0645\u0627 \u064a\u0644\u064a \u062a\u0641\u0627\u0635\u064a\u0644 \u0627\u0644\u0637\u0644\u0628. ', <br/>, <br/>, ' ', <b>\u0631\u0642\u0645 \u0627\u0644\u0637\u0644\u0628:</b>, ' #ORDERNO# ', <br/>, <br/>, ' ', <b>\u0627\u0644\u0633\u0628\u0628:</b>, ' #MSG# ', <br/>, <br/>, <br/>, ' ', <b>\u0634\u0643\u0631! #MailFooter#</b>]"}, {"language": "UR", "subject": "\u0622\u067e \u06a9\u0627 \u0622\u0631\u0688\u0631 \u0631\u062f \u06a9\u0631\u062f\u06cc\u0627 \u06af\u06cc\u0627 \u06c1\u06d2", "body": "[' ', <b>\u0645\u062d\u062a\u0631\u0645</b>, ' #USERNAME# \u060c ', <br/>, <br/>, <br/>, ' \u0631\u06cc\u0633\u0679\u0648\u0631\u0627\u0646\u0679 \u06a9\u0627 \u0646\u0627\u0645 #RESTAURANTNAME# \u0646\u06d2 \u0622\u067e \u06a9\u06d2 \u0622\u0631\u0688\u0631 \u06a9\u06cc \u062f\u0631\u062e\u0648\u0627\u0633\u062a \u06a9\u0648 \u0645\u0633\u062a\u0631\u062f \u06a9\u0631 \u062f\u06cc\u0627 \u06c1\u06d2. \u0628\u06cc\u0639\u062a \u0622\u0631\u0688\u0631 \u06a9\u06cc \u062a\u0641\u0635\u06cc\u0644\u0627\u062a \u06c1\u06d2. ', <br/>, <br/>, ' ', <b>\u0622\u0631\u0688\u0631 \u0646\u0645\u0628\u0631:</b>, ' #ORDERNO# ', <br/>, <br/>, ' ', <b>\u0648\u062c\u06c1:</b>, ' #MSG# ', <br/>, <br/>, <br/>, ' ', <b>\u0634\u06a9\u0631\u06cc\u06c1! #MailFooter#</b>]"}, {"language": "AZ", "subject": "Sifari\u015finiz azald\u0131", "body": "[' ', <b>H\u00f6rm\u0259tli</b>, ' #USERNAME# , ', <br/>, <br/>, <br/>, ' Restoran ad\u0131 #RESTAURANTNAME# sifari\u015f sifari\u015finizi r\u0259dd etdi. \u018flav\u0259 sifari\u015f sifari\u015fid\u0131r. ', <br/>, <br/>, ' ', <b>Sifari\u015f n\u00f6mr\u0259si:</b>, ' #ORDERNO# ', <br/>, <br/>, ' ', <b>S\u0259b\u0259b:</b>, ' #MSG# ', <br/>, <br/>, <br/>, ' ', <b>T\u0259\u015f\u0259kk\u00fcr edirik! #MailFooter#</b>]"}, {"language": "ZH", "subject": "\u60a8\u7684\u8ba2\u5355\u5df2\u62d2\u7edd", "body": "[' ', <b>\u4eb2\u7231\u7684</b>, ' #USERNAME# \uff0c ', <br/>, <br/>, <br/>, '\u9910\u5385\u540d\u79f0#RESTAURANTNAME#\u62d2\u7edd\u4e86\u60a8\u7684\u8ba2\u5355\u8bf7\u6c42\u3002\u4e0b\u9762\u662f\u8ba2\u5355\u8be6\u60c5\u3002 ', <br/>, <br/>, ' ', <b>\u8ba2\u5355\u53f7\uff1a</b>, ' #ORDERNO# ', <br/>, <br/>, ' ', <b>\u539f\u56e0\uff1a</b>, ' #MSG# ', <br/>, <br/>, <br/>, ' ', <b>\u8c22\u8c22\uff01 #MailFooter#</b>]"}, {"language": "PT", "subject": "Seu pedido foi recusado", "body": "[' ', <b>Querido</b>, ' #USERNAME# , ', <br/>, <br/>, <br/>, ' O nome do restaurante #RESTAURANTNAME# recusou o seu pedido de encomenda. Abaixo est\u00e3o os detalhes da encomenda. ', <br/>, <br/>, ' ', <b>Encomenda n.\u00ba:</b>, ' #ORDERNO# ', <br/>, <br/>, ' ', <b>Raz\u00e3o:</b>, ' #MSG# ', <br/>, <br/>, <br/>, ' ', <b>Obrigado! #MailFooter#</b>]"}, {"language": "ZU", "subject": "I-oda lakho seliyehlile", "body": "[' ', <b>Uthande</b>, ' #USERNAME# , ', <br/>, <br/>, <br/>, ' Igama #RESTAURANTNAME# liyehlile isicelo sakho se-oda.Ngezansi imininingwane ye-oda. ', <br/>, <br/>, ' ', <b>I-Oda ye-oda:</b>, ' #ORDERNO# ', <br/>, <br/>, ' ', <b>Isizathu:</b>, ' #MSG# ', <br/>, <br/>, <br/>, ' ', <b>Siyabonga! #MailFooter#</b>]"}, {"language": "SW", "subject": "Amri yako imepungua", "body": "[' ', <b>Mpendwa</b>, ' #USERNAME# , ', <br/>, <br/>, <br/>, ' Jina la #RESTAURANTNAME# limekataa ombi lako la utaratibu. Chini ni maelezo ya Utaratibu. ', <br/>, <br/>, ' ', <b>Order No:</b>, ' #ORDERNO# ', <br/>, <br/>, ' ', <b>Sababu:</b>, ' #MSG# ', <br/>, <br/>, <br/>, ' ', <b>Asante! #MailFooter#</b>]"}, {"language": "KU", "subject": "Biryara we biryar da", "body": "[' ', <b>Bir\u00eaz</b>, ' #USERNAME# ', <br/>, <br/>, <br/>, ' Restaurant name #RESTAURANTNAME# daxwaza daxwaza we k\u00eam kir. ', <br/>, <br/>, ' ', <b>Na Na Na:</b>, ' #ORDERNO# ', <br/>, <br/>, ' ', <b>Reason:</b>, ' #MSG# ', <br/>, <br/>, <br/>, ' ', <b>Spas! #MailFooter#</b>]"}, {"language": "MS", "subject": "Pesanan anda telah ditolak", "body": "[' #USERNAME# ', <b>terhormat</b>, ' , ', <br/>, <br/>, <br/>, ' Nama restoran #RESTAURANTNAME# telah menolak permintaan pesanan anda. Sedang adalah butiran Pesanan. ', <br/>, <br/>, ' ', <b>No Order:</b>, ' #ORDERNO# ', <br/>, <br/>, ' ', <b>Sebab:</b>, ' #MSG# ', <br/>, <br/>, <br/>, ' ', <b>Terima kasih! #MailFooter#</b>]"}, {"language": "SI", "subject": "\u0d94\u0db6\u0dda \u0d87\u0dab\u0dc0\u0dd4\u0db8 \u0dc0\u0dd0\u0dbb\u0daf\u0dd2\u0dba\u0dd2", "body": "[' ', <b>\u0dc4\u0dd2\u0dad\u0dc0\u0dad\u0dca</b>, ' #USERNAME# , ', <br/>, <br/>, <br/>, ' \u0d86\u0db4\u0db1\u0dc1\u0dcf\u0dbd\u0dcf \u0db1\u0dcf\u0db8\u0dba #RESTAURANTNAME# \u0d94\u0db6\u0d9c\u0dda \u0d89\u0dbd\u0dca\u0dbd\u0dd3\u0db8 \u0d89\u0dbd\u0dca\u0dbd\u0dd3\u0db8 \u0db4\u0dca\u0dbb\u0dad\u0dd2\u0d9a\u0dca\u0dc2\u0dda\u0db4 \u0d9a\u0dbb \u0d87\u0dad. ', <br/>, <br/>, ' ', <b>\u0d85\u0d82\u0d9a:</b>, ' #ORDERNO# ', <br/>, <br/>, ' ', <b>\u0dc4\u0dda\u0dad\u0dd4\u0dc0:</b>, ' #MSG# ', <br/>, <br/>, <br/>, ' ', <b>\u0dc3\u0dca\u0dad\u0dd6\u0dad\u0dd2\u0dba\u0dd2! #MailFooter#</b>]"}, {"language": "TA", "subject": "\u0b89\u0b99\u0bcd\u0b95\u0bb3\u0bcd \u0b86\u0bb0\u0bcd\u0b9f\u0bb0\u0bcd \u0b95\u0bc1\u0bb1\u0bc8\u0ba8\u0bcd\u0ba4\u0bc1\u0bb5\u0bbf\u0b9f\u0bcd\u0b9f\u0ba4\u0bc1", "body": "[' ', <b>\u0b85\u0ba9\u0bcd\u0baa\u0bc1\u0bb3\u0bcd\u0bb3</b>, ' #USERNAME# , ', <br/>, <br/>, <br/>, ' \u0b89\u0ba3\u0bb5\u0b95\u0ba4\u0bcd\u0ba4\u0bbf\u0ba9\u0bcd \u0baa\u0bc6\u0baf\u0bb0\u0bcd #RESTAURANTNAME# \u0b89\u0b99\u0bcd\u0b95\u0bb3\u0bcd \u0b86\u0bb0\u0bcd\u0b9f\u0bb0\u0bcd \u0b95\u0bcb\u0bb0\u0bbf\u0b95\u0bcd\u0b95\u0bc8\u0baf\u0bc8 \u0bae\u0bb1\u0bc1\u0ba4\u0bcd\u0ba4\u0bc1\u0bb3\u0bcd\u0bb3\u0ba4\u0bc1. \u0b86\u0bb0\u0bcd\u0b9f\u0bb0\u0bcd \u0bb5\u0bbf\u0bb5\u0bb0\u0b99\u0bcd\u0b95\u0bb3\u0bcd \u0b95\u0bc0\u0bb4\u0bc7 \u0b89\u0bb3\u0bcd\u0bb3\u0ba9. ', <br/>, <br/>, ' ', <b>\u0b86\u0bb0\u0bcd\u0b9f\u0bb0\u0bcd \u0b8e\u0ba3\u0bcd:</b>, ' #ORDERNO# ', <br/>, <br/>, ' ', <b>\u0b95\u0bbe\u0bb0\u0ba3\u0bae\u0bcd:</b>, ' #MSG# ', <br/>, <br/>, <br/>, ' ', <b>\u0ba8\u0ba9\u0bcd\u0bb1\u0bbf! #MailFooter#</b>]"}, {"language": "VI", "subject": "\u0110\u01a1n h\u00e0ng c\u1ee7a b\u1ea1n \u0111\u00e3 b\u1ecb t\u1eeb ch\u1ed1i", "body": "[' ', <b>K\u00ednh g\u1eedi</b>, ' #USERNAME# , ', <br/>, <br/>, <br/>, ' T\u00ean nh\u00e0 h\u00e0ng #RESTAURANTNAME# \u0111\u00e3 t\u1eeb ch\u1ed1i y\u00eau c\u1ea7u \u0111\u1eb7t h\u00e0ng c\u1ee7a b\u1ea1n. Hi\u1ec7n t\u1ea1i l\u00e0 chi ti\u1ebft \u0111\u01a1n h\u00e0ng. ', <br/>, <br/>, ' ', <b>\u0110\u1eb7t h\u00e0ng s\u1ed1:</b>, ' #ORDERNO# ', <br/>, <br/>, ' ', <b>L\u00fd do:</b>, ' #MSG# ', <br/>, <br/>, <br/>, ' ', <b>C\u1ea3m \u01a1n! #MailFooter#</b>]"}, {"language": "TL", "subject": "Ang iyong order ay Tanggihan", "body": "[' ', <b>Mahal</b>, ' #USERNAME# , ', <br/>, <br/>, <br/>, ' Ang pangalan ng #RESTAURANTNAME# ay tinanggihan ang kahilingan mo sa order.Ngayon ay ang mga detalye ng Order. ', <br/>, <br/>, ' ', <b>Hindi Order:</b>, ' #ORDERNO# ', <br/>, <br/>, ' ', <b>Dahilan:</b>, ' #MSG# ', <br/>, <br/>, <br/>, ' ', <b>Salamat! #MailFooter#</b>]"}, {"language": "KM", "subject": "\u1780\u17b6\u179a\u1794\u1789\u17d2\u1787\u17b6\u1791\u17b7\u1789\u179a\u1794\u179f\u17cb\u17a2\u17d2\u1793\u1780\u178f\u17d2\u179a\u17bc\u179c\u1794\u17b6\u1793\u1794\u178a\u17b7\u179f\u17c1\u1792", "body": "[' ', <b>\u1787\u17bc\u1793\u1785\u17c6\u1796\u17c4\u17c7</b>, ' #USERNAME# , ', <br/>, <br/>, <br/>, ' \u1788\u17d2\u1798\u17c4\u17c7\u1797\u17c4\u1787\u1793\u17b8\u1799\u178a\u17d2\u178b\u17b6\u1793 #RESTAURANTNAME# \u1794\u17b6\u1793\u1794\u178a\u17b7\u179f\u17c1\u1792\u179f\u17c6\u178e\u17be\u1794\u1789\u17d2\u1787\u17b6\u1791\u17b7\u1789\u179a\u1794\u179f\u17cb\u17a2\u17d2\u1793\u1780\u17d4 \u178f\u1798\u17d2\u179b\u17c3\u1796\u17d0\u178f\u17cc\u1798\u17b6\u1793\u179b\u1798\u17d2\u17a2\u17b7\u178f\u17a2\u17c6\u1796\u17b8\u1794\u1789\u17d2\u1787\u17b6\u1791\u17b7\u1789\u17d4 ', <br/>, <br/>, ' ', <b>\u179b\u17c6\u178a\u17b6\u1794\u17cb\u179b\u17c1\u1781:</b>, ' #ORDERNO# ', <br/>, <br/>, ' ', <b>\u1798\u17bc\u179b\u17a0\u17c1\u178f\u17bb:</b>, ' #MSG# ', <br/>, <br/>, <br/>, ' ', <b>\u179f\u17bc\u1798\u17a2\u179a\u1782\u17bb\u178e! #MailFooter#</b>]"}, {"language": "BN", "subject": "\u0986\u09aa\u09a8\u09be\u09b0 \u0985\u09b0\u09cd\u09a1\u09be\u09b0 \u09aa\u09cd\u09b0\u09a4\u09cd\u09af\u09be\u0996\u09cd\u09af\u09be\u09a8 \u0995\u09b0\u09be \u09b9\u09af\u09bc\u09c7\u099b\u09c7", "body": "[' ', <b>\u09aa\u09cd\u09b0\u09bf\u09af\u09bc</b>, ' #USERNAME# , ', <br/>, <br/>, <br/>, ' \u09b0\u09c7\u09b8\u09cd\u09a4\u09cb\u09b0\u09be\u0981 \u09a8\u09be\u09ae #RESTAURANTNAME# \u0986\u09aa\u09a8\u09be\u09b0 \u0985\u09b0\u09cd\u09a1\u09be\u09b0 \u0985\u09a8\u09c1\u09b0\u09cb\u09a7 \u09aa\u09cd\u09b0\u09a4\u09cd\u09af\u09be\u0996\u09cd\u09af\u09be\u09a8 \u0995\u09b0\u09c7\u099b\u09c7\u0964 \u09a8\u09c0\u099a\u09c7 \u0985\u09b0\u09cd\u09a1\u09be\u09b0\u09c7\u09b0 \u09ac\u09bf\u09ac\u09b0\u09a3\u0964 ', <br/>, <br/>, ' ', <b>\u0985\u09b0\u09cd\u09a1\u09be\u09b0 \u09a8\u0982:</b>, ' #ORDERNO# ', <br/>, <br/>, ' ', <b>\u0995\u09be\u09b0\u09a3:</b>, ' #MSG# ', <br/>, <br/>, <br/>, ' ', <b>\u09a7\u09a8\u09cd\u09af\u09ac\u09be\u09a6! #MailFooter#</b>]"}, {"language": "JA", "subject": "\u3054\u6ce8\u6587\u306f\u62d2\u5426\u3055\u308c\u307e\u3057\u305f", "body": "[' ', <b>\u89aa\u611b\u306a\u308b</b>, ' #USERNAME# \u3001 ', <br/>, <br/>, <br/>, '\u30ec\u30b9\u30c8\u30e9\u30f3\u540d#RESTAURANTNAME#\u306f\u6ce8\u6587\u30ea\u30af\u30a8\u30b9\u30c8\u3092\u62d2\u5426\u3057\u307e\u3057\u305f\u3002\u6ce8\u6587\u306e\u8a73\u7d30\u306f\u6b21\u306e\u3068\u304a\u308a\u3067\u3059\u3002 ', <br/>, <br/>, ' ', <b>\u6ce8\u6587\u756a\u53f7\uff1a</b>, ' #ORDERNO# ', <br/>, <br/>, ' ', <b>\u7406\u7531\uff1a</b>, ' #MSG# ', <br/>, <br/>, <br/>, ' ', <b>\u3042\u308a\u304c\u3068\u3046\u3054\u3056\u3044\u307e\u3059\u3002 #MailFooter#</b>]"}, {"language": "KO", "subject": "\uc8fc\ubb38\uc774 \uac70\ubd80\ub418\uc5c8\uc2b5\ub2c8\ub2e4.", "body": "[' ', <b>\uce5c\uc560\ud558\ub294</b>, ' #USERNAME# , ', <br/>, <br/>, <br/>, ' \uc2dd\ub2f9 \uc774\ub984 #RESTAURANTNAME# \uc774 (\uac00) \uc8fc\ubb38 \uc694\uccad\uc744 \uac70\uc808\ud588\uc2b5\ub2c8\ub2e4. \uc8fc\ubb38 \uc138\ubd80 \uc815\ubcf4\uac00 \uc544\ub798\uc5d0 \uc788\uc2b5\ub2c8\ub2e4. ', <br/>, <br/>, ' ', <b>\uc8fc\ubb38 \ubc88\ud638 :</b>, ' #ORDERNO# ', <br/>, <br/>, ' ', <b>\uc774\uc720 :</b>, ' #MSG# ', <br/>, <br/>, <br/>, ' ', <b>\uac10\uc0ac! #MailFooter#</b>]"}, {"language": "YO", "subject": "Ilana r\u1eb9 ti k\u1ecd", "body": "[' ', <b>Eyin</b>, ' #USERNAME# , ', <br/>, <br/>, <br/>, ' Oruk\u1ecd ounj\u1eb9 ounj\u1eb9 #RESTAURANTNAME# ti k\u1ecd a\u1e63\u1eb9 ibere r\u1eb9 sil\u1eb9. Ni isal\u1eb9 ni Aw\u1ecdn alaye Bere fun. ', <br/>, <br/>, ' ', <b>Bere fun Ko si:</b>, ' #ORDERNO# ', <br/>, <br/>, ' ', <b>Idi:</b>, ' #MSG# ', <br/>, <br/>, <br/>, ' ', <b>O \u1e63eun! #MailFooter#</b>]"}, {"language": "TR", "subject": "Sipari\u015finiz Reddedildi", "body": "[' ', <b>Sevgili</b>, ' #USERNAME# , ', <br/>, <br/>, <br/>, ' Restoran ad\u0131 #RESTAURANTNAME# , sipari\u015f iste\u011finizi reddetti. Sipari\u015f ayr\u0131nt\u0131lar\u0131 a\u015fa\u011f\u0131dad\u0131r. ', <br/>, <br/>, ' ', <b>Sipari\u015f No:</b>, ' #ORDERNO# ', <br/>, <br/>, ' ', <b>Sebep:</b>, ' #MSG# ', <br/>, <br/>, <br/>, ' ', <b>Te\u015fekk\u00fcrler! #MailFooter#</b>]"}, {"language": "RU", "subject": "\u0412\u0430\u0448 \u0437\u0430\u043a\u0430\u0437 \u0431\u044b\u043b \u043e\u0442\u043a\u043b\u043e\u043d\u0435\u043d", "body": "[' ', <b>\u0423\u0432\u0430\u0436\u0430\u0435\u043c\u044b\u0439</b>, ' #USERNAME# , ', <br/>, <br/>, <br/>, ' \u041d\u0430\u0437\u0432\u0430\u043d\u0438\u0435 \u0440\u0435\u0441\u0442\u043e\u0440\u0430\u043d\u0430 #RESTAURANTNAME# \u043e\u0442\u043a\u043b\u043e\u043d\u0438\u043b\u043e \u0432\u0430\u0448 \u0437\u0430\u043f\u0440\u043e\u0441 \u0437\u0430\u043a\u0430\u0437\u0430. \u041d\u0438\u0436\u0435 \u043f\u0440\u0438\u0432\u0435\u0434\u0435\u043d\u0430 \u0438\u043d\u0444\u043e\u0440\u043c\u0430\u0446\u0438\u044f \u043e \u0437\u0430\u043a\u0430\u0437\u0435. ', <br/>, <br/>, ' ', <b>\u041d\u043e\u043c\u0435\u0440 \u0437\u0430\u043a\u0430\u0437\u0430:</b>, ' #ORDERNO# ', <br/>, <br/>, ' ', <b>\u041f\u0440\u0438\u0447\u0438\u043d\u0430:</b>, ' #MSG# ', <br/>, <br/>, <br/>, ' ', <b>\u0421\u043f\u0430\u0441\u0438\u0431\u043e! #MailFooter#</b>]"}, {"language": "FA", "subject": "\u0633\u0641\u0627\u0631\u0634 \u0634\u0645\u0627 \u06a9\u0627\u0647\u0634 \u06cc\u0627\u0641\u062a\u0647 \u0627\u0633\u062a", "body": "[' ', <b>\u0639\u0632\u06cc\u0632</b>, ' #USERNAME# \u060c ', <br/>, <br/>, <br/>, ' \u0646\u0627\u0645 \u0631\u0633\u062a\u0648\u0631\u0627\u0646 #RESTAURANTNAME# \u0633\u0641\u0627\u0631\u0634 \u0634\u0645\u0627 \u0631\u0627 \u0631\u062f \u06a9\u0631\u062f\u0647 \u0627\u0633\u062a. \u062c\u0632\u0626\u06cc\u0627\u062a \u0628\u06cc\u0634\u062a\u0631 \u0633\u0641\u0627\u0631\u0634 \u0627\u0633\u062a. ', <br/>, <br/>, ' ', <b>\u0633\u0641\u0627\u0631\u0634 \u0634\u0645\u0627\u0631\u0647:</b>, ' #ORDERNO# ', <br/>, <br/>, ' ', <b>\u062f\u0644\u06cc\u0644:</b>, ' #MSG# ', <br/>, <br/>, <br/>, ' ', <b>\u0628\u0627 \u062a\u0634\u06a9\u0631! #MailFooter#</b>]"}, {"language": "MY", "subject": "\u101e\u1004\u103a\u1037\u101b\u1032\u1037\u1021\u1019\u102d\u1014\u103a\u1037\u1004\u103c\u1004\u103a\u1038\u1015\u101a\u103a\u1001\u1032\u1037\u101e\u100a\u103a", "body": "[' ', <b>\u1001\u103b\u1005\u103a\u1001\u1004\u103a\u101b\u1015\u102b\u101e\u1031\u102c</b>, ' #USERNAME# , ', <br/>, <br/>, <br/>, ' \u1005\u102c\u1038\u101e\u1031\u102c\u1000\u103a\u1006\u102d\u102f\u1004\u103a\u1014\u102c\u1019\u1000\u102d\u102f\u1021\u1019\u103e\u102e #RESTAURANTNAME# \u101e\u1004\u103a\u1037\u101b\u1032\u1037\u1021\u1019\u102d\u1014\u103a\u1037 request.Below \u1021\u1006\u102d\u102f\u1015\u102b\u1021\u1019\u102d\u1014\u103a\u1037\u1021\u101e\u1031\u1038\u1005\u102d\u1010\u103b\u1016\u103c\u1005\u103a\u1015\u102b\u1010\u101a\u103a\u1004\u103c\u1004\u103a\u1038\u1006\u1014\u103a\u1001\u1032\u1037\u101e\u100a\u103a\u104b ', <br/>, <br/>, ' ', <b>\u1021\u1018\u101a\u103a\u101e\u1030\u1019\u103b\u103e\u1019\u1019\u102d\u1014\u103a\u1037:</b>, ' #ORDERNO# ', <br/>, <br/>, ' ', <b>\u1021\u1000\u103c\u1031\u102c\u1004\u103a\u1038\u1015\u103c\u1001\u103b\u1000\u103a:</b>, ' #MSG# ', <br/>, <br/>, <br/>, ' ', <b>\u1000\u103b\u1031\u1038\u1007\u1030\u1038\u1010\u1004\u103a\u1015\u102b\u1010\u101a\u103a! #MailFooter#</b>]"}, {"language": "HI", "subject": "\u0906\u092a\u0915\u093e \u0906\u0926\u0947\u0936 \u0905\u0938\u094d\u0935\u0940\u0915\u093e\u0930 \u0915\u0930 \u0926\u093f\u092f\u093e \u0917\u092f\u093e \u0939\u0948", "body": "[' ', <b>\u092a\u094d\u0930\u093f\u092f</b>, ' #USERNAME# , ', <br/>, <br/>, <br/>, ' \u0930\u0947\u0938\u094d\u0924\u0930\u093e\u0902 \u0928\u093e\u092e #RESTAURANTNAME# \u0928\u0947 \u0906\u092a\u0915\u0947 \u0906\u0926\u0947\u0936 \u0905\u0928\u0941\u0930\u094b\u0927 \u0915\u094b \u0905\u0938\u094d\u0935\u0940\u0915\u093e\u0930 \u0915\u0930 \u0926\u093f\u092f\u093e \u0939\u0948\u0964 ', <br/>, <br/>, ' ', <b>\u0906\u0926\u0947\u0936 \u0938\u0902\u0916\u094d\u092f\u093e:</b>, ' #ORDERNO# ', <br/>, <br/>, ' ', <b>\u0915\u093e\u0930\u0923:</b>, ' #MSG# ', <br/>, <br/>, <br/>, ' ', <b>\u0927\u0928\u094d\u092f\u0935\u093e\u0926! #MailFooter#</b>]"}, {"language": "IW", "subject": "\u05d4\u05d4\u05d6\u05de\u05e0\u05d4 \u05e9\u05dc\u05da \u05d4\u05d9\u05d9\u05ea\u05d4 \u05d3\u05d7\u05d4", "body": "[' ', <b>\u05e9\u05dc\u05d5\u05dd</b>, ' #USERNAME# , ', <br/>, <br/>, <br/>, ' \u05e9\u05dd #RESTAURANTNAME# \u05d3\u05d7\u05d4 \u05d0\u05ea \u05d1\u05e7\u05e9\u05ea \u05d4\u05d4\u05d6\u05de\u05e0\u05d4 \u05e9\u05dc\u05da. \u05dc\u05d4\u05dc\u05df \u05e4\u05e8\u05d8\u05d9 \u05d4\u05d4\u05d6\u05de\u05e0\u05d4. ', <br/>, <br/>, ' ', <b>\u05de\u05e1 '\u05d4\u05d6\u05de\u05e0\u05d4:</b>, ' #ORDERNO# ', <br/>, <br/>, ' ', <b>\u05e1\u05d9\u05d1\u05d4:</b>, ' #MSG# ', <br/>, <br/>, <br/>, ' ', <b>\u05ea\u05d5\u05d3\u05d4! #MailFooter#</b>]"}, {"language": "FR", "subject": "Votre commande a \u00e9t\u00e9 refus\u00e9e", "body": "[' ', <b>Cher</b>, ' #USERNAME# , ', <br/>, <br/>, <br/>, ' Nom du restaurant #RESTAURANTNAME# a d\u00e9clin\u00e9 votre demande de commande. Voici les d\u00e9tails de la commande. ', <br/>, <br/>, ' #ORDERNO# ', <b>commande:</b>, ' #ORDERNO# ', <br/>, <br/>, ' ', <b>Raison:</b>, ' #MSG# ', <br/>, <br/>, <br/>, ' ', <b>Merci! #MailFooter#</b>]"}, {"language": "DA", "subject": "Din ordre er blevet afvist", "body": "[' ', <b>K\u00e6re</b>, ' #USERNAME# , ', <br/>, <br/>, <br/>, ' Restaurantnavn #RESTAURANTNAME# har afvist din ordreforesp\u00f8rgsel. Her er ordreoplysningerne. ', <br/>, <br/>, ' ', <b>Ordrenr .:</b>, ' #ORDERNO# ', <br/>, <br/>, ' ', <b>\u00c5rsag:</b>, ' #MSG# ', <br/>, <br/>, <br/>, ' ', <b>Tak! #MailFooter#</b>]"}]}