{"purpose": "notify user when admin registers the user in manual booking", "templates": [{"language": "AF", "subject": "Jy is handmatig geregistreer!", "body": "[' ', <span><br/> Liewe #NAME# , <br/><br/> Welkom, jy is suksesvol geregistreer. Hier volg jou inskrywing besonderhede. <br/><br/> Jou wagwoord is tydelik ingestel. <br/><br/> E-pos: #EMAIL# <br/> Wagwoord: #PASSWORD# <br/><br/> #MAILFOOTER# <br/></span>]"}, {"language": "EN", "subject": "You\u2019ve been Registered Manually!", "body": "[' ', <span><br/>Dear  #NAME#,\n<br/>\n<br/>Welcome, you have been registered successfully. Following are your log in details.\n<br/>\n<br/>Your Password is set to temporary.\n<br/>\n<br/>Email:  #EMAIL#\n<br/>Password:  #PASSWORD#\n<br/>\n<br/>#MAILFOOTER# <br/></span>]"}, {"language": "TH", "subject": "\u0e04\u0e38\u0e13\u0e44\u0e14\u0e49\u0e23\u0e31\u0e1a\u0e01\u0e32\u0e23\u0e25\u0e07\u0e17\u0e30\u0e40\u0e1a\u0e35\u0e22\u0e19\u0e14\u0e49\u0e27\u0e22\u0e15\u0e19\u0e40\u0e2d\u0e07!", "body": "[' ', <span><br/> \u0e40\u0e23\u0e35\u0e22\u0e19 #NAME# <br/><br/> \u0e22\u0e34\u0e19\u0e14\u0e35\u0e15\u0e49\u0e2d\u0e19\u0e23\u0e31\u0e1a\u0e04\u0e38\u0e13\u0e25\u0e07\u0e17\u0e30\u0e40\u0e1a\u0e35\u0e22\u0e19\u0e40\u0e23\u0e35\u0e22\u0e1a\u0e23\u0e49\u0e2d\u0e22\u0e41\u0e25\u0e49\u0e27 \u0e15\u0e48\u0e2d\u0e44\u0e1b\u0e19\u0e35\u0e49\u0e40\u0e1b\u0e47\u0e19\u0e23\u0e32\u0e22\u0e25\u0e30\u0e40\u0e2d\u0e35\u0e22\u0e14\u0e01\u0e32\u0e23\u0e40\u0e02\u0e49\u0e32\u0e2a\u0e39\u0e48\u0e23\u0e30\u0e1a\u0e1a\u0e02\u0e2d\u0e07\u0e04\u0e38\u0e13 <br/><br/> \u0e23\u0e2b\u0e31\u0e2a\u0e1c\u0e48\u0e32\u0e19\u0e02\u0e2d\u0e07\u0e04\u0e38\u0e13\u0e16\u0e39\u0e01\u0e15\u0e31\u0e49\u0e07\u0e04\u0e48\u0e32\u0e40\u0e1b\u0e47\u0e19\u0e0a\u0e31\u0e48\u0e27\u0e04\u0e23\u0e32\u0e27 <br/><br/> \u0e2d\u0e35\u0e40\u0e21\u0e25: #EMAIL# <br/> \u0e23\u0e2b\u0e31\u0e2a\u0e1c\u0e48\u0e32\u0e19: #PASSWORD# <br/><br/> #MAILFOOTER# <br/></span>]"}, {"language": "ID", "subject": "Anda telah Terdaftar Secara Manual!", "body": "[' ', <span><br/> Dear #NAME# , <br/><br/> Selamat datang, Anda telah berhasil terdaftar. Berikut ini adalah detail login Anda. <br/><br/> Kata Sandi Anda disetel ke sementara. <br/><br/> Email: #EMAIL# <br/> Kata Sandi: #PASSWORD# <br/><br/> #MAILFOOTER# <br/></span>]"}, {"language": "DE", "subject": "Sie wurden manuell registriert!", "body": "[' ', <span><br/> Lieber #NAME# , <br/><br/> Herzlich Willkommen, Sie wurden erfolgreich registriert. Nachfolgend sind Ihre Anmeldedaten aufgef\u00fchrt. <br/><br/> Ihr Passwort ist auf tempor\u00e4r gesetzt. <br/><br/> E-Mail: #EMAIL# <br/> Passwort: #PASSWORD# <br/><br/> #MAILFOOTER# <br/></span>]"}, {"language": "ES", "subject": "\u00a1Has sido registrado manualmente!", "body": "[' ', <span><br/> Estimado #NAME# , <br/><br/> Bienvenido, se ha registrado con \u00e9xito. Los siguientes son sus datos de inicio de sesi\u00f3n. <br/><br/> Su contrase\u00f1a est\u00e1 configurada como temporal. <br/><br/> Correo electr\u00f3nico: #EMAIL# <br/> Contrase\u00f1a: #PASSWORD# <br/><br/> #MAILFOOTER# <br/></span>]"}, {"language": "IT", "subject": "Sei stato registrato manualmente!", "body": "[' ', <span><br/> Gentile #NAME# , <br/><br/> Benvenuto, sei stato registrato con successo. Di seguito sono riportati i dettagli di accesso. <br/><br/> La tua password \u00e8 impostata su temporanea. <br/><br/> Email: #EMAIL# <br/> Password: #PASSWORD# <br/><br/> #MAILFOOTER# <br/></span>]"}, {"language": "AR", "subject": "\u0644\u0642\u062f \u062a\u0645 \u062a\u0633\u062c\u064a\u0644\u0643 \u064a\u062f\u0648\u064a\u0627!", "body": "[' ', <span><br/> \u0639\u0632\u064a\u0632\u064a #NAME# \u060c <br/><br/> \u0645\u0631\u062d\u0628\u064b\u0627 \u060c \u0644\u0642\u062f \u062a\u0645 \u062a\u0633\u062c\u064a\u0644\u0643 \u0628\u0646\u062c\u0627\u062d. \u0641\u064a\u0645\u0627 \u064a\u0644\u064a \u0633\u062c\u0644 \u0627\u0644\u062f\u062e\u0648\u0644 \u0627\u0644\u062e\u0627\u0635 \u0628\u0643 \u0641\u064a \u0627\u0644\u062a\u0641\u0627\u0635\u064a\u0644. <br/><br/> \u062a\u0645 \u062a\u0639\u064a\u064a\u0646 \u0643\u0644\u0645\u0629 \u0627\u0644\u0645\u0631\u0648\u0631 \u0627\u0644\u062e\u0627\u0635\u0629 \u0628\u0643 \u0625\u0644\u0649 \u0645\u0624\u0642\u062a. <br/><br/> \u0627\u0644\u0628\u0631\u064a\u062f \u0627\u0644\u0625\u0644\u0643\u062a\u0631\u0648\u0646\u064a: #EMAIL# <br/> \u0643\u0644\u0645\u0629 \u0627\u0644\u0645\u0631\u0648\u0631: #PASSWORD# \u0643\u0644\u0645\u0629 #PASSWORD# <br/><br/> #MAILFOOTER# <br/></span>]"}, {"language": "UR", "subject": "\u0622\u067e \u06a9\u0648 \u062f\u0633\u062a\u06cc \u0637\u0648\u0631 \u067e\u0631 \u0631\u062c\u0633\u0679\u0631\u0688 \u06a9\u0631\u062f\u06cc\u0627 \u06af\u06cc\u0627 \u06c1\u06d2!", "body": "[' ', <span><br/> \u0639\u0632\u06cc\u0632 #NAME# \u060c <br/><br/> \u062e\u0648\u0634 \u0622\u0645\u062f\u06cc\u062f\u060c \u0622\u067e \u06a9\u0627\u0645\u06cc\u0627\u0628\u06cc \u0633\u06d2 \u0631\u062c\u0633\u0679\u0631\u0688 \u06c1\u0648\u06af\u0626\u06d2 \u06c1\u06cc\u06ba. \u0622\u067e \u06a9\u06d2 \u0644\u0627\u06af \u0627\u0646 \u062a\u0641\u0635\u06cc\u0644\u0627\u062a \u0645\u06cc\u06ba \u062f\u0631\u062c \u0630\u06cc\u0644 \u06c1\u06cc\u06ba. <br/><br/> \u0622\u067e \u06a9\u0627 \u067e\u0627\u0633 \u0648\u0631\u0688 \u0639\u0627\u0631\u0636\u06cc \u0637\u0648\u0631 \u067e\u0631 \u0645\u0642\u0631\u0631 \u06a9\u06cc\u0627 \u06af\u06cc\u0627 \u06c1\u06d2. <br/><br/> \u0627\u06cc \u0645\u06cc\u0644: #EMAIL# <br/> \u067e\u0627\u0633 \u0648\u0631\u0688: #PASSWORD# <br/><br/> #MAILFOOTER# <br/></span>]"}, {"language": "AZ", "subject": "Siz \u0259l qeydiyyat\u0131 oldunuz!", "body": "[' ', <span><br/> H\u00f6rm\u0259tli #NAME# , <br/><br/> Xo\u015f g\u0259ldiniz, u\u011furla qeydiyyatdan ke\u00e7diniz. Giri\u015fl\u0259riniz a\u015fa\u011f\u0131dak\u0131lard\u0131r. <br/><br/> Parolan\u0131z m\u00fcv\u0259qq\u0259ti olaraq t\u0259yin olundu. <br/><br/> E-po\u00e7t: #EMAIL# <br/> \u015eifr\u0259: #PASSWORD# <br/><br/> #MAILFOOTER# <br/></span>]"}, {"language": "ZH", "subject": "\u4f60\u5df2\u7ecf\u624b\u52a8\u6ce8\u518c\u4e86\uff01", "body": "[' ', <span><br/>\u4eb2\u7231\u7684#NAME# \uff0c <br/><br/>\u6b22\u8fce\u60a8\uff0c\u60a8\u5df2\u6210\u529f\u6ce8\u518c\u3002\u4ee5\u4e0b\u662f\u60a8\u7684\u767b\u5f55\u8be6\u7ec6\u4fe1\u606f\u3002 <br/><br/>\u60a8\u7684\u5bc6\u7801\u8bbe\u7f6e\u4e3a\u4e34\u65f6\u5bc6\u7801\u3002 <br/><br/>\u7535\u5b50\u90ae\u4ef6\uff1a #EMAIL# <br/>\u5bc6\u7801\uff1a #PASSWORD# <br/><br/> #MAILFOOTER# <br/></span>]"}, {"language": "PT", "subject": "Voc\u00ea foi registrado manualmente!", "body": "[' ', <span><br/> Querido #NAME# , <br/><br/> Bem-vindo, voc\u00ea foi registrado com sucesso. A seguir est\u00e3o seus detalhes de login. <br/><br/> Sua senha est\u00e1 definida como tempor\u00e1ria. <br/><br/> Email: #EMAIL# <br/> Senha: #PASSWORD# <br/><br/> #MAILFOOTER# <br/></span>]"}, {"language": "ZU", "subject": "Ubhalisiwe Ngokuzenzakalelayo!", "body": "[' ', <span><br/> U- #NAME# othandekayo, <br/><br/> Siyakwamukela, ubhalisiwe ngempumelelo. Okulandelayo yilogi lakho emininingwaneni. <br/><br/> Iphasiwedi yakho isethelwe okwesikhashana. <br/><br/> Imeyili: #EMAIL# <br/> Iphasiwedi: #PASSWORD# <br/><br/> #MAILFOOTER# <br/></span>]"}, {"language": "SW", "subject": "Umeandikishwa kwa Manually!", "body": "[' ', <span><br/> Mpendwa #NAME# , <br/><br/> Karibu, umeandikishwa kwa ufanisi. Kufuatia ni logi yako kwa maelezo. <br/><br/> Nywila yako imewekwa kwa muda. <br/><br/> Barua pepe: #EMAIL# <br/> Neno la siri: #PASSWORD# <br/><br/> #MAILFOOTER# <br/></span>]"}, {"language": "KU", "subject": "H\u00fbn bi dest\u00ea xwe qeydkir\u00ee ye!", "body": "[' ', <span><br/> Bir\u00eaz #NAME# , <br/><br/> Bi rast\u00ee, tu serkeft\u00ee qeydkir\u00ee ye. Di navn\u00ee\u015fan de di navn\u00ee\u015fan de ye. <br/><br/> \u015e\u00eefreya te di demek\u00ea de t\u00eate day\u00een. <br/><br/> E-mail: #EMAIL# <br/> Password: #PASSWORD# <br/><br/> #MAILFOOTER# <br/></span>]"}, {"language": "MS", "subject": "Anda telah didaftarkan secara manual!", "body": "[' ', <span><br/> Dear #NAME# , <br/><br/> Selamat datang, anda telah berjaya didaftarkan. Berikut adalah butiran log anda. <br/><br/> Kata Laluan anda ditetapkan sementara. <br/><br/> E-mel: #EMAIL# <br/> Kata laluan: #PASSWORD# <br/><br/> #MAILFOOTER# <br/></span>]"}, {"language": "SI", "subject": "\u0d94\u0db6 \u0d85\u0dad\u0dd2\u0db1\u0dca \u0dbd\u0dd2\u0dba\u0dcf\u0db4\u0daf\u0dd2\u0d82\u0da0\u0dd2 \u0dc0\u0dd3 \u0d87\u0dad!", "body": "[' ', <span><br/> \u0dc4\u0dd2\u0dad\u0dc0\u0dad\u0dca #NAME# , <br/><br/> \u0d86\u0dba\u0dd4\u0db6\u0ddd\u0dc0\u0db1\u0dca, \u0d94\u0db6 \u0dc3\u0dcf\u0dbb\u0dca\u0dae\u0d9a\u0dc0 \u0dbd\u0dd2\u0dba\u0dcf\u0db4\u0daf\u0dd2\u0d82\u0da0\u0dd2 \u0dc0\u0dd3 \u0d87\u0dad. \u0d94\u0db6\u0dda \u0dbd\u0ddc\u0d9c\u0dba\u0dda \u0dc0\u0dd2\u0dc3\u0dca\u0dad\u0dbb \u0db4\u0dc4\u0dad \u0daf\u0dd0\u0d9a\u0dca\u0dc0\u0dda. <br/><br/> \u0d94\u0db6\u0d9c\u0dda \u0db8\u0dd4\u0dbb\u0db4\u0daf\u0dba \u0dad\u0dcf\u0dc0\u0d9a\u0dcf\u0dbd\u0dd2\u0d9a\u0dc0 \u0dc3\u0d9a\u0dc3\u0dcf \u0d87\u0dad. <br/><br/> \u0dc0\u0dd2\u0daf\u0dca\u0dba\u0dd4\u0dad\u0dca \u0dad\u0dd0\u0db4\u0dd1\u0dbd: #EMAIL# \u0d8a\u0db8\u0dda\u0dbd\u0dca #EMAIL# <br/> \u0db8\u0dd4\u0dbb\u0db4\u0daf\u0dba: #PASSWORD# \u0dbb\u0dc4\u0dc3\u0dca \u0db4\u0daf\u0dba #PASSWORD# <br/><br/> #MAILFOOTER# <br/></span>]"}, {"language": "TA", "subject": "\u0ba8\u0bc0\u0b99\u0bcd\u0b95\u0bb3\u0bcd \u0b95\u0bc8\u0bae\u0bc1\u0bb1\u0bc8\u0baf\u0bbe\u0b95 \u0baa\u0ba4\u0bbf\u0bb5\u0bc1 \u0b9a\u0bc6\u0baf\u0bcd\u0baf\u0baa\u0bcd\u0baa\u0b9f\u0bcd\u0b9f\u0bc1\u0bb3\u0bcd\u0bb3\u0bc0\u0bb0\u0bcd\u0b95\u0bb3\u0bcd!", "body": "[' ', <span><br/> \u0b85\u0ba9\u0bcd\u0baa\u0bc7 #NAME# , <br/><br/> \u0bb5\u0bb0\u0bb5\u0bc7\u0bb1\u0bcd\u0b95\u0bbf\u0bb1\u0bcb\u0bae\u0bcd, \u0ba8\u0bc0\u0b99\u0bcd\u0b95\u0bb3\u0bcd \u0bb5\u0bc6\u0bb1\u0bcd\u0bb1\u0bbf\u0b95\u0bb0\u0bae\u0bbe\u0b95 \u0baa\u0ba4\u0bbf\u0bb5\u0bc1 \u0b9a\u0bc6\u0baf\u0bcd\u0baf\u0baa\u0bcd\u0baa\u0b9f\u0bcd\u0b9f\u0bc1\u0bb3\u0bcd\u0bb3\u0bc0\u0bb0\u0bcd\u0b95\u0bb3\u0bcd. \u0bb5\u0bbf\u0bb5\u0bb0\u0b99\u0bcd\u0b95\u0bb3\u0bcd \u0b89\u0b99\u0bcd\u0b95\u0bb3\u0bcd \u0baa\u0ba4\u0bbf\u0bb5\u0bc1 \u0baa\u0bbf\u0ba9\u0bcd\u0bb5\u0bb0\u0bc1\u0bae\u0bbe\u0bb1\u0bc1. <br/><br/> \u0b89\u0b99\u0bcd\u0b95\u0bb3\u0bcd \u0b95\u0b9f\u0bb5\u0bc1\u0b9a\u0bcd\u0b9a\u0bca\u0bb2\u0bcd \u0ba4\u0bb1\u0bcd\u0b95\u0bbe\u0bb2\u0bbf\u0b95\u0bae\u0bbe\u0b95 \u0b85\u0bae\u0bc8\u0b95\u0bcd\u0b95\u0baa\u0bcd\u0baa\u0b9f\u0bcd\u0b9f\u0bc1\u0bb3\u0bcd\u0bb3\u0ba4\u0bc1. <br/><br/> \u0bae\u0bbf\u0ba9\u0bcd\u0ba9\u0b9e\u0bcd\u0b9a\u0bb2\u0bcd: #EMAIL# <br/> \u0b95\u0b9f\u0bb5\u0bc1\u0b9a\u0bcd\u0b9a\u0bca\u0bb2\u0bcd: #PASSWORD# <br/><br/> #MAILFOOTER# <br/></span>]"}, {"language": "VI", "subject": "B\u1ea1n \u0111\u00e3 \u0111\u01b0\u1ee3c \u0111\u0103ng k\u00fd th\u1ee7 c\u00f4ng!", "body": "[' ', <span><br/> K\u00ednh g\u1eedi #NAME# , <br/><br/> Ch\u00e0o m\u1eebng, b\u1ea1n \u0111\u00e3 \u0111\u01b0\u1ee3c \u0111\u0103ng k\u00fd th\u00e0nh c\u00f4ng. Sau \u0111\u00e2y l\u00e0 th\u00f4ng tin \u0111\u0103ng nh\u1eadp c\u1ee7a b\u1ea1n. <br/><br/> M\u1eadt kh\u1ea9u c\u1ee7a b\u1ea1n \u0111\u01b0\u1ee3c \u0111\u1eb7t th\u00e0nh t\u1ea1m th\u1eddi. <br/><br/> Email: #EMAIL# <br/> M\u1eadt kh\u1ea9u: #PASSWORD# <br/><br/> #MAILFOOTER# <br/></span>]"}, {"language": "TL", "subject": "Naka-Register ka Manually!", "body": "[' ', <span><br/> Mahal na #NAME# , <br/><br/> Maligayang Pagdating, matagumpay kang nakarehistro. Ang mga sumusunod ay ang iyong mga detalye sa pag-log. <br/><br/> Ang iyong Password ay nakatakda sa pansamantala. <br/><br/> Email: #EMAIL# <br/> Password: #PASSWORD# <br/><br/> #MAILFOOTER# <br/></span>]"}, {"language": "KM", "subject": "\u17a2\u17d2\u1793\u1780\u1794\u17b6\u1793\u1785\u17bb\u17c7\u1788\u17d2\u1798\u17c4\u17c7\u178a\u17c4\u1799\u178a\u17c3!", "body": "[' ', <span><br/> \u1787\u17bc\u1793\u1785\u17c6\u1796\u17c4\u17c7 #NAME# , <br/><br/> \u179f\u17bc\u1798\u179f\u17d2\u179c\u17b6\u1782\u1798\u1793\u17cd, \u17a2\u17d2\u1793\u1780\u178f\u17d2\u179a\u17bc\u179c\u1794\u17b6\u1793\u1785\u17bb\u17c7\u1788\u17d2\u1798\u17c4\u17c7\u178a\u17c4\u1799\u1787\u17c4\u1782\u1787\u17d0\u1799\u17d4 \u1781\u17b6\u1784\u1780\u17d2\u179a\u17c4\u1798\u1793\u17c1\u17c7\u1782\u17ba\u1787\u17b6\u1780\u17c6\u178e\u178f\u17cb\u17a0\u17c1\u178f\u17bb\u179a\u1794\u179f\u17cb\u17a2\u17d2\u1793\u1780\u17d4 <br/><br/> \u1796\u17b6\u1780\u17d2\u1799\u179f\u1798\u17d2\u1784\u17b6\u178f\u17cb\u179a\u1794\u179f\u17cb\u17a2\u17d2\u1793\u1780\u178f\u17d2\u179a\u17bc\u179c\u1794\u17b6\u1793\u1780\u17c6\u178e\u178f\u17cb\u1787\u17b6\u1794\u178e\u17d2\u178f\u17c4\u17c7\u17a2\u17b6\u179f\u1793\u17d2\u1793\u17d4 <br/><br/> \u17a2\u17ca\u17b8\u1798\u17c2\u179b: #EMAIL# <br/> \u179b\u17c1\u1781\u179f\u1798\u17d2\u1784\u17b6\u178f\u17cb: #PASSWORD# <br/><br/> #MAILFOOTER# <br/></span>]"}, {"language": "BN", "subject": "\u0986\u09aa\u09a8\u09bf \u09ae\u09cd\u09af\u09be\u09a8\u09c1\u09af\u09bc\u09be\u09b2\u09bf \u09a8\u09bf\u09ac\u09a8\u09cd\u09a7\u09bf\u09a4 \u09b9\u09af\u09bc\u09c7\u099b\u09c7!", "body": "[' ', <span><br/> \u09aa\u09cd\u09b0\u09bf\u09af\u09bc #NAME# , <br/><br/> \u09b8\u09cd\u09ac\u09be\u0997\u09a4\u09ae, \u0986\u09aa\u09a8\u09bf \u09b8\u09ab\u09b2\u09ad\u09be\u09ac\u09c7 \u09a8\u09bf\u09ac\u09a8\u09cd\u09a7\u09bf\u09a4 \u09b9\u09af\u09bc\u09c7\u099b\u09c7\u0964 \u09a8\u09bf\u09ae\u09cd\u09a8\u09b2\u09bf\u0996\u09bf\u09a4 \u0986\u09aa\u09a8\u09be\u09b0 \u09b2\u0997 \u0987\u09a8 \u09ac\u09bf\u09ac\u09b0\u09a3\u0964 <br/><br/> \u0986\u09aa\u09a8\u09be\u09b0 \u09aa\u09be\u09b8\u0993\u09af\u09bc\u09be\u09b0\u09cd\u09a1 \u0985\u09b8\u09cd\u09a5\u09be\u09af\u09bc\u09c0 \u09b8\u09c7\u099f \u0995\u09b0\u09be \u09b9\u09af\u09bc\u0964 <br/><br/> \u0987\u09ae\u09c7\u09b2: #EMAIL# <br/> \u09aa\u09be\u09b8\u0993\u09af\u09bc\u09be\u09b0\u09cd\u09a1: #PASSWORD# <br/><br/> #MAILFOOTER# <br/></span>]"}, {"language": "JA", "subject": "\u624b\u52d5\u3067\u767b\u9332\u3055\u308c\u307e\u3057\u305f\u3002", "body": "[' ', <span><br/> #NAME# <br/><br/>\u3088\u3046\u3053\u305d\u3001\u3042\u306a\u305f\u306f\u6b63\u5e38\u306b\u767b\u9332\u3055\u308c\u307e\u3057\u305f\u3002\u3042\u306a\u305f\u306e\u30ed\u30b0\u30a4\u30f3\u8a73\u7d30\u306f\u4ee5\u4e0b\u306e\u901a\u308a\u3067\u3059\u3002 <br/><br/>\u30d1\u30b9\u30ef\u30fc\u30c9\u306f\u4e00\u6642\u7684\u306b\u8a2d\u5b9a\u3055\u308c\u3066\u3044\u307e\u3059\u3002 <br/><br/>\u30e1\u30fc\u30eb#EMAIL# \uff1a #EMAIL# <br/>\u30d1\u30b9\u30ef\u30fc\u30c9\uff1a #PASSWORD#\u30d1\u30b9\u30ef\u30fc\u30c9#PASSWORD# <br/><br/> #MAILFOOTER# <br/></span>]"}, {"language": "KO", "subject": "\uc218\ub3d9\uc73c\ub85c \ub4f1\ub85d\ub418\uc5c8\uc2b5\ub2c8\ub2e4!", "body": "[' ', <span><br/> #NAME# , <br/><br/> \ud658\uc601\ud569\ub2c8\ub2e4. \uc131\uacf5\uc801\uc73c\ub85c \ub4f1\ub85d\ub418\uc5c8\uc2b5\ub2c8\ub2e4. \ub2e4\uc74c\uc740 \ub85c\uadf8\uc778 \uc138\ubd80 \uc815\ubcf4\uc785\ub2c8\ub2e4. <br/><br/> \uc554\ud638\uac00 \uc784\uc2dc\ub85c \uc124\uc815\ub418\uc5c8\uc2b5\ub2c8\ub2e4. <br/><br/> \uc774\uba54\uc77c : #EMAIL# <br/> \ud328\uc2a4\uc6cc\ub4dc : #PASSWORD# <br/><br/> #MAILFOOTER# <br/></span>]"}, {"language": "YO", "subject": "O ti wa ni Aami-af\u1ecdw\u1ecdse!", "body": "[' ', <span><br/> Eyin #NAME# , <br/><br/> Kaabo, o ti ni iforuk\u1ecdsil\u1eb9 daradara. Aw\u1ecdn at\u1eb9le w\u1ecdnyi ni aw\u1ecdn alaye iw\u1ecdle r\u1eb9. <br/><br/> O ti \u1e63eto \u1eccr\u1ecdigbaniw\u1ecdle r\u1eb9 fun igba di\u1eb9. <br/><br/> Imeeli: #EMAIL# <br/> \u1eccr\u1ecdigbaniw\u1ecdle: #PASSWORD# <br/><br/> #MAILFOOTER# <br/></span>]"}, {"language": "TR", "subject": "Manuel olarak kay\u0131t oldunuz!", "body": "[' ', <span><br/> Sevgili #NAME# , <br/><br/> Ho\u015f geldiniz, ba\u015far\u0131yla kay\u0131t oldunuz. Giri\u015f bilgileriniz a\u015fa\u011f\u0131dad\u0131r. <br/><br/> \u015eifreniz ge\u00e7ici olarak ayarlanm\u0131\u015ft\u0131r. <br/><br/> E-posta: #EMAIL# <br/> \u015eifre: #PASSWORD# <br/><br/> #MAILFOOTER# <br/></span>]"}, {"language": "RU", "subject": "\u0412\u044b \u0431\u044b\u043b\u0438 \u0437\u0430\u0440\u0435\u0433\u0438\u0441\u0442\u0440\u0438\u0440\u043e\u0432\u0430\u043d\u044b \u0432\u0440\u0443\u0447\u043d\u0443\u044e!", "body": "[' ', <span><br/> \u0423\u0432\u0430\u0436\u0430\u0435\u043c\u044b\u0439 #NAME# , <br/><br/> \u0414\u043e\u0431\u0440\u043e \u043f\u043e\u0436\u0430\u043b\u043e\u0432\u0430\u0442\u044c, \u0432\u044b \u0443\u0441\u043f\u0435\u0448\u043d\u043e \u0437\u0430\u0440\u0435\u0433\u0438\u0441\u0442\u0440\u0438\u0440\u043e\u0432\u0430\u043d\u044b. \u041d\u0438\u0436\u0435 \u043f\u0440\u0438\u0432\u0435\u0434\u0435\u043d\u044b \u0432\u0430\u0448\u0438 \u0434\u0430\u043d\u043d\u044b\u0435 \u0434\u043b\u044f \u0432\u0445\u043e\u0434\u0430. <br/><br/> \u0412\u0430\u0448 \u043f\u0430\u0440\u043e\u043b\u044c \u0443\u0441\u0442\u0430\u043d\u043e\u0432\u043b\u0435\u043d \u043a\u0430\u043a \u0432\u0440\u0435\u043c\u0435\u043d\u043d\u044b\u0439. <br/><br/> Email: #EMAIL# <br/> \u041f\u0430\u0440\u043e\u043b\u044c: #PASSWORD# <br/><br/> #MAILFOOTER# <br/></span>]"}, {"language": "FA", "subject": "\u0634\u0645\u0627 \u0628\u0647 \u0635\u0648\u0631\u062a \u062f\u0633\u062a\u06cc \u062b\u0628\u062a \u0634\u062f\u0647 \u0627\u06cc\u062f!", "body": "[' ', <span><br/> \u0639\u0632\u06cc\u0632 #NAME# <br/><br/> \u062e\u0648\u0634 \u0622\u0645\u062f\u06cc\u062f\u060c \u0634\u0645\u0627 \u0628\u0627 \u0645\u0648\u0641\u0642\u06cc\u062a \u062b\u0628\u062a \u0646\u0627\u0645 \u06a9\u0631\u062f\u0647 \u0627\u06cc\u062f. \u062f\u0631 \u0632\u06cc\u0631 \u0627\u0637\u0644\u0627\u0639\u0627\u062a \u0648\u0627\u0631\u062f \u0634\u062f\u0647 \u062e\u0648\u062f \u0631\u0627 \u0648\u0627\u0631\u062f \u06a9\u0646\u06cc\u062f. <br/><br/> \u0631\u0645\u0632 \u0639\u0628\u0648\u0631 \u0634\u0645\u0627 \u0628\u0647 \u0635\u0648\u0631\u062a \u0645\u0648\u0642\u062a \u062a\u0646\u0638\u06cc\u0645 \u0634\u062f\u0647 \u0627\u0633\u062a. <br/><br/> \u0627\u06cc\u0645\u06cc\u0644: #EMAIL# <br/> \u0631\u0645\u0632 \u0639\u0628\u0648\u0631: #PASSWORD# <br/><br/> #MAILFOOTER# <br/></span>]"}, {"language": "MY", "subject": "\u101e\u1004\u103b\u101e\u100a\u103b\u1000\u102d\u102f\u1000\u102d\u102f\u101a\u103a\u1010\u102d\u102f\u1004\u103a\u1019\u103e\u1010\u103a\u1015\u102f\u1036\u1010\u1004\u103a\u1001\u1032\u1037\u1000\u103c\u101b\u1010\u101a\u103a!", "body": "[' ', <span><br/> \u1001\u103b\u1005\u103a\u1001\u1004\u103a\u101b\u1015\u102b\u101e\u1031\u102c #NAME# , <br/><br/> \u1000\u103c\u102d\u102f\u1006\u102d\u102f\u1015\u102b\u1010\u101a\u103a, \u101e\u1004\u103b\u101e\u100a\u103b\u1000\u102d\u102f\u1021\u1031\u102c\u1004\u103a\u1019\u103c\u1004\u103a\u1005\u103d\u102c\u1019\u103e\u1010\u103a\u1015\u102f\u1036\u1010\u1004\u103a\u1015\u103c\u102e\u104b \u1021\u1031\u102c\u1000\u103a\u1015\u102b\u1021\u101e\u1031\u1038\u1005\u102d\u1010\u103b\u1011\u1032\u1019\u103e\u102c\u101e\u1004\u103a\u104f log \u1016\u103c\u1005\u103a\u1000\u103c\u101e\u100a\u103a\u104b <br/><br/> \u101e\u1004\u103a\u1037\u101b\u1032\u1037 Password \u1000\u102d\u102f\u101a\u102c\u101a\u102e\u101e\u1010\u103a\u1019\u103e\u1010\u103a\u1011\u102c\u1038\u1001\u103c\u1004\u103a\u1038\u1016\u103c\u1005\u103a\u101e\u100a\u103a\u104b <br/><br/> \u1021\u102e\u1038\u1019\u1031\u1038\u101c\u103a: #EMAIL# <br/> \u1005\u1000\u102c\u1038\u101d\u103e\u1000\u103a: #PASSWORD# <br/><br/> #MAILFOOTER# <br/></span>]"}, {"language": "HI", "subject": "\u0906\u092a \u092e\u0948\u0928\u094d\u092f\u0941\u0905\u0932 \u0930\u0942\u092a \u0938\u0947 \u092a\u0902\u091c\u0940\u0915\u0943\u0924 \u0915\u093f\u092f\u093e \u0917\u092f\u093e \u0939\u0948!", "body": "[' ', <span><br/> \u092a\u094d\u0930\u093f\u092f #NAME# , <br/><br/> \u0906\u092a\u0915\u093e \u0938\u094d\u0935\u093e\u0917\u0924 \u0939\u0948, \u0906\u092a \u0938\u092b\u0932\u0924\u093e\u092a\u0942\u0930\u094d\u0935\u0915 \u092a\u0902\u091c\u0940\u0915\u0943\u0924 \u0939\u094b \u0917\u090f \u0939\u0948\u0902\u0964 \u0928\u093f\u092e\u094d\u0928\u0932\u093f\u0916\u093f\u0924 \u0906\u092a\u0915\u093e \u0932\u0949\u0917 \u0907\u0928 \u0935\u093f\u0935\u0930\u0923 \u0939\u0948\u0964 <br/><br/> \u0906\u092a\u0915\u093e \u092a\u093e\u0938\u0935\u0930\u094d\u0921 \u0905\u0938\u094d\u0925\u093e\u092f\u0940 \u092a\u0930 \u0938\u0947\u091f \u0939\u0948\u0964 <br/><br/> \u0908\u092e\u0947\u0932: #EMAIL# <br/> \u092a\u093e\u0938\u0935\u0930\u094d\u0921: #PASSWORD# <br/><br/> #MAILFOOTER# <br/></span>]"}, {"language": "IW", "subject": "\u05e0\u05e8\u05e9\u05de\u05ea \u05d1\u05d0\u05d5\u05e4\u05df \u05d9\u05d3\u05e0\u05d9!", "body": "[' ', <span><br/> \u05e9\u05dc\u05d5\u05dd #NAME# , <br/><br/> \u05d1\u05e8\u05d5\u05da \u05d4\u05d1\u05d0, \u05e0\u05e8\u05e9\u05de\u05ea \u05d1\u05d4\u05e6\u05dc\u05d7\u05d4. \u05dc\u05d4\u05dc\u05df \u05e4\u05e8\u05d8\u05d9 \u05d4\u05d9\u05d5\u05de\u05df \u05e9\u05dc\u05da. <br/><br/> \u05d4\u05e1\u05d9\u05e1\u05de\u05d4 \u05e9\u05dc\u05da \u05de\u05d5\u05d2\u05d3\u05e8\u05ea \u05db\u05d6\u05de\u05e0\u05d9\u05ea. <br/><br/> \u05d3\u05d5\u05d0\"\u05dc: #EMAIL# <br/> \u05e1\u05d9\u05e1\u05de\u05d4: #PASSWORD# <br/><br/> #MAILFOOTER# <br/></span>]"}, {"language": "FR", "subject": "Vous avez \u00e9t\u00e9 enregistr\u00e9 manuellement!", "body": "[' ', <span><br/> Cher #NAME# , <br/><br/> Bienvenue, vous avez \u00e9t\u00e9 enregistr\u00e9 avec succ\u00e8s. Voici vos identifiants de connexion. <br/><br/> Votre mot de passe est d\u00e9fini sur temporaire. <br/><br/> Email: #EMAIL# <br/> Mot de passe: #PASSWORD# <br/><br/> #MAILFOOTER# <br/></span>]"}, {"language": "DA", "subject": "Du er blevet registreret manuelt!", "body": "[' ', <span><br/> K\u00e6re #NAME# , <br/><br/> Velkommen, du er blevet registreret med succes. F\u00f8lgende er dine log-in detaljer. <br/><br/> Dit kodeord er indstillet til midlertidigt. <br/><br/> Email: #EMAIL# <br/> Adgangskode: #PASSWORD# <br/><br/> #MAILFOOTER# <br/></span>]"}]}