{"purpose": "For Unsubscribe User", "templates": [{"language": "AF", "subject": "Lid Uitschrijven", "body": "[' ', <span>Liewe #NAME# , <br/><br/> Groete vir die dag.!. <br/><br/> U het suksesvol ingeteken op ons nuusbrief. <br/><br/><br/> groete, <br/> administrateur, <br/><br/> #MAILFOOTER# <br/></span>]"}, {"language": "EN", "subject": "Member Unsubscribe", "body": "[' ', <span>Dear  #NAME#,\n<br/>\n<br/>Greetings for the day.!.\n<br/>\n<br/>You have Successfully unsubscribed to our newsletter.\n<br/>\n<br/>\n<br/>Regards,\n<br/>Administrator,\n<br/>\n<br/>#MAILFOOTER# <br/></span>]"}, {"language": "TH", "subject": "\u0e2a\u0e21\u0e32\u0e0a\u0e34\u0e01\u0e22\u0e01\u0e40\u0e25\u0e34\u0e01\u0e01\u0e32\u0e23\u0e40\u0e1b\u0e47\u0e19\u0e2a\u0e21\u0e32\u0e0a\u0e34\u0e01", "body": "[' ', <span>\u0e40\u0e23\u0e35\u0e22\u0e19 #NAME# <br/><br/> \u0e2a\u0e27\u0e31\u0e2a\u0e14\u0e35\u0e2a\u0e33\u0e2b\u0e23\u0e31\u0e1a\u0e27\u0e31\u0e19\u0e19\u0e35\u0e49! <br/><br/> \u0e04\u0e38\u0e13\u0e44\u0e14\u0e49\u0e22\u0e01\u0e40\u0e25\u0e34\u0e01\u0e01\u0e32\u0e23\u0e2a\u0e21\u0e31\u0e04\u0e23\u0e23\u0e31\u0e1a\u0e08\u0e14\u0e2b\u0e21\u0e32\u0e22\u0e02\u0e48\u0e32\u0e27\u0e02\u0e2d\u0e07\u0e40\u0e23\u0e32\u0e40\u0e23\u0e35\u0e22\u0e1a\u0e23\u0e49\u0e2d\u0e22\u0e41\u0e25\u0e49\u0e27 <br/><br/><br/> \u0e04\u0e27\u0e32\u0e21\u0e19\u0e31\u0e1a\u0e16\u0e37\u0e2d, <br/> \u0e1c\u0e39\u0e49\u0e14\u0e39\u0e41\u0e25\u0e23\u0e30\u0e1a\u0e1a <br/><br/> #MAILFOOTER# <br/></span>]"}, {"language": "ID", "subject": "Anggota Berhenti Berlangganan", "body": "[' ', <span>Dear #NAME# , <br/><br/> Salam untuk hari ini.!. <br/><br/> Anda telah berhasil berhenti berlangganan buletin kami. <br/><br/><br/> Salam, <br/> Administrator, <br/><br/> #MAILFOOTER# <br/></span>]"}, {"language": "DE", "subject": "Mitglied abbestellen", "body": "[' ', <span>Lieber #NAME# , <br/><br/> Gr\u00fc\u00dfe f\u00fcr den Tag.!. <br/><br/> Sie haben unseren Newsletter erfolgreich abbestellt. <br/><br/><br/> Gr\u00fc\u00dfe, <br/> Administrator, <br/><br/> #MAILFOOTER# <br/></span>]"}, {"language": "ES", "subject": "Anular la suscripci\u00f3n del miembro", "body": "[' ', <span>Estimado #NAME# , <br/><br/> Saludos para el d\u00eda.!. <br/><br/> Has cancelado la suscripci\u00f3n a nuestro bolet\u00edn. <br/><br/><br/> Saludos, <br/> Administrador, <br/><br/> #MAILFOOTER# <br/></span>]"}, {"language": "IT", "subject": "Iscrizione del membro", "body": "[' ', <span>Gentile #NAME# , <br/><br/> Auguri per il giorno.!. <br/><br/> Hai annullato la sottoscrizione con successo alla nostra newsletter. <br/><br/><br/> Saluti, <br/> Amministratore, <br/><br/> #MAILFOOTER# <br/></span>]"}, {"language": "AR", "subject": "\u0625\u0644\u063a\u0627\u0621 \u0627\u0644\u0627\u0634\u062a\u0631\u0627\u0643", "body": "[' ', <span>\u0639\u0632\u064a\u0632\u064a #NAME# \u060c <br/><br/> \u062a\u062d\u064a\u0629 \u0627\u0644\u064a\u0648\u0645.!. <br/><br/> \u0644\u0642\u062f \u0623\u0644\u063a\u064a\u062a \u0627\u0634\u062a\u0631\u0627\u0643\u0643 \u0628\u0646\u062c\u0627\u062d \u0641\u064a \u0646\u0634\u0631\u062a\u0646\u0627 \u0627\u0644\u0625\u062e\u0628\u0627\u0631\u064a\u0629. <br/><br/><br/> \u0645\u0639 \u062a\u062d\u064a\u0627\u062a\u064a\u060c <br/> \u0645\u062f\u064a\u0631\u060c <br/><br/> #MAILFOOTER# <br/></span>]"}, {"language": "UR", "subject": "\u0631\u06a9\u0646 \u0631\u06a9\u0646\u06cc\u062a", "body": "[' ', <span>\u0639\u0632\u06cc\u0632 #NAME# \u060c <br/><br/> \u062f\u0646 \u06a9\u06d2 \u0644\u0626\u06d2 \u0645\u0628\u0627\u0631\u06a9\u0628\u0627\u062f!! <br/><br/> \u0622\u067e \u0646\u06d2 \u06c1\u0645\u0627\u0631\u06d2 \u0646\u06cc\u0648\u0632 \u0644\u06cc\u0679\u0631 \u06a9\u0648 \u06a9\u0627\u0645\u06cc\u0627\u0628\u06cc \u0633\u06d2 \u0645\u062d\u0631\u0648\u0645 \u06a9\u0631\u062f\u06cc\u0627 \u06c1\u06d2. <br/><br/><br/> \u062d\u0648\u0627\u0644\u06d2\u060c <br/> \u0645\u0646\u062a\u0638\u0645\u060c <br/><br/> #MAILFOOTER# <br/></span>]"}, {"language": "AZ", "subject": "\u00dczvd\u0259n \u00e7\u0131xma", "body": "[' ', <span>H\u00f6rm\u0259tli #NAME# , <br/><br/> G\u00fcn\u00fcn salamlar\u0131.!. <br/><br/> B\u00fcltenimize u\u011furla abun\u0259 etdiniz. <br/><br/><br/> H\u00f6rm\u0259tl\u0259, <br/> Administrator, <br/><br/> #MAILFOOTER# <br/></span>]"}, {"language": "ZH", "subject": "\u4f1a\u5458\u53d6\u6d88\u8ba2\u9605", "body": "[' ', <span>\u4eb2\u7231\u7684#NAME# \uff0c <br/><br/>\u5f53\u5929\u7684\u95ee\u5019\u3002\uff01 <br/><br/>\u60a8\u5df2\u6210\u529f\u53d6\u6d88\u8ba2\u9605\u6211\u4eec\u7684\u7b80\u62a5\u3002 <br/><br/><br/>\u95ee\u5019\uff0c <br/>\u7ba1\u7406\u5458\uff0c <br/><br/> #MAILFOOTER# <br/></span>]"}, {"language": "PT", "subject": "Membro anular inscri\u00e7\u00e3o", "body": "[' ', <span>Querido #NAME# , <br/><br/> Sauda\u00e7\u00f5es para o dia! <br/><br/> Voc\u00ea cancelou a sua newsletter com sucesso. <br/><br/><br/> Sauda\u00e7\u00f5es, <br/> Administrador, <br/><br/> #MAILFOOTER# <br/></span>]"}, {"language": "ZU", "subject": "Ilungu lizikhiphe ohlwini", "body": "[' ', <span>U- #NAME# othandekayo, <br/><br/> Ukubingelela usuku. <br/><br/> Uphumelele ngokuphumelelayo kwi-newsletter yethu. <br/><br/><br/> Ukulawula, <br/> Umqondisi, <br/><br/> #MAILFOOTER# <br/></span>]"}, {"language": "SW", "subject": "Jumuiya ya kujiondoa", "body": "[' ', <span>Mpendwa #NAME# , <br/><br/> Salamu kwa siku. <br/><br/> Umefanikiwa kujiunga na jarida letu. <br/><br/><br/> Kuzidi, <br/> Msimamizi, <br/><br/> #MAILFOOTER# <br/></span>]"}, {"language": "KU", "subject": "Pirsgir\u00eak Endam", "body": "[' ', <span>Bir\u00eaz #NAME# , <br/><br/> Ji bo roja p\u00eeroz!! <br/><br/> H\u00fbn bi serkeft\u00ee ji n\u00fb\u00e7egihan\u00ea me vebigere. <br/><br/><br/> Armanca <br/> Bir\u00eavebir, <br/><br/> #MAILFOOTER# <br/></span>]"}, {"language": "MS", "subject": "Melanggan ahli", "body": "[' ', <span>Dear #NAME# , <br/><br/> Salam untuk hari ini! <br/><br/> Anda telah berjaya melanggan langganan berita kami. <br/><br/><br/> Salam, <br/> Pentadbir, <br/><br/> #MAILFOOTER# <br/></span>]"}, {"language": "SI", "subject": "\u0dc3\u0dcf\u0db8\u0dcf\u0da2\u0dd2\u0d9a\u0dba\u0dcf \u0db1\u0ddc", "body": "[' ', <span>\u0dc4\u0dd2\u0dad\u0dc0\u0dad\u0dca #NAME# , <br/><br/> \u0daf\u0dc0\u0dc3 \u0dc3\u0db3\u0dc4\u0dcf \u0dc3\u0dd4\u0db7 \u0db4\u0dd0\u0dad\u0dd4\u0db8\u0dca. <br/><br/> \u0d94\u0db6 \u0d85\u0db4\u0d9c\u0dda \u0db4\u0dd4\u0dc0\u0dad\u0dca \u0dbd\u0dd2\u0db4\u0dd2\u0dba\u0da7 \u0dc3\u0dcf\u0dbb\u0dca\u0dae\u0d9a\u0dc0 \u0d89\u0dc0\u0dad\u0dca \u0dc0\u0dd3 \u0d87\u0dad. <br/><br/><br/> \u0dc3\u0dad\u0dca\u0dad\u0d9a\u0dd2\u0db1\u0dca \u0db8 <br/> \u0db4\u0dbb\u0dd2\u0db4\u0dcf\u0dbd\u0d9a, <br/><br/> #MAILFOOTER# <br/></span>]"}, {"language": "TA", "subject": "\u0b89\u0bb1\u0bc1\u0baa\u0bcd\u0baa\u0bbf\u0ba9\u0bb0\u0bcd \u0b95\u0bc1\u0bb4\u0bc1\u0bb5\u0bbf\u0bb2\u0b95\u0bb2\u0bcd", "body": "[' ', <span>\u0b85\u0ba9\u0bcd\u0baa\u0bc7 #NAME# , <br/><br/> \u0ba8\u0bbe\u0bb3\u0bcd \u0bb5\u0bbe\u0bb4\u0bcd\u0ba4\u0bcd\u0ba4\u0bc1\u0b95\u0bcd\u0b95\u0bb3\u0bcd.!. <br/><br/> \u0b8e\u0b99\u0bcd\u0b95\u0bb3\u0bcd \u0b9a\u0bc6\u0baf\u0bcd\u0ba4\u0bbf\u0bae\u0b9f\u0bb2\u0bc1\u0b95\u0bcd\u0b95\u0bc1 \u0bb5\u0bc6\u0bb1\u0bcd\u0bb1\u0bbf\u0b95\u0bb0\u0bae\u0bbe\u0b95 \u0ba8\u0bc0\u0b95\u0bcd\u0b95\u0baa\u0bcd\u0baa\u0b9f\u0bcd\u0b9f\u0ba4\u0bc1. <br/><br/><br/> \u0b85\u0ba9\u0bcd\u0baa\u0bc1\u0b9f\u0ba9\u0bcd, <br/> \u0ba8\u0bbf\u0bb0\u0bcd\u0bb5\u0bbe\u0b95\u0bbf, <br/><br/> #MAILFOOTER# <br/></span>]"}, {"language": "VI", "subject": "H\u1ee7y \u0111\u0103ng k\u00fd th\u00e0nh vi\u00ean", "body": "[' ', <span>K\u00ednh g\u1eedi #NAME# , <br/><br/> Ch\u00fac m\u1eebng trong ng\u00e0y.! <br/><br/> B\u1ea1n \u0111\u00e3 h\u1ee7y \u0111\u0103ng k\u00fd th\u00e0nh c\u00f4ng b\u1ea3n tin c\u1ee7a ch\u00fang t\u00f4i. <br/><br/><br/> Tr\u00e2n tr\u1ecdng, <br/> Ng\u01b0\u1eddi qu\u1ea3n l\u00fd, <br/><br/> #MAILFOOTER# <br/></span>]"}, {"language": "TL", "subject": "Mag-unsubscribe ng Miyembro", "body": "[' ', <span>Mahal na #NAME# , <br/><br/> Pagbati para sa araw.!. <br/><br/> Matagumpay kang nag-unsubscribe sa aming newsletter. <br/><br/><br/> Pagbati, <br/> Administrator, <br/><br/> #MAILFOOTER# <br/></span>]"}, {"language": "KM", "subject": "\u179f\u1798\u17b6\u1787\u17b7\u1780\u179b\u17c2\u1784\u1787\u17b6\u179c", "body": "[' ', <span>\u1787\u17bc\u1793\u1785\u17c6\u1796\u17c4\u17c7 #NAME# , <br/><br/> \u1780\u17b6\u179a\u179f\u17bd\u179a\u179f\u17bb\u1781\u1791\u17bb\u1780\u17d2\u1781\u179f\u1798\u17d2\u179a\u17b6\u1794\u17cb\u1790\u17d2\u1784\u17c3\u1793\u17c1\u17c7\u17d4 <br/><br/> \u17a2\u17d2\u1793\u1780\u1794\u17b6\u1793\u1788\u1794\u17cb\u1787\u17b6\u179c\u1791\u17c5\u1796\u17d2\u179a\u17b9\u178f\u17d2\u178f\u17b7\u1794\u17d0\u178f\u17d2\u179a\u1796\u17d0\u178f\u17cc\u1798\u17b6\u1793\u179a\u1794\u179f\u17cb\u1799\u17be\u1784\u178a\u17c4\u1799\u1787\u17c4\u1782\u1787\u17d0\u1799\u17d4 <br/><br/><br/> \u178a\u17c4\u1799\u1780\u17d2\u178f\u17b8\u1782\u17c4\u179a\u1796, <br/> \u17a2\u17d2\u1793\u1780\u1782\u17d2\u179a\u1794\u17cb\u1782\u17d2\u179a\u1784, <br/><br/> #MAILFOOTER# <br/></span>]"}, {"language": "BN", "subject": "\u09b8\u09a6\u09b8\u09cd\u09af \u09b8\u09be\u09ac\u09b8\u09cd\u0995\u09cd\u09b0\u09be\u0987\u09ac \u0995\u09b0\u09c1\u09a8", "body": "[' ', <span>\u09aa\u09cd\u09b0\u09bf\u09af\u09bc #NAME# , <br/><br/> \u09a6\u09bf\u09a8\u09c7\u09b0 \u099c\u09a8\u09cd\u09af \u09b6\u09c1\u09ad\u09c7\u099a\u09cd\u099b\u09be.!. <br/><br/> \u0986\u09aa\u09a8\u09bf \u09b8\u09ab\u09b2\u09ad\u09be\u09ac\u09c7 \u0986\u09ae\u09be\u09a6\u09c7\u09b0 \u09a8\u09bf\u0989\u099c\u09b2\u09c7\u099f\u09be\u09b0 \u09b8\u09be\u09ac\u09b8\u09cd\u0995\u09cd\u09b0\u09be\u0987\u09ac \u0995\u09b0\u09c7\u099b\u09c7\u09a8\u0964 <br/><br/><br/> \u09b6\u09c1\u09ad\u09c7\u099a\u09cd\u099b\u09be \u09b8\u09b9, <br/> \u09aa\u09cd\u09b0\u09b6\u09be\u09b8\u0995 <br/><br/> #MAILFOOTER# <br/></span>]"}, {"language": "JA", "subject": "\u30e1\u30f3\u30d0\u30fc\u767b\u9332\u89e3\u9664", "body": "[' ', <span>#NAME# <br/><br/>\u305d\u306e\u65e5\u306e\u3054\u6328\u62f6\u3002 <br/><br/>\u3042\u306a\u305f\u306f\u79c1\u305f\u3061\u306e\u30cb\u30e5\u30fc\u30b9\u30ec\u30bf\u30fc\u306e\u8cfc\u8aad\u3092\u89e3\u9664\u3057\u307e\u3057\u305f\u3002 <br/><br/><br/>\u3088\u308d\u3057\u304f\u3001 <br/>\u7ba1\u7406\u8005\u3001 <br/><br/> #MAILFOOTER# <br/></span>]"}, {"language": "KO", "subject": "\ud68c\uc6d0 \ud0c8\ud1f4", "body": "[' ', <span>#NAME# , <br/><br/> \uc624\ub298\uc758 \uc778\uc0ac. <br/><br/> \uc131\uacf5\uc801\uc73c\ub85c \ub274\uc2a4 \ub808\ud130\ub97c \uad6c\ub3c5 \ucde8\uc18c\ud588\uc2b5\ub2c8\ub2e4. <br/><br/><br/> \ubb38\uc548 \uc778\uc0ac, <br/> \uad00\ub9ac\uc790, <br/><br/> #MAILFOOTER# <br/></span>]"}, {"language": "YO", "subject": "\u1e62i\u1e63e alabapin kuro", "body": "[' ', <span>Eyin #NAME# , <br/><br/> \u1eb8 k\u00ed fun \u1ecdj\u1ecd naa!!. <br/><br/> O ti ni ifiran\u0161\u1eb9 ti ko \u1e63asil\u1eb9 si iwe iroyin wa. <br/><br/><br/> Wo, <br/> Oluk\u1ecdni, <br/><br/> #MAILFOOTER# <br/></span>]"}, {"language": "TR", "subject": "\u00dcyelikten \u00e7\u0131kmak", "body": "[' ', <span>Sevgili #NAME# , <br/><br/> G\u00fcn\u00fcn selamlar\u0131. <br/><br/> B\u00fcltenimize ba\u015far\u0131yla abone oldunuz. <br/><br/><br/> Sayg\u0131lar\u0131m\u0131zla, <br/> Y\u00f6netici, <br/><br/> #MAILFOOTER# <br/></span>]"}, {"language": "RU", "subject": "\u0427\u043b\u0435\u043d \u041e\u0442\u043f\u0438\u0441\u0430\u0442\u044c\u0441\u044f", "body": "[' ', <span>\u0423\u0432\u0430\u0436\u0430\u0435\u043c\u044b\u0439 #NAME# , <br/><br/> \u041f\u0440\u0438\u0432\u0435\u0442\u0441\u0442\u0432\u0443\u044e \u043d\u0430 \u0432\u0435\u0441\u044c \u0434\u0435\u043d\u044c! <br/><br/> \u0412\u044b \u0443\u0441\u043f\u0435\u0448\u043d\u043e \u043e\u0442\u043f\u0438\u0441\u0430\u043b\u0438\u0441\u044c \u043e\u0442 \u043d\u0430\u0448\u0435\u0439 \u0440\u0430\u0441\u0441\u044b\u043b\u043a\u0438. <br/><br/><br/> \u0421 \u0423\u0432\u0430\u0436\u0435\u043d\u0438\u0435\u043c, <br/> \u0410\u0434\u043c\u0438\u043d\u0438\u0441\u0442\u0440\u0430\u0442\u043e\u0440, <br/><br/> #MAILFOOTER# <br/></span>]"}, {"language": "FA", "subject": "\u0639\u0636\u0648\u06cc\u062a \u0644\u063a\u0648 \u0639\u0636\u0648\u06cc\u062a", "body": "[' ', <span>\u0639\u0632\u06cc\u0632 #NAME# <br/><br/> \u062a\u0628\u0631\u06cc\u06a9 \u0628\u0631\u0627\u06cc \u0631\u0648\u0632.! <br/><br/> \u0634\u0645\u0627 \u0628\u0647 \u0635\u0648\u0631\u062a \u0645\u0648\u0641\u0642\u06cc\u062a \u0622\u0645\u06cc\u0632 \u0628\u0647 \u062e\u0628\u0631\u0646\u0627\u0645\u0647 \u0645\u0627 \u0631\u0641\u062a\u0647 \u0627\u06cc\u062f. <br/><br/><br/> \u0628\u0627 \u0627\u062d\u062a\u0631\u0627\u0645\u060c <br/> \u0645\u062f\u06cc\u0631 <br/><br/> #MAILFOOTER# <br/></span>]"}, {"language": "MY", "subject": "\u1021\u1016\u103d\u1032\u1037\u101d\u1004\u103a\u1005\u102c\u101b\u1004\u103a\u1038\u1016\u103b\u1000\u103a\u101b\u1014\u103a", "body": "[' ', <span>\u1001\u103b\u1005\u103a\u1001\u1004\u103a\u101b\u1015\u102b\u101e\u1031\u102c #NAME# , <br/><br/> \u1014\u1031\u1037\u1021\u1018\u102d\u102f\u1037\u1019\u1031\u1010\u1039\u1010\u102c\u1014\u103e\u1004\u1037\u103a\u1000\u103c\u102c\u1038\u101c\u102d\u102f\u1000\u103a\u1015\u102b\u104f\u104b \u104b <br/><br/> \u101e\u1004\u103a\u1010\u102d\u102f\u1037\u101e\u100a\u103a\u1004\u102b\u1010\u102d\u102f\u1037\u104f\u101e\u1010\u1004\u103a\u1038\u101c\u103d\u103e\u102c\u1019\u103e\u1021\u1031\u102c\u1004\u103a\u1019\u103c\u1004\u103a\u1005\u103d\u102c\u1014\u103e\u102f\u1010\u103a\u1011\u103d\u1000\u103a\u101b\u103e\u102d\u101e\u100a\u103a\u104b <br/><br/><br/> \u101c\u1031\u1038\u1005\u102c\u1038\u1005\u103d\u102c\u1016\u103c\u1004\u1037\u103a, <br/> \u1021\u102f\u1015\u103a\u1001\u103b\u102f\u1015\u103a\u101b\u1031\u1038\u1019\u103e\u1030\u1038, <br/><br/> #MAILFOOTER# <br/></span>]"}, {"language": "HI", "subject": "\u0938\u0926\u0938\u094d\u092f \u0938\u0926\u0938\u094d\u092f\u0924\u093e \u0938\u092e\u093e\u092a\u094d\u0924 \u0915\u0930\u0947\u0902", "body": "[' ', <span>\u092a\u094d\u0930\u093f\u092f #NAME# , <br/><br/> \u0926\u093f\u0928 \u0915\u0940 \u0936\u0941\u092d\u0915\u093e\u092e\u0928\u093e\u090f\u0902\u0964!\u0964 <br/><br/> \u0906\u092a\u0928\u0947 \u0939\u092e\u093e\u0930\u0947 \u0928\u094d\u092f\u0942\u091c\u093c\u0932\u0947\u091f\u0930 \u0915\u094b \u0938\u092b\u0932\u0924\u093e\u092a\u0942\u0930\u094d\u0935\u0915 \u0905\u0928\u0938\u092c\u094d\u0938\u0915\u094d\u0930\u093e\u0907\u092c \u0915\u0930 \u0926\u093f\u092f\u093e \u0939\u0948\u0964 <br/><br/><br/> \u0938\u093e\u0926\u0930, <br/> \u092a\u094d\u0930\u0936\u093e\u0938\u0915, <br/><br/> #MAILFOOTER# <br/></span>]"}, {"language": "IW", "subject": "\u05d7\u05d1\u05e8 \u05dc\u05d1\u05d8\u05dc \u05d0\u05ea \u05d4\u05de\u05e0\u05d5\u05d9", "body": "[' ', <span>\u05e9\u05dc\u05d5\u05dd #NAME# , <br/><br/> \u05d1\u05e8\u05db\u05d5\u05ea \u05dc\u05d9\u05d5\u05dd.!. <br/><br/> \u05d1\u05d9\u05d8\u05dc\u05ea \u05d1\u05d4\u05e6\u05dc\u05d7\u05d4 \u05d0\u05ea \u05d4\u05d4\u05e8\u05e9\u05de\u05d4 \u05dc\u05e0\u05d9\u05d5\u05d6\u05dc\u05d8\u05e8 \u05e9\u05dc\u05e0\u05d5. <br/><br/><br/> \u05d1\u05d1\u05e8\u05db\u05d4, <br/> \u05de\u05e0\u05d4\u05dc, <br/><br/> #MAILFOOTER# <br/></span>]"}, {"language": "FR", "subject": "Membre d\u00e9sabonnement", "body": "[' ', <span>Cher #NAME# , <br/><br/> Salutations pour la journ\u00e9e.!. <br/><br/> Vous avez d\u00e9sabonn\u00e9 avec succ\u00e8s \u00e0 notre newsletter. <br/><br/><br/> Cordialement, <br/> Administrateur, <br/><br/> #MAILFOOTER# <br/></span>]"}, {"language": "DA", "subject": "Medlem Afmeld", "body": "[' ', <span>K\u00e6re #NAME# , <br/><br/> Hilsner til dagen.!. <br/><br/> Du har succesfuldt afmeldt vores nyhedsbrev. <br/><br/><br/> Hilsen, <br/> Administrator, <br/><br/> #MAILFOOTER# <br/></span>]"}]}