{"purpose": "To notify the admin about document expiry 7 days in advance", "templates": [{"language": "AF", "subject": "Dokumentuitval", "body": "[' volgende dokument verstryk #details# ', <br/>]"}, {"language": "EN", "subject": "Document Expiry", "body": "[' following document expired\\n#details#', <br/>]"}, {"language": "TH", "subject": "\u0e40\u0e2d\u0e01\u0e2a\u0e32\u0e23\u0e2b\u0e21\u0e14\u0e2d\u0e32\u0e22\u0e38", "body": "[' \u0e40\u0e2d\u0e01\u0e2a\u0e32\u0e23\u0e15\u0e48\u0e2d\u0e44\u0e1b\u0e19\u0e35\u0e49\u0e2b\u0e21\u0e14\u0e2d\u0e32\u0e22\u0e38 #details# ', <br/>]"}, {"language": "ID", "subject": "Dokumen kedaluwarsa", "body": "[' dokumen berikut kedaluwarsa #details# ', <br/>]"}, {"language": "DE", "subject": "Ablaufdatum des Dokuments", "body": "[' folgendes Dokument abgelaufen #details# ', <br/>]"}, {"language": "ES", "subject": "Documento caducado", "body": "[' siguiente documento caducado #details# ', <br/>]"}, {"language": "IT", "subject": "Scadenza del documento", "body": "[' seguente documento scaduto #details# ', <br/>]"}, {"language": "AR", "subject": "\u0627\u0646\u062a\u0647\u0627\u0621 \u0635\u0644\u0627\u062d\u064a\u0629 \u0627\u0644\u0645\u0633\u062a\u0646\u062f", "body": "[' \u0627\u0646\u062a\u0647\u062a \u0635\u0644\u0627\u062d\u064a\u0629 \u0627\u0644\u0645\u0633\u062a\u0646\u062f \u0627\u0644\u062a\u0627\u0644\u064a #details# ', <br/>]"}, {"language": "UR", "subject": "\u062f\u0633\u062a\u0627\u0648\u06cc\u0632 \u062e\u062a\u0645 \u06c1\u0648\u0646\u06d2", "body": "[' \u0645\u0646\u062f\u0631\u062c\u06c1 \u0630\u06cc\u0644 \u062f\u0633\u062a\u0627\u0648\u06cc\u0632 \u06a9\u06cc \u0645\u062f\u062a \u062e\u062a\u0645 \u06c1\u0648\u06af\u0626\u06cc #details# ', <br/>]"}, {"language": "AZ", "subject": "S\u0259n\u0259din sona \u00e7atd\u0131r\u0131lmas\u0131", "body": "[' s\u0259n\u0259din sona \u00e7atmas\u0131 #details# ', <br/>]"}, {"language": "ZH", "subject": "\u6587\u4ef6\u5230\u671f", "body": "[' \u4ee5\u4e0b\u6587\u4ef6\u5df2\u8fc7\u671f#details# ', <br/>]"}, {"language": "PT", "subject": "Expira\u00e7\u00e3o do Documento", "body": "[' o seguinte documento expirou #details# ', <br/>]"}, {"language": "ZU", "subject": "Ukuphela kwesikhathi kwedokhumenti", "body": "[' ukulandela idokhumenti iphelelwe yisikhathi #details# ', <br/>]"}, {"language": "SW", "subject": "Mwisho wa Hati", "body": "[' ifuatayo hati ya mwisho ya #details# ', <br/>]"}, {"language": "KU", "subject": "Daxuyaniya Dokument\u00ea", "body": "[' belgeya j\u00ear\u00een #details# ', <br/>]"}, {"language": "MS", "subject": "Dokumen Tamat", "body": "[' dokumen berikut tamat tempoh #details# ', <br/>]"}, {"language": "SI", "subject": "\u0dbd\u0dda\u0d9b\u0db1 \u0d9a\u0dbd\u0dca \u0d89\u0d9a\u0dd4\u0dad\u0dca\u0dc0\u0dd3\u0db8", "body": "[' \u0db4\u0dc4\u0dad \u0dc3\u0db3\u0dc4\u0db1\u0dca \u0dbd\u0dda\u0d9b\u0db1\u0dba \u0d9a\u0dbd\u0dca \u0d89\u0d9a\u0dd4\u0dad\u0dca\u0dc0\u0dd3 \u0d87\u0dad #details# ', <br/>]"}, {"language": "TA", "subject": "\u0b86\u0bb5\u0ba3 \u0b95\u0bbe\u0bb2\u0bbe\u0bb5\u0ba4\u0bbf", "body": "[' \u0baa\u0bbf\u0ba9\u0bcd\u0bb5\u0bb0\u0bc1\u0bae\u0bcd \u0b86\u0bb5\u0ba3\u0bae\u0bcd \u0b95\u0bbe\u0bb2\u0bbe\u0bb5\u0ba4\u0bbf\u0baf\u0bbe\u0ba9\u0ba4\u0bc1 #details# ', <br/>]"}, {"language": "VI", "subject": "T\u00e0i li\u1ec7u h\u1ebft h\u1ea1n", "body": "[' t\u00e0i li\u1ec7u sau h\u1ebft h\u1ea1n #details# ', <br/>]"}, {"language": "TL", "subject": "Pag-expire ng Dokumento", "body": "[' sumusunod na dokumentong nawala #details# ', <br/>]"}, {"language": "KM", "subject": "\u1795\u17bb\u178f\u1780\u17c6\u178e\u178f\u17cb\u17af\u1780\u179f\u17b6\u179a", "body": "[' \u17af\u1780\u179f\u17b6\u179a\u1781\u17b6\u1784\u1780\u17d2\u179a\u17c4\u1798\u1795\u17bb\u178f\u1780\u17c6\u178e\u178f\u17cb #details# ', <br/>]"}, {"language": "BN", "subject": "\u09a1\u0995\u09c1\u09ae\u09c7\u09a8\u09cd\u099f \u09ae\u09c7\u09af\u09bc\u09be\u09a6 \u09b6\u09c7\u09b7", "body": "[' \u09a8\u09bf\u09ae\u09cd\u09a8\u09b2\u09bf\u0996\u09bf\u09a4 \u09a8\u09a5\u09bf \u09ae\u09c7\u09af\u09bc\u09be\u09a6 \u09b6\u09c7\u09b7 #details# ', <br/>]"}, {"language": "JA", "subject": "\u30c9\u30ad\u30e5\u30e1\u30f3\u30c8\u306e\u6709\u52b9\u671f\u9650", "body": "[' \u6b21\u306e\u30c9\u30ad\u30e5\u30e1\u30f3\u30c8\u306e\u6709\u52b9\u671f\u9650\u304c\u5207\u308c#details# ', <br/>]"}, {"language": "KO", "subject": "\ubb38\uc11c \ub9cc\uae30", "body": "[' \ub2e4\uc74c \ubb38\uc11c \ub9cc\ub8cc #details# ', <br/>]"}, {"language": "YO", "subject": "Iwe ipil\u1eb9 iwe", "body": "[' at\u1eb9le iwe pari #details# ', <br/>]"}, {"language": "TR", "subject": "Belge Sona Erme", "body": "[' a\u015fa\u011f\u0131daki belgenin s\u00fcresi doldu #details# ', <br/>]"}, {"language": "RU", "subject": "\u0421\u0440\u043e\u043a \u0434\u0435\u0439\u0441\u0442\u0432\u0438\u044f \u0434\u043e\u043a\u0443\u043c\u0435\u043d\u0442\u0430", "body": "[' \u0421\u043b\u0435\u0434\u0443\u044e\u0449\u0438\u0439 \u0434\u043e\u043a\u0443\u043c\u0435\u043d\u0442 \u0438\u0441\u0442\u0435\u043a #details# ', <br/>]"}, {"language": "FA", "subject": "\u0627\u0646\u0642\u0636\u0627\u0621 \u0633\u0646\u062f", "body": "[' \u0627\u0633\u0646\u0627\u062f \u0632\u06cc\u0631 \u0628\u0647 \u067e\u0627\u06cc\u0627\u0646 \u0631\u0633\u06cc\u062f #details# ', <br/>]"}, {"language": "MY", "subject": "\u1005\u102c\u101b\u103d\u1000\u103a\u1005\u102c\u1010\u1019\u103a\u1038 Expiry", "body": "[' \u1021\u1031\u102c\u1000\u103a\u1015\u102b\u1005\u102c\u101b\u103d\u1000\u103a\u1005\u102c\u1010\u1019\u103a\u1038\u1000\u102f\u1014\u103a\u1006\u102f\u1036\u1038 #details# ', <br/>]"}, {"language": "HI", "subject": "\u0926\u0938\u094d\u0924\u093e\u0935\u0947\u091c\u093c \u0938\u092e\u093e\u092a\u094d\u0924\u093f", "body": "[' \u0928\u093f\u092e\u094d\u0928\u0932\u093f\u0916\u093f\u0924 \u0926\u0938\u094d\u0924\u093e\u0935\u0947\u091c\u093c \u0938\u092e\u093e\u092a\u094d\u0924 \u0939\u094b \u0917\u090f #details# ', <br/>]"}, {"language": "IW", "subject": "\u05ea\u05e4\u05d5\u05d2\u05ea \u05de\u05e1\u05de\u05db\u05d9\u05dd", "body": "[' \u05d4\u05de\u05e1\u05de\u05da \u05d4\u05d1\u05d0 \u05e4\u05d2 #details# ', <br/>]"}, {"language": "FR", "subject": "Expiration du document", "body": "[' document suivant expir\u00e9 #details# ', <br/>]"}, {"language": "DA", "subject": "Dokumentets udl\u00f8b", "body": "[' f\u00f8lgende dokument udl\u00f8bet #details# ', <br/>]"}]}