{"purpose": "Notify User For withdrawal Request", "templates": [{"language": "AF", "subject": "Onttrekking Geld Versoek", "body": "[' ', <b>Liewe #User_Name# ,</b>, ' ', <br/>, <br/>, ' U het onttrekkingsbedrag aangevra. # ', <b>Withdrawal_amount</b>, ' # Ons sal u so gou as moontlik kontak. ', <br/>, <br/>, ' Dankie! #MailFooter#']"}, {"language": "EN", "subject": "Withdrawal Money Request", "body": "[' ', <b>Dear #User_Name#,</b>, <br/>, '\\n', <br/>, 'You have requested withdrawal amount #', <b>Withdrawal_amount</b>, '# We will contact you as soon as possible. ', <br/>, <br/>, 'Thanks! #MailFooter#']"}, {"language": "TH", "subject": "\u0e16\u0e2d\u0e19\u0e40\u0e07\u0e34\u0e19\u0e04\u0e33\u0e02\u0e2d", "body": "[' ', <b>\u0e40\u0e23\u0e35\u0e22\u0e19 #User_Name#</b>, ' ', <br/>, <br/>, ' \u0e04\u0e38\u0e13\u0e44\u0e14\u0e49\u0e23\u0e49\u0e2d\u0e07\u0e02\u0e2d\u0e08\u0e33\u0e19\u0e27\u0e19\u0e40\u0e07\u0e34\u0e19\u0e17\u0e35\u0e48\u0e16\u0e2d\u0e19 # ', <b>Withdrawal_amount</b>, ' # \u0e40\u0e23\u0e32\u0e08\u0e30\u0e15\u0e34\u0e14\u0e15\u0e48\u0e2d\u0e04\u0e38\u0e13\u0e42\u0e14\u0e22\u0e40\u0e23\u0e47\u0e27\u0e17\u0e35\u0e48\u0e2a\u0e38\u0e14 ', <br/>, <br/>, ' \u0e02\u0e2d\u0e1a\u0e04\u0e38\u0e13! #MailFooter#']"}, {"language": "ID", "subject": "Penarikan Permintaan Uang", "body": "[' ', <b>Dear #User_Name# ,</b>, ' ', <br/>, <br/>, ' Anda telah meminta jumlah penarikan # ', <b>Withdrawal_amount</b>, ' # Kami akan menghubungi Anda sesegera mungkin. ', <br/>, <br/>, ' Terima kasih! #MailFooter#']"}, {"language": "DE", "subject": "Auszahlungsgeld anfordern", "body": "[' ', <b>Sehr geehrter #User_Name# ,</b>, ' ', <br/>, <br/>, ' Sie haben eine Auszahlungssumme beantragt # ', <b>Withdrawal_amount</b>, ' # Wir werden uns so schnell wie m\u00f6glich mit Ihnen in Verbindung setzen. ', <br/>, <br/>, ' Vielen Dank! #MailFooter#']"}, {"language": "ES", "subject": "Solicitud de retiro de dinero", "body": "[' ', <b>Estimado #User_Name# ,</b>, ' ', <br/>, <br/>, ' Ha solicitado un monto de retiro # ', <b>Withdrawal_amount</b>, ' # monto # ', <b>Withdrawal_amount</b>, ' # Nos pondremos en contacto con usted lo antes posible. ', <br/>, <br/>, ' \u00a1Gracias! #MailFooter#']"}, {"language": "IT", "subject": "Richiesta di prelievo di prelievo", "body": "[' ', <b>Gentile #User_Name# ,</b>, ' ', <br/>, <br/>, \" Hai richiesto l'importo del # \", <b>Withdrawal_amount</b>, ' # Ti contatteremo al pi\u00f9 presto. ', <br/>, <br/>, ' Grazie! #MailFooter#']"}, {"language": "AR", "subject": "\u0637\u0644\u0628 \u0633\u062d\u0628 \u0627\u0644\u0623\u0645\u0648\u0627\u0644", "body": "[' ', <b>\u0639\u0632\u064a\u0632\u064a #User_Name# \u060c</b>, ' ', <br/>, <br/>, ' \u0644\u0642\u062f \u0637\u0644\u0628\u062a \u0645\u0628\u0644\u063a # ', <b>Withdrawal_amount</b>, ' # \u0633\u0646\u062a\u0635\u0644 \u0628\u0643 \u0641\u064a \u0623\u0642\u0631\u0628 \u0648\u0642\u062a \u0645\u0645\u0643\u0646. ', <br/>, <br/>, ' \u0634\u0643\u0631! #MailFooter#']"}, {"language": "UR", "subject": "\u0648\u0627\u067e\u0633\u06cc \u0631\u0642\u0645 \u06a9\u06cc \u062f\u0631\u062e\u0648\u0627\u0633\u062a", "body": "[' ', <b>\u0639\u0632\u06cc\u0632 #User_Name# \u060c</b>, ' ', <br/>, <br/>, ' \u062a\u0645 \u0648\u0627\u067e\u0633\u06cc \u0631\u0642\u0645 \u06a9\u06cc \u062f\u0631\u062e\u0648\u0627\u0633\u062a \u06a9\u06cc \u06c1\u06d2 # ', <b>Withdrawal_amount</b>, ' # \u06c1\u0645 \u062c\u062a\u0646\u06cc \u062c\u0644\u062f\u06cc \u0645\u0645\u06a9\u0646 \u06c1\u0648 \u0622\u067e \u0633\u06d2 \u0631\u0627\u0628\u0637\u06c1 \u06a9\u0631\u06cc\u06ba \u06af\u06d2. ', <br/>, <br/>, ' \u0634\u06a9\u0631\u06cc\u06c1! #MailFooter#']"}, {"language": "AZ", "subject": "Pul \u0130st\u0259ndi", "body": "[' ', <b>H\u00f6rm\u0259tli #User_Name# ,</b>, ' ', <br/>, <br/>, ' Sizd\u0259n geri \u00e7\u0259kilm\u0259 m\u0259bl\u0259\u011fini # ', <b>Withdrawal_amount</b>, ' # Biz sizinl\u0259 m\u00fcmk\u00fcn q\u0259d\u0259r tez \u0259laq\u0259 quraca\u011f\u0131q. ', <br/>, <br/>, ' T\u0259\u015f\u0259kk\u00fcr edirik! #MailFooter#']"}, {"language": "ZH", "subject": "\u63d0\u6b3e\u8981\u6c42", "body": "[' ', <b>\u4eb2\u7231\u7684#User_Name# \uff0c</b>, ' ', <br/>, <br/>, '\u60a8\u5df2\u7533\u8bf7\u63d0\u6b3e\u91d1\u989d# ', <b>Withdrawal_amount</b>, ' #\u6211\u4eec\u4f1a\u5c3d\u5feb\u4e0e\u60a8\u8054\u7cfb\u3002 ', <br/>, <br/>, '\u8c22\u8c22\uff01 #MailFooter#']"}, {"language": "PT", "subject": "Pedido de levantamento de dinheiro", "body": "[' ', <b>Caro #User_Name# ,</b>, ' ', <br/>, <br/>, ' Voc\u00ea solicitou o valor da retirada # ', <b>Withdrawal_amount</b>, ' # N\u00f3s entraremos em contato o mais breve poss\u00edvel. ', <br/>, <br/>, ' Obrigado! #MailFooter#']"}, {"language": "ZU", "subject": "Ukukhipha Isicelo seMali", "body": "[' ', <b>Othandekayo #User_Name# ,</b>, ' ', <br/>, <br/>, ' Ucele imali yokuhoxiswa # ', <b>Withdrawal_amount</b>, ' # kwemali # ', <b>Withdrawal_amount</b>, ' # Sizoxhumana nawe ngokushesha. ', <br/>, <br/>, ' Siyabonga! #MailFooter#']"}, {"language": "SW", "subject": "Kuondoa Ombi la Fedha", "body": "[' ', <b>Mpendwa #User_Name# ,</b>, ' ', <br/>, <br/>, ' Umeomba kiasi cha uondoaji # ', <b>Withdrawal_amount</b>, ' # Tutawasiliana nawe haraka iwezekanavyo. ', <br/>, <br/>, ' Asante! #MailFooter#']"}, {"language": "KU", "subject": "Request Request Money withdrawal", "body": "[' ', <b>Dear #User_Name# ,</b>, ' ', <br/>, <br/>, ' Te xwestekek veki\u015f\u00een\u00ea xwestin # ', <b>Withdrawal_amount</b>, ' # Em \u00ea ku h\u00fbn z\u00fbtir\u00een z\u00fbtir\u00een we t\u00eakil\u00ee bikin. ', <br/>, <br/>, ' Spas! #MailFooter#']"}, {"language": "MS", "subject": "Permintaan Pengeluaran Wang", "body": "[' ', <b>Dear #User_Name# ,</b>, ' ', <br/>, <br/>, ' Anda telah meminta jumlah pengeluaran # ', <b>Withdrawal_amount</b>, ' # Kami akan menghubungi anda secepat mungkin. ', <br/>, <br/>, ' Terima kasih! #MailFooter#']"}, {"language": "SI", "subject": "\u0d86\u0db4\u0dc3\u0dd4 \u0d9c\u0dd0\u0db1\u0dd3\u0db8\u0dda \u0db8\u0dd4\u0daf\u0dbd\u0dca \u0d89\u0dbd\u0dca\u0dbd\u0dd3\u0db8", "body": "[' ', <b>\u0dc4\u0dd2\u0dad\u0dc0\u0dad\u0dca #User_Name# ,</b>, ' ', <br/>, <br/>, ' \u0d94\u0db6 \u0d89\u0dbd\u0dca\u0dbd\u0dcf \u0dc3\u0dd2\u0da7\u0dd3\u0db8\u0dda \u0db8\u0dd4\u0daf\u0dbd \u0d89\u0dbd\u0dca\u0dbd\u0dcf \u0d87\u0dad. # ', <b>Withdrawal_amount</b>, ' # \u0dc4\u0dd0\u0d9a\u0dd2 \u0d89\u0d9a\u0dca\u0db8\u0dab\u0dd2\u0db1\u0dca \u0d85\u0db4 \u0d94\u0db6\u0da7 \u0dc3\u0db8\u0dca\u0db6\u0db1\u0dca\u0db0 \u0dc0\u0db1\u0dd4 \u0d87\u0dad. ', <br/>, <br/>, ' \u0dc3\u0dca\u0dad\u0dd6\u0dad\u0dd2\u0dba\u0dd2! #MailFooter#']"}, {"language": "TA", "subject": "\u0bb5\u0bbf\u0bb2\u0b95\u0bcd\u0b95\u0bc1 \u0baa\u0ba3\u0bae\u0bcd \u0b95\u0bcb\u0bb0\u0bbf\u0b95\u0bcd\u0b95\u0bc8", "body": "[' ', <b>\u0b85\u0ba9\u0bcd\u0baa\u0bc1\u0bb3\u0bcd\u0bb3 #User_Name# ,</b>, ' ', <br/>, <br/>, ' \u0ba4\u0bbf\u0bb0\u0bc1\u0bae\u0bcd\u0baa\u0baa\u0bcd\u0baa\u0bc6\u0bb1\u0bb2\u0bcd \u0ba4\u0bca\u0b95\u0bc8 # ', <b>Withdrawal_amount</b>, ' # \u0b95\u0bcb\u0bb0\u0bbf\u0b95\u0bcd\u0b95\u0bc8\u0baf\u0bc8 \u0ba8\u0bc0\u0b99\u0bcd\u0b95\u0bb3\u0bcd \u0b95\u0bcb\u0bb0\u0bbf\u0baf\u0bc1\u0bb3\u0bcd\u0bb3\u0bc0\u0bb0\u0bcd\u0b95\u0bb3\u0bcd. \u0bb5\u0bbf\u0bb0\u0bc8\u0bb5\u0bbf\u0bb2\u0bcd \u0ba8\u0bbe\u0b99\u0bcd\u0b95\u0bb3\u0bcd \u0b89\u0b99\u0bcd\u0b95\u0bb3\u0bc1\u0b95\u0bcd\u0b95\u0bc1\u0ba4\u0bcd \u0ba4\u0bca\u0b9f\u0bb0\u0bcd\u0baa\u0bc1\u0b95\u0bca\u0bb3\u0bcd\u0bb5\u0bcb\u0bae\u0bcd. ', <br/>, <br/>, ' \u0ba8\u0ba9\u0bcd\u0bb1\u0bbf! #MailFooter#']"}, {"language": "VI", "subject": "Y\u00eau c\u1ea7u r\u00fat ti\u1ec1n", "body": "[' ', <b>K\u00ednh g\u1eedi #User_Name# ,</b>, ' ', <br/>, <br/>, ' B\u1ea1n \u0111\u00e3 y\u00eau c\u1ea7u s\u1ed1 ti\u1ec1n r\u00fat # ', <b>Withdrawal_amount</b>, ' # Ch\u00fang t\u00f4i s\u1ebd li\u00ean h\u1ec7 v\u1edbi b\u1ea1n s\u1edbm nh\u1ea5t c\u00f3 th\u1ec3. ', <br/>, <br/>, ' C\u1ea3m \u01a1n! #MailFooter#']"}, {"language": "TL", "subject": "Pag-withdraw ng Kahilingan sa Pera", "body": "[' ', <b>Mahal #User_Name# ,</b>, ' ', <br/>, <br/>, ' Humingi ka ng withdrawal amount # ', <b>Withdrawal_amount</b>, ' # Makikipag-ugnay kami sa iyo sa lalong madaling panahon. ', <br/>, <br/>, ' Salamat! #MailFooter#']"}, {"language": "KM", "subject": "\u1780\u17b6\u179a\u178a\u1780\u1794\u17d2\u179a\u17b6\u1780\u17cb\u178f\u17b6\u1798\u179f\u17c6\u178e\u17be", "body": "[' ', <b>\u1787\u17bc\u1793\u1785\u17c6\u1796\u17c4\u17c7 #User_Name# ,</b>, ' ', <br/>, <br/>, ' \u17a2\u17d2\u1793\u1780\u1794\u17b6\u1793\u179f\u17d2\u1793\u17be\u179f\u17bb\u17c6\u1785\u17c6\u1793\u17bd\u1793\u1791\u17b9\u1780\u1794\u17d2\u179a\u17b6\u1780\u17cb # ', <b>Withdrawal_amount</b>, ' # \u1785\u17c6\u1793\u17bd\u1793\u1791\u17b9\u1780\u1794\u17d2\u179a\u17b6\u1780\u17cb # ', <b>Withdrawal_amount</b>, ' # \u1799\u17be\u1784\u1793\u17b9\u1784\u1791\u17b6\u1780\u17cb\u1791\u1784\u17a2\u17d2\u1793\u1780\u17b1\u17d2\u1799\u1794\u17b6\u1793\u1786\u17b6\u1794\u17cb\u178f\u17b6\u1798\u178a\u17c2\u179b\u17a2\u17b6\u1785\u1792\u17d2\u179c\u17be\u1791\u17c5\u1794\u17b6\u1793\u17d4 ', <br/>, <br/>, ' \u179f\u17bc\u1798\u17a2\u179a\u1782\u17bb\u178e! #MailFooter#']"}, {"language": "BN", "subject": "\u09aa\u09cd\u09b0\u09a4\u09cd\u09af\u09be\u09b9\u09be\u09b0 \u099f\u09be\u0995\u09be \u0985\u09a8\u09c1\u09b0\u09cb\u09a7", "body": "[' ', <b>\u09aa\u09cd\u09b0\u09bf\u09af\u09bc #User_Name# ,</b>, ' ', <br/>, <br/>, ' \u0986\u09aa\u09a8\u09bf \u09aa\u09cd\u09b0\u09a4\u09cd\u09af\u09be\u09b9\u09be\u09b0\u09c7\u09b0 \u09aa\u09b0\u09bf\u09ae\u09be\u09a3 # ', <b>Withdrawal_amount</b>, ' # \u0986\u09ae\u09b0\u09be \u09af\u09a4 \u09a4\u09be\u09a1\u09bc\u09be\u09a4\u09be\u09a1\u09bc\u09bf \u09b8\u09ae\u09cd\u09ad\u09ac \u0986\u09aa\u09a8\u09be\u09b0 \u09b8\u09be\u09a5\u09c7 \u09af\u09cb\u0997\u09be\u09af\u09cb\u0997 \u0995\u09b0\u09ac\u0964 ', <br/>, <br/>, ' \u09a7\u09a8\u09cd\u09af\u09ac\u09be\u09a6! #MailFooter#']"}, {"language": "JA", "subject": "\u51fa\u91d1\u4f9d\u983c", "body": "[' ', <b>#User_Name#</b>, ' ', <br/>, <br/>, '\u5f15\u304d\u51fa\u3057\u91d1\u984d\u3092\u8981\u6c42\u3057\u307e\u3057\u305f# ', <b>Withdrawal_amount</b>, ' #\u3067\u304d\u308b\u3060\u3051\u65e9\u304f\u3054\u9023\u7d61\u3057\u307e\u3059', <br/>, <br/>, '\u3042\u308a\u304c\u3068\u3046\u3054\u3056\u3044\u307e\u3059\u3002 #MailFooter#']"}, {"language": "KO", "subject": "\uc778\ucd9c \uc694\uccad", "body": "[' ', <b>#User_Name# ,</b>, ' ', <br/>, <br/>, ' \uc778\ucd9c \uae08\uc561\uc744 \uc694\uccad\ud588\uc2b5\ub2c8\ub2e4 # ', <b>Withdrawal_amount</b>, ' # \ucd5c\ub300\ud55c \ube68\ub9ac \uc5f0\ub77d \ub4dc\ub9ac\uaca0\uc2b5\ub2c8\ub2e4. ', <br/>, <br/>, ' \uac10\uc0ac! #MailFooter#']"}, {"language": "YO", "subject": "Yiy\u1ecd Owo Ibere", "body": "[' ', <b>Eyin #User_Name# ,</b>, ' ', <br/>, <br/>, ' O ti beere iye owo kuro p\u1eb9lu # ', <b>Withdrawal_amount</b>, ' # A yoo kan si \u1ecd ni kiakia bi o ti \u1e63ee. ', <br/>, <br/>, ' O \u1e63eun! #MailFooter#']"}, {"language": "TR", "subject": "Para \u00c7ekme Talebi", "body": "[' ', <b>Sevgili #User_Name# ,</b>, ' ', <br/>, <br/>, ' ', <b># Withdrawal_amount #</b>, ' talebinde bulundunuz. # ', <b>Withdrawal_amount</b>, ' # k\u0131sa s\u00fcrede sizinle ileti\u015fime ge\u00e7ece\u011fiz. ', <br/>, <br/>, ' Te\u015fekk\u00fcrler! #MailFooter#']"}, {"language": "RU", "subject": "\u0417\u0430\u043f\u0440\u043e\u0441 \u043d\u0430 \u0441\u043d\u044f\u0442\u0438\u0435 \u0434\u0435\u043d\u0435\u0433", "body": "[' ', <b>\u0423\u0432\u0430\u0436\u0430\u0435\u043c\u044b\u0439 #User_Name# ,</b>, ' ', <br/>, <br/>, ' \u0412\u044b \u0437\u0430\u043f\u0440\u043e\u0441\u0438\u043b\u0438 \u0441\u0443\u043c\u043c\u0443 \u0432\u044b\u0432\u043e\u0434\u0430 # ', <b>Withdrawal_amount</b>, ' # \u041c\u044b \u0441\u0432\u044f\u0436\u0435\u043c\u0441\u044f \u0441 \u0432\u0430\u043c\u0438 \u043a\u0430\u043a \u043c\u043e\u0436\u043d\u043e \u0441\u043a\u043e\u0440\u0435\u0435. ', <br/>, <br/>, ' \u0421\u043f\u0430\u0441\u0438\u0431\u043e! #MailFooter#']"}, {"language": "FA", "subject": "\u062f\u0631\u062e\u0648\u0627\u0633\u062a \u067e\u0648\u0644 \u0644\u063a\u0648", "body": "[' ', <b>\u0639\u0632\u06cc\u0632\u0645 #User_Name#</b>, ' ', <br/>, <br/>, ' \u0634\u0645\u0627 \u0645\u0628\u0644\u063a ', <b># Withdrawal_amount #</b>, ' \u062f\u0631\u062e\u0648\u0627\u0633\u062a \u06a9\u0631\u062f\u0647 \u0627\u06cc\u062f # ', <b>Withdrawal_amount</b>, ' # \u0645\u0627 \u062f\u0631 \u0627\u0633\u0631\u0639 \u0648\u0642\u062a \u0628\u0627 \u0634\u0645\u0627 \u062a\u0645\u0627\u0633 \u062e\u0648\u0627\u0647\u06cc\u0645 \u06af\u0631\u0641\u062a. ', <br/>, <br/>, ' \u0628\u0627 \u062a\u0634\u06a9\u0631! #MailFooter#']"}, {"language": "MY", "subject": "\u1006\u102f\u1010\u103a\u1001\u103d\u102c\u1004\u103d\u1031\u1010\u1031\u102c\u1004\u103a\u1038\u1001\u1036\u1001\u103c\u1004\u103a\u1038", "body": "[' ', <b>\u1001\u103b\u1005\u103a\u1001\u1004\u103a\u101b\u1015\u102b\u101e\u1031\u102c #User_Name# ,</b>, ' ', <br/>, <br/>, ' \u101e\u1004\u103b\u101e\u100a\u103b\u1006\u102f\u1010\u103a\u1001\u103d\u102c\u1004\u103d\u1031\u1015\u1019\u102c\u100f\u1000\u102d\u102f\u1019\u1031\u1010\u1039\u1010\u102c\u101b\u1015\u103a\u1001\u1036\u1001\u1032\u1037\u1000\u103c # ', <b>Withdrawal_amount</b>, ' # \u1000\u103b\u1014\u1031\u102c\u103a\u1010\u102d\u102f\u1037\u1010\u1010\u103a\u1014\u102d\u102f\u1004\u103a\u101e\u1019\u103b\u103e\u1021\u1019\u103c\u1014\u103a\u1006\u102f\u1036\u1038\u1006\u1000\u103a\u101e\u103d\u101a\u103a\u1015\u102b\u101c\u102d\u1019\u103a\u1037\u1019\u101a\u103a\u104b ', <br/>, <br/>, ' \u1000\u103b\u1031\u1038\u1007\u1030\u1038\u1010\u1004\u103a\u1015\u102b\u1010\u101a\u103a! #MailFooter#']"}, {"language": "HI", "subject": "\u0927\u0928 \u0935\u093e\u092a\u0938\u0940 \u0915\u093e \u0905\u0928\u0941\u0930\u094b\u0927", "body": "[' ', <b>\u092a\u094d\u0930\u093f\u092f #User_Name# ,</b>, ' ', <br/>, <br/>, ' \u0906\u092a\u0928\u0947 \u0905\u0928\u0941\u0930\u094b\u0927 \u0915\u093f\u092f\u093e \u0939\u0948 \u0935\u093e\u092a\u0938\u0940 \u0930\u093e\u0936\u093f # ', <b>Withdrawal_amount</b>, ' # \u0939\u092e \u091c\u093f\u0924\u0928\u0940 \u091c\u0932\u094d\u0926\u0940 \u0939\u094b \u0938\u0915\u0947 \u0906\u092a\u0938\u0947 \u0938\u0902\u092a\u0930\u094d\u0915 \u0915\u0930\u0947\u0902\u0917\u0947\u0964 ', <br/>, <br/>, ' \u0927\u0928\u094d\u092f\u0935\u093e\u0926! #MailFooter#']"}, {"language": "IW", "subject": "\u05d1\u05e7\u05e9\u05d4 \u05de\u05e9\u05d9\u05db\u05ea \u05db\u05e1\u05e3", "body": "[' ', <b>\u05e9\u05dc\u05d5\u05dd #User_Name# ,</b>, ' ', <br/>, <br/>, ' \u05d1\u05d9\u05e7\u05e9\u05ea \u05e1\u05db\u05d5\u05dd \u05e0\u05e1\u05d9\u05d2\u05d4 # ', <b>Withdrawal_amount</b>, ' # \u05e0\u05d9\u05e6\u05d5\u05e8 \u05d0\u05d9\u05ea\u05da \u05e7\u05e9\u05e8 \u05d1\u05d4\u05e7\u05d3\u05dd \u05d4\u05d0\u05e4\u05e9\u05e8\u05d9. ', <br/>, <br/>, ' \u05ea\u05d5\u05d3\u05d4! #MailFooter#']"}, {"language": "FR", "subject": "Demande de retrait d'argent", "body": "[' ', <b>Cher #User_Name# ,</b>, ' ', <br/>, <br/>, ' Vous avez demand\u00e9 un montant de retrait # ', <b>Withdrawal_amount</b>, ' # Nous vous contacterons d\u00e8s que possible. ', <br/>, <br/>, ' Merci! #MailFooter#']"}, {"language": "DA", "subject": "Tilbagetr\u00e6kning penge anmodning", "body": "[' ', <b>K\u00e6re #User_Name# ,</b>, ' ', <br/>, <br/>, ' Du har anmodet om tilbagetr\u00e6kning bel\u00f8b # ', <b>Withdrawal_amount</b>, ' # Vi kontakter dig hurtigst muligt. ', <br/>, <br/>, ' Tak! #MailFooter#']"}]}