{"purpose": "To Send User When Order Delivered", "templates": [{"language": "AF", "subject": "Jou CubeJekShark bestelling is afgelewer", "body": "[' ', <b>Liewe</b>, ' #Rider# , ', <br/>, <br/>, ' Dankie dat jy CubeJekShark ! Jou bestelling van #RESTAURANTNAME# is afgelewer. Ons sien daarna uit om u weer te dien. ', <br/>, <br/>, ' #details# ', <br/>, ' ', <br/>, ' ', <b>Dankie! #MailFooter#</b>, ' ', <br/>]"}, {"language": "EN", "subject": "Your CubeJekShark order has been delivered", "body": "[' ', <b>Dear </b>, '#Rider#,', <br/>, <br/>, 'Thanks for using CubeJekShark! Your order from #RESTAURANTNAME# has been delivered.Looking forward to serving you again.', <br/>, <br/>, '#details#', <br/>, <br/>, <b>Thanks!  #MailFooter#</b>, <br/>]"}, {"language": "TH", "subject": "\u0e2a\u0e48\u0e07\u0e04\u0e33\u0e2a\u0e31\u0e48\u0e07 CubeJekShark \u0e02\u0e2d\u0e07\u0e04\u0e38\u0e13\u0e41\u0e25\u0e49\u0e27", "body": "[' ', <b>\u0e40\u0e23\u0e35\u0e22\u0e19</b>, ' #Rider# ', <br/>, <br/>, ' \u0e02\u0e2d\u0e1a\u0e04\u0e38\u0e13\u0e17\u0e35\u0e48\u0e43\u0e0a\u0e49 CubeJekShark ! \u0e2a\u0e48\u0e07\u0e04\u0e33\u0e2a\u0e31\u0e48\u0e07\u0e0b\u0e37\u0e49\u0e2d\u0e02\u0e2d\u0e07\u0e04\u0e38\u0e13\u0e08\u0e32\u0e01 #RESTAURANTNAME# \u0e41\u0e25\u0e49\u0e27\u0e2a\u0e48\u0e07\u0e15\u0e48\u0e2d\u0e44\u0e1b\u0e22\u0e31\u0e07\u0e1a\u0e23\u0e34\u0e01\u0e32\u0e23\u0e04\u0e38\u0e13 ', <br/>, <br/>, ' #details# ', <br/>, ' ', <br/>, ' ', <b>\u0e02\u0e2d\u0e1a\u0e04\u0e38\u0e13! #MailFooter#</b>, ' ', <br/>]"}, {"language": "ID", "subject": "Pesanan CubeJekShark Anda telah terkirim", "body": "[' ', <b>Dear</b>, ' #Rider# , ', <br/>, <br/>, ' Terima kasih telah menggunakan CubeJekShark ! Pesanan Anda dari #RESTAURANTNAME# telah dikirimkan. Berharap dapat melayani Anda lagi ', <br/>, <br/>, ' #details# ', <br/>, ' ', <br/>, ' ', <b>Terima kasih! #MailFooter#</b>, ' ', <br/>]"}, {"language": "DE", "subject": "Ihre CubeJekShark Bestellung wurde geliefert", "body": "[' ', <b>Sehr geehrter</b>, ' #Rider# , ', <br/>, <br/>, ' Vielen Dank, dass Sie CubeJekShark ! Ihre Bestellung von #RESTAURANTNAME# wurde geliefert. ', <br/>, <br/>, ' #details# ', <br/>, ' ', <br/>, ' ', <b>Vielen Dank! #MailFooter#</b>, ' ', <br/>]"}, {"language": "ES", "subject": "Su orden de CubeJekShark ha sido entregada", "body": "[' ', <b>Estimado</b>, ' #Rider# , ', <br/>, <br/>, ' Gracias por usar CubeJekShark ! Su pedido de #RESTAURANTNAME# ha sido entregado. Esperamos poder servirle nuevamente. ', <br/>, <br/>, ' #details# ', <br/>, ' ', <br/>, ' ', <b>\u00a1Gracias! #MailFooter#</b>, ' ', <br/>]"}, {"language": "IT", "subject": "L'ordine CubeJekShark \u00e8 stato consegnato", "body": "[' ', <b>Caro</b>, ' #Rider# , ', <br/>, <br/>, ' Grazie per aver utilizzato CubeJekShark ! Il tuo ordine da #RESTAURANTNAME# \u00e8 stato consegnato. Ti invitiamo a servirti di nuovo. ', <br/>, <br/>, ' #details# ', <br/>, ' ', <br/>, ' ', <b>Grazie! #MailFooter#</b>, ' ', <br/>]"}, {"language": "AR", "subject": "\u062a\u0645 \u062a\u0633\u0644\u064a\u0645 \u0637\u0644\u0628\u0643 CubeJekShark", "body": "[' ', <b>\u0639\u0632\u064a\u0632\u064a</b>, ' #Rider# \u060c ', <br/>, <br/>, ' \u0634\u0643\u0631\u0627 \u0644\u0627\u0633\u062a\u062e\u062f\u0627\u0645\u0643 CubeJekShark ! \u062a\u0645 \u062a\u0633\u0644\u064a\u0645 \u0637\u0644\u0628\u0643 \u0645\u0646 #RESTAURANTNAME# \u0646\u062a\u0637\u0644\u0639 \u0625\u0644\u0649 \u062e\u062f\u0645\u062a\u0643 \u0645\u0631\u0629 \u0623\u062e\u0631\u0649. ', <br/>, <br/>, ' #details# ', <br/>, ' ', <br/>, ' ', <b>\u0634\u0643\u0631! #MailFooter#</b>, ' ', <br/>]"}, {"language": "UR", "subject": "\u0622\u067e \u06a9\u06d2 CubeJekShark \u0622\u0631\u0688\u0631 \u06a9\u0648 \u067e\u06c1\u0646\u0686\u0627\u0626\u06cc \u06af\u0626\u06cc \u06c1\u06d2", "body": "[' ', <b>\u0639\u0632\u06cc\u0632</b>, ' #Rider# ', <br/>, <br/>, ' CubeJekShark \u0627\u0633\u062a\u0639\u0645\u0627\u0644 \u06a9\u0631\u0646\u06d2 \u06a9\u06d2 \u0644\u0626\u06d2 \u0634\u06a9\u0631\u06cc\u06c1! \u0622\u067e \u06a9\u0627 \u0622\u0631\u0688\u0631 #RESTAURANTNAME# \u06a9\u0648 \u0628\u06be\u06cc\u062c \u062f\u06cc\u0627 \u06af\u06cc\u0627 \u06c1\u06d2. \u0622\u06af\u06d2 \u0628\u0691\u06be\u0646\u0627 \u0622\u067e \u06a9\u0648 \u062f\u0648\u0628\u0627\u0631\u06c1 \u062e\u062f\u0645\u062a \u06a9\u0631\u0646\u06d2 \u06a9\u06d2 \u0644\u0626\u06d2. ', <br/>, <br/>, ' #details# ', <br/>, ' ', <br/>, ' ', <b>\u0634\u06a9\u0631\u06cc\u06c1! #MailFooter#</b>, ' ', <br/>]"}, {"language": "AZ", "subject": "CubeJekShark sipari\u015finiz \u00e7atd\u0131r\u0131ld\u0131", "body": "[' ', <b>H\u00f6rm\u0259tli</b>, ' #Rider# , ', <br/>, <br/>, ' CubeJekShark istifad\u0259 etdiyiniz \u00fc\u00e7\u00fcn t\u0259\u015f\u0259kk\u00fcr edirik! #RESTAURANTNAME# -d\u0259n sifari\u015finiz \u00e7atd\u0131r\u0131ld\u0131. Yenid\u0259n xidm\u0259t etm\u0259k \u00fc\u00e7\u00fcn g\u00f6zl\u0259yin. ', <br/>, <br/>, ' #details# ', <br/>, ' ', <br/>, ' ', <b>T\u0259\u015f\u0259kk\u00fcr edirik! #MailFooter#</b>, ' ', <br/>]"}, {"language": "ZH", "subject": "\u60a8\u7684CubeJekShark\u8ba2\u5355\u5df2\u4e0b\u8fbe", "body": "[' ', <b>\u4eb2\u7231\u7684</b>, ' #Rider# \uff0c ', <br/>, <br/>, '\u611f\u8c22\u60a8\u4f7f\u7528CubeJekShark \uff01\u6765\u81ea#RESTAURANTNAME#\u8ba2\u5355\u5df2\u7ecf\u53d1\u9001\u3002\u8bf7\u518d\u6b21\u4e3a\u60a8\u670d\u52a1\u3002 ', <br/>, <br/>, ' #details# ', <br/>, ' ', <br/>, ' ', <b>\u8c22\u8c22\uff01 #MailFooter#</b>, ' ', <br/>]"}, {"language": "PT", "subject": "Seu pedido do CubeJekShark foi entregue", "body": "[' ', <b>Caro</b>, ' #Rider# , ', <br/>, <br/>, ' Obrigado por usar o CubeJekShark ! Seu pedido de #RESTAURANTNAME# foi entregue. Aguardo sua veicula\u00e7\u00e3o novamente. ', <br/>, <br/>, ' #details# ', <br/>, ' ', <br/>, ' ', <b>Obrigado! #MailFooter#</b>, ' ', <br/>]"}, {"language": "ZU", "subject": "I-oda lakho le- CubeJekShark", "body": "[' ', <b>Ngomunye</b>, ' #Rider# , ', <br/>, <br/>, ' Siyabonga ngokusebenzisa i- CubeJekShark ! I-oda lakho elivela #RESTAURANTNAME# linikezwe.Ukuqhubekela phambili ekukhonzeni futhi. ', <br/>, <br/>, ' #details# ', <br/>, ' ', <br/>, ' ', <b>Siyabonga! #MailFooter#</b>, ' ', <br/>]"}, {"language": "SW", "subject": "Amri yako ya CubeJekShark imetolewa", "body": "[' ', <b>Mpendwa</b>, ' #Rider# , ', <br/>, <br/>, ' Asante kwa kutumia CubeJekShark ! Amri yako kutoka #RESTAURANTNAME# imetolewa.Kuangalia mbele kukuhudumia tena. ', <br/>, <br/>, ' #details# ', <br/>, ' ', <br/>, ' ', <b>Asante! #MailFooter#</b>, ' ', <br/>]"}, {"language": "KU", "subject": "CubeJekShark hatiye tomarkirin", "body": "[' ', <b>Dear</b>, ' #Rider# , ', <br/>, <br/>, ' Thanks for CubeJekShark using Armanca we ji #RESTAURANTNAME# hat day\u00een. ', <br/>, <br/>, ' #details# ', <br/>, ' ', <br/>, ' ', <b>Spas! #MailFooter#</b>, ' ', <br/>]"}, {"language": "MS", "subject": "Pesanan CubeJekShark anda telah dihantar", "body": "[' ', <b>Dear</b>, ' #Rider# , ', <br/>, <br/>, ' Terima kasih kerana menggunakan CubeJekShark ! Pesanan anda dari #RESTAURANTNAME# telah dihantar. Melihat ke hadapan untuk melayani anda sekali lagi. ', <br/>, <br/>, ' #details# ', <br/>, ' ', <br/>, ' ', <b>Terima kasih! #MailFooter#</b>, ' ', <br/>]"}, {"language": "SI", "subject": "\u0d94\u0db6\u0dda CubeJekShark \u0db1\u0dd2\u0dba\u0db8\u0dba \u0dbd\u0db6\u0dcf \u0daf\u0dd3 \u0d87\u0dad", "body": "[' ', <b>\u0da9\u0dda\u0dc0\u0dd2\u0da9\u0dca</b>, ' #Rider# ', <br/>, <br/>, ' CubeJekShark \u0db7\u0dcf\u0dc0\u0dd2\u0dad\u0dcf \u0d9a\u0dd2\u0dbb\u0dd3\u0db8 \u0dc3\u0db3\u0dc4\u0dcf \u0dc3\u0dca\u0dad\u0dd6\u0dad\u0dd2\u0dba\u0dd2! #RESTAURANTNAME# \u0dc0\u0dd9\u0dad\u0dd2\u0db1\u0dca \u0d94\u0db6\u0dda \u0d87\u0dab\u0dc0\u0dd4\u0db8 \u0dbd\u0db6\u0dcf \u0daf\u0dd3 \u0d87\u0dad. \u0db1\u0dd0\u0dc0\u0dad\u0dad\u0dca \u0d94\u0db6\u0da7 \u0dc3\u0dda\u0dc0\u0dba \u0dc3\u0dd0\u0db4\u0dba\u0dd3\u0db8. ', <br/>, <br/>, ' #details# ', <br/>, ' ', <br/>, ' ', <b>\u0dc3\u0dca\u0dad\u0dd6\u0dad\u0dd2\u0dba\u0dd2! #MailFooter#</b>, ' ', <br/>]"}, {"language": "TA", "subject": "\u0b89\u0b99\u0bcd\u0b95\u0bb3\u0bcd CubeJekShark \u0b92\u0bb4\u0bc1\u0b99\u0bcd\u0b95\u0bc1 \u0bb5\u0bb4\u0b99\u0bcd\u0b95\u0baa\u0bcd\u0baa\u0b9f\u0bcd\u0b9f\u0ba4\u0bc1", "body": "[' ', <b>\u0b85\u0ba9\u0bcd\u0baa\u0bc7</b>, ' #Rider# , ', <br/>, <br/>, ' CubeJekShark \u0b90\u0baa\u0bcd \u0baa\u0baf\u0ba9\u0bcd\u0baa\u0b9f\u0bc1\u0ba4\u0bcd\u0ba4\u0bc1\u0bb5\u0ba4\u0bb1\u0bcd\u0b95\u0bc1 \u0ba8\u0ba9\u0bcd\u0bb1\u0bbf! #RESTAURANTNAME# \u0b87\u0bb2\u0bbf\u0bb0\u0bc1\u0ba8\u0bcd\u0ba4\u0bc1 \u0b89\u0b99\u0bcd\u0b95\u0bb3\u0bcd \u0b86\u0bb0\u0bcd\u0b9f\u0bb0\u0bcd \u0bb5\u0bb4\u0b99\u0bcd\u0b95\u0baa\u0bcd\u0baa\u0b9f\u0bcd\u0b9f\u0ba4\u0bc1. \u0bae\u0bc0\u0ba3\u0bcd\u0b9f\u0bc1\u0bae\u0bcd \u0b89\u0b99\u0bcd\u0b95\u0bb3\u0bc1\u0b95\u0bcd\u0b95\u0bc1 \u0b9a\u0bc7\u0bb5\u0bc8 \u0b9a\u0bc6\u0baf\u0bcd\u0baf \u0b95\u0bbe\u0ba4\u0bcd\u0ba4\u0bbf\u0bb0\u0bc1\u0b95\u0bcd\u0b95\u0bbf\u0bb1\u0bc7\u0ba9\u0bcd. ', <br/>, <br/>, ' #details# ', <br/>, ' ', <br/>, ' ', <b>\u0ba8\u0ba9\u0bcd\u0bb1\u0bbf! #MailFooter#</b>, ' ', <br/>]"}, {"language": "VI", "subject": "\u0110\u01a1n h\u00e0ng CubeJekShark c\u1ee7a b\u1ea1n \u0111\u00e3 \u0111\u01b0\u1ee3c giao", "body": "[' ', <b>K\u00ednh g\u1eedi</b>, ' #Rider# , ', <br/>, <br/>, ' C\u1ea3m \u01a1n b\u1ea1n \u0111\u00e3 s\u1eed d\u1ee5ng CubeJekShark ! \u0110\u01a1n h\u00e0ng c\u1ee7a b\u1ea1n t\u1eeb #RESTAURANTNAME# \u0111\u00e3 \u0111\u01b0\u1ee3c g\u1eedi. Mong \u0111\u01b0\u1ee3c ph\u1ee5c v\u1ee5 b\u1ea1n l\u1ea7n n\u1eefa. ', <br/>, <br/>, ' #details# ', <br/>, ' ', <br/>, ' ', <b>C\u1ea3m \u01a1n! #MailFooter#</b>, ' ', <br/>]"}, {"language": "TL", "subject": "Ang iyong CubeJekShark order ay naihatid", "body": "[' ', <b>Mahal</b>, ' #Rider# , ', <br/>, <br/>, ' Salamat sa paggamit ng CubeJekShark ! Ang iyong order mula sa #RESTAURANTNAME# ay naihatid. Naka-forward upang paglingkuran ka muli. ', <br/>, <br/>, ' #details# ', <br/>, ' ', <br/>, ' ', <b>Salamat! #MailFooter#</b>, ' ', <br/>]"}, {"language": "KM", "subject": "\u179b\u17c6\u178a\u17b6\u1794\u17cb CubeJekShark \u179a\u1794\u179f\u17cb\u17a2\u17d2\u1793\u1780\u178f\u17d2\u179a\u17bc\u179c\u1794\u17b6\u1793\u1794\u1789\u17d2\u1787\u17bc\u1793", "body": "[' ', <b>\u1787\u17bc\u1793\u1785\u17c6\u1796\u17c4\u17c7</b>, ' #Rider# ', <br/>, <br/>, ' \u17a2\u179a\u1782\u17bb\u178e\u179f\u1798\u17d2\u179a\u17b6\u1794\u17cb\u1780\u17b6\u179a\u1794\u17d2\u179a\u17be CubeJekShark ! \u1780\u17b6\u179a\u1794\u1789\u17d2\u1787\u17b6\u1791\u17b7\u1789\u179a\u1794\u179f\u17cb\u17a2\u17d2\u1793\u1780\u1796\u17b8 #RESTAURANTNAME# \u178f\u17d2\u179a\u17bc\u179c\u1794\u17b6\u1793\u1794\u1789\u17d2\u1787\u17bc\u1793\u17d4 \u1798\u17be\u179b\u1791\u17c5\u1798\u17bb\u1781\u178a\u17be\u1798\u17d2\u1794\u17b8\u1794\u1798\u17d2\u179a\u17be\u17a2\u17d2\u1793\u1780\u1798\u17d2\u178f\u1784\u1791\u17c0\u178f\u17d4 ', <br/>, <br/>, ' #details# ', <br/>, ' ', <br/>, ' ', <b>\u179f\u17bc\u1798\u17a2\u179a\u1782\u17bb\u178e! #MailFooter#</b>, ' ', <br/>]"}, {"language": "BN", "subject": "\u0986\u09aa\u09a8\u09be\u09b0 CubeJekShark \u0986\u09a6\u09c7\u09b6 \u09ac\u09bf\u09a4\u09b0\u09a3 \u0995\u09b0\u09be \u09b9\u09af\u09bc\u09c7\u099b\u09c7", "body": "[' ', <b>\u09aa\u09cd\u09b0\u09bf\u09af\u09bc</b>, ' #Rider# , ', <br/>, <br/>, ' CubeJekShark \u09ac\u09cd\u09af\u09ac\u09b9\u09be\u09b0 \u0995\u09b0\u09be\u09b0 \u099c\u09a8\u09cd\u09af \u09a7\u09a8\u09cd\u09af\u09ac\u09be\u09a6! #RESTAURANTNAME# \u09a5\u09c7\u0995\u09c7 \u0986\u09aa\u09a8\u09be\u09b0 \u0985\u09b0\u09cd\u09a1\u09be\u09b0 \u09ac\u09bf\u09a4\u09b0\u09a3 \u0995\u09b0\u09be \u09b9\u09af\u09bc\u09c7\u099b\u09c7\u0964 \u0986\u09aa\u09a8\u09be\u0995\u09c7 \u0986\u09ac\u09be\u09b0 \u09aa\u09b0\u09bf\u09b7\u09c7\u09ac\u09be \u09a6\u09c7\u0993\u09af\u09bc\u09be\u09b0 \u099c\u09a8\u09cd\u09af \u098f\u0997\u09bf\u09af\u09bc\u09c7 \u0986\u09b8\u099b\u09c7\u0964 ', <br/>, <br/>, ' #details# ', <br/>, ' ', <br/>, ' ', <b>\u09a7\u09a8\u09cd\u09af\u09ac\u09be\u09a6! #MailFooter#</b>, ' ', <br/>]"}, {"language": "JA", "subject": "CubeJekShark\u6ce8\u6587\u304c\u914d\u4fe1\u3055\u308c\u307e\u3057\u305f", "body": "[' ', <b>\u89aa\u611b\u306a\u308b</b>, ' #Rider# \u3001 ', <br/>, <br/>, ' CubeJekShark\u3092\u3054\u5229\u7528\u3044\u305f\u3060\u304d\u3042\u308a\u304c\u3068\u3046\u3054\u3056\u3044\u307e\u3059\u3002 #RESTAURANTNAME#\u304b\u3089\u306e\u6ce8\u6587\u304c\u914d\u4fe1\u3055\u308c\u307e\u3057\u305f\u3002\u518d\u5ea6\u306e\u3054#RESTAURANTNAME#\u304a\u5f85\u3061\u3057\u3066\u3044\u307e\u3059\u3002 ', <br/>, <br/>, ' #details# ', <br/>, ' ', <br/>, ' ', <b>\u3042\u308a\u304c\u3068\u3046\u3054\u3056\u3044\u307e\u3059\u3002 #MailFooter#</b>, ' ', <br/>]"}, {"language": "KO", "subject": "CubeJekShark \uc8fc\ubb38\uc774 \uc804\ub2ec\ub418\uc5c8\uc2b5\ub2c8\ub2e4.", "body": "[' ', <b>\uce5c\uc560\ud558\ub294</b>, ' #Rider# ', <br/>, <br/>, ' CubeJekShark \uc744 \uc0ac\uc6a9\ud574 \uc8fc\uc154\uc11c \uac10\uc0ac\ud569\ub2c8\ub2e4! #RESTAURANTNAME# \uc758 \uc8fc\ubb38\uc774 \ubc30\ub2ec\ub418\uc5c8\uc2b5\ub2c8\ub2e4. \ub2e4\uc2dc \uc11c\ube44\uc2a4\ub97c \uc81c\uacf5\ud558\uaca0\uc2b5\ub2c8\ub2e4. ', <br/>, <br/>, ' #details# ', <br/>, ' ', <br/>, ' ', <b>\uac10\uc0ac! #MailFooter#</b>, ' ', <br/>]"}, {"language": "YO", "subject": "R\u1eb9 CubeJekShark ibere ti a ti fi", "body": "[' ', <b>Eyin</b>, ' #Rider# , ', <br/>, <br/>, ' O \u1e63eun fun lilo CubeJekShark ! Ilana r\u1eb9 lati #RESTAURANTNAME# ti firan\u1e63\u1eb9. \u1e62iyesi siwaju lati sin \u1ecd l\u1eb9\u1eb9kansi. ', <br/>, <br/>, ' #details# ', <br/>, ' ', <br/>, ' ', <b>O \u1e63eun! #MailFooter#</b>, ' ', <br/>]"}, {"language": "TR", "subject": "CubeJekShark sipari\u015finiz teslim edildi", "body": "[' ', <b>Sevgili</b>, ' #Rider# , ', <br/>, <br/>, ' CubeJekShark kulland\u0131\u011f\u0131n\u0131z i\u00e7in te\u015fekk\u00fcr ederiz! #RESTAURANTNAME# sipari\u015finiz teslim edildi. ', <br/>, <br/>, ' #details# ', <br/>, ' ', <br/>, ' ', <b>Te\u015fekk\u00fcrler! #MailFooter#</b>, ' ', <br/>]"}, {"language": "RU", "subject": "\u0412\u0430\u0448 \u0437\u0430\u043a\u0430\u0437 CubeJekShark \u0431\u044b\u043b \u0434\u043e\u0441\u0442\u0430\u0432\u043b\u0435\u043d", "body": "[' ', <b>\u0423\u0432\u0430\u0436\u0430\u0435\u043c\u044b\u0439</b>, ' #Rider# , ', <br/>, <br/>, ' \u0421\u043f\u0430\u0441\u0438\u0431\u043e \u0437\u0430 \u0438\u0441\u043f\u043e\u043b\u044c\u0437\u043e\u0432\u0430\u043d\u0438\u0435 CubeJekShark ! \u0412\u0430\u0448 \u0437\u0430\u043a\u0430\u0437 \u043e\u0442 #RESTAURANTNAME# \u0431\u044b\u043b \u0434\u043e\u0441\u0442\u0430\u0432\u043b\u0435\u043d. \u0411\u0443\u0434\u0435\u043c \u0440\u0430\u0434\u044b \u0441\u043d\u043e\u0432\u0430 \u043e\u0431\u0441\u043b\u0443\u0436\u0438\u0442\u044c \u0432\u0430\u0441 ', <br/>, <br/>, ' #details# ', <br/>, ' ', <br/>, ' ', <b>\u0421\u043f\u0430\u0441\u0438\u0431\u043e! #MailFooter#</b>, ' ', <br/>]"}, {"language": "FA", "subject": "\u0633\u0641\u0627\u0631\u0634 CubeJekShark \u0634\u0645\u0627 \u062a\u062d\u0648\u06cc\u0644 \u062f\u0627\u062f\u0647 \u0634\u062f\u0647 \u0627\u0633\u062a", "body": "[' ', <b>\u0639\u0632\u06cc\u0632</b>, ' #Rider# ', <br/>, <br/>, ' \u0628\u0627 \u062a\u0634\u06a9\u0631 \u0627\u0632 \u0627\u0633\u062a\u0641\u0627\u062f\u0647 \u0627\u0632 CubeJekShark ! \u0633\u0641\u0627\u0631\u0634 \u0634\u0645\u0627 \u0627\u0632 #RESTAURANTNAME# \u062a\u062d\u0648\u06cc\u0644 \u062f\u0627\u062f\u0647 \u0634\u062f\u0647 \u0627\u0633\u062a. \u0627\u0632 \u0634\u0645\u0627 \u062e\u0648\u0627\u0633\u062a\u0647 \u0634\u062f\u0647 \u062a\u0627 \u062f\u0648\u0628\u0627\u0631\u0647 \u0628\u0647 \u062e\u062f\u0645\u062a \u062e\u0648\u062f \u0627\u062f\u0627\u0645\u0647 \u062f\u0647\u06cc\u062f. ', <br/>, <br/>, ' #details# ', <br/>, ' ', <br/>, ' ', <b>\u0628\u0627 \u062a\u0634\u06a9\u0631! #MailFooter#</b>, ' ', <br/>]"}, {"language": "MY", "subject": "\u101e\u1004\u103a\u1037\u101b\u1032\u1037 CubeJekShark \u1021\u1019\u102d\u1014\u103a\u1037\u1000\u102d\u102f\u1021\u1015\u103a\u1011\u102c\u1038\u1015\u103c\u102e\u1038", "body": "[' ', <b>\u1001\u103b\u1005\u103a\u1001\u1004\u103a\u101b\u1015\u102b\u101e\u1031\u102c</b>, ' #Rider# , ', <br/>, <br/>, ' \u101e\u102f\u1036\u1038\u1015\u103c\u102e\u1038\u1019\u103e\u102f\u1021\u1010\u103d\u1000\u103a\u1000\u103b\u1031\u1038\u1007\u1030\u1038\u1010\u1004\u103a\u1015\u102b\u1010\u101a\u103a CubeJekShark ! \u1000\u1014\u1031\u101e\u1004\u103a\u1037\u101b\u1032\u1037\u1021\u1019\u102d\u1014\u103a\u1037 #RESTAURANTNAME# \u1014\u1031\u102c\u1000\u103a\u1010\u1016\u1014\u103a\u101e\u1004\u103a\u1010\u102d\u102f\u1037\u1000\u102d\u102f\u1021\u1019\u103e\u102f\u1010\u1031\u102c\u103a\u1000\u102d\u102f\u1011\u1019\u103a\u1038\u1006\u1031\u102c\u1004\u103a\u1016\u102d\u102f\u1037\u1019\u103b\u103e\u1031\u102c\u103a delivered.Looking \u1001\u1032\u1037\u1010\u102c\u1016\u103c\u1005\u103a\u1015\u102b\u1010\u101a\u103a\u104b ', <br/>, <br/>, ' #details# ', <br/>, ' ', <br/>, ' ', <b>\u1000\u103b\u1031\u1038\u1007\u1030\u1038\u1010\u1004\u103a\u1015\u102b\u1010\u101a\u103a! #MailFooter#</b>, ' ', <br/>]"}, {"language": "HI", "subject": "\u0906\u092a\u0915\u093e CubeJekShark \u0906\u0926\u0947\u0936 \u0926\u093f\u092f\u093e \u0917\u092f\u093e \u0939\u0948", "body": "[' ', <b>\u092a\u094d\u0930\u093f\u092f</b>, ' #Rider# , ', <br/>, <br/>, ' CubeJekShark \u0915\u093e \u0909\u092a\u092f\u094b\u0917 \u0915\u0930\u0928\u0947 \u0915\u0947 \u0932\u093f\u090f \u0927\u0928\u094d\u092f\u0935\u093e\u0926! #RESTAURANTNAME# \u0938\u0947 \u0906\u092a\u0915\u093e \u0911\u0930\u094d\u0921\u0930 \u0921\u093f\u0932\u0940\u0935\u0930 \u0939\u094b \u0917\u092f\u093e \u0939\u0948\u0964 \u0906\u092a\u0915\u094b \u092b\u093f\u0930 \u0938\u0947 \u0938\u0947\u0935\u093e \u0926\u0947\u0928\u0947 \u0915\u0947 \u0932\u093f\u090f \u0906\u0917\u0947 \u0906 \u0930\u0939\u093e \u0939\u0948 ', <br/>, <br/>, ' #details# ', <br/>, ' ', <br/>, ' ', <b>\u0927\u0928\u094d\u092f\u0935\u093e\u0926! #MailFooter#</b>, ' ', <br/>]"}, {"language": "IW", "subject": "\u05d4\u05d6\u05de\u05e0\u05ea CubeJekShark \u05e9\u05dc\u05da \u05e0\u05e9\u05dc\u05d7\u05d4", "body": "[' ', <b>\u05d9\u05e7\u05e8</b>, ' #Rider# , ', <br/>, <br/>, ' \u05ea\u05d5\u05d3\u05d4 \u05e2\u05dc \u05d4\u05e9\u05d9\u05de\u05d5\u05e9 \u05d1- CubeJekShark ! \u05d4\u05d4\u05d6\u05de\u05e0\u05d4 \u05e9\u05dc\u05da #RESTAURANTNAME# \u05e0\u05e9\u05dc\u05d7\u05d4. \u05d0\u05e0\u05d5 \u05de\u05e6\u05e4\u05d9\u05dd \u05dc\u05d4\u05de\u05e9\u05d9\u05da \u05d5\u05dc\u05e9\u05e8\u05ea \u05d0\u05d5\u05ea\u05da \u05e9\u05d5\u05d1. ', <br/>, <br/>, ' #details# ', <br/>, ' ', <br/>, ' ', <b>\u05ea\u05d5\u05d3\u05d4! #MailFooter#</b>, ' ', <br/>]"}, {"language": "FR", "subject": "Votre commande CubeJekShark a \u00e9t\u00e9 livr\u00e9e", "body": "[' ', <b>Cher</b>, ' #Rider# , ', <br/>, <br/>, \" Merci d'utiliser CubeJekShark ! Votre commande de #RESTAURANTNAME# a \u00e9t\u00e9 livr\u00e9e. Nous esp\u00e9rons vous servir \u00e0 nouveau. \", <br/>, <br/>, ' #details# ', <br/>, ' ', <br/>, ' ', <b>Merci! #MailFooter#</b>, ' ', <br/>]"}, {"language": "DA", "subject": "Din CubeJekShark ordre er blevet leveret", "body": "[' ', <b>K\u00e6re</b>, ' #Rider# , ', <br/>, <br/>, ' Tak for at bruge CubeJekShark ! Din ordre fra #RESTAURANTNAME# er blevet leveret. Vi ser frem til at vise dig igen. ', <br/>, <br/>, ' #details# ', <br/>, ' ', <br/>, ' ', <b>Tak! #MailFooter#</b>, ' ', <br/>]"}]}