{"purpose": "To notify user When service provider accepts job request (UBERX)", "templates": [{"language": "AF", "subject": "Jou versoek is aanvaar!", "body": "[' ', <span><br/> Liewe #Rider# , <br/><br/> #PROVIDER_NAME# het jou werkversoek aanvaar. Hier is die besprekingsbesonderhede. <br/><br/> Besprekingsnommer: #BOOKING_NUMBER# <br/><br/> Boekingsdatum: #Rider# <br/><br/> Dankie! #MailFooter# <br/></span>]"}, {"language": "EN", "subject": "Your Request Has been Accepted!", "body": "[' ', <span><br/>Dear #Rider#,\n<br/>\n<br/>#PROVIDER_NAME# has accepted your job request . Below are the booking details.\n<br/>\n<br/>Booking No: #BOOKING_NUMBER#\n<br/>\n<br/>Booking Date: #Ddate#\n<br/>\n<br/>Thanks!  #MailFooter# <br/></span>]"}, {"language": "TH", "subject": "\u0e04\u0e33\u0e02\u0e2d\u0e02\u0e2d\u0e07\u0e04\u0e38\u0e13\u0e44\u0e14\u0e49\u0e23\u0e31\u0e1a\u0e01\u0e32\u0e23\u0e22\u0e2d\u0e21\u0e23\u0e31\u0e1a!", "body": "[' ', <span><br/> \u0e40\u0e23\u0e35\u0e22\u0e19 #Rider# <br/><br/> #PROVIDER_NAME# \u0e22\u0e2d\u0e21\u0e23\u0e31\u0e1a\u0e04\u0e33\u0e02\u0e2d\u0e07\u0e32\u0e19\u0e02\u0e2d\u0e07\u0e04\u0e38\u0e13\u0e41\u0e25\u0e49\u0e27 \u0e14\u0e49\u0e32\u0e19\u0e25\u0e48\u0e32\u0e07\u0e19\u0e35\u0e49\u0e04\u0e37\u0e2d\u0e23\u0e32\u0e22\u0e25\u0e30\u0e40\u0e2d\u0e35\u0e22\u0e14\u0e01\u0e32\u0e23\u0e08\u0e2d\u0e07 <br/><br/> \u0e2b\u0e21\u0e32\u0e22\u0e40\u0e25\u0e02\u0e01\u0e32\u0e23\u0e08\u0e2d\u0e07: #BOOKING_NUMBER# <br/><br/> \u0e27\u0e31\u0e19\u0e17\u0e35\u0e48\u0e08\u0e2d\u0e07: #Rider# <br/><br/> \u0e02\u0e2d\u0e1a\u0e04\u0e38\u0e13! #MailFooter# <br/></span>]"}, {"language": "ID", "subject": "Permintaan Anda Telah Diterima!", "body": "[' ', <span><br/> Dear #Rider# , <br/><br/> #PROVIDER_NAME# telah menerima permintaan pekerjaan Anda. Di bawah ini adalah rincian pemesanan. <br/><br/> Nomor Pemesanan: #BOOKING_NUMBER# <br/><br/> Tanggal Pemesanan: #Rider# <br/><br/> Terima kasih! #MailFooter# <br/></span>]"}, {"language": "DE", "subject": "Ihre Anfrage wurde akzeptiert!", "body": "[' ', <span><br/> Sehr geehrter #Rider# , <br/><br/> #PROVIDER_NAME# hat Ihre #PROVIDER_NAME# akzeptiert. Nachfolgend finden Sie die Buchungsdetails. <br/><br/> Buchungsnummer: #BOOKING_NUMBER# <br/><br/> Buchungsdatum: #Rider# <br/><br/> Vielen Dank! #MailFooter# <br/></span>]"}, {"language": "ES", "subject": "\u00a1Tu petici\u00f3n ha sido aceptada!", "body": "[' ', <span><br/> Estimado #Rider# , <br/><br/> #PROVIDER_NAME# ha aceptado tu solicitud de trabajo. A continuaci\u00f3n se muestran los detalles de la reserva. <br/><br/> N\u00famero de reserva: #BOOKING_NUMBER# <br/><br/> Fecha de reserva: #Rider# <br/><br/> \u00a1Gracias! #MailFooter# <br/></span>]"}, {"language": "IT", "subject": "La tua richiesta \u00e8 stata accettata!", "body": "[' ', <span><br/> Caro #Rider# , <br/><br/> #PROVIDER_NAME# ha accettato la tua richiesta di lavoro. Di seguito sono riportati i dettagli della prenotazione. <br/><br/> #BOOKING_NUMBER# prenotazione: #BOOKING_NUMBER# <br/><br/> Data di prenotazione: #Rider# <br/><br/> Grazie! #MailFooter# <br/></span>]"}, {"language": "AR", "subject": "\u062a\u0645 \u0642\u0628\u0648\u0644 \u0637\u0644\u0628\u0643!", "body": "[' ', <span><br/> \u0639\u0632\u064a\u0632\u064a #Rider# \u060c <br/><br/> #PROVIDER_NAME# \u0642\u0628\u0644 \u0637\u0644\u0628 \u0639\u0645\u0644\u0643. \u0641\u064a\u0645\u0627 \u064a\u0644\u064a \u062a\u0641\u0627\u0635\u064a\u0644 \u0627\u0644\u062d\u062c\u0632. <br/><br/> \u0631\u0642\u0645 \u0627\u0644\u062d\u062c\u0632: #BOOKING_NUMBER# <br/><br/> \u062a\u0627\u0631\u064a\u062e \u0627\u0644\u062d\u062c\u0632: #Rider# <br/><br/> \u0634\u0643\u0631! #MailFooter# <br/></span>]"}, {"language": "UR", "subject": "\u0622\u067e \u06a9\u06cc \u062f\u0631\u062e\u0648\u0627\u0633\u062a \u0642\u0628\u0648\u0644 \u06a9\u06cc \u06af\u0626\u06cc \u06c1\u06d2!", "body": "[' ', <span><br/> \u0639\u0632\u06cc\u0632 #Rider# <br/><br/> #PROVIDER_NAME# \u0646\u06d2 \u0622\u067e \u06a9\u06cc \u0645\u0644\u0627\u0632\u0645\u062a \u06a9\u06cc \u062f\u0631\u062e\u0648\u0627\u0633\u062a \u06a9\u0648 \u0642\u0628\u0648\u0644 \u06a9\u06cc\u0627 \u06c1\u06d2. \u0630\u06cc\u0644 \u0645\u06cc\u06ba \u0628\u06a9\u0646\u06af \u06a9\u06cc \u062a\u0641\u0635\u06cc\u0644\u0627\u062a \u06c1\u06cc\u06ba. <br/><br/> \u0628\u06a9\u0646\u06af \u0646\u0645\u0628\u0631: #BOOKING_NUMBER# <br/><br/> \u0628\u06a9\u0646\u06af \u06a9\u06cc \u062a\u0627\u0631\u06cc\u062e: #Rider# <br/><br/> \u0634\u06a9\u0631\u06cc\u06c1! #MailFooter# <br/></span>]"}, {"language": "AZ", "subject": "Talebiniz q\u0259bul edildi!", "body": "[' ', <span><br/> H\u00f6rm\u0259tli #Rider# , <br/><br/> #PROVIDER_NAME# i\u015f istifad\u0259sini q\u0259bul etmi\u015fdir. A\u015fa\u011f\u0131dak\u0131 sifari\u015f m\u0259lumatlar\u0131. <br/><br/> Rezervasyon No: #BOOKING_NUMBER# <br/><br/> Rezervasyon tarixi: #Rider# <br/><br/> T\u0259\u015f\u0259kk\u00fcr edirik! #MailFooter# <br/></span>]"}, {"language": "ZH", "subject": "\u60a8\u7684\u7533\u8bf7\u5df2\u88ab\u63a5\u53d7\uff01", "body": "[' ', <span><br/>\u4eb2\u7231\u7684#Rider# \uff0c <br/><br/> #PROVIDER_NAME#\u5df2\u63a5\u53d7\u60a8\u7684\u5de5\u4f5c\u8bf7\u6c42\u3002\u4ee5\u4e0b\u662f\u9884\u8ba2\u8be6\u60c5\u3002 <br/><br/>\u9884\u8ba2\u53f7\u7801\uff1a #BOOKING_NUMBER# <br/><br/>\u9884\u8ba2\u65e5\u671f\uff1a #Rider# <br/><br/>\u8c22\u8c22\uff01 #MailFooter# <br/></span>]"}, {"language": "PT", "subject": "Sua solicita\u00e7\u00e3o foi aceita!", "body": "[' ', <span><br/> Caro #Rider# , <br/><br/> #PROVIDER_NAME# aceitou sua solicita\u00e7\u00e3o de emprego. Abaixo est\u00e3o os detalhes da reserva. <br/><br/> Reserva N\u00e3o: #BOOKING_NUMBER# <br/><br/> Data de reserva: #Rider# <br/><br/> Obrigado! #MailFooter# <br/></span>]"}, {"language": "ZU", "subject": "Isicelo sakho samukelwe!", "body": "[' ', <span><br/> Ngomunye #Rider# , <br/><br/> #PROVIDER_NAME# yamukele isicelo sakho somsebenzi. Ngezansi imininingwane yokubhuka. <br/><br/> I-No yokubhuka: #BOOKING_NUMBER# <br/><br/> Usuku Lokubhuka: #Rider# <br/><br/> Siyabonga! #MailFooter# <br/></span>]"}, {"language": "SW", "subject": "Ombi lako limekubaliwa!", "body": "[' ', <span><br/> Mpendwa #Rider# , <br/><br/> #PROVIDER_NAME# imekubali ombi lako la kazi. Chini ni maelezo ya uhifadhi. <br/><br/> Uhifadhi No: #BOOKING_NUMBER# <br/><br/> Tarehe ya Marejeo: #Rider# <br/><br/> Asante! #MailFooter# <br/></span>]"}, {"language": "KU", "subject": "Daxwaziya we hat pejirandin!", "body": "[' ', <span><br/> Dear #Rider# , <br/><br/> #PROVIDER_NAME# daxwaznameya we qeb\u00fbl kir. Li j\u00ear agahiy\u00ean dan\u00fbstendin\u00ea ne. <br/><br/> #BOOKING_NUMBER# Na: #BOOKING_NUMBER# <br/><br/> Booking Date: #Rider# <br/><br/> Spas! #MailFooter# <br/></span>]"}, {"language": "MS", "subject": "Permintaan Anda Telah Diterima!", "body": "[' ', <span><br/> Dear #Rider# , <br/><br/> #PROVIDER_NAME# telah menerima permintaan kerja anda. Berikut adalah butiran tempahan. <br/><br/> Tempahan No: #BOOKING_NUMBER# <br/><br/> Tarikh Tempahan: #Rider# <br/><br/> Terima kasih! #MailFooter# <br/></span>]"}, {"language": "SI", "subject": "\u0d94\u0db6\u0d9c\u0dda \u0d89\u0dbd\u0dca\u0dbd\u0dd3\u0db8 \u0db4\u0dd2\u0dc5\u0dd2\u0d9c\u0dd9\u0db1 \u0d87\u0dad!", "body": "[' ', <span><br/> \u0da9\u0dda\u0dc0\u0dd2\u0da9\u0dca #Rider# <br/><br/> #PROVIDER_NAME# \u0d94\u0db6\u0d9c\u0dda \u0dbb\u0dd0\u0d9a\u0dd2\u0dba\u0dcf \u0d89\u0dbd\u0dca\u0dbd\u0dd3\u0db8 \u0db4\u0dd2\u0dc5\u0dd2\u0d9c\u0dd9\u0db1 \u0dad\u0dd2\u0db6\u0dda. \u0db4\u0dc4\u0dad \u0dc3\u0db3\u0dc4\u0db1\u0dca \u0db4\u0dbb\u0dd2\u0daf\u0dd2 \u0dc0\u0dd9\u0db1\u0dca \u0dc0\u0dd9\u0db1\u0dca \u0dc0\u0dd2\u0dc3\u0dca\u0dad\u0dbb. <br/><br/> \u0d85\u0d82\u0d9a: #BOOKING_NUMBER# <br/><br/> \u0dc0\u0dd9\u0db1\u0dca \u0dc0\u0dd9\u0db1\u0dca \u0daf\u0dd2\u0db1\u0dba: #Rider# <br/><br/> \u0dc3\u0dca\u0dad\u0dd6\u0dad\u0dd2\u0dba\u0dd2! #MailFooter# <br/></span>]"}, {"language": "TA", "subject": "\u0b89\u0b99\u0bcd\u0b95\u0bb3\u0bcd \u0b95\u0bcb\u0bb0\u0bbf\u0b95\u0bcd\u0b95\u0bc8 \u0b8f\u0bb1\u0bcd\u0b95\u0baa\u0bcd\u0baa\u0b9f\u0bcd\u0b9f\u0ba4\u0bc1!", "body": "[' ', <span><br/> \u0b85\u0ba9\u0bcd\u0baa\u0bc7 #Rider# , <br/><br/> #PROVIDER_NAME# \u0b89\u0b99\u0bcd\u0b95\u0bb3\u0bcd \u0bb5\u0bc7\u0bb2\u0bc8 \u0b95\u0bcb\u0bb0\u0bbf\u0b95\u0bcd\u0b95\u0bc8\u0baf\u0bc8 \u0b8f\u0bb1\u0bcd\u0bb1\u0bc1\u0b95\u0bcd\u0b95\u0bca\u0ba3\u0bcd\u0b9f\u0bbe\u0bb0\u0bcd. \u0baa\u0bc1\u0b95\u0bcd\u0b95\u0bbf\u0b99\u0bcd \u0bb5\u0bbf\u0bb5\u0bb0\u0b99\u0bcd\u0b95\u0bb3\u0bcd \u0b95\u0bc0\u0bb4\u0bc7 \u0b89\u0bb3\u0bcd\u0bb3\u0ba9. <br/><br/> \u0bae\u0bc1\u0ba9\u0bcd\u0baa\u0ba4\u0bbf\u0bb5\u0bc1 \u0b87\u0bb2\u0bcd\u0bb2\u0bc8: #BOOKING_NUMBER# <br/><br/> \u0bae\u0bc1\u0ba9\u0bcd\u0baa\u0ba4\u0bbf\u0bb5\u0bc1 \u0ba4\u0bc7\u0ba4\u0bbf: #Rider# <br/><br/> \u0ba8\u0ba9\u0bcd\u0bb1\u0bbf! #MailFooter# <br/></span>]"}, {"language": "VI", "subject": "Y\u00eau c\u1ea7u c\u1ee7a b\u1ea1n \u0111\u00e3 \u0111\u01b0\u1ee3c ch\u1ea5p nh\u1eadn!", "body": "[' ', <span><br/> K\u00ednh g\u1eedi #Rider# , <br/><br/> #PROVIDER_NAME# \u0111\u00e3 ch\u1ea5p nh\u1eadn y\u00eau c\u1ea7u c\u00f4ng vi\u1ec7c c\u1ee7a b\u1ea1n. D\u01b0\u1edbi \u0111\u00e2y l\u00e0 chi ti\u1ebft \u0111\u1eb7t ph\u00f2ng. <br/><br/> \u0110\u1eb7t s\u1ed1: #BOOKING_NUMBER# <br/><br/> Ng\u00e0y \u0111\u1eb7t ph\u00f2ng: #Rider# <br/><br/> C\u1ea3m \u01a1n! #MailFooter# <br/></span>]"}, {"language": "TL", "subject": "Tinanggap ang Iyong Kahilingan!", "body": "[' ', <span><br/> Mahal #Rider# , <br/><br/> Tinanggap ng #PROVIDER_NAME# ang iyong kahilingan sa trabaho. Nasa ibaba ang mga detalye ng booking. <br/><br/> Hindi Nag-book: #BOOKING_NUMBER# <br/><br/> Petsa ng Pag-book: #Rider# <br/><br/> Salamat! #MailFooter# <br/></span>]"}, {"language": "KM", "subject": "\u179f\u17c6\u178e\u17be\u179a\u1794\u179f\u17cb\u17a2\u17d2\u1793\u1780\u178f\u17d2\u179a\u17bc\u179c\u1794\u17b6\u1793\u1791\u1791\u17bd\u179b\u1799\u1780!", "body": "[' ', <span><br/> \u1787\u17bc\u1793\u1785\u17c6\u1796\u17c4\u17c7 #Rider# <br/><br/> #PROVIDER_NAME# \u1794\u17b6\u1793\u1791\u1791\u17bd\u179b\u1799\u1780\u179f\u17c6\u178e\u17be\u179a\u1780\u17b6\u179a\u1784\u17b6\u179a\u179a\u1794\u179f\u17cb\u17a2\u17d2\u1793\u1780\u17d4 \u1781\u17b6\u1784\u1780\u17d2\u179a\u17c4\u1798\u1793\u17c1\u17c7\u1787\u17b6\u1796\u17d0\u178f\u17cc\u1798\u17b6\u1793\u179b\u17c6\u17a2\u17b7\u178f\u17a2\u17c6\u1796\u17b8\u1780\u17b6\u179a\u1780\u1780\u17cb\u17d4 <br/><br/> \u179b\u17c1\u1781\u1780\u1780\u17cb: #BOOKING_NUMBER# <br/><br/> \u1780\u17b6\u179b\u1794\u179a\u17b7\u1785\u17d2\u1786\u17c1\u1791\u1780\u1780\u17cb: #Rider# <br/><br/> \u179f\u17bc\u1798\u17a2\u179a\u1782\u17bb\u178e! #MailFooter# <br/></span>]"}, {"language": "BN", "subject": "\u0986\u09aa\u09a8\u09be\u09b0 \u0985\u09a8\u09c1\u09b0\u09cb\u09a7 \u0997\u09c3\u09b9\u09c0\u09a4 \u09b9\u09af\u09bc\u09c7\u099b\u09c7!", "body": "[' ', <span><br/> \u09aa\u09cd\u09b0\u09bf\u09af\u09bc #Rider# , <br/><br/> #PROVIDER_NAME# \u0986\u09aa\u09a8\u09be\u09b0 \u0995\u09be\u099c\u09c7\u09b0 \u0985\u09a8\u09c1\u09b0\u09cb\u09a7 \u09b8\u09cd\u09ac\u09c0\u0995\u09be\u09b0 \u0995\u09b0\u09c7\u099b\u09c7\u0964 \u09a8\u09c0\u099a\u09c7 \u09ac\u09c1\u0995\u09bf\u0982 \u09ac\u09bf\u09ac\u09b0\u09a3\u0964 <br/><br/> \u09ac\u09c1\u0995\u09bf\u0982 \u09a8\u09ae\u09cd\u09ac\u09b0: #BOOKING_NUMBER# <br/><br/> \u09ac\u09c1\u0995\u09bf\u0982 \u09a4\u09be\u09b0\u09bf\u0996: #Rider# <br/><br/> \u09a7\u09a8\u09cd\u09af\u09ac\u09be\u09a6! #MailFooter# <br/></span>]"}, {"language": "JA", "subject": "\u3042\u306a\u305f\u306e\u8981\u6c42\u306f\u53d7\u3051\u5165\u308c\u3089\u308c\u307e\u3057\u305f\uff01", "body": "[' ', <span><br/> #Rider# <br/><br/> #PROVIDER_NAME#\u304c\u3042\u306a\u305f\u306e\u4ed5\u4e8b\u306e\u4f9d\u983c\u3092\u53d7\u3051\u5165\u308c\u307e\u3057\u305f\u3002\u4ee5\u4e0b\u306f\u4e88\u7d04\u306e\u8a73\u7d30\u3067\u3059\u3002 <br/><br/>\u4e88\u7d04\u756a\u53f7\uff1a #BOOKING_NUMBER# <br/><br/>\u4e88\u7d04\u65e5\uff1a #Rider# <br/><br/>\u3042\u308a\u304c\u3068\u3046\u3054\u3056\u3044\u307e\u3059\u3002 #MailFooter# <br/></span>]"}, {"language": "KO", "subject": "\uadc0\ud558\uc758 \uc694\uccad\uc774 \uc218\ub77d\ub418\uc5c8\uc2b5\ub2c8\ub2e4!", "body": "[' ', <span><br/> \uce5c\uc560\ud558\ub294 #Rider# <br/><br/> #PROVIDER_NAME# \uc774 \uadc0\ud558\uc758 \uc9c1\uc5c5 \uc694\uccad\uc744 \uc218\ub77d\ud588\uc2b5\ub2c8\ub2e4. \uc544\ub798\ub294 \uc608\uc57d \ub0b4\uc6a9\uc785\ub2c8\ub2e4. <br/><br/> \uc608\uc57d \ubc88\ud638 : #BOOKING_NUMBER# <br/><br/> \uc608\uc57d \ub0a0\uc9dc : #Rider# <br/><br/> \uac10\uc0ac! #MailFooter# <br/></span>]"}, {"language": "YO", "subject": "A Ti Gba \u00ccw\u00edwo R\u1eb9!", "body": "[' ', <span><br/> Eyin #Rider# , <br/><br/> #PROVIDER_NAME# ti gba i\u1e63\u1eb9 i\u1e63\u1eb9 r\u1eb9. Ni isal\u1eb9 ni aw\u1ecdn alaye atunk\u1ecd. <br/><br/> Fowo si Ko si: #BOOKING_NUMBER# <br/><br/> \u1eccj\u1ecd Iwewewe: #Rider# <br/><br/> O \u1e63eun! #MailFooter# <br/></span>]"}, {"language": "TR", "subject": "\u0130ste\u011finiz Kabul Edildi!", "body": "[' ', <span><br/> Sevgili #Rider# , <br/><br/> #PROVIDER_NAME# i\u015f iste\u011finizi kabul etti. A\u015fa\u011f\u0131da rezervasyon detaylar\u0131 verilmi\u015ftir. <br/><br/> Rezervasyon No: #BOOKING_NUMBER# <br/><br/> Rezervasyon Tarihi: #Rider# <br/><br/> Te\u015fekk\u00fcrler! #MailFooter# <br/></span>]"}, {"language": "RU", "subject": "\u0412\u0430\u0448 \u0437\u0430\u043f\u0440\u043e\u0441 \u0431\u044b\u043b \u043f\u0440\u0438\u043d\u044f\u0442!", "body": "[' ', <span><br/> \u0423\u0432\u0430\u0436\u0430\u0435\u043c\u044b\u0439 #Rider# , <br/><br/> #PROVIDER_NAME# \u043f\u0440\u0438\u043d\u044f\u043b \u0432\u0430\u0448 \u0437\u0430\u043f\u0440\u043e\u0441 \u043d\u0430 \u0440\u0430\u0431\u043e\u0442\u0443. \u041d\u0438\u0436\u0435 \u043f\u0440\u0438\u0432\u0435\u0434\u0435\u043d\u044b \u0434\u0435\u0442\u0430\u043b\u0438 \u0431\u0440\u043e\u043d\u0438\u0440\u043e\u0432\u0430\u043d\u0438\u044f. <br/><br/> \u041d\u043e\u043c\u0435\u0440 \u0431\u0440\u043e\u043d\u0438\u0440\u043e\u0432\u0430\u043d\u0438\u044f: #BOOKING_NUMBER# <br/><br/> \u0414\u0430\u0442\u0430 \u0431\u0440\u043e\u043d\u0438\u0440\u043e\u0432\u0430\u043d\u0438\u044f: #Rider# <br/><br/> \u0421\u043f\u0430\u0441\u0438\u0431\u043e! #MailFooter# <br/></span>]"}, {"language": "FA", "subject": "\u062f\u0631\u062e\u0648\u0627\u0633\u062a \u0634\u0645\u0627 \u067e\u0630\u06cc\u0631\u0641\u062a\u0647 \u0634\u062f\u0647 \u0627\u0633\u062a!", "body": "[' ', <span><br/> \u0639\u0632\u06cc\u0632 #Rider# <br/><br/> #PROVIDER_NAME# \u062f\u0631\u062e\u0648\u0627\u0633\u062a \u06a9\u0627\u0631 \u0634\u0645\u0627 \u0631\u0627 \u067e\u0630\u06cc\u0631\u0641\u062a\u0647 \u0627\u0633\u062a \u062f\u0631 \u0632\u06cc\u0631 \u062c\u0632\u0626\u06cc\u0627\u062a \u0631\u0632\u0631\u0648. <br/><br/> \u0631\u0632\u0631\u0648 \u0628\u062f\u0648\u0646: #BOOKING_NUMBER# <br/><br/> \u062a\u0627\u0631\u06cc\u062e \u0631\u0632\u0631\u0648: #Rider# <br/><br/> \u0628\u0627 \u062a\u0634\u06a9\u0631! #MailFooter# <br/></span>]"}, {"language": "MY", "subject": "\u101e\u1004\u103a\u1037\u101b\u1032\u1037\u1010\u1031\u102c\u1004\u103a\u1038\u1006\u102d\u102f\u1019\u103e\u102f\u101c\u1000\u103a\u1001\u1036\u101c\u102d\u102f\u1000\u103a\u1015\u102b\u101e\u100a\u103a!", "body": "[' ', <span><br/> \u1001\u103b\u1005\u103a\u1001\u1004\u103a\u101b\u1015\u102b\u101e\u1031\u102c #Rider# , <br/><br/> #PROVIDER_NAME# \u101e\u1004\u103a\u104f\u1021\u101c\u102f\u1015\u103a\u1010\u1031\u102c\u1004\u103a\u1038\u1006\u102d\u102f\u1001\u103b\u1000\u103a\u1000\u102d\u102f\u101c\u1000\u103a\u1001\u1036\u1001\u1032\u1037\u101e\u100a\u103a\u104b \u1021\u1031\u102c\u1000\u103a\u1000\u1018\u103d\u1010\u103a\u1000\u1004\u103a\u1021\u101e\u1031\u1038\u1005\u102d\u1010\u103b\u1016\u103c\u1005\u103a\u1000\u103c\u101e\u100a\u103a\u104b <br/><br/> : \u1021\u1018\u101a\u103a\u101e\u1030\u1019\u103b\u103e\u1019 booking #BOOKING_NUMBER# <br/><br/> \u1018\u103d\u1010\u103a\u1000\u1004\u103a\u1014\u1031\u1037\u1005\u103d\u1032: #Rider# <br/><br/> \u1000\u103b\u1031\u1038\u1007\u1030\u1038\u1010\u1004\u103a\u1015\u102b\u1010\u101a\u103a! #MailFooter# <br/></span>]"}, {"language": "HI", "subject": "\u0906\u092a\u0915\u093e \u0905\u0928\u0941\u0930\u094b\u0927 \u0938\u094d\u0935\u0940\u0915\u093e\u0930 \u0915\u0930 \u0932\u093f\u092f\u093e \u0917\u092f\u093e \u0939\u0948!", "body": "[' ', <span><br/> \u092a\u094d\u0930\u093f\u092f #Rider# , <br/><br/> #PROVIDER_NAME# \u0928\u0947 \u0906\u092a\u0915\u093e \u0928\u094c\u0915\u0930\u0940 \u0905\u0928\u0941\u0930\u094b\u0927 \u0938\u094d\u0935\u0940\u0915\u093e\u0930 \u0915\u0930 \u0932\u093f\u092f\u093e \u0939\u0948\u0964 \u0928\u0940\u091a\u0947 \u092c\u0941\u0915\u093f\u0902\u0917 \u0935\u093f\u0935\u0930\u0923 \u0939\u0948\u0902\u0964 <br/><br/> \u092c\u0941\u0915\u093f\u0902\u0917 \u0928\u0902\u092c\u0930: #BOOKING_NUMBER# <br/><br/> \u092c\u0941\u0915\u093f\u0902\u0917 \u0915\u0940 \u0924\u093e\u0930\u0940\u0916: #Rider# <br/><br/> \u0927\u0928\u094d\u092f\u0935\u093e\u0926! #MailFooter# <br/></span>]"}, {"language": "IW", "subject": "\u05d4\u05d1\u05e7\u05e9\u05d4 \u05e9\u05dc\u05da \u05d4\u05ea\u05e7\u05d1\u05dc\u05d4!", "body": "[' ', <span><br/> \u05d9\u05e7\u05e8 #Rider# , <br/><br/> #PROVIDER_NAME# \u05e7\u05d9\u05d1\u05dc \u05d0\u05ea \u05d1\u05e7\u05e9\u05ea \u05d4\u05e2\u05d1\u05d5\u05d3\u05d4 \u05e9\u05dc\u05da. \u05dc\u05d4\u05dc\u05df \u05e4\u05e8\u05d8\u05d9 \u05d4\u05d4\u05d6\u05de\u05e0\u05d4. <br/><br/> \u05de\u05e1\u05e4\u05e8 \u05d4\u05d4\u05d6\u05de\u05e0\u05d4: #BOOKING_NUMBER# <br/><br/> \u05ea\u05d0\u05e8\u05d9\u05da \u05d4\u05d4\u05d6\u05de\u05e0\u05d4: #Rider# <br/><br/> \u05ea\u05d5\u05d3\u05d4! #MailFooter# <br/></span>]"}, {"language": "FR", "subject": "Votre demande a \u00e9t\u00e9 accept\u00e9e!", "body": "[' ', <span><br/> Cher #Rider# , <br/><br/> #PROVIDER_NAME# a accept\u00e9 votre demande d'emploi. Ci-dessous les d\u00e9tails de la r\u00e9servation. <br/><br/> #BOOKING_NUMBER# r\u00e9servation: #BOOKING_NUMBER# <br/><br/> Date de r\u00e9servation: #Rider# <br/><br/> Merci! #MailFooter# <br/></span>]"}, {"language": "DA", "subject": "Din anmodning er blevet accepteret!", "body": "[' ', <span><br/> K\u00e6re #Rider# , <br/><br/> #PROVIDER_NAME# har accepteret din jobforesp\u00f8rgsel. Nedenfor er reservationsoplysningerne. <br/><br/> Booking nr .: #BOOKING_NUMBER# <br/><br/> Booking Dato: #Rider# <br/><br/> Tak! #MailFooter# <br/></span>]"}]}