{"purpose": "Notify admin when provider document upload", "templates": [{"language": "AF", "subject": "Verskaffer Dokumente laai besonderhede", "body": "[' Geagte Administrateur, ', <br/>, <br/>, ' #Company# het al die dokumente opgelaai. Hieronder is die besonderhede. ', <br/>, <br/>, ' Gebruikersnaam: #Name# ', <br/>, <br/>, ' E-pos: #Email# ', <br/>, <br/>, ' groete, ', <br/>, <br/>, ' #SITE_FOOTER#']"}, {"language": "EN", "subject": "Provider Documents Uploads details", "body": "[' Dear Administrator, ', <br/>, '\\n', <br/>, '#Company# has Uploaded all Documents. Below is the details. ', <br/>, '\\n', <br/>, 'Username: #Name#', <br/>, '\\n', <br/>, 'Email: #Email# ', <br/>, '\\n', <br/>, 'Regards,', <br/>, '\\n', <br/>, '#SITE_FOOTER#']"}, {"language": "TH", "subject": "\u0e40\u0e2d\u0e01\u0e2a\u0e32\u0e23\u0e1c\u0e39\u0e49\u0e43\u0e2b\u0e49\u0e1a\u0e23\u0e34\u0e01\u0e32\u0e23\u0e2d\u0e31\u0e1e\u0e42\u0e2b\u0e25\u0e14\u0e23\u0e32\u0e22\u0e25\u0e30\u0e40\u0e2d\u0e35\u0e22\u0e14", "body": "[' \u0e40\u0e23\u0e35\u0e22\u0e19\u0e1c\u0e39\u0e49\u0e14\u0e39\u0e41\u0e25\u0e23\u0e30\u0e1a\u0e1a ', <br/>, <br/>, ' #Company# \u0e44\u0e14\u0e49\u0e2d\u0e31\u0e1b\u0e42\u0e2b\u0e25\u0e14\u0e40\u0e2d\u0e01\u0e2a\u0e32\u0e23\u0e17\u0e31\u0e49\u0e07\u0e2b\u0e21\u0e14\u0e41\u0e25\u0e49\u0e27 \u0e14\u0e49\u0e32\u0e19\u0e25\u0e48\u0e32\u0e07\u0e40\u0e1b\u0e47\u0e19\u0e23\u0e32\u0e22\u0e25\u0e30\u0e40\u0e2d\u0e35\u0e22\u0e14 ', <br/>, <br/>, ' \u0e0a\u0e37\u0e48\u0e2d\u0e1c\u0e39\u0e49\u0e43\u0e0a\u0e49: #Name# ', <br/>, <br/>, ' \u0e2d\u0e35\u0e40\u0e21\u0e25: #Email# ', <br/>, <br/>, ' \u0e04\u0e27\u0e32\u0e21\u0e19\u0e31\u0e1a\u0e16\u0e37\u0e2d, ', <br/>, <br/>, ' #SITE_FOOTER#']"}, {"language": "ID", "subject": "Rincian Unggah Dokumen Penyedia", "body": "[' Administrator yang terhormat, ', <br/>, <br/>, ' #Company# telah mengunggah semua Dokumen. Di bawah ini adalah detailnya. ', <br/>, <br/>, ' Nama pengguna: #Name# ', <br/>, <br/>, ' Email: #Email# ', <br/>, <br/>, ' Salam, ', <br/>, <br/>, ' #SITE_FOOTER#']"}, {"language": "DE", "subject": "Anbieterdokumente L\u00e4dt Details hoch", "body": "[' Sehr geehrter Administrator, ', <br/>, <br/>, ' #Company# hat alle Dokumente hochgeladen. Unten sind die Details. ', <br/>, <br/>, ' Benutzername: #Name# ', <br/>, <br/>, ' E-Mail: #Email# ', <br/>, <br/>, ' Gr\u00fc\u00dfe, ', <br/>, <br/>, ' #SITE_FOOTER#']"}, {"language": "ES", "subject": "Detalles de las cargas de documentos del proveedor", "body": "[' Estimado Administrador, ', <br/>, <br/>, ' #Company# ha subido todos los documentos. A continuaci\u00f3n se muestran los detalles. ', <br/>, <br/>, ' Nombre de usuario: #Name# ', <br/>, <br/>, ' Correo electr\u00f3nico: #Email# ', <br/>, <br/>, ' Saludos, ', <br/>, <br/>, ' #SITE_FOOTER#']"}, {"language": "IT", "subject": "Dettagli dei caricamenti dei documenti del fornitore", "body": "[' Caro Amministratore, ', <br/>, <br/>, ' #Company# ha caricato tutti i documenti. Di seguito sono i dettagli. ', <br/>, <br/>, ' Nome utente: #Name# ', <br/>, <br/>, ' Email: #Email# ', <br/>, <br/>, ' Saluti, ', <br/>, <br/>, ' #SITE_FOOTER#']"}, {"language": "AR", "subject": "\u0648\u062b\u0627\u0626\u0642 \u0645\u0632\u0648\u062f \u062a\u062d\u0645\u064a\u0644 \u0627\u0644\u062a\u0641\u0627\u0635\u064a\u0644", "body": "[' \u0639\u0632\u064a\u0632\u064a \u0627\u0644\u0645\u0633\u0624\u0648\u0644 \u060c ', <br/>, <br/>, ' #Company# \u0628\u062a\u062d\u0645\u064a\u0644 \u062c\u0645\u064a\u0639 \u0627\u0644\u0645\u0633\u062a\u0646\u062f\u0627\u062a. \u0623\u062f\u0646\u0627\u0647 \u0647\u064a \u0627\u0644\u062a\u0641\u0627\u0635\u064a\u0644. ', <br/>, <br/>, ' \u0627\u0633\u0645 \u0627\u0644\u0645\u0633\u062a\u062e\u062f\u0645: #Name# ', <br/>, <br/>, ' \u0627\u0644\u0628\u0631\u064a\u062f \u0627\u0644\u0625\u0644\u0643\u062a\u0631\u0648\u0646\u064a: #Email# ', <br/>, <br/>, ' \u0645\u0639 \u062a\u062d\u064a\u0627\u062a\u064a\u060c ', <br/>, <br/>, ' #SITE_FOOTER#']"}, {"language": "UR", "subject": "\u0641\u0631\u0627\u06c1\u0645 \u06a9\u0646\u0646\u062f\u06c1 \u062f\u0633\u062a\u0627\u0648\u06cc\u0632\u0627\u062a \u06a9\u06cc \u062a\u0641\u0635\u06cc\u0644\u0627\u062a \u0627\u067e \u0644\u0648\u0688 \u06a9\u0631\u062a\u06cc \u06c1\u06cc\u06ba", "body": "[' \u0639\u0632\u06cc\u0632 \u0627\u06cc\u0688\u0645\u0646\u0633\u0679\u0631\u06cc\u0679\u0631\u060c ', <br/>, <br/>, ' #Company# \u0646\u06d2 \u062a\u0645\u0627\u0645 \u062f\u0633\u062a\u0627\u0648\u06cc\u0632\u0627\u062a \u06a9\u0648 \u0627\u067e \u0644\u0648\u0688 \u06a9\u06cc\u0627 \u06c1\u06d2. \u0630\u06cc\u0644 \u0645\u06cc\u06ba \u062a\u0641\u0635\u06cc\u0644\u0627\u062a \u06c1\u06cc\u06ba. ', <br/>, <br/>, ' \u0635\u0627\u0631\u0641 #Name# : #Name# ', <br/>, <br/>, ' \u0627\u06cc \u0645\u06cc\u0644: #Email# ', <br/>, <br/>, ' \u062d\u0648\u0627\u0644\u06d2\u060c ', <br/>, <br/>, ' #SITE_FOOTER#']"}, {"language": "AZ", "subject": "T\u0259chizat\u00e7\u0131 s\u0259n\u0259dl\u0259ri \u0259trafl\u0131 m\u0259lumatlar\u0131 y\u00fckl\u0259yir", "body": "[' \u018fziz Administrator, ', <br/>, <br/>, ' #Company# b\u00fct\u00fcn s\u0259n\u0259dl\u0259ri y\u00fckl\u0259di. A\u015fa\u011f\u0131dak\u0131 m\u0259lumatlar. ', <br/>, <br/>, ' \u0130stifad\u0259\u00e7i ad\u0131: #Name# ', <br/>, <br/>, ' E-po\u00e7t: #Email# ', <br/>, <br/>, ' H\u00f6rm\u0259tl\u0259, ', <br/>, <br/>, ' #SITE_FOOTER#']"}, {"language": "ZH", "subject": "\u63d0\u4f9b\u8005\u6587\u6863\u4e0a\u4f20\u8be6\u7ec6\u4fe1\u606f", "body": "[' \u4eb2\u7231\u7684\u7ba1\u7406\u5458\uff0c ', <br/>, <br/>, ' #Company#\u5df2\u4e0a\u4f20\u6240\u6709\u6587\u4ef6\u3002\u4ee5\u4e0b\u662f\u8be6\u7ec6\u4fe1\u606f\u3002 ', <br/>, <br/>, '\u7528\u6237\u540d\uff1a #Name# ', <br/>, <br/>, '\u7535\u90ae\uff1a #Email# ', <br/>, <br/>, '\u95ee\u5019\uff0c ', <br/>, <br/>, ' #SITE_FOOTER#']"}, {"language": "PT", "subject": "Provider Documents Uploads details", "body": "[' Prezado Administrador ', <br/>, <br/>, ' #Company# enviou todos os documentos. Abaixo est\u00e3o os detalhes. ', <br/>, <br/>, ' Nome de usu\u00e1rio: #Name# ', <br/>, <br/>, ' Email: #Email# ', <br/>, <br/>, ' Sauda\u00e7\u00f5es, ', <br/>, <br/>, ' #SITE_FOOTER#']"}, {"language": "ZU", "subject": "Amadokhumenti omhlinzeki Ukulayisha imininingwane", "body": "[' Umqondisi othandekayo, ', <br/>, <br/>, ' #Company# ilayishe yonke Imibhalo. Ngezansi imininingwane. ', <br/>, <br/>, ' Igama lomsebenzisi: #Name# ', <br/>, <br/>, ' Imeyili: #Email# ', <br/>, <br/>, ' Ukulawula, ', <br/>, <br/>, ' #SITE_FOOTER#']"}, {"language": "SW", "subject": "Nyaraka za Msaada Maelezo ya Pakia", "body": "[' Msimamizi Mheshimiwa, ', <br/>, <br/>, ' #Company# imeweka Nyaraka zote. Chini ni maelezo. ', <br/>, <br/>, ' Jina la mtumiaji: #Name# ', <br/>, <br/>, ' Barua pepe: #Email# ', <br/>, <br/>, ' Kuzidi, ', <br/>, <br/>, ' #SITE_FOOTER#']"}, {"language": "KU", "subject": "Agahdar\u00ean Agahdaran agahdar\u00ee barkirin", "body": "[' Bir\u00eaz Bir\u00eaz Bir\u00eaz ', <br/>, <br/>, ' #Company# Hem\u00fb pelan barkirin. Li j\u00ear agahdar\u00ee ye. ', <br/>, <br/>, ' Nav\u00ea bikarh\u00eaner: #Name# ', <br/>, <br/>, ' Email: #Email# ', <br/>, <br/>, ' Armanca ', <br/>, <br/>, ' #SITE_FOOTER#']"}, {"language": "MS", "subject": "Butiran Dokumen Penyedia Pembekal", "body": "[' Pentadbir yang dihormati, ', <br/>, <br/>, ' #Company# telah memuat naik semua Dokumen. Berikut adalah butirannya. ', <br/>, <br/>, ' Nama pengguna: #Name# ', <br/>, <br/>, ' E-mel: #Email# ', <br/>, <br/>, ' Salam, ', <br/>, <br/>, ' #SITE_FOOTER#']"}, {"language": "SI", "subject": "\u0dc3\u0db4\u0dba\u0db1\u0dca\u0db1\u0db1\u0dca \u0dbd\u0dd2\u0dba\u0d9a\u0dd2\u0dba\u0dc0\u0dd2\u0dbd\u0dd2 \u0d8b\u0da9\u0dd4\u0d9c\u0dad \u0d9a\u0dd2\u0dbb\u0dd3\u0db8\u0dca \u0dc0\u0dd2\u0dc3\u0dca\u0dad\u0dbb", "body": "[' \u0d86\u0daf\u0dbb\u0dab\u0dd3\u0dba \u0db4\u0dbb\u0dd2\u0db4\u0dcf\u0dbd\u0d9a, ', <br/>, <br/>, ' #Company# \u0dc3\u0dd2\u0dba\u0dc5\u0dd4\u0db8 \u0dbd\u0dd2\u0dba\u0dc0\u0dd2\u0dbd\u0dd2 \u0dc3\u0dd2\u0dba\u0dbd\u0dca\u0dbd\u0db8 \u0d8b\u0da9\u0dd4\u0d9c\u0dad \u0d9a\u0dbb \u0d87\u0dad. \u0dc0\u0dd2\u0dc3\u0dca\u0dad\u0dbb \u0db4\u0dc4\u0dad \u0daf\u0dd0\u0d9a\u0dca\u0dc0\u0dda. ', <br/>, <br/>, ' \u0db4\u0dbb\u0dd2\u0dc1\u0dd3\u0dbd\u0d9a \u0db1\u0dcf\u0db8\u0dba: #Name# ', <br/>, <br/>, ' \u0dc0\u0dd2\u0daf\u0dca\u0dba\u0dd4\u0dad\u0dca \u0dad\u0dd0\u0db4\u0dd1\u0dbd: #Email# ', <br/>, <br/>, ' \u0dc3\u0dad\u0dca\u0dad\u0d9a\u0dd2\u0db1\u0dca \u0db8 ', <br/>, <br/>, ' #SITE_FOOTER#']"}, {"language": "TA", "subject": "\u0bb5\u0bb4\u0b99\u0bcd\u0b95\u0bc1\u0ba8\u0bb0\u0bcd \u0b86\u0bb5\u0ba3\u0b99\u0bcd\u0b95\u0bb3\u0bcd \u0bb5\u0bbf\u0bb5\u0bb0\u0b99\u0bcd\u0b95\u0bb3\u0bc8\u0baa\u0bcd \u0baa\u0ba4\u0bbf\u0bb5\u0bc7\u0bb1\u0bcd\u0bb1\u0bc1\u0b95\u0bbf\u0bb1\u0ba4\u0bc1", "body": "[' \u0b85\u0ba9\u0bcd\u0baa\u0bc1\u0bb3\u0bcd\u0bb3 \u0ba8\u0bbf\u0bb0\u0bcd\u0bb5\u0bbe\u0b95\u0bbf, ', <br/>, <br/>, ' #Company# \u0b85\u0ba9\u0bc8\u0ba4\u0bcd\u0ba4\u0bc1 \u0b86\u0bb5\u0ba3\u0b99\u0bcd\u0b95\u0bb3\u0bc8\u0baf\u0bc1\u0bae\u0bcd \u0baa\u0ba4\u0bbf\u0bb5\u0bc7\u0bb1\u0bcd\u0bb1\u0bbf\u0baf\u0bc1\u0bb3\u0bcd\u0bb3\u0ba4\u0bc1. \u0b95\u0bc0\u0bb4\u0bc7 \u0bb5\u0bbf\u0bb5\u0bb0\u0b99\u0bcd\u0b95\u0bb3\u0bcd. ', <br/>, <br/>, ' \u0baa\u0baf\u0ba9\u0bb0\u0bcd\u0baa\u0bc6\u0baf\u0bb0\u0bcd: #Name# ', <br/>, <br/>, ' \u0bae\u0bbf\u0ba9\u0bcd\u0ba9\u0b9e\u0bcd\u0b9a\u0bb2\u0bcd: #Email# ', <br/>, <br/>, ' \u0b85\u0ba9\u0bcd\u0baa\u0bc1\u0b9f\u0ba9\u0bcd, ', <br/>, <br/>, ' #SITE_FOOTER#']"}, {"language": "VI", "subject": "T\u00e0i li\u1ec7u nh\u00e0 cung c\u1ea5p T\u1ea3i l\u00ean chi ti\u1ebft", "body": "[' K\u00ednh g\u1eedi Qu\u1ea3n tr\u1ecb vi\u00ean, ', <br/>, <br/>, ' #Company# \u0111\u00e3 t\u1ea3i l\u00ean t\u1ea5t c\u1ea3 T\u00e0i li\u1ec7u. D\u01b0\u1edbi \u0111\u00e2y l\u00e0 chi ti\u1ebft. ', <br/>, <br/>, ' T\u00ean ng\u01b0\u1eddi d\u00f9ng: #Name# ', <br/>, <br/>, ' Email: #Email# ', <br/>, <br/>, ' Tr\u00e2n tr\u1ecdng, ', <br/>, <br/>, ' #SITE_FOOTER#']"}, {"language": "TL", "subject": "Mga detalye ng Mga Nag-upload ng Mga Dokumento ng Provider", "body": "[' Mahal na Tagapangasiwa, ', <br/>, <br/>, ' #Company# ay Nag-upload ng lahat ng mga Dokumento. Nasa ibaba ang mga detalye. ', <br/>, <br/>, ' Username: #Name# ', <br/>, <br/>, ' Email: #Email# ', <br/>, <br/>, ' Pagbati, ', <br/>, <br/>, ' #SITE_FOOTER#']"}, {"language": "KM", "subject": "\u1796\u178f\u17cc\u1798\u17b6\u1793\u1795\u17d2\u178f\u179b\u17cb\u1787\u17bc\u1793\u17af\u1780\u179f\u17b6\u179a\u1795\u17d2\u1791\u17bb\u1780\u17a1\u17be\u1784\u1796\u178f\u17cc\u1798\u17b6\u1793\u179b\u17c6\u17a2\u17b7\u178f", "body": "[' \u179f\u17bc\u1798\u1782\u17c4\u179a\u1796\u17a2\u17d2\u1793\u1780\u1782\u17d2\u179a\u1794\u17cb\u1782\u17d2\u179a\u1784, ', <br/>, <br/>, ' #Company# \u1794\u17b6\u1793\u1795\u17d2\u1791\u17bb\u1780\u17af\u1780\u179f\u17b6\u179a\u1791\u17b6\u17c6\u1784\u17a2\u179f\u17cb\u17d4 \u1781\u17b6\u1784\u1780\u17d2\u179a\u17c4\u1798\u1793\u17c1\u17c7\u1782\u17ba\u1787\u17b6\u1796\u17d0\u178f\u17cc\u1798\u17b6\u1793\u179b\u1798\u17d2\u17a2\u17b7\u178f\u17d4 ', <br/>, <br/>, ' \u1788\u17d2\u1798\u17c4\u17c7\u17a2\u17d2\u1793\u1780\u1794\u17d2\u179a\u17be: #Name# ', <br/>, <br/>, ' \u17a2\u17ca\u17b8\u1798\u17c2\u179b: #Email# ', <br/>, <br/>, ' \u178a\u17c4\u1799\u1780\u17d2\u178f\u17b8\u1782\u17c4\u179a\u1796, ', <br/>, <br/>, ' #SITE_FOOTER#']"}, {"language": "BN", "subject": "\u09b8\u09b0\u09ac\u09b0\u09be\u09b9\u0995\u09be\u09b0\u09c0 \u09a8\u09a5\u09bf \u0986\u09aa\u09b2\u09cb\u09a1 \u09ac\u09bf\u09ac\u09b0\u09a3", "body": "[' \u09aa\u09cd\u09b0\u09bf\u09af\u09bc \u09aa\u09cd\u09b0\u09b6\u09be\u09b8\u0995, ', <br/>, <br/>, ' #Company# \u09b8\u09ae\u09b8\u09cd\u09a4 \u09a8\u09a5\u09bf \u0986\u09aa\u09b2\u09cb\u09a1 \u0995\u09b0\u09c7\u099b\u09c7\u0964 \u09a8\u09c0\u099a\u09c7 \u09ac\u09bf\u09b8\u09cd\u09a4\u09be\u09b0\u09bf\u09a4\u0964 ', <br/>, <br/>, ' \u09ac\u09cd\u09af\u09ac\u09b9\u09be\u09b0\u0995\u09be\u09b0\u09c0 \u09a8\u09be\u09ae: #Name# ', <br/>, <br/>, ' \u0987\u09ae\u09c7\u0987\u09b2: #Email# ', <br/>, <br/>, ' \u09b6\u09c1\u09ad\u09c7\u099a\u09cd\u099b\u09be \u09b8\u09b9, ', <br/>, <br/>, ' #SITE_FOOTER#']"}, {"language": "JA", "subject": "\u30d7\u30ed\u30d0\u30a4\u30c0\u6587\u66f8\u30a2\u30c3\u30d7\u30ed\u30fc\u30c9\u306e\u8a73\u7d30", "body": "[' \u7ba1\u7406\u8005\u5404\u4f4d', <br/>, <br/>, ' #Company#\u304c\u3059\u3079\u3066\u306e\u6587\u66f8\u3092\u30a2\u30c3\u30d7\u30ed\u30fc\u30c9\u3057\u307e\u3057\u305f\u3002\u8a73\u7d30\u306f\u4ee5\u4e0b\u306e\u901a\u308a\u3067\u3059\u3002 ', <br/>, <br/>, '\u30e6\u30fc\u30b6\u30fc#Name# \uff1a #Name# ', <br/>, <br/>, '\u30e1\u30fc\u30eb\u30a2\u30c9\u30ec\u30b9\uff1a #Email# ', <br/>, <br/>, '\u3088\u308d\u3057\u304f\u3001 ', <br/>, <br/>, ' #SITE_FOOTER#']"}, {"language": "KO", "subject": "\uc81c\uacf5\uc790 \ubb38\uc11c \uc5c5\ub85c\ub4dc \uc138\ubd80 \uc815\ubcf4", "body": "[' \uce5c\uc560\ud558\ub294 \uad00\ub9ac\uc790, ', <br/>, <br/>, ' #Company# \uac00 \ubaa8\ub4e0 \uc11c\ub958\ub97c \uc5c5\ub85c\ub4dc\ud588\uc2b5\ub2c8\ub2e4. \uc544\ub798\ub294 \uc790\uc138\ud55c \ub0b4\uc6a9\uc785\ub2c8\ub2e4. ', <br/>, <br/>, ' \uc0ac\uc6a9\uc790 \uc774\ub984 : #Name# ', <br/>, <br/>, ' \uc774\uba54\uc77c : #Email# ', <br/>, <br/>, ' \ubb38\uc548 \uc778\uc0ac, ', <br/>, <br/>, ' #SITE_FOOTER#']"}, {"language": "YO", "subject": "Aw\u1ecdn Iwe a\u1e63\u1eb9 Olupese Aw\u1ecdn ikoj\u1ecdp\u1ecd aw\u1ecdn alaye", "body": "[' Oluk\u1ecdni, ', <br/>, <br/>, ' #Company# ti gbe gbogbo Aw\u1ecdn Ak\u1ecdsil\u1eb9 sil\u1eb9. Ni isal\u1eb9 ni aw\u1ecdn alaye. ', <br/>, <br/>, ' Oruk\u1ecd olumulo: #Name# ', <br/>, <br/>, ' Imeeli: #Email# ', <br/>, <br/>, ' Wo, ', <br/>, <br/>, ' #SITE_FOOTER#']"}, {"language": "TR", "subject": "Sa\u011flay\u0131c\u0131 Belgeler Ayr\u0131nt\u0131lar\u0131 y\u00fckler", "body": "[' Sevgili Y\u00f6netici ', <br/>, <br/>, ' #Company# , t\u00fcm belgeleri y\u00fckledi. Detaylar a\u015fa\u011f\u0131da. ', <br/>, <br/>, ' Kullan\u0131c\u0131 Ad\u0131: #Name# ', <br/>, <br/>, ' E-posta: #Email# ', <br/>, <br/>, ' Sayg\u0131lar\u0131m\u0131zla, ', <br/>, <br/>, ' #SITE_FOOTER#']"}, {"language": "RU", "subject": "\u0414\u043e\u043a\u0443\u043c\u0435\u043d\u0442\u044b \u043f\u0440\u043e\u0432\u0430\u0439\u0434\u0435\u0440\u0430 \u0437\u0430\u0433\u0440\u0443\u0436\u0430\u044e\u0442 \u0434\u0435\u0442\u0430\u043b\u0438", "body": "[' \u0423\u0432\u0430\u0436\u0430\u0435\u043c\u044b\u0439 \u0410\u0434\u043c\u0438\u043d\u0438\u0441\u0442\u0440\u0430\u0442\u043e\u0440, ', <br/>, <br/>, ' #Company# \u0437\u0430\u0433\u0440\u0443\u0437\u0438\u043b\u0430 \u0432\u0441\u0435 \u0434\u043e\u043a\u0443\u043c\u0435\u043d\u0442\u044b. \u041d\u0438\u0436\u0435 \u043f\u043e\u0434\u0440\u043e\u0431\u043d\u043e\u0441\u0442\u0438. ', <br/>, <br/>, ' \u0418\u043c\u044f \u043f\u043e\u043b\u044c\u0437\u043e\u0432\u0430\u0442\u0435\u043b\u044f: #Name# ', <br/>, <br/>, ' Email: #Email# ', <br/>, <br/>, ' \u0421 \u0423\u0432\u0430\u0436\u0435\u043d\u0438\u0435\u043c, ', <br/>, <br/>, ' #SITE_FOOTER#']"}, {"language": "FA", "subject": "\u0627\u0633\u0646\u0627\u062f \u0627\u0631\u0627\u0626\u0647 \u062f\u0647\u0646\u062f\u06af\u0627\u0646 \u062c\u0632\u0626\u06cc\u0627\u062a \u0631\u0627 \u0628\u0627\u0631\u06af\u0630\u0627\u0631\u06cc \u0645\u06cc \u06a9\u0646\u062f", "body": "[' \u0645\u062f\u06cc\u0631 \u0639\u0632\u06cc\u0632 ', <br/>, <br/>, ' #Company# \u062a\u0645\u0627\u0645 \u0627\u0633\u0646\u0627\u062f \u0631\u0627 \u0628\u0627\u0631\u06af\u06cc\u0631\u06cc \u06a9\u0631\u062f\u0647 \u0627\u0633\u062a \u062f\u0631 \u0632\u06cc\u0631 \u062c\u0632\u0626\u06cc\u0627\u062a \u0627\u0633\u062a. ', <br/>, <br/>, ' \u0646\u0627\u0645 \u06a9\u0627\u0631\u0628\u0631\u06cc: #Name# ', <br/>, <br/>, ' \u0627\u06cc\u0645\u06cc\u0644: #Email# ', <br/>, <br/>, ' \u0628\u0627 \u0627\u062d\u062a\u0631\u0627\u0645\u060c ', <br/>, <br/>, ' #SITE_FOOTER#']"}, {"language": "MY", "subject": "provider \u1005\u102c\u101b\u103d\u1000\u103a\u1005\u102c\u1010\u1019\u103a\u1038\u1019\u103b\u102c\u1038\u101c\u102f\u1012\u103a\u1021\u101e\u1031\u1038\u1005\u102d\u1010\u103a\u1000\u102d\u102f", "body": "[' \u1001\u103b\u1005\u103a\u1001\u1004\u103a\u101b\u1015\u102b\u101e\u1031\u102c\u1021\u102f\u1015\u103a\u1001\u103b\u102f\u1015\u103a\u101b\u1031\u1038\u1019\u103e\u1030\u1038, ', <br/>, <br/>, ' #Company# \u1021\u102c\u1038\u101c\u102f\u1036\u1038\u1005\u102c\u101b\u103d\u1000\u103a\u1005\u102c\u1010\u1019\u103a\u1038\u1019\u103b\u102c\u1038 Uploaded \u101e\u102d\u101b\u101e\u100a\u103a\u104b \u1021\u1031\u102c\u1000\u103a\u1010\u103d\u1004\u103a\u1021\u101e\u1031\u1038\u1005\u102d\u1010\u103a\u1016\u103c\u1005\u103a\u1015\u102b\u1010\u101a\u103a\u104b ', <br/>, <br/>, ' \u1021\u101e\u102f\u1036\u1038\u1015\u103c\u102f\u101e\u1030\u1021\u1019\u100a\u103a: #Name# ', <br/>, <br/>, ' \u1021\u102e\u1038\u1019\u1031\u1038\u101c\u103a: #Email# ', <br/>, <br/>, ' \u101c\u1031\u1038\u1005\u102c\u1038\u1005\u103d\u102c\u1016\u103c\u1004\u1037\u103a, ', <br/>, <br/>, ' #SITE_FOOTER#']"}, {"language": "HI", "subject": "\u092a\u094d\u0930\u0926\u093e\u0924\u093e \u0926\u0938\u094d\u0924\u093e\u0935\u0947\u091c\u093c \u0905\u092a\u0932\u094b\u0921 \u0935\u093f\u0935\u0930\u0923", "body": "[' \u092a\u094d\u0930\u093f\u092f \u092a\u094d\u0930\u0936\u093e\u0938\u0915, ', <br/>, <br/>, ' #Company# \u0928\u0947 \u0938\u092d\u0940 \u0926\u0938\u094d\u0924\u093e\u0935\u0947\u091c\u093c \u0905\u092a\u0932\u094b\u0921 \u0915\u093f\u090f \u0939\u0948\u0902\u0964 \u0928\u0940\u091a\u0947 \u0935\u093f\u0935\u0930\u0923 \u0939\u0948\u0964 ', <br/>, <br/>, ' \u0909\u092a\u092f\u094b\u0917\u0915\u0930\u094d\u0924\u093e \u0928\u093e\u092e: #Name# ', <br/>, <br/>, ' \u0908\u092e\u0947\u0932: #Email# ', <br/>, <br/>, ' \u0938\u093e\u0926\u0930, ', <br/>, <br/>, ' #SITE_FOOTER#']"}, {"language": "IW", "subject": "\u05de\u05e1\u05de\u05db\u05d9 \u05e1\u05e4\u05e7 \u05e4\u05e8\u05d8\u05d9 \u05d4\u05e2\u05dc\u05d0\u05d4", "body": "[' \u05de\u05e0\u05d4\u05dc \u05d9\u05e7\u05e8, ', <br/>, <br/>, ' #Company# \u05d4\u05e2\u05dc\u05ea\u05d4 \u05d0\u05ea \u05db\u05dc \u05d4\u05de\u05e1\u05de\u05db\u05d9\u05dd. \u05dc\u05d4\u05dc\u05df \u05d4\u05e4\u05e8\u05d8\u05d9\u05dd. ', <br/>, <br/>, ' \u05e9\u05dd \u05de\u05e9\u05ea\u05de\u05e9: #Name# ', <br/>, <br/>, ' \u05d3\u05d5\u05d0\"\u05dc: #Email# ', <br/>, <br/>, ' \u05d1\u05d1\u05e8\u05db\u05d4, ', <br/>, <br/>, ' #SITE_FOOTER#']"}, {"language": "FR", "subject": "Documents du fournisseur D\u00e9tails des t\u00e9l\u00e9chargements", "body": "[' Cher administrateur, ', <br/>, <br/>, ' #Company# a t\u00e9l\u00e9charg\u00e9 tous les documents. Ci-dessous sont les d\u00e9tails. ', <br/>, <br/>, \" Nom d'utilisateur: #Name# \", <br/>, <br/>, ' Email: #Email# ', <br/>, <br/>, ' Cordialement, ', <br/>, <br/>, ' #SITE_FOOTER#']"}, {"language": "DA", "subject": "Leverand\u00f8r Dokumenter Uploader detaljer", "body": "[' K\u00e6re Administrator, ', <br/>, <br/>, ' #Company# har uploadet alle dokumenter. Nedenfor er detaljerne. ', <br/>, <br/>, ' Brugernavn: #Name# ', <br/>, <br/>, ' Email: #Email# ', <br/>, <br/>, ' Hilsen, ', <br/>, <br/>, ' #SITE_FOOTER#']"}]}