{"purpose": "Notify admin when user request for job help", "templates": [{"language": "AF", "subject": "Hulpbesonderhede vir gebruikershulp", "body": "[' ', <b>Geagte Admin, <br/><br/> Trip / Job Help Detail per gebruiker. <br/><br/> <b>Naam:</b> #NAME# <b></b><br/><br/> <b>Reis /</b> #iTripId# <b>:</b> #iTripId# <br/><br/> <b>Kommentaar:</b> #vComment# <br/><br/> <b>Datum:</b> #Ddate# <br/><br/><br/> <b>Dankie! #MailFooter#</b></b>]"}, {"language": "EN", "subject": "User Trip Help Detail", "body": "[' ', <b>Dear Admin,<br/>\n<br/>Trip/Job Help Detail by user.<br/><br/>\n\n<b>Name:</b> #NAME#<b></b><br/>\n<br/>\n<b>Trip/Job No:</b> #iTripId#<br/>\n<br/>\n<b>Comment:</b> #vComment#<br/>\n<br/>\n<b>Date:</b> #Ddate#<br/>\n<br/>\n<br/>\n<b> Thanks!  #MailFooter#</b></b>]"}, {"language": "TH", "subject": "\u0e23\u0e32\u0e22\u0e25\u0e30\u0e40\u0e2d\u0e35\u0e22\u0e14\u0e04\u0e27\u0e32\u0e21\u0e0a\u0e48\u0e27\u0e22\u0e40\u0e2b\u0e25\u0e37\u0e2d\u0e43\u0e19\u0e01\u0e32\u0e23\u0e40\u0e14\u0e34\u0e19\u0e17\u0e32\u0e07\u0e02\u0e2d\u0e07\u0e1c\u0e39\u0e49\u0e43\u0e0a\u0e49", "body": "[' ', <b>\u0e40\u0e23\u0e35\u0e22\u0e19\u0e1c\u0e39\u0e49\u0e14\u0e39\u0e41\u0e25\u0e23\u0e30\u0e1a\u0e1a <br/><br/> \u0e23\u0e32\u0e22\u0e25\u0e30\u0e40\u0e2d\u0e35\u0e22\u0e14\u0e0a\u0e48\u0e27\u0e22\u0e40\u0e2b\u0e25\u0e37\u0e2d\u0e01\u0e32\u0e23\u0e40\u0e14\u0e34\u0e19\u0e17\u0e32\u0e07 / \u0e07\u0e32\u0e19\u0e42\u0e14\u0e22\u0e1c\u0e39\u0e49\u0e43\u0e0a\u0e49 <br/><br/> <b>\u0e0a\u0e37\u0e48\u0e2d:</b> #NAME# <b></b><br/><br/> <b>\u0e01\u0e32\u0e23\u0e40\u0e14\u0e34\u0e19\u0e17\u0e32\u0e07 / \u0e2b\u0e21\u0e32\u0e22\u0e40\u0e25\u0e02\u0e07\u0e32\u0e19:</b> #iTripId# <br/><br/> <b>\u0e04\u0e27\u0e32\u0e21\u0e04\u0e34\u0e14\u0e40\u0e2b\u0e47\u0e19:</b> #vComment# <br/><br/> <b>\u0e27\u0e31\u0e19\u0e17\u0e35\u0e48:</b> #Ddate# <br/><br/><br/> <b>\u0e02\u0e2d\u0e1a\u0e04\u0e38\u0e13! #MailFooter#</b></b>]"}, {"language": "ID", "subject": "Detail Bantuan Perjalanan Pengguna", "body": "[' ', <b>Admin yang terhormat, <br/><br/> Detail Bantuan Perjalanan / Pekerjaan menurut pengguna. <br/><br/> <b>Nama:</b> #NAME# <b></b><br/><br/> <b>Trip / Nomor Pekerjaan:</b> #iTripId# <br/><br/> <b>Komentar:</b> #vComment# <br/><br/> <b>Tanggal:</b> #Ddate# <br/><br/><br/> <b>Terima kasih! #MailFooter#</b></b>]"}, {"language": "DE", "subject": "Hilfe zur Benutzerreise", "body": "[' ', <b>Sehr geehrter Admin, <br/><br/> Reise- / Auftragshilfe Detail nach Benutzer. <br/><br/> <b>Name:</b> #NAME# <b></b><br/><br/> <b>Reise / Job-Nr .:</b> #iTripId# <br/><br/> <b>Kommentar:</b> #vComment# <br/><br/> <b>Datum:</b> #Ddate# <br/><br/><br/> <b>Vielen Dank! #MailFooter#</b></b>]"}, {"language": "ES", "subject": "Detalles de ayuda del viaje del usuario", "body": "[' ', <b>Estimado administrador, <br/><br/> Detalle de ayuda de viaje / trabajo por usuario. <br/><br/> <b>Nombre:</b> #NAME# <b></b><br/><br/> <b>N\u00ba de viaje / trabajo:</b> #iTripId# <br/><br/> <b>Comentario:</b> #vComment# <br/><br/> <b>Fecha:</b> #Ddate# <br/><br/><br/> <b>\u00a1Gracias! #MailFooter#</b></b>]"}, {"language": "IT", "subject": "Dettagli della guida per l'utente", "body": "[' ', <b>Caro amministratore, <br/><br/> Dettaglio guida / lavoro per utente. <br/><br/> <b>Nome:</b> #NAME# <b></b><br/><br/> <b>Trip / Job No:</b> #iTripId# <br/><br/> <b>Commento:</b> #vComment# <br/><br/> <b>Data:</b> #Ddate# <br/><br/><br/> <b>Grazie! #MailFooter#</b></b>]"}, {"language": "AR", "subject": "\u0631\u062d\u0644\u0629 \u0645\u0633\u0627\u0639\u062f\u0629 \u0627\u0644\u0645\u0633\u062a\u062e\u062f\u0645 \u0627\u0644\u062a\u0641\u0627\u0635\u064a\u0644", "body": "[' ', <b>\u0639\u0632\u064a\u0632\u064a \u0627\u0644\u0645\u0634\u0631\u0641 \u060c <br/><br/> \u0631\u062d\u0644\u0629 / \u0648\u0638\u064a\u0641\u0629 \u0645\u0633\u0627\u0639\u062f\u0629 \u0627\u0644\u062a\u0641\u0627\u0635\u064a\u0644 \u0645\u0646 \u0642\u0628\u0644 \u0627\u0644\u0645\u0633\u062a\u062e\u062f\u0645. <br/><br/> <b>\u0627\u0644\u0627\u0633\u0645:</b> #NAME# <b></b><br/><br/> <b>\u0631\u0642\u0645 \u0627\u0644\u0631\u062d\u0644\u0629 / \u0627\u0644\u0648\u0638\u064a\u0641\u0629:</b> #iTripId# <br/><br/> <b>\u0627\u0644\u062a\u0639\u0644\u064a\u0642:</b> #vComment# <br/><br/> <b>\u0627\u0644\u062a\u0627\u0631\u064a\u062e:</b> #Ddate# <br/><br/><br/> <b>\u0634\u0643\u0631! #MailFooter#</b></b>]"}, {"language": "UR", "subject": "\u0635\u0627\u0631\u0641 \u06a9\u0627 \u062f\u0648\u0631\u06c2 \u0645\u062f\u062f \u06a9\u06cc \u062a\u0641\u0635\u06cc\u0644", "body": "[' ', <b>\u0639\u0632\u06cc\u0632 \u0627\u06cc\u0688\u0645\u0646\u060c <br/><br/> \u0635\u0627\u0631\u0641 \u06a9\u06cc \u0637\u0631\u0641 \u0633\u06d2 \u0633\u0641\u0631 / \u0645\u0644\u0627\u0632\u0645\u062a \u06a9\u06cc \u0645\u062f\u062f \u06a9\u06cc \u062a\u0641\u0635\u06cc\u0644. <br/><br/> <b>\u0646\u0627\u0645:</b> #NAME# <b></b><br/><br/> <b>\u0633\u0641\u0631 / \u0645\u0644\u0627\u0632\u0645\u062a \u0646\u0645\u0628\u0631:</b> #iTripId# <br/><br/> <b>\u062a\u0628\u0635\u0631\u06c1:</b> #vComment# <br/><br/> <b>\u062a\u0627\u0631\u06cc\u062e:</b> #Ddate# <br/><br/><br/> <b>\u0634\u06a9\u0631\u06cc\u06c1! #MailFooter#</b></b>]"}, {"language": "AZ", "subject": "User Trip Help \u018ftrafl\u0131", "body": "[' ', <b>\u018fziz Admin, <br/><br/> Trip / Job Help istifad\u0259\u00e7i t\u0259r\u0259find\u0259n \u0259trafl\u0131. <br/><br/> <b>Ad:</b> #NAME# <b></b><br/><br/> <b>Trip / \u0130\u015f No:</b> #iTripId# <br/><br/> <b>\u015e\u0259rh:</b> #vComment# <br/><br/> <b>Tarix:</b> #Ddate# <br/><br/><br/> <b>T\u0259\u015f\u0259kk\u00fcr edirik! #MailFooter#</b></b>]"}, {"language": "ZH", "subject": "\u7528\u6237\u65c5\u884c\u5e2e\u52a9\u8be6\u60c5", "body": "[' ', <b>\u4eb2\u7231\u7684\u7ba1\u7406\u5458\uff0c <br/><br/>\u7528\u6237\u7684\u65c5\u884c/\u5de5\u4f5c\u5e2e\u52a9\u8be6\u7ec6\u4fe1\u606f\u3002 <br/><br/> <b>\u540d\u79f0\uff1a</b> #NAME# <b></b><br/><br/> <b>\u65c5\u884c/\u5de5\u4f5c\u53f7\uff1a</b> #iTripId# <br/><br/> <b>\u8bc4\u8bba\uff1a</b> #vComment# <br/><br/> <b>\u65e5\u671f\uff1a</b> #Ddate# <br/><br/><br/> <b>\u8c22\u8c22\uff01 #MailFooter#</b></b>]"}, {"language": "PT", "subject": "Detalhe da Ajuda da Viagem do Usu\u00e1rio", "body": "[' ', <b>Caro Admin, <br/><br/> Trip / Job Help Detail por usu\u00e1rio. <br/><br/> <b>Nome:</b> #NAME# <b></b><br/><br/> <b>Viagem / Job No:</b> #iTripId# <br/><br/> <b>Coment\u00e1rio:</b> #vComment# <br/><br/> <b>Data:</b> #Ddate# <br/><br/><br/> <b>Obrigado! #MailFooter#</b></b>]"}, {"language": "ZU", "subject": "Uhambo Lomsebenzisi Usizo Lwaziswa", "body": "[' ', <b>Ukuphatha Okuthandekayo, <br/><br/> Uhambo / Jobe Usizo Imininingwane ngomsebenzisi. <br/><br/> <b>Igama:</b> #NAME# <b></b><br/><br/> <b>Uhambo / Jobe Cha:</b> #iTripId# <br/><br/> <b>Amazwana:</b> #vComment# <br/><br/> <b>Usuku:</b> #Ddate# <br/><br/><br/> <b>Siyabonga! #MailFooter#</b></b>]"}, {"language": "SW", "subject": "Mtumiaji Safari Msaada wa Maelezo", "body": "[' ', <b>Wapenzi Admin, <br/><br/> Safari / Kazi Msaada wa Maelezo na mtumiaji. <br/><br/> <b>Jina:</b> #NAME# <b></b><br/><br/> <b>Safari / Ayubu Hapana:</b> #iTripId# <br/><br/> <b>Maoni:</b> #vComment# <br/><br/> <b>Tarehe:</b> #Ddate# <br/><br/><br/> <b>Asante! #MailFooter#</b></b>]"}, {"language": "KU", "subject": "Agahdariya R\u00eaw\u00eetiy\u00ea", "body": "[' ', <b>Bir\u00eaz Bir\u00eaz Bir\u00eaz <br/><br/> Trip / Job Al\u00eekar\u00ee ji h\u00eala bikarh\u00eaner\u00ea. <br/><br/> <b>Nav:</b> #NAME# <b></b><br/><br/> <b>Trip / Job No:</b> #iTripId# <br/><br/> <b>\u015e\u00eerove:</b> #vComment# <br/><br/> <b>D\u00eerok:</b> #Ddate# <br/><br/><br/> <b>Spas! #MailFooter#</b></b>]"}, {"language": "MS", "subject": "Detail Bantuan Trip Pengguna", "body": "[' ', <b>Pengurus yang dihormati, <br/><br/> Lawatan / Kerja Bantuan Detail oleh pengguna. <br/><br/> <b>Nama:</b> #NAME# <b></b><br/><br/> <b>Perjalanan / Kerja No:</b> #iTripId# <br/><br/> <b>Ulasan:</b> #vComment# <br/><br/> <b>Tarikh:</b> #Ddate# <br/><br/><br/> <b>Terima kasih! #MailFooter#</b></b>]"}, {"language": "SI", "subject": "\u0db4\u0dbb\u0dd2\u0dc1\u0dd3\u0dbd\u0d9a \u0da0\u0dcf\u0dbb\u0dd2\u0d9a\u0dcf \u0d8b\u0daf\u0dc0\u0dca \u0dc0\u0dd2\u0dc3\u0dca\u0dad\u0dbb\u0dba", "body": "[' ', <b>\u0dc4\u0dd2\u0dad\u0dc0\u0dad\u0dca \u0db4\u0dbb\u0dd2\u0db4\u0dcf\u0dbd\u0d9a, <br/><br/> \u0dc3\u0d82\u0da0\u0dcf\u0dbb\u0dba / \u0dbb\u0dd0\u0d9a\u0dd2\u0dba\u0dcf \u0dc3\u0dc4\u0dcf\u0dba \u0db4\u0dbb\u0dd2\u0dc1\u0dd3\u0dbd\u0d9a\u0dba\u0dcf \u0dc0\u0dd2\u0dc3\u0dd2\u0db1\u0dca \u0dc0\u0dd2\u0dc3\u0dca\u0dad\u0dbb \u0d9a\u0dd9\u0dbb\u0dda. <br/><br/> <b>\u0db1\u0db8:</b> #NAME# <b></b><br/><br/> <b>\u0dc3\u0d82\u0da0\u0dcf\u0dbb\u0dba / \u0dbb\u0dd0\u0d9a\u0dd2\u0dba\u0dcf \u0d85\u0d82\u0d9a\u0dba:</b> #iTripId# <br/><br/> <b>Comment:</b> #vComment# <br/><br/> <b>\u0daf\u0dd2\u0db1\u0dba:</b> #Ddate# <br/><br/><br/> <b>\u0dc3\u0dca\u0dad\u0dd6\u0dad\u0dd2\u0dba\u0dd2! #MailFooter#</b></b>]"}, {"language": "TA", "subject": "\u0baa\u0baf\u0ba9\u0bb0\u0bcd \u0baa\u0baf\u0ba3\u0bae\u0bcd \u0b89\u0ba4\u0bb5\u0bbf \u0bb5\u0bbf\u0bb0\u0bbf\u0bb5\u0bbe\u0b95", "body": "[' ', <b>\u0b85\u0ba9\u0bcd\u0baa\u0bc1\u0bb3\u0bcd\u0bb3 \u0ba8\u0bbf\u0bb0\u0bcd\u0bb5\u0bbe\u0b95\u0bae\u0bcd, <br/><br/> \u0baa\u0baf\u0ba3\u0ba4\u0bcd\u0ba4\u0bbf\u0ba9\u0bcd / \u0bb5\u0bc7\u0bb2\u0bc8 \u0b89\u0ba4\u0bb5\u0bbf \u0baa\u0baf\u0ba9\u0bb0\u0bcd \u0bb5\u0bbf\u0bb0\u0bbf\u0bb5\u0bbe\u0b95. <br/><br/> <b>\u0baa\u0bc6\u0baf\u0bb0\u0bcd:</b> #NAME# <b></b><br/><br/> <b>\u0baa\u0baf\u0ba3\u0bae\u0bcd / \u0bb5\u0bc7\u0bb2\u0bc8 \u0b87\u0bb2\u0bcd\u0bb2\u0bc8:</b> #iTripId# <br/><br/> <b>\u0b95\u0bb0\u0bc1\u0ba4\u0bcd\u0ba4\u0bc1:</b> #vComment# <br/><br/> <b>\u0ba4\u0bc7\u0ba4\u0bbf:</b> #Ddate# <br/><br/><br/> <b>\u0ba8\u0ba9\u0bcd\u0bb1\u0bbf! #MailFooter#</b></b>]"}, {"language": "VI", "subject": "Chi ti\u1ebft tr\u1ee3 gi\u00fap chuy\u1ebfn \u0111i c\u1ee7a ng\u01b0\u1eddi d\u00f9ng", "body": "[' ', <b>K\u00ednh g\u1eedi qu\u1ea3n tr\u1ecb vi\u00ean <br/><br/> Chi ti\u1ebft tr\u1ee3 gi\u00fap chuy\u1ebfn \u0111i / c\u00f4ng vi\u1ec7c c\u1ee7a ng\u01b0\u1eddi d\u00f9ng. <br/><br/> <b>T\u00ean:</b> #NAME# <b></b><br/><br/> <b>Chuy\u1ebfn \u0111i / C\u00f4ng vi\u1ec7c s\u1ed1:</b> #iTripId# <br/><br/> <b>Nh\u1eadn x\u00e9t:</b> #vComment# <br/><br/> <b>Ng\u00e0y:</b> #Ddate# <br/><br/><br/> <b>C\u1ea3m \u01a1n! #MailFooter#</b></b>]"}, {"language": "TL", "subject": "Detalye ng Help Trip ng User", "body": "[' ', <b>Mahal na Admin, <br/><br/> Trip / Job Help Detalye ng gumagamit. <br/><br/> <b>Pangalan:</b> #NAME# <b></b><br/><br/> <b>Trip / Job No:</b> #iTripId# <br/><br/> <b>Komento:</b> #vComment# <br/><br/> <b>Petsa:</b> #Ddate# <br/><br/><br/> <b>Salamat! #MailFooter#</b></b>]"}, {"language": "KM", "subject": "\u1796\u178f\u17cc\u1798\u17b6\u1793\u1787\u17c6\u1793\u17bd\u1799\u17a2\u17d2\u1793\u1780\u178a\u17c6\u178e\u17be\u179a\u1787\u17c6\u1793\u17bd\u1799", "body": "[' ', <b>\u179f\u17bc\u1798\u1782\u17c4\u179a\u1796\u179a\u178a\u17d2\u178b\u1794\u17b6\u179b, <br/><br/> \u1787\u17c6\u1793\u17bd\u1799\u1780\u17b6\u179a\u1792\u17d2\u179c\u17be\u178a\u17c6\u178e\u17be\u179a / \u1780\u17b6\u179a\u1784\u17b6\u179a\u178a\u17c4\u1799\u17a2\u17d2\u1793\u1780\u1794\u17d2\u179a\u17be\u17d4 <br/><br/> <b>\u1788\u17d2\u1798\u17c4\u17c7:</b> #NAME# <b></b><br/><br/> <b>\u178a\u17c6\u178e\u17be\u179a\u1780\u17c6\u179f\u17b6\u1793\u17d2\u178f /</b> #iTripId# <b>\u1780\u17b6\u179a\u1784\u17b6\u179a:</b> #iTripId# <br/><br/> <b>\u179f\u17c1\u1785\u1780\u17d2\u178f\u17b8\u17a2\u1792\u17b7\u1794\u17d2\u1794\u17b6\u1799:</b> #vComment# <br/><br/> <b>\u1780\u17b6\u179b\u1794\u179a\u17b7\u1785\u17d2\u1786\u17c1\u1791:</b> #Ddate# <br/><br/><br/> <b>\u179f\u17bc\u1798\u17a2\u179a\u1782\u17bb\u178e! #MailFooter#</b></b>]"}, {"language": "BN", "subject": "\u09ac\u09cd\u09af\u09ac\u09b9\u09be\u09b0\u0995\u09be\u09b0\u09c0 \u099f\u09cd\u09b0\u09bf\u09aa \u09b8\u09be\u09b9\u09be\u09af\u09cd\u09af \u09ac\u09bf\u09b8\u09cd\u09a4\u09be\u09b0\u09bf\u09a4", "body": "[' ', <b>\u09aa\u09cd\u09b0\u09bf\u09af\u09bc \u0985\u09cd\u09af\u09be\u09a1\u09ae\u09bf\u09a8, <br/><br/> \u099f\u09cd\u09b0\u09bf\u09aa / \u0995\u09be\u099c\u09c7\u09b0 \u09ac\u09cd\u09af\u09ac\u09b9\u09be\u09b0\u0995\u09be\u09b0\u09c0 \u09a6\u09cd\u09ac\u09be\u09b0\u09be \u09ac\u09bf\u09b8\u09cd\u09a4\u09be\u09b0\u09bf\u09a4 \u09b8\u09be\u09b9\u09be\u09af\u09cd\u09af\u0964 <br/><br/> <b>\u09a8\u09be\u09ae:</b> #NAME# <b></b><br/><br/> <b>\u099f\u09cd\u09b0\u09bf\u09aa / \u099a\u09be\u0995\u09b0\u09bf\u09b0 \u09a8\u09ae\u09cd\u09ac\u09b0:</b> #iTripId# <br/><br/> <b>\u09ae\u09a8\u09cd\u09a4\u09ac\u09cd\u09af:</b> #vComment# <br/><br/> <b>\u09a4\u09be\u09b0\u09bf\u0996:</b> #Ddate# <br/><br/><br/> <b>\u09a7\u09a8\u09cd\u09af\u09ac\u09be\u09a6! #MailFooter#</b></b>]"}, {"language": "JA", "subject": "\u30e6\u30fc\u30b6\u30fc\u30c8\u30ea\u30c3\u30d7\u306e\u30d8\u30eb\u30d7\u8a73\u7d30", "body": "[' ', <b>\u7ba1\u7406\u8005\u5404\u4f4d<br/><br/>\u30e6\u30fc\u30b6\u30fc\u5225\u306e\u51fa\u5f35/\u6c42\u4eba\u60c5\u5831\u306e\u8a73\u7d30\u3002 <br/><br/> <b>\u540d\u524d\uff1a</b> #NAME# <b></b><br/><br/> <b>\u65c5\u884c/\u4ed5\u4e8b\u756a\u53f7\uff1a</b> #iTripId# <br/><br/> <b>\u30b3\u30e1\u30f3\u30c8\uff1a</b> #vComment# <br/><br/> <b>\u65e5\u4ed8\uff1a</b> #Ddate# <br/><br/><br/> <b>\u3042\u308a\u304c\u3068\u3046\u3054\u3056\u3044\u307e\u3059\u3002 #MailFooter#</b></b>]"}, {"language": "KO", "subject": "\uc0ac\uc6a9\uc790 \uc5ec\ud589 \ub3c4\uc6c0\ub9d0 \uc138\ubd80 \uc815\ubcf4", "body": "[' ', <b>\uad00\ub9ac\uc790\ub2d8\uaed8, <br/><br/> \uc0ac\uc6a9\uc790 \ubcc4 \uc5ec\ud589 / \uc791\uc5c5 \ub3c4\uc6c0\ub9d0 \uc138\ubd80 \uc0ac\ud56d. <br/><br/> <b>\uc774\ub984 :</b> #NAME# <b></b><br/><br/> <b>\uc5ec\ud589 / \uc9c1\uc5c5 \ubc88\ud638 :</b> #iTripId# <br/><br/> <b>\ub313\uae00 :</b> #vComment# <br/><br/> <b>\ub0a0\uc9dc :</b> #Ddate# <b>\ub0a0\uc9dc</b> #Ddate# <br/><br/><br/> <b>\uac10\uc0ac! #MailFooter#</b></b>]"}, {"language": "YO", "subject": "Atil\u1eb9yin Irin-ajo A\u1e63ayan Olumulo", "body": "[' ', <b>Eyin Alakoso, <br/><br/> Irin-ajo / Job Iranl\u1ecdw\u1ecd alaye nipas\u1eb9 olumulo. <br/><br/> <b>Oruk\u1ecd:</b> #NAME# <b></b><br/><br/> <b>Irin ajo / Job Ko si:</b> #iTripId# <br/><br/> <b>\u1eccr\u1ecd\u00ecw\u00f2ye:</b> #vComment# <br/><br/> <b>\u1eccj\u1ecd:</b> #Ddate# <br/><br/><br/> <b>O \u1e63eun! #MailFooter#</b></b>]"}, {"language": "TR", "subject": "Kullan\u0131c\u0131 Gezisi Yard\u0131m Ayr\u0131nt\u0131s\u0131", "body": "[' ', <b>Sevgili Y\u00f6netici, <br/><br/> Seyahat / \u0130\u015f Yard\u0131m\u0131 detay Kullan\u0131c\u0131 taraf\u0131ndan. <br/><br/> <b>\u0130sim:</b> #NAME# <b></b><br/><br/> <b>Yolculuk / Meslek No:</b> #iTripId# <br/><br/> <b>Yorum:</b> #vComment# <br/><br/> <b>Tarih:</b> #Ddate# <br/><br/><br/> <b>Te\u015fekk\u00fcrler! #MailFooter#</b></b>]"}, {"language": "RU", "subject": "\u041f\u043e\u0434\u0440\u043e\u0431\u043d\u0430\u044f \u0438\u043d\u0444\u043e\u0440\u043c\u0430\u0446\u0438\u044f \u043e \u043f\u043e\u043c\u043e\u0449\u0438 \u043f\u043e\u043b\u044c\u0437\u043e\u0432\u0430\u0442\u0435\u043b\u044e", "body": "[' ', <b>\u0423\u0432\u0430\u0436\u0430\u0435\u043c\u044b\u0439 \u0430\u0434\u043c\u0438\u043d, <br/><br/> \u0421\u043f\u0440\u0430\u0432\u043a\u0430 \u043f\u043e \u043f\u043e\u0435\u0437\u0434\u043a\u0435 / \u0440\u0430\u0431\u043e\u0442\u0435 \u043e\u0442 \u043f\u043e\u043b\u044c\u0437\u043e\u0432\u0430\u0442\u0435\u043b\u044f. <br/><br/> <b>\u0418\u043c\u044f:</b> #NAME# <b></b><br/><br/> <b>\u041f\u043e\u0435\u0437\u0434\u043a\u0430 / \u2116 \u0437\u0430\u0434\u0430\u043d\u0438\u044f:</b> #iTripId# <br/><br/> <b>\u041a\u043e\u043c\u043c\u0435\u043d\u0442\u0430\u0440\u0438\u0439:</b> #vComment# <br/><br/> <b>\u0414\u0430\u0442\u0430:</b> #Ddate# <br/><br/><br/> <b>\u0421\u043f\u0430\u0441\u0438\u0431\u043e! #MailFooter#</b></b>]"}, {"language": "FA", "subject": "\u0627\u0637\u0644\u0627\u0639\u0627\u062a \u0633\u0641\u0631 \u06a9\u0627\u0631\u0628\u0631 \u0633\u0641\u0631", "body": "[' ', <b>\u0645\u062f\u06cc\u0631 \u0639\u0632\u06cc\u0632 <br/><br/> \u0631\u0627\u0647\u0646\u0645\u0627\u06cc \u0633\u0641\u0631 / \u0634\u063a\u0644 \u0631\u0627\u0647\u0646\u0645\u0627\u06cc \u06a9\u0627\u0631\u0628\u0631 <br/><br/> <b>\u0646\u0627\u0645:</b> #NAME# <b></b><br/><br/> <b>\u0633\u0641\u0631 / \u06a9\u0627\u0631 \u0628\u062f\u0648\u0646:</b> #iTripId# <br/><br/> <b>\u0646\u0638\u0631:</b> #vComment# <br/><br/> <b>\u062a\u0627\u0631\u06cc\u062e:</b> #Ddate# <b>\u0631\u0648\u0632 \u0631\u0648\u0632</b> <br/><br/><br/> <b>\u0628\u0627 \u062a\u0634\u06a9\u0631! #MailFooter#</b></b>]"}, {"language": "MY", "subject": "\u1021\u101e\u102f\u1036\u1038\u1015\u103c\u102f\u101e\u1030\u1001\u101b\u102e\u1038\u1005\u1009\u103a\u1021\u1000\u1030\u1021\u100a\u102e\u1021\u101e\u1031\u1038\u1005\u102d\u1010\u103a", "body": "[' ', <b>\u1001\u103b\u1005\u103a\u1001\u1004\u103a\u101b\u1015\u102b\u101e\u1031\u102c\u1021\u1012\u103a\u1019\u1004\u103a, <br/><br/> \u1021\u101e\u102f\u1036\u1038\u1015\u103c\u102f\u101e\u1030\u1001\u101b\u102e\u1038\u1005\u1009\u103a / \u101a\u1031\u102c\u1018\u101e\u100a\u103a\u1021\u1000\u1030\u1021\u100a\u102e\u1021\u101e\u1031\u1038\u1005\u102d\u1010\u103a\u104b <br/><br/> <b>\u1021\u1019\u100a\u103a:</b> #NAME# <b></b><br/><br/> <b>\u1001\u101b\u102e\u1038\u1005\u1009\u103a / \u101a\u1031\u102c\u1018\u1000\u102d\u102f\u1021\u1018\u101a\u103a\u101e\u1030\u1019\u103b\u103e\u1019:</b> #iTripId# <br/><br/> <b>comment:</b> #vComment# <br/><br/> <b>\u1014\u1031\u1037\u1005\u103d\u1032:</b> #Ddate# <br/><br/><br/> <b>\u1000\u103b\u1031\u1038\u1007\u1030\u1038\u1010\u1004\u103a\u1015\u102b\u1010\u101a\u103a! #MailFooter#</b></b>]"}, {"language": "HI", "subject": "\u0909\u092a\u092f\u094b\u0917\u0915\u0930\u094d\u0924\u093e \u092f\u093e\u0924\u094d\u0930\u093e \u0938\u0939\u093e\u092f\u0924\u093e \u0935\u093f\u0935\u0930\u0923", "body": "[' ', <b>\u092a\u094d\u0930\u093f\u092f \u0935\u094d\u092f\u0935\u0938\u094d\u0925\u093e\u092a\u0915, <br/><br/> \u0909\u092a\u092f\u094b\u0917\u0915\u0930\u094d\u0924\u093e \u0926\u094d\u0935\u093e\u0930\u093e \u091f\u094d\u0930\u093f\u092a / \u091c\u0949\u092c \u0939\u0947\u0932\u094d\u092a \u0921\u093f\u091f\u0947\u0932\u0964 <br/><br/> <b>\u0928\u093e\u092e:</b> #NAME# <b></b><br/><br/> <b>\u091f\u094d\u0930\u093f\u092a / \u091c\u0949\u092c \u0928\u0902\u092c\u0930:</b> #iTripId# <br/><br/> <b>\u091f\u093f\u092a\u094d\u092a\u0923\u0940:</b> #vComment# <br/><br/> <b>\u0926\u093f\u0928\u093e\u0902\u0915:</b> #Ddate# <br/><br/><br/> <b>\u0927\u0928\u094d\u092f\u0935\u093e\u0926! #MailFooter#</b></b>]"}, {"language": "IW", "subject": "\u05e4\u05e8\u05d8\u05d9 \u05d8\u05d9\u05d5\u05dc \u05e2\u05d6\u05e8\u05d4 \u05e4\u05e8\u05d8\u05d9\u05dd", "body": "[' ', <b>\u05de\u05e0\u05d4\u05dc \u05d9\u05e7\u05e8, <br/><br/> \u05d8\u05d9\u05d5\u05dc / \u05e2\u05d1\u05d5\u05d3\u05d4 \u05e2\u05d6\u05e8\u05d4 \u05d1\u05e4\u05d9\u05e8\u05d5\u05d8 \u05e2\u05dc \u05d9\u05d3\u05d9 \u05d4\u05de\u05e9\u05ea\u05de\u05e9. <br/><br/> <b>\u05e9\u05dd:</b> #NAME# <b></b><br/><br/> <b>\u05de\u05e1\u05e4\u05e8 \u05e0\u05e1\u05d9\u05e2\u05d4 / \u05de\u05e1\u05e4\u05e8:</b> #iTripId# <br/><br/> <b>\u05d4\u05e2\u05e8\u05d4:</b> #vComment# <br/><br/> <b>\u05ea\u05d0\u05e8\u05d9\u05da:</b> #Ddate# <b>\u05ea\u05d0\u05e8\u05d9\u05da</b> #Ddate# <br/><br/><br/> <b>\u05ea\u05d5\u05d3\u05d4! #MailFooter#</b></b>]"}, {"language": "FR", "subject": "D\u00e9tail de l'aide sur le voyage utilisateur", "body": "[' ', <b>Cher administrateur, <br/><br/> D\u00e9tail de l'aide de voyage / de travail par utilisateur. <br/><br/> <b>Nom:</b> #NAME# <b></b><br/><br/> #iTripId# <b>voyage / travail:</b> #iTripId# <br/><br/> <b>Commentaire:</b> #vComment# <br/><br/> <b>Date:</b> #Ddate# <br/><br/><br/> <b>Merci! #MailFooter#</b></b>]"}, {"language": "DA", "subject": "Brugerhj\u00e6lp Hj\u00e6lpedetaljer", "body": "[' ', <b>K\u00e6re Admin, <br/><br/> Trip / Job Help Detail af bruger. <br/><br/> <b>Navn:</b> #NAME# <b></b><br/><br/> <b>Trip / Job nr:</b> #iTripId# <br/><br/> <b>Kommentar:</b> #vComment# <br/><br/> <b>Dato:</b> #Ddate# <br/><br/><br/> <b>Tak! #MailFooter#</b></b>]"}]}