{"purpose": "notify user when booking is rescheduled from app side", "templates": [{"language": "AF", "subject": "Handleiding Besprekings Herskeduleer Besonderhede", "body": "[' ', <span>Liewe #Rider# , <br/><br/> Jou bespreking is suksesvol herschik. <br/><br/> Hier is die besprekingsbesonderhede. <br/><br/> Besprekingsnommer: #BookingNo# <br/><br/> Adres: #SourceAddress# <br/><br/> Boekingsdatum: #Rider# <br/><br/> Dankie! #MailFooter# <br/></span>]"}, {"language": "EN", "subject": "Manual Booking Reschedule Details", "body": "[' ', <span>Dear #Rider#,\n<br/>\n<br/>Your booking has been rescheduled successfully.\n<br/>\n<br/>Below are the booking details.\n<br/>\n<br/>Booking No: #BookingNo#\n<br/>\n<br/>Address: #SourceAddress#\n<br/>\n<br/>Booking Date: #Ddate#\n<br/>\n<br/>Thanks!  #MailFooter#</span>, <br/>]"}, {"language": "TH", "subject": "\u0e23\u0e32\u0e22\u0e25\u0e30\u0e40\u0e2d\u0e35\u0e22\u0e14\u0e01\u0e32\u0e23\u0e01\u0e33\u0e2b\u0e19\u0e14\u0e15\u0e32\u0e23\u0e32\u0e07\u0e01\u0e32\u0e23\u0e08\u0e2d\u0e07\u0e14\u0e49\u0e27\u0e22\u0e15\u0e19\u0e40\u0e2d\u0e07", "body": "[' ', <span>\u0e40\u0e23\u0e35\u0e22\u0e19 #Rider# <br/><br/> \u0e40\u0e1b\u0e25\u0e35\u0e48\u0e22\u0e19\u0e01\u0e32\u0e23\u0e08\u0e2d\u0e07\u0e02\u0e2d\u0e07\u0e04\u0e38\u0e13\u0e2a\u0e33\u0e40\u0e23\u0e47\u0e08\u0e41\u0e25\u0e49\u0e27 <br/><br/> \u0e14\u0e49\u0e32\u0e19\u0e25\u0e48\u0e32\u0e07\u0e19\u0e35\u0e49\u0e04\u0e37\u0e2d\u0e23\u0e32\u0e22\u0e25\u0e30\u0e40\u0e2d\u0e35\u0e22\u0e14\u0e01\u0e32\u0e23\u0e08\u0e2d\u0e07 <br/><br/> \u0e2b\u0e21\u0e32\u0e22\u0e40\u0e25\u0e02\u0e01\u0e32\u0e23\u0e08\u0e2d\u0e07: #BookingNo# <br/><br/> \u0e17\u0e35\u0e48\u0e2d\u0e22\u0e39\u0e48: #SourceAddress# <br/><br/> \u0e27\u0e31\u0e19\u0e17\u0e35\u0e48\u0e08\u0e2d\u0e07: #Rider# <br/><br/> \u0e02\u0e2d\u0e1a\u0e04\u0e38\u0e13! #MailFooter# <br/></span>]"}, {"language": "ID", "subject": "Rincian Penjadwalan Ulang Pemesanan Manual", "body": "[' ', <span>Dear #Rider# , <br/><br/> Pemesanan Anda telah berhasil dijadwal ulang. <br/><br/> Di bawah ini adalah rincian pemesanan. <br/><br/> Nomor Pemesanan: #BookingNo# PemesananTidak Ada #BookingNo# <br/><br/> Alamat: #SourceAddress# <br/><br/> Tanggal Pemesanan: #Rider# <br/><br/> Terima kasih! #MailFooter# <br/></span>]"}, {"language": "DE", "subject": "Manuelle Buchungs\u00e4nderungen", "body": "[' ', <span>Sehr geehrter #Rider# , <br/><br/> Ihre Buchung wurde erfolgreich umgeplant. <br/><br/> Nachfolgend finden Sie die Buchungsdetails. <br/><br/> Buchungsnummer: #BookingNo# <br/><br/> Adresse: #SourceAddress# <br/><br/> Buchungsdatum: #Rider# <br/><br/> Vielen Dank! #MailFooter# <br/></span>]"}, {"language": "ES", "subject": "Detalles de la reservaci\u00f3n manual", "body": "[' ', <span>Estimado #Rider# , <br/><br/> Su reserva ha sido reprogramada con \u00e9xito. <br/><br/> A continuaci\u00f3n se muestran los detalles de la reserva. <br/><br/> Reservaci\u00f3n No: #BookingNo# <br/><br/> Direcci\u00f3n: #SourceAddress# <br/><br/> Fecha de reserva: #Rider# <br/><br/> \u00a1Gracias! #MailFooter# <br/></span>]"}, {"language": "IT", "subject": "Dettagli di riprogrammazione prenotazione manuale", "body": "[' ', <span>Caro #Rider# , <br/><br/> La prenotazione \u00e8 stata riprogrammata con successo. <br/><br/> Di seguito sono riportati i dettagli della prenotazione. <br/><br/> #BookingNo# prenotazione: #BookingNo# <br/><br/> Indirizzo: #SourceAddress# <br/><br/> Data di prenotazione: #Rider# <br/><br/> Grazie! #MailFooter# <br/></span>]"}, {"language": "AR", "subject": "\u062f\u0644\u064a\u0644 \u062c\u062f\u0648\u0644\u0629 \u0627\u0644\u062d\u062c\u0632 \u0627\u0644\u062a\u0641\u0627\u0635\u064a\u0644", "body": "[' ', <span>\u0639\u0632\u064a\u0632\u064a #Rider# \u060c <br/><br/> \u062a\u0645 \u0625\u0639\u0627\u062f\u0629 \u062c\u062f\u0648\u0644\u0629 \u0627\u0644\u062d\u062c\u0632 \u0628\u0646\u062c\u0627\u062d. <br/><br/> \u0641\u064a\u0645\u0627 \u064a\u0644\u064a \u062a\u0641\u0627\u0635\u064a\u0644 \u0627\u0644\u062d\u062c\u0632. <br/><br/> \u0631\u0642\u0645 \u0627\u0644\u062d\u062c\u0632: #BookingNo# <br/><br/> \u0627\u0644\u0639\u0646\u0648\u0627\u0646: #SourceAddress# <br/><br/> \u062a\u0627\u0631\u064a\u062e \u0627\u0644\u062d\u062c\u0632: #Rider# <br/><br/> \u0634\u0643\u0631! #MailFooter# <br/></span>]"}, {"language": "UR", "subject": "\u062f\u0633\u062a\u06cc \u06a9\u062a\u0627\u0628\u0686\u06c1 \u06a9\u06cc \u062a\u0641\u0635\u06cc\u0644\u0627\u062a \u06a9\u0648 \u062f\u0648\u0628\u0627\u0631\u06c1 \u0628\u062d\u0627\u0644 \u06a9\u0631\u06cc\u06ba", "body": "[' ', <span>\u0639\u0632\u06cc\u0632 #Rider# <br/><br/> \u0622\u067e \u06a9\u0627 \u0628\u06a9\u0646\u06af \u06a9\u0627\u0645\u06cc\u0627\u0628\u06cc \u0633\u06d2 \u0628\u062d\u0627\u0644 \u06a9\u0631 \u062f\u06cc\u0627 \u06af\u06cc\u0627 \u06c1\u06d2. <br/><br/> \u0630\u06cc\u0644 \u0645\u06cc\u06ba \u0628\u06a9\u0646\u06af \u06a9\u06cc \u062a\u0641\u0635\u06cc\u0644\u0627\u062a \u06c1\u06cc\u06ba. <br/><br/> \u0628\u06a9\u0646\u06af \u0646\u0645\u0628\u0631: #BookingNo# \u0628\u06a9\u0646\u06af \u06a9\u0648\u0626\u06cc #BookingNo# <br/><br/> \u0627\u06cc\u0688\u0631\u06cc\u0633: #SourceAddress# <br/><br/> \u0628\u06a9\u0646\u06af \u06a9\u06cc \u062a\u0627\u0631\u06cc\u062e: #Rider# <br/><br/> \u0634\u06a9\u0631\u06cc\u06c1! #MailFooter# <br/></span>]"}, {"language": "AZ", "subject": "\u018flaq\u0259dar Rezeptan\u0131n \u0259trafl\u0131 m\u0259lumat\u0131", "body": "[' ', <span>H\u00f6rm\u0259tli #Rider# , <br/><br/> Rezervasyonunuz m\u00fcv\u0259ff\u0259qiyy\u0259tl\u0259 yenid\u0259n planla\u015fd\u0131r\u0131lm\u0131\u015fd\u0131. <br/><br/> A\u015fa\u011f\u0131dak\u0131 sifari\u015f m\u0259lumatlar\u0131. <br/><br/> Rezervasyon No: #BookingNo# RezervasyonNo #BookingNo# <br/><br/> \u00dcnvan: #SourceAddress# <br/><br/> Rezervasyon tarixi: #Rider# <br/><br/> T\u0259\u015f\u0259kk\u00fcr edirik! #MailFooter# <br/></span>]"}, {"language": "ZH", "subject": "\u624b\u52a8\u9884\u8ba2\u91cd\u65b0\u5b89\u6392\u8be6\u7ec6\u4fe1\u606f", "body": "[' ', <span>\u4eb2\u7231\u7684#Rider# \uff0c <br/><br/>\u60a8\u7684\u9884\u8ba2\u5df2\u6210\u529f\u91cd\u65b0\u5b89\u6392\u3002 <br/><br/>\u4ee5\u4e0b\u662f\u9884\u8ba2\u8be6\u60c5\u3002 <br/><br/>\u9884\u8ba2\u53f7\u7801\uff1a #BookingNo# <br/><br/>\u5730\u5740\uff1a #SourceAddress# <br/><br/>\u9884\u8ba2\u65e5\u671f\uff1a #Rider# <br/><br/>\u8c22\u8c22\uff01 #MailFooter# <br/></span>]"}, {"language": "PT", "subject": "Detalhes de Remarca\u00e7\u00e3o de Reserva Manual", "body": "[' ', <span>Caro #Rider# , <br/><br/> Sua reserva foi reprogramada com sucesso. <br/><br/> Abaixo est\u00e3o os detalhes da reserva. <br/><br/> Reservas N\u00e3o: #BookingNo# <br/><br/> Endere\u00e7o: #SourceAddress# <br/><br/> Data de reserva: #Rider# <br/><br/> Obrigado! #MailFooter# <br/></span>]"}, {"language": "ZU", "subject": "Imininingwane yokubhuka okuyi-Manual Reschedule", "body": "[' ', <span>Ngomunye #Rider# , <br/><br/> Ukubhuka kwakho kuvuselelwe ngempumelelo. <br/><br/> Ngezansi imininingwane yokubhuka. <br/><br/> Ukubhuka No: #BookingNo# <br/><br/> Ikheli: #SourceAddress# <br/><br/> Usuku Lokubhuka: #Rider# <br/><br/> Siyabonga! #MailFooter# <br/></span>]"}, {"language": "SW", "subject": "Maelezo ya Marekebisho ya Mwongozo wa Mwongozo", "body": "[' ', <span>Mpendwa #Rider# , <br/><br/> Uhifadhi wako umehifadhiwa kwa mafanikio. <br/><br/> Chini ni maelezo ya uhifadhi. <br/><br/> Booking No: #BookingNo# <br/><br/> Anwani: #SourceAddress# <br/><br/> Tarehe ya Marejeo: #Rider# <br/><br/> Asante! #MailFooter# <br/></span>]"}, {"language": "KU", "subject": "Pirt\u00fbka Pirt\u00fbka Pirt\u00fbka Pirt\u00fbka Agahdariy\u00ea", "body": "[' ', <span>Dear #Rider# , <br/><br/> Kir\u00eadar bi serkeft\u00ee veguher\u00een. <br/><br/> Li j\u00ear agahiy\u00ean dan\u00fbstendin\u00ea ne. <br/><br/> #BookingNo# : #BookingNo# <br/><br/> Navn\u00ee\u015fan: #SourceAddress# <br/><br/> Booking Date: #Rider# <br/><br/> Spas! #MailFooter# <br/></span>]"}, {"language": "MS", "subject": "Butiran Reschedule Tempahan Manual", "body": "[' ', <span>Dear #Rider# , <br/><br/> Tempahan anda telah dijajarkan semula dengan jayanya. <br/><br/> Berikut adalah butiran tempahan. <br/><br/> Tempahan No: #BookingNo# <br/><br/> Alamat: #SourceAddress# <br/><br/> Tarikh Tempahan: #Rider# <br/><br/> Terima kasih! #MailFooter# <br/></span>]"}, {"language": "SI", "subject": "\u0dbb\u0dd3\u0da0\u0dbb\u0dca \u0dc0\u0dd9\u0db1\u0dca \u0d9a\u0dd2\u0dbb\u0dd3\u0db8 \u0db1\u0dd0\u0dc0\u0dad \u0dc3\u0dd0\u0dbd\u0dc3\u0dd4\u0db8\u0dca \u0d9a\u0dd2\u0dbb\u0dd3\u0db8\u0dda \u0dc0\u0dd2\u0dc3\u0dca\u0dad\u0dbb", "body": "[' ', <span>\u0da9\u0dda\u0dc0\u0dd2\u0da9\u0dca #Rider# <br/><br/> \u0d94\u0db6\u0d9c\u0dda \u0dc0\u0dd9\u0db1\u0dca \u0d9a\u0dd2\u0dbb\u0dd3\u0db8 \u0dc3\u0dcf\u0dbb\u0dca\u0dae\u0d9a\u0dc0 \u0db1\u0dd0\u0dc0\u0dad \u0dc0\u0dcf\u0dbb\u0dab\u0dba\u0da7 \u0dbd\u0d9a\u0dca \u0d9a\u0dbb \u0d87\u0dad. <br/><br/> \u0db4\u0dc4\u0dad \u0dc3\u0db3\u0dc4\u0db1\u0dca \u0db4\u0dbb\u0dd2\u0daf\u0dd2 \u0dc0\u0dd9\u0db1\u0dca \u0dc0\u0dd9\u0db1\u0dca \u0dc0\u0dd2\u0dc3\u0dca\u0dad\u0dbb. <br/><br/> \u0d85\u0d82\u0d9a: #BookingNo# <br/><br/> \u0dbd\u0dd2\u0db4\u0dd2\u0db1\u0dba: #SourceAddress# \u0dbd\u0dd2\u0db4\u0dd2\u0db1\u0dba <br/><br/> \u0dc0\u0dd9\u0db1\u0dca \u0dc0\u0dd9\u0db1\u0dca \u0daf\u0dd2\u0db1\u0dba: #Rider# <br/><br/> \u0dc3\u0dca\u0dad\u0dd6\u0dad\u0dd2\u0dba\u0dd2! #MailFooter# <br/></span>]"}, {"language": "TA", "subject": "\u0b95\u0bc8\u0baf\u0bc7\u0b9f\u0bc1 \u0bae\u0bc1\u0ba9\u0bcd\u0baa\u0ba4\u0bbf\u0bb5\u0bc1 \u0bb5\u0bbf\u0bb5\u0bb0\u0b99\u0bcd\u0b95\u0bb3\u0bcd \u0bb5\u0bbf\u0bb5\u0bb0\u0b99\u0bcd\u0b95\u0bb3\u0bcd", "body": "[' ', <span>\u0b85\u0ba9\u0bcd\u0baa\u0bc7 #Rider# , <br/><br/> \u0b89\u0b99\u0bcd\u0b95\u0bb3\u0bcd \u0bae\u0bc1\u0ba9\u0bcd\u0baa\u0ba4\u0bbf\u0bb5\u0bc1 \u0bb5\u0bc6\u0bb1\u0bcd\u0bb1\u0bbf\u0b95\u0bb0\u0bae\u0bbe\u0b95 \u0bae\u0bbe\u0bb1\u0bcd\u0bb1\u0bbf\u0baf\u0bc1\u0bb3\u0bcd\u0bb3\u0ba4\u0bc1. <br/><br/> \u0baa\u0bc1\u0b95\u0bcd\u0b95\u0bbf\u0b99\u0bcd \u0bb5\u0bbf\u0bb5\u0bb0\u0b99\u0bcd\u0b95\u0bb3\u0bcd \u0b95\u0bc0\u0bb4\u0bc7 \u0b89\u0bb3\u0bcd\u0bb3\u0ba9. <br/><br/> \u0bae\u0bc1\u0ba9\u0bcd\u0baa\u0ba4\u0bbf\u0bb5\u0bc1 \u0b87\u0bb2\u0bcd\u0bb2\u0bc8: #BookingNo# \u0bae\u0bc1\u0ba9\u0bcd\u0baa\u0ba4\u0bbf\u0bb5\u0bc1 #BookingNo# <br/><br/> \u0bae\u0bc1\u0b95\u0bb5\u0bb0\u0bbf: #SourceAddress# \u0bae\u0bc1\u0b95\u0bb5\u0bb0\u0bbf #SourceAddress# <br/><br/> \u0bae\u0bc1\u0ba9\u0bcd\u0baa\u0ba4\u0bbf\u0bb5\u0bc1 \u0ba4\u0bc7\u0ba4\u0bbf: #Rider# <br/><br/> \u0ba8\u0ba9\u0bcd\u0bb1\u0bbf! #MailFooter# <br/></span>]"}, {"language": "VI", "subject": "H\u01b0\u1edbng d\u1eabn \u0111\u1eb7t l\u1ea1i l\u1ecbch chi ti\u1ebft", "body": "[' ', <span>K\u00ednh g\u1eedi #Rider# , <br/><br/> \u0110\u1eb7t ph\u00f2ng c\u1ee7a b\u1ea1n \u0111\u00e3 \u0111\u01b0\u1ee3c l\u00ean l\u1ecbch l\u1ea1i th\u00e0nh c\u00f4ng. <br/><br/> D\u01b0\u1edbi \u0111\u00e2y l\u00e0 chi ti\u1ebft \u0111\u1eb7t ph\u00f2ng. <br/><br/> \u0110\u1eb7t ph\u00f2ng s\u1ed1: #BookingNo# \u0110\u1eb7t ph\u00f2ng #BookingNo# <br/><br/> \u0110\u1ecba ch\u1ec9: #SourceAddress# <br/><br/> Ng\u00e0y \u0111\u1eb7t ph\u00f2ng: #Rider# <br/><br/> C\u1ea3m \u01a1n! #MailFooter# <br/></span>]"}, {"language": "TL", "subject": "Mga Detalye ng Manu-manong Pagpapareserba ng Pagripa", "body": "[' ', <span>Mahal #Rider# , <br/><br/> Matagumpay na na-rescheduled ang iyong booking. <br/><br/> Nasa ibaba ang mga detalye ng booking. <br/><br/> Booking No: #BookingNo# <br/><br/> Tirahan: #SourceAddress# <br/><br/> Petsa ng Pag-book: #Rider# <br/><br/> Salamat! #MailFooter# <br/></span>]"}, {"language": "KM", "subject": "\u1780\u17b6\u179a\u178e\u17c2\u1793\u17b6\u17c6\u179b\u1798\u17d2\u17a2\u17b7\u178f\u179f\u1798\u17d2\u179a\u17b6\u1794\u17cb\u1780\u17b6\u179a\u1780\u1780\u17cb\u179f\u17c0\u179c\u1797\u17c5\u178a\u17c3", "body": "[' ', <span>\u1787\u17bc\u1793\u1785\u17c6\u1796\u17c4\u17c7 #Rider# <br/><br/> \u1780\u17b6\u179a\u1780\u1780\u17cb\u179a\u1794\u179f\u17cb\u17a2\u17d2\u1793\u1780\u178f\u17d2\u179a\u17bc\u179c\u1794\u17b6\u1793\u1780\u17c6\u178e\u178f\u17cb\u1796\u17c1\u179b\u17a1\u17be\u1784\u179c\u17b7\u1789\u178a\u17c4\u1799\u1787\u17c4\u1782\u1787\u17d0\u1799\u17d4 <br/><br/> \u1781\u17b6\u1784\u1780\u17d2\u179a\u17c4\u1798\u1793\u17c1\u17c7\u1787\u17b6\u1796\u17d0\u178f\u17cc\u1798\u17b6\u1793\u179b\u17c6\u17a2\u17b7\u178f\u17a2\u17c6\u1796\u17b8\u1780\u17b6\u179a\u1780\u1780\u17cb\u17d4 <br/><br/> \u179b\u17c1\u1781\u1780\u1780\u17cb: #BookingNo# <br/><br/> \u17a2\u17b6\u179f\u17d0\u1799\u178a\u17d2\u178b\u17b6\u1793: #SourceAddress# <br/><br/> \u1780\u17b6\u179b\u1794\u179a\u17b7\u1785\u17d2\u1786\u17c1\u1791\u1780\u1780\u17cb: #Rider# <br/><br/> \u179f\u17bc\u1798\u17a2\u179a\u1782\u17bb\u178e! #MailFooter# <br/></span>]"}, {"language": "BN", "subject": "\u09ae\u09cd\u09af\u09be\u09a8\u09c1\u09af\u09bc\u09be\u09b2 \u09ac\u09c1\u0995\u09bf\u0982 \u09ac\u09bf\u09b8\u09cd\u09a4\u09be\u09b0\u09bf\u09a4 \u09ac\u09bf\u09ac\u09b0\u09a3", "body": "[' ', <span>\u09aa\u09cd\u09b0\u09bf\u09af\u09bc #Rider# , <br/><br/> \u0986\u09aa\u09a8\u09be\u09b0 \u09ac\u09c1\u0995\u09bf\u0982 \u09b8\u09ab\u09b2\u09ad\u09be\u09ac\u09c7 rescheduled \u09b9\u09af\u09bc\u09c7\u099b\u09c7\u0964 <br/><br/> \u09a8\u09c0\u099a\u09c7 \u09ac\u09c1\u0995\u09bf\u0982 \u09ac\u09bf\u09ac\u09b0\u09a3\u0964 <br/><br/> \u09ac\u09c1\u0995\u09bf\u0982 \u09a8\u0982: #BookingNo# \u09ac\u09c1\u0995\u09bf\u0982 \u09a8\u09c7\u0987 #BookingNo# <br/><br/> \u09a0\u09bf\u0995\u09be\u09a8\u09be: #SourceAddress# <br/><br/> \u09ac\u09c1\u0995\u09bf\u0982 \u09a4\u09be\u09b0\u09bf\u0996: #Rider# <br/><br/> \u09a7\u09a8\u09cd\u09af\u09ac\u09be\u09a6! #MailFooter# <br/></span>]"}, {"language": "JA", "subject": "\u624b\u52d5\u4e88\u7d04\u30b9\u30b1\u30b8\u30e5\u30fc\u30eb\u5909\u66f4\u306e\u8a73\u7d30", "body": "[' ', <span>#Rider# <br/><br/>\u3042\u306a\u305f\u306e\u4e88\u7d04\u306f\u6b63\u5e38\u306b\u518d\u30b9\u30b1\u30b8\u30e5\u30fc\u30eb\u3055\u308c\u307e\u3057\u305f\u3002 <br/><br/>\u4ee5\u4e0b\u306f\u4e88\u7d04\u306e\u8a73\u7d30\u3067\u3059\u3002 <br/><br/>\u4e88\u7d04\u756a\u53f7\uff1a #BookingNo#\u4e88\u7d04\u756a\u53f7#BookingNo# <br/><br/>\u30a2\u30c9\u30ec\u30b9\uff1a #SourceAddress# <br/><br/>\u4e88\u7d04\u65e5\uff1a #Rider# <br/><br/>\u3042\u308a\u304c\u3068\u3046\u3054\u3056\u3044\u307e\u3059\u3002 #MailFooter# <br/></span>]"}, {"language": "KO", "subject": "\uc218\ub3d9 \uc608\uc57d \uc77c\uc815 \uc138\ubd80 \uc815\ubcf4", "body": "[' ', <span>\uce5c\uc560\ud558\ub294 #Rider# <br/><br/> \uadc0\ud558\uc758 \uc608\uc57d\uc774 \uc131\uacf5\uc801\uc73c\ub85c \uc7ac\uc870\uc815\ub418\uc5c8\uc2b5\ub2c8\ub2e4. <br/><br/> \uc544\ub798\ub294 \uc608\uc57d \ub0b4\uc6a9\uc785\ub2c8\ub2e4. <br/><br/> \uc608\uc57d \ubc88\ud638 : #BookingNo# \uc608\uc57d \ubc88\ud638 #BookingNo# <br/><br/> \uc8fc\uc18c : #SourceAddress# <br/><br/> \uc608\uc57d \ub0a0\uc9dc : #Rider# <br/><br/> \uac10\uc0ac! #MailFooter# <br/></span>]"}, {"language": "YO", "subject": "Aw\u1ecdn alaye Aw\u1ecdn atok\u1ecd Aw\u1ecdn Atunk\u1ecd Fun Afowoyi", "body": "[' ', <span>Eyin #Rider# , <br/><br/> Ti \u1e63e atun\u1e63e atun\u1e63e r\u1eb9. <br/><br/> Ni isal\u1eb9 ni aw\u1ecdn alaye atunk\u1ecd. <br/><br/> Fowo si Ko si: #BookingNo# <br/><br/> Adir\u1eb9si: #SourceAddress# <br/><br/> \u1eccj\u1ecd Iwewewe: #Rider# <br/><br/> O \u1e63eun! #MailFooter# <br/></span>]"}, {"language": "TR", "subject": "Manuel Rezervasyon \u00dccreti Detaylar\u0131", "body": "[' ', <span>Sevgili #Rider# , <br/><br/> Rezervasyonunuz ba\u015far\u0131yla planland\u0131. <br/><br/> A\u015fa\u011f\u0131da rezervasyon detaylar\u0131 verilmi\u015ftir. <br/><br/> Rezervasyon No: #BookingNo# <br/><br/> Adres: #SourceAddress# <br/><br/> Rezervasyon Tarihi: #Rider# <br/><br/> Te\u015fekk\u00fcrler! #MailFooter# <br/></span>]"}, {"language": "RU", "subject": "\u0420\u0443\u0447\u043d\u043e\u0435 \u0431\u0440\u043e\u043d\u0438\u0440\u043e\u0432\u0430\u043d\u0438\u0435 \u041f\u0435\u0440\u0435\u043d\u0435\u0441\u0442\u0438 \u0434\u0435\u0442\u0430\u043b\u0438", "body": "[' ', <span>\u0423\u0432\u0430\u0436\u0430\u0435\u043c\u044b\u0439 #Rider# , <br/><br/> \u0412\u0430\u0448 \u0437\u0430\u043a\u0430\u0437 \u0431\u044b\u043b \u043f\u0435\u0440\u0435\u043d\u0435\u0441\u0435\u043d \u0443\u0441\u043f\u0435\u0448\u043d\u043e. <br/><br/> \u041d\u0438\u0436\u0435 \u043f\u0440\u0438\u0432\u0435\u0434\u0435\u043d\u044b \u0434\u0435\u0442\u0430\u043b\u0438 \u0431\u0440\u043e\u043d\u0438\u0440\u043e\u0432\u0430\u043d\u0438\u044f. <br/><br/> \u0411\u0440\u043e\u043d\u0438\u0440\u043e\u0432\u0430\u043d\u0438\u0435 \u2116: #BookingNo# <br/><br/> \u0410\u0434\u0440\u0435\u0441: #SourceAddress# <br/><br/> \u0414\u0430\u0442\u0430 \u0431\u0440\u043e\u043d\u0438\u0440\u043e\u0432\u0430\u043d\u0438\u044f: #Rider# <br/><br/> \u0421\u043f\u0430\u0441\u0438\u0431\u043e! #MailFooter# <br/></span>]"}, {"language": "FA", "subject": "\u062f\u0633\u062a\u0648\u0631\u0627\u0644\u0639\u0645\u0644 \u0631\u0632\u0631\u0648 \u062c\u0632\u0626\u06cc\u0627\u062a \u0628\u0627\u0632\u0646\u06af\u0631\u06cc", "body": "[' ', <span>\u0639\u0632\u06cc\u0632 #Rider# <br/><br/> \u0631\u0632\u0631\u0648 \u0634\u0645\u0627 \u0628\u0627 \u0645\u0648\u0641\u0642\u06cc\u062a \u0627\u0646\u062c\u0627\u0645 \u0634\u062f\u0647 \u0627\u0633\u062a. <br/><br/> \u062f\u0631 \u0632\u06cc\u0631 \u062c\u0632\u0626\u06cc\u0627\u062a \u0631\u0632\u0631\u0648. <br/><br/> \u0631\u0632\u0631\u0648 \u0628\u062f\u0648\u0646: #BookingNo# \u0631\u0632\u0631\u0648No #BookingNo# <br/><br/> \u0622\u062f\u0631\u0633: #SourceAddress# <br/><br/> \u062a\u0627\u0631\u06cc\u062e \u0631\u0632\u0631\u0648: #Rider# <br/><br/> \u0628\u0627 \u062a\u0634\u06a9\u0631! #MailFooter# <br/></span>]"}, {"language": "MY", "subject": "\u101c\u1000\u103a\u1005\u103d\u1032 book Reschedule \u1021\u101e\u1031\u1038\u1005\u102d\u1010\u103a", "body": "[' ', <span>\u1001\u103b\u1005\u103a\u1001\u1004\u103a\u101b\u1015\u102b\u101e\u1031\u102c #Rider# , <br/><br/> \u101e\u1004\u103a\u1037\u101b\u1032\u1037\u1018\u103d\u1010\u103a\u1000\u1004\u103a\u1000\u102d\u102f\u1021\u1031\u102c\u1004\u103a\u1019\u103c\u1004\u103a\u1005\u103d\u102c\u103a\u1015\u103c\u102e\u1038\u1001\u1032\u1037\u1010\u102c\u1016\u103c\u1005\u103a\u1015\u102b\u1010\u101a\u103a\u104b <br/><br/> \u1021\u1031\u102c\u1000\u103a\u1000\u1018\u103d\u1010\u103a\u1000\u1004\u103a\u1021\u101e\u1031\u1038\u1005\u102d\u1010\u103b\u1016\u103c\u1005\u103a\u1000\u103c\u101e\u100a\u103a\u104b <br/><br/> \u1021\u1018\u101a\u103a\u101e\u1030\u1019\u103b\u103e\u1019 booking: #BookingNo# <br/><br/> \u1014\u1031\u101b\u1015\u103a\u101c\u102d\u1015\u103a\u1005\u102c: #SourceAddress# <br/><br/> \u1018\u103d\u1010\u103a\u1000\u1004\u103a\u1014\u1031\u1037\u1005\u103d\u1032: #Rider# <br/><br/> \u1000\u103b\u1031\u1038\u1007\u1030\u1038\u1010\u1004\u103a\u1015\u102b\u1010\u101a\u103a! #MailFooter# <br/></span>]"}, {"language": "HI", "subject": "\u092e\u0948\u0928\u0941\u0905\u0932 \u092c\u0941\u0915\u093f\u0902\u0917 \u092a\u0941\u0928\u0930\u094d\u0928\u093f\u0930\u094d\u0927\u093e\u0930\u093f\u0924 \u0935\u093f\u0935\u0930\u0923", "body": "[' ', <span>\u092a\u094d\u0930\u093f\u092f #Rider# , <br/><br/> \u0906\u092a\u0915\u0940 \u092c\u0941\u0915\u093f\u0902\u0917 \u0915\u094b \u0938\u092b\u0932\u0924\u093e\u092a\u0942\u0930\u094d\u0935\u0915 \u092a\u0941\u0928\u0930\u094d\u0928\u093f\u0930\u094d\u0927\u093e\u0930\u093f\u0924 \u0915\u093f\u092f\u093e \u0917\u092f\u093e \u0939\u0948\u0964 <br/><br/> \u0928\u0940\u091a\u0947 \u092c\u0941\u0915\u093f\u0902\u0917 \u0935\u093f\u0935\u0930\u0923 \u0939\u0948\u0902\u0964 <br/><br/> \u092c\u0941\u0915\u093f\u0902\u0917 \u0928\u0902\u092c\u0930: #BookingNo# <br/><br/> \u092a\u0924\u093e: #SourceAddress# <br/><br/> \u092c\u0941\u0915\u093f\u0902\u0917 \u0915\u0940 \u0924\u093e\u0930\u0940\u0916: #Rider# <br/><br/> \u0927\u0928\u094d\u092f\u0935\u093e\u0926! #MailFooter# <br/></span>]"}, {"language": "IW", "subject": "\u05d4\u05d6\u05de\u05e0\u05d4 \u05d9\u05d3\u05e0\u05d9\u05ea", "body": "[' ', <span>\u05d9\u05e7\u05e8 #Rider# , <br/><br/> \u05d4\u05d4\u05d6\u05de\u05e0\u05d4 \u05e9\u05dc\u05da \u05ea\u05d5\u05e7\u05e0\u05d4 \u05de\u05d7\u05d3\u05e9 \u05d1\u05d4\u05e6\u05dc\u05d7\u05d4. <br/><br/> \u05dc\u05d4\u05dc\u05df \u05e4\u05e8\u05d8\u05d9 \u05d4\u05d4\u05d6\u05de\u05e0\u05d4. <br/><br/> \u05de\u05e1\u05e4\u05e8 \u05d4\u05d4\u05d6\u05de\u05e0\u05d4: #BookingNo# <br/><br/> \u05db\u05ea\u05d5\u05d1\u05ea: #SourceAddress# <br/><br/> \u05ea\u05d0\u05e8\u05d9\u05da \u05d4\u05d4\u05d6\u05de\u05e0\u05d4: #Rider# <br/><br/> \u05ea\u05d5\u05d3\u05d4! #MailFooter# <br/></span>]"}, {"language": "FR", "subject": "R\u00e9servation manuelle Reprogrammer les d\u00e9tails", "body": "[' ', <span>Cher #Rider# , <br/><br/> Votre r\u00e9servation a \u00e9t\u00e9 report\u00e9e avec succ\u00e8s. <br/><br/> Ci-dessous les d\u00e9tails de la r\u00e9servation. <br/><br/> #BookingNo# r\u00e9servation: #BookingNo# <br/><br/> Adresse: #SourceAddress# <br/><br/> Date de r\u00e9servation: #Rider# <br/><br/> Merci! #MailFooter# <br/></span>]"}, {"language": "DA", "subject": "Manuel booking oml\u00e6gning af detaljer", "body": "[' ', <span>K\u00e6re #Rider# , <br/><br/> Din reservation er blevet omskrevet korrekt. <br/><br/> Nedenfor er reservationsoplysningerne. <br/><br/> Booking nr .: #BookingNo# <br/><br/> Adresse: #SourceAddress# <br/><br/> Booking Dato: #Rider# <br/><br/> Tak! #MailFooter# <br/></span>]"}]}