{"purpose": "To Send Email Verification to the User", "templates": [{"language": "AF", "subject": "Verifieer jou rekening nou!", "body": "[' ', <span>Liewe #NAME# , <br/><br/> Dankie dat jy jou e-posrekening vir die program gekontroleer het. <br/><br/> Om jou rekening te aktiveer Gebruik hierdie kode: #NAME# <br/><br/> #MAIL_FOOTER#</span>]"}, {"language": "EN", "subject": "Verify Your Account NOW!", "body": "[' ', <span>Dear  #NAME#,\n<br/>\n<br/>Thank you for verifying your Email Account for the app.\n<br/>\n<br/>To Activate Your Account Use this code:#CODE#\n<br/>\n<br/>#MAIL_FOOTER#</span>]"}, {"language": "TH", "subject": "\u0e22\u0e37\u0e19\u0e22\u0e31\u0e19\u0e1a\u0e31\u0e0d\u0e0a\u0e35\u0e02\u0e2d\u0e07\u0e04\u0e38\u0e13\u0e17\u0e31\u0e19\u0e17\u0e35!", "body": "[' ', <span>\u0e40\u0e23\u0e35\u0e22\u0e19 #NAME# <br/><br/> \u0e02\u0e2d\u0e02\u0e2d\u0e1a\u0e04\u0e38\u0e13\u0e17\u0e35\u0e48\u0e22\u0e37\u0e19\u0e22\u0e31\u0e19\u0e1a\u0e31\u0e0d\u0e0a\u0e35\u0e2d\u0e35\u0e40\u0e21\u0e25\u0e02\u0e2d\u0e07\u0e04\u0e38\u0e13\u0e2a\u0e33\u0e2b\u0e23\u0e31\u0e1a\u0e41\u0e2d\u0e1b <br/><br/> \u0e27\u0e34\u0e18\u0e35\u0e40\u0e1b\u0e34\u0e14\u0e43\u0e0a\u0e49\u0e07\u0e32\u0e19\u0e1a\u0e31\u0e0d\u0e0a\u0e35\u0e02\u0e2d\u0e07\u0e04\u0e38\u0e13\u0e43\u0e0a\u0e49\u0e23\u0e2b\u0e31\u0e2a\u0e19\u0e35\u0e49: #NAME# <br/><br/> #MAIL_FOOTER#</span>]"}, {"language": "ID", "subject": "Verifikasi Akun Anda SEKARANG!", "body": "[' ', <span>Dear #NAME# , <br/><br/> Terima kasih telah memverifikasi Akun Email Anda untuk aplikasi ini. <br/><br/> Untuk Mengaktifkan Akun Anda Gunakan kode ini: #NAME# <br/><br/> #MAIL_FOOTER#</span>]"}, {"language": "DE", "subject": "\u00dcberpr\u00fcfen Sie Ihr Konto JETZT!", "body": "[' ', <span>Lieber #NAME# , <br/><br/> Vielen Dank, dass Sie Ihr E-Mail-Konto f\u00fcr die App \u00fcberpr\u00fcft haben. <br/><br/> So aktivieren Sie Ihr Konto Verwenden Sie diesen Code: #NAME# <br/><br/> #MAIL_FOOTER#</span>]"}, {"language": "ES", "subject": "\u00a1Verifica tu cuenta AHORA!", "body": "[' ', <span>Estimado #NAME# , <br/><br/> Gracias por verificar su cuenta de correo electr\u00f3nico para la aplicaci\u00f3n. <br/><br/> Para activar su cuenta Use este c\u00f3digo: #NAME# <br/><br/> #MAIL_FOOTER#</span>]"}, {"language": "IT", "subject": "Verifica il tuo account ORA!", "body": "[' ', <span>Gentile #NAME# , <br/><br/> Grazie per aver verificato il tuo account e-mail per l'app. <br/><br/> Per attivare il tuo account Usa questo codice: #NAME# <br/><br/> #MAIL_FOOTER#</span>]"}, {"language": "AR", "subject": "\u062a\u062d\u0642\u0642 \u0645\u0646 \u062d\u0633\u0627\u0628\u0643 \u0627\u0644\u0622\u0646!", "body": "[' ', <span>\u0639\u0632\u064a\u0632\u064a #NAME# \u060c <br/><br/> \u0634\u0643\u0631\u064b\u0627 \u0644\u0643 \u0639\u0644\u0649 \u0627\u0644\u062a\u062d\u0642\u0642 \u0645\u0646 \u062d\u0633\u0627\u0628 \u0627\u0644\u0628\u0631\u064a\u062f \u0627\u0644\u0625\u0644\u0643\u062a\u0631\u0648\u0646\u064a \u0644\u0644\u062a\u0637\u0628\u064a\u0642. <br/><br/> \u0644\u062a\u0646\u0634\u064a\u0637 \u062d\u0633\u0627\u0628\u0643 \u060c \u0627\u0633\u062a\u062e\u062f\u0645 \u0647\u0630\u0627 \u0627\u0644\u0631\u0645\u0632: #NAME# <br/><br/> #MAIL_FOOTER#</span>]"}, {"language": "UR", "subject": "\u0627\u0628 \u0622\u067e \u06a9\u0627 \u0627\u06a9\u0627\u0624\u0646\u0679 \u062a\u0648\u062b\u06cc\u0642 \u06a9\u0631\u06cc\u06ba!", "body": "[' ', <span>\u0639\u0632\u06cc\u0632 #NAME# \u060c <br/><br/> \u0627\u06d2 \u067e\u06cc \u067e\u06cc \u06a9\u06d2 \u0644\u0626\u06d2 \u0627\u067e\u0646\u06d2 \u0627\u06cc \u0645\u06cc\u0644 \u0627\u06a9\u0627\u0624\u0646\u0679 \u06a9\u06cc \u062a\u0635\u062f\u06cc\u0642 \u06a9\u06d2 \u0644\u0626\u06d2 \u0622\u067e \u06a9\u0627 \u0634\u06a9\u0631\u06cc\u06c1. <br/><br/> \u0627\u067e\u0646\u0627 \u0627\u06a9\u0627\u0624\u0646\u0679 \u0686\u0627\u0644\u0648 \u06a9\u0631\u0646\u06d2 \u06a9\u06cc\u0644\u0626\u06d2 \u0627\u0633 \u06a9\u0648\u0688 \u06a9\u0627 \u0627\u0633\u062a\u0639\u0645\u0627\u0644 \u06a9\u0631\u06cc\u06ba: #NAME# <br/><br/> #MAIL_FOOTER#</span>]"}, {"language": "AZ", "subject": "NOW Hesab\u0131n\u0131z\u0131 t\u0259sdiql\u0259yin!", "body": "[' ', <span>H\u00f6rm\u0259tli #NAME# , <br/><br/> Proqram \u00fc\u00e7\u00fcn E-po\u00e7t Hesab\u0131n\u0131z\u0131 t\u0259sdiql\u0259y\u0259n \u00fc\u00e7\u00fcn t\u0259\u015f\u0259kk\u00fcr edirik. <br/><br/> Hesab\u0131n\u0131z\u0131 aktivl\u0259\u015fdirm\u0259k \u00fc\u00e7\u00fcn bu kodu istifad\u0259 edin: #NAME# <br/><br/> #MAIL_FOOTER#</span>]"}, {"language": "ZH", "subject": "\u73b0\u5728\u9a8c\u8bc1\u60a8\u7684\u5e10\u6237\uff01", "body": "[' ', <span>\u4eb2\u7231\u7684#NAME# \uff0c <br/><br/>\u611f\u8c22\u60a8\u9a8c\u8bc1\u5e94\u7528\u7684\u7535\u5b50\u90ae\u4ef6\u5e10\u6237\u3002 <br/><br/>\u6fc0\u6d3b\u60a8\u7684\u5e10\u6237\u4f7f\u7528\u4ee5\u4e0b\u4ee3\u7801\uff1a #NAME# <br/><br/> #MAIL_FOOTER#</span>]"}, {"language": "PT", "subject": "Verifique sua conta agora!", "body": "[' ', <span>Querido #NAME# , <br/><br/> Obrigado por verificar sua conta de e-mail para o aplicativo. <br/><br/> Para ativar sua conta Use este c\u00f3digo: #NAME# <br/><br/> #MAIL_FOOTER#</span>]"}, {"language": "ZU", "subject": "Qinisekisa i-akhawunti yakho MANJE!", "body": "[' ', <span>Uthando #NAME# , <br/><br/> Siyabonga ngokuqinisekisa i-Akhawunti yakho ye-imeyili yohlelo lokusebenza. <br/><br/> Ukuqalisa i-akhawunti yakho Sebenzisa le khodi: #NAME# <br/><br/> #MAIL_FOOTER#</span>]"}, {"language": "SW", "subject": "Thibitisha Akaunti yako SASA!", "body": "[' ', <span>Mpendwa #NAME# , <br/><br/> Asante kwa kuthibitisha Akaunti yako ya barua pepe kwa programu. <br/><br/> Ili kuamilisha Akaunti yako Tumia msimbo huu: #NAME# <br/><br/> #MAIL_FOOTER#</span>]"}, {"language": "KU", "subject": "BERS\u00ceV BERS\u00ceVE NOW!", "body": "[' ', <span>Bir\u00eaz #NAME# , <br/><br/> Ji kerema xwe ji bo ser\u00eel\u00eadana Hesab\u00ea E-nameya xwe ya pi\u015ftrastkirina te. <br/><br/> Ji bo Kontrola Hesab\u00ea Ser\u00ea v\u00ea kod\u00ea bikar b\u00eenin: #NAME# <br/><br/> #MAIL_FOOTER#</span>]"}, {"language": "MS", "subject": "Sahkan Akaun Anda SEKARANG!", "body": "[' ', <span>Dear #NAME# , <br/><br/> Terima kasih kerana mengesahkan Akaun E-mel anda untuk aplikasinya. <br/><br/> Untuk Aktifkan Akaun Anda Gunakan kod ini: #NAME# <br/><br/> #MAIL_FOOTER#</span>]"}, {"language": "SI", "subject": "\u0d94\u0db6\u0d9c\u0dda \u0d9c\u0dd2\u0dab\u0dd4\u0db8 \u0daf\u0dd0\u0db1\u0dca \u0dad\u0dc4\u0dc0\u0dd4\u0dbb\u0dd4 \u0d9a\u0dbb\u0db1\u0dca\u0db1!", "body": "[' ', <span>\u0dc4\u0dd2\u0dad\u0dc0\u0dad\u0dca #NAME# , <br/><br/> \u0dba\u0dd9\u0daf\u0dd4\u0db8 \u0dc3\u0db3\u0dc4\u0dcf \u0d94\u0db6\u0d9c\u0dda \u0dc0\u0dd2\u0daf\u0dca\u0dba\u0dd4\u0dad\u0dca \u0dad\u0dd0\u0db4\u0dd0\u0dbd\u0dca \u0d9c\u0dd2\u0dab\u0dd4\u0db8 \u0dc3\u0dad\u0dca\u0dba\u0dcf\u0db4\u0db1\u0dba \u0d9a\u0dd2\u0dbb\u0dd3\u0db8 \u0dc3\u0db3\u0dc4\u0dcf \u0dc3\u0dca\u0dad\u0dd6\u0dad\u0dd2\u0dba\u0dd2. <br/><br/> \u0d94\u0db6\u0d9c\u0dda \u0d9c\u0dd2\u0dab\u0dd4\u0db8 \u0dc3\u0d9a\u0dca\u0dbb\u0dd3\u0dba \u0d9a\u0dd2\u0dbb\u0dd3\u0db8 \u0dc3\u0db3\u0dc4\u0dcf \u0db8\u0dd9\u0db8 \u0d9a\u0dda\u0dad\u0dba \u0db7\u0dcf\u0dc0\u0dd2\u0dad\u0dcf \u0d9a\u0dbb\u0db1\u0dca\u0db1: #NAME# <br/><br/> #MAIL_FOOTER#</span>]"}, {"language": "TA", "subject": "\u0b87\u0baa\u0bcd\u0baa\u0bcb\u0ba4\u0bc1 \u0b89\u0b99\u0bcd\u0b95\u0bb3\u0bcd \u0b95\u0ba3\u0b95\u0bcd\u0b95\u0bc8 \u0b9a\u0bb0\u0bbf\u0baa\u0bbe\u0bb0\u0bc1\u0b99\u0bcd\u0b95\u0bb3\u0bcd!", "body": "[' ', <span>\u0b85\u0ba9\u0bcd\u0baa\u0bc7 #NAME# , <br/><br/> \u0baa\u0baf\u0ba9\u0bcd\u0baa\u0bbe\u0b9f\u0bcd\u0b9f\u0bbf\u0bb1\u0bcd\u0b95\u0bbe\u0ba9 \u0b89\u0b99\u0bcd\u0b95\u0bb3\u0bcd \u0bae\u0bbf\u0ba9\u0bcd\u0ba9\u0b9e\u0bcd\u0b9a\u0bb2\u0bcd \u0b95\u0ba3\u0b95\u0bcd\u0b95\u0bc8 \u0b9a\u0bb0\u0bbf\u0baa\u0bbe\u0bb0\u0bcd\u0b95\u0bcd\u0b95 \u0ba8\u0ba9\u0bcd\u0bb1\u0bbf. <br/><br/> \u0b89\u0b99\u0bcd\u0b95\u0bb3\u0bcd \u0b95\u0ba3\u0b95\u0bcd\u0b95\u0bc8 \u0b9a\u0bc6\u0baf\u0bb2\u0bcd\u0baa\u0b9f\u0bc1\u0ba4\u0bcd\u0ba4\u0bc1\u0bb5\u0ba4\u0bb1\u0bcd\u0b95\u0bc1 \u0b87\u0ba8\u0bcd\u0ba4 \u0b95\u0bc1\u0bb1\u0bbf\u0baf\u0bc0\u0b9f\u0bcd\u0b9f\u0bc8\u0baa\u0bcd \u0baa\u0baf\u0ba9\u0bcd\u0baa\u0b9f\u0bc1\u0ba4\u0bcd\u0ba4\u0bb5\u0bc1\u0bae\u0bcd: #NAME# <br/><br/> #MAIL_FOOTER#</span>]"}, {"language": "VI", "subject": "X\u00e1c nh\u1eadn t\u00e0i kho\u1ea3n c\u1ee7a b\u1ea1n NGAY B\u00c2Y GI\u1edc!", "body": "[' ', <span>K\u00ednh g\u1eedi #NAME# , <br/><br/> C\u1ea3m \u01a1n b\u1ea1n \u0111\u00e3 x\u00e1c minh T\u00e0i kho\u1ea3n Email c\u1ee7a b\u1ea1n cho \u1ee9ng d\u1ee5ng. <br/><br/> \u0110\u1ec3 k\u00edch ho\u1ea1t t\u00e0i kho\u1ea3n c\u1ee7a b\u1ea1n S\u1eed d\u1ee5ng m\u00e3 n\u00e0y: #NAME# <br/><br/> #MAIL_FOOTER#</span>]"}, {"language": "TL", "subject": "I-verify ang Iyong Account NGAYON!", "body": "[' ', <span>Mahal na #NAME# , <br/><br/> Salamat sa pag-verify ng iyong Email Account para sa app. <br/><br/> Upang Isaaktibo ang Iyong Account Gamitin ang code na ito: #NAME# <br/><br/> #MAIL_FOOTER#</span>]"}, {"language": "KM", "subject": "\u1795\u17d2\u1791\u17c0\u1784\u1795\u17d2\u1791\u17b6\u178f\u17cb\u1782\u178e\u1793\u17b8\u179a\u1794\u179f\u17cb\u17a2\u17d2\u1793\u1780\u17a5\u17a1\u17bc\u179c\u1793\u17c1\u17c7!", "body": "[' ', <span>\u1787\u17bc\u1793\u1785\u17c6\u1796\u17c4\u17c7 #NAME# , <br/><br/> \u179f\u17bc\u1798\u17a2\u179a\u1782\u17bb\u178e\u1785\u17c6\u1796\u17c4\u17c7\u1780\u17b6\u179a\u1795\u17d2\u1791\u17c0\u1784\u1795\u17d2\u1791\u17b6\u178f\u17cb\u1782\u178e\u1793\u17b8\u17a2\u17ca\u17b8\u1798\u17c9\u17c2\u179b\u179a\u1794\u179f\u17cb\u17a2\u17d2\u1793\u1780\u179f\u1798\u17d2\u179a\u17b6\u1794\u17cb\u1780\u1798\u17d2\u1798\u179c\u17b7\u1792\u17b8\u17d4 <br/><br/> \u178a\u17be\u1798\u17d2\u1794\u17b8\u1792\u17d2\u179c\u17be\u17b1\u17d2\u1799\u1782\u178e\u1793\u17b8\u179a\u1794\u179f\u17cb\u17a2\u17d2\u1793\u1780\u1794\u17d2\u179a\u17be\u1780\u17bc\u178a\u1793\u17c1\u17c7: #NAME# <br/><br/> #MAIL_FOOTER#</span>]"}, {"language": "BN", "subject": "\u098f\u0996\u09a8 \u0986\u09aa\u09a8\u09be\u09b0 \u0985\u09cd\u09af\u09be\u0995\u09be\u0989\u09a8\u09cd\u099f \u09af\u09be\u099a\u09be\u0987 \u0995\u09b0\u09c1\u09a8!", "body": "[' ', <span>\u09aa\u09cd\u09b0\u09bf\u09af\u09bc #NAME# , <br/><br/> \u0985\u09cd\u09af\u09be\u09aa\u09cd\u09b2\u09bf\u0995\u09c7\u09b6\u09a8\u09c7\u09b0 \u099c\u09a8\u09cd\u09af \u0986\u09aa\u09a8\u09be\u09b0 \u0987\u09ae\u09c7\u0987\u09b2 \u098f\u0995\u09be\u0989\u09a8\u09cd\u099f \u09af\u09be\u099a\u09be\u0987 \u0995\u09b0\u09be\u09b0 \u099c\u09a8\u09cd\u09af \u0986\u09aa\u09a8\u09be\u0995\u09c7 \u09a7\u09a8\u09cd\u09af\u09ac\u09be\u09a6\u0964 <br/><br/> \u0986\u09aa\u09a8\u09be\u09b0 \u0985\u09cd\u09af\u09be\u0995\u09be\u0989\u09a8\u09cd\u099f\u099f\u09bf \u09b8\u0995\u09cd\u09b0\u09bf\u09af\u09bc \u0995\u09b0\u09a4\u09c7 \u098f\u0987 \u0995\u09cb\u09a1\u099f\u09bf \u09ac\u09cd\u09af\u09ac\u09b9\u09be\u09b0 \u0995\u09b0\u09c1\u09a8: #NAME# <br/><br/> #MAIL_FOOTER#</span>]"}, {"language": "JA", "subject": "\u4eca\u3059\u3050\u3042\u306a\u305f\u306e\u30a2\u30ab\u30a6\u30f3\u30c8\u3092\u78ba\u8a8d\u3057\u3066\u304f\u3060\u3055\u3044\uff01", "body": "[' ', <span>#NAME# <br/><br/>\u30a2\u30d7\u30ea\u306e\u30e1\u30fc\u30eb\u30a2\u30ab\u30a6\u30f3\u30c8\u3092\u78ba\u8a8d\u3057\u3066\u3044\u305f\u3060\u304d\u3042\u308a\u304c\u3068\u3046\u3054\u3056\u3044\u307e\u3059\u3002 <br/><br/>\u30a2\u30ab\u30a6\u30f3\u30c8\u3092\u6709\u52b9\u306b\u3059\u308b\u306b\u306f\u6b21\u306e\u30b3\u30fc\u30c9\u3092\u4f7f\u7528\u3057\u3066\u304f\u3060\u3055\u3044\u3002 #NAME# <br/><br/> #MAIL_FOOTER#</span>]"}, {"language": "KO", "subject": "\uc9c0\uae08 \uadc0\ud558\uc758 \uacc4\uc815\uc744 \ud655\uc778\ud558\uc2ed\uc2dc\uc624!", "body": "[' ', <span>#NAME# , <br/><br/> \uc571\uc5d0 \ub300\ud55c \uc774\uba54\uc77c \uacc4\uc815\uc744 \ud655\uc778\ud574 \uc8fc\uc154\uc11c \uac10\uc0ac\ud569\ub2c8\ub2e4. <br/><br/> \uacc4\uc815\uc744 \ud65c\uc131\ud654\ud558\ub824\uba74 \ub2e4\uc74c \ucf54\ub4dc\ub97c \uc0ac\uc6a9\ud558\uc2ed\uc2dc\uc624 : #NAME# <br/><br/> #MAIL_FOOTER#</span>]"}, {"language": "YO", "subject": "\u1e62e idanwo r\u1eb9 Account bayi!", "body": "[' ', <span>Eyin #NAME# , <br/><br/> \u1e62eun fun idaniloju Account Imeeli r\u1eb9 fun app naa. <br/><br/> Lati Mu Account r\u1eb9 \u1e63i\u1e63\u1eb9 Lo koodu yi: #NAME# <br/><br/> #MAIL_FOOTER#</span>]"}, {"language": "TR", "subject": "\u015e\u0130MD\u0130 Hesab\u0131n\u0131z\u0131 Do\u011frulay\u0131n!", "body": "[' ', <span>Sevgili #NAME# , <br/><br/> Uygulama i\u00e7in E-posta Hesab\u0131n\u0131z\u0131 do\u011frulad\u0131\u011f\u0131n\u0131z i\u00e7in te\u015fekk\u00fcr ederiz. <br/><br/> Hesab\u0131n\u0131z\u0131 Etkinle\u015ftirmek i\u00e7in Bu kodu kullan\u0131n: #NAME# <br/><br/> #MAIL_FOOTER#</span>]"}, {"language": "RU", "subject": "\u041f\u0440\u043e\u0432\u0435\u0440\u044c\u0442\u0435 \u0441\u0432\u043e\u0439 \u0430\u043a\u043a\u0430\u0443\u043d\u0442 \u0421\u0415\u0419\u0427\u0410\u0421!", "body": "[' ', <span>\u0423\u0432\u0430\u0436\u0430\u0435\u043c\u044b\u0439 #NAME# , <br/><br/> \u0421\u043f\u0430\u0441\u0438\u0431\u043e \u0437\u0430 \u043f\u043e\u0434\u0442\u0432\u0435\u0440\u0436\u0434\u0435\u043d\u0438\u0435 \u0432\u0430\u0448\u0435\u0439 \u0443\u0447\u0435\u0442\u043d\u043e\u0439 \u0437\u0430\u043f\u0438\u0441\u0438 \u044d\u043b\u0435\u043a\u0442\u0440\u043e\u043d\u043d\u043e\u0439 \u043f\u043e\u0447\u0442\u044b \u0434\u043b\u044f \u043f\u0440\u0438\u043b\u043e\u0436\u0435\u043d\u0438\u044f. <br/><br/> \u0414\u043b\u044f \u0430\u043a\u0442\u0438\u0432\u0430\u0446\u0438\u0438 \u0432\u0430\u0448\u0435\u0439 \u0443\u0447\u0435\u0442\u043d\u043e\u0439 \u0437\u0430\u043f\u0438\u0441\u0438 \u0438\u0441\u043f\u043e\u043b\u044c\u0437\u0443\u0439\u0442\u0435 \u044d\u0442\u043e\u0442 \u043a\u043e\u0434: #NAME# <br/><br/> #MAIL_FOOTER#</span>]"}, {"language": "FA", "subject": "\u0627\u06a9\u0646\u0648\u0646 \u062d\u0633\u0627\u0628 \u062e\u0648\u062f \u0631\u0627 \u062a\u0623\u06cc\u06cc\u062f \u06a9\u0646\u06cc\u062f", "body": "[' ', <span>\u0639\u0632\u06cc\u0632 #NAME# <br/><br/> \u0628\u0627 \u062a\u0634\u06a9\u0631 \u0627\u0632 \u0634\u0645\u0627 \u0628\u0631\u0627\u06cc \u062a\u0623\u06cc\u06cc\u062f \u062d\u0633\u0627\u0628 \u0627\u06cc\u0645\u06cc\u0644 \u062e\u0648\u062f \u0628\u0631\u0627\u06cc \u0628\u0631\u0646\u0627\u0645\u0647. <br/><br/> \u0628\u0631\u0627\u06cc \u0641\u0639\u0627\u0644 \u06a9\u0631\u062f\u0646 \u062d\u0633\u0627\u0628 \u06a9\u0627\u0631\u0628\u0631\u06cc \u062e\u0648\u062f \u0627\u0632 \u0627\u06cc\u0646 \u06a9\u062f \u0627\u0633\u062a\u0641\u0627\u062f\u0647 \u06a9\u0646\u06cc\u062f: #NAME# <br/><br/> #MAIL_FOOTER#</span>]"}, {"language": "MY", "subject": "NOW \u1000\u101e\u1004\u103a\u1037\u1021\u1000\u1031\u102c\u1004\u103a\u1037\u1000\u102d\u102f Verify!", "body": "[' ', <span>\u1001\u103b\u1005\u103a\u1001\u1004\u103a\u101b\u1015\u102b\u101e\u1031\u102c #NAME# , <br/><br/> app \u1000\u102d\u102f\u1021\u1018\u102d\u102f\u1037\u101e\u1004\u1037\u103a\u1021\u102e\u1038\u1019\u1031\u1038\u101c\u103a\u1021\u1000\u1031\u102c\u1004\u103a\u1037\u1000\u102d\u102f\u1021\u1010\u100a\u103a\u1015\u103c\u102f\u1021\u1010\u103d\u1000\u103a\u1000\u103b\u1031\u1038\u1007\u1030\u1038\u1010\u1004\u103a\u1015\u102b\u101e\u100a\u103a\u104b <br/><br/> \u101e\u1004\u103a\u1037\u1021\u1000\u1031\u102c\u1004\u103a\u1037\u1000\u102d\u102f Activate \u101c\u102f\u1015\u103a\u1016\u102d\u102f\u1037\u1000\u1012\u102e\u1000\u102f\u1012\u103a\u1000\u102d\u102f\u101e\u102f\u1036\u1038\u1015\u102b: #NAME# <br/><br/> #MAIL_FOOTER#</span>]"}, {"language": "HI", "subject": "\u0905\u092c \u0905\u092a\u0928\u093e \u0916\u093e\u0924\u093e \u0938\u0924\u094d\u092f\u093e\u092a\u093f\u0924 \u0915\u0930\u0947\u0902!", "body": "[' ', <span>\u092a\u094d\u0930\u093f\u092f #NAME# , <br/><br/> \u0910\u092a \u0915\u0947 \u0932\u093f\u090f \u0905\u092a\u0928\u093e \u0908\u092e\u0947\u0932 \u0916\u093e\u0924\u093e \u0938\u0924\u094d\u092f\u093e\u092a\u093f\u0924 \u0915\u0930\u0928\u0947 \u0915\u0947 \u0932\u093f\u090f \u0927\u0928\u094d\u092f\u0935\u093e\u0926\u0964 <br/><br/> \u0905\u092a\u0928\u0947 \u0916\u093e\u0924\u0947 \u0915\u094b \u0938\u0915\u094d\u0930\u093f\u092f \u0915\u0930\u0928\u0947 \u0915\u0947 \u0932\u093f\u090f \u0907\u0938 \u0915\u094b\u0921 \u0915\u093e \u0909\u092a\u092f\u094b\u0917 \u0915\u0930\u0947\u0902: #NAME# <br/><br/> #MAIL_FOOTER#</span>]"}, {"language": "IW", "subject": "\u05d0\u05de\u05ea \u05d0\u05ea \u05d4\u05d7\u05e9\u05d1\u05d5\u05df \u05e9\u05dc\u05da \u05e2\u05db\u05e9\u05d9\u05d5!", "body": "[' ', <span>\u05e9\u05dc\u05d5\u05dd #NAME# , <br/><br/> \u05ea\u05d5\u05d3\u05d4 \u05e2\u05dc \u05d0\u05d9\u05de\u05d5\u05ea \u05d7\u05e9\u05d1\u05d5\u05df \u05d4\u05d3\u05d5\u05d0\"\u05dc \u05e9\u05dc\u05da \u05e2\u05d1\u05d5\u05e8 \u05d4\u05d0\u05e4\u05dc\u05d9\u05e7\u05e6\u05d9\u05d4. <br/><br/> \u05db\u05d3\u05d9 \u05dc\u05d4\u05e4\u05e2\u05d9\u05dc \u05d0\u05ea \u05d7\u05e9\u05d1\u05d5\u05e0\u05da \u05d4\u05e9\u05ea\u05de\u05e9 \u05d1\u05e7\u05d5\u05d3 \u05d6\u05d4: #NAME# <br/><br/> #MAIL_FOOTER#</span>]"}, {"language": "FR", "subject": "V\u00e9rifiez votre compte maintenant!", "body": "[' ', <span>Cher #NAME# , <br/><br/> Merci de v\u00e9rifier votre compte de messagerie pour l'application. <br/><br/> Pour activer votre compte, utilisez ce code: #NAME# <br/><br/> #MAIL_FOOTER#</span>]"}, {"language": "DA", "subject": "Bekr\u00e6ft din konto nu!", "body": "[' ', <span>K\u00e6re #NAME# , <br/><br/> Tak for din bekr\u00e6ftelse af din e-mail-konto for appen. <br/><br/> At aktivere din konto Brug denne kode: #NAME# <br/><br/> #MAIL_FOOTER#</span>]"}]}