{"purpose": "To notify Provider of the \u201cSchedule for later\u201d booking from app side (UberX)", "templates": [{"language": "AF", "subject": "Manuele besprekingsbesonderhede", "body": "[' ', <span><br/> Liewe #Driver# , <br/><br/> Jy het 'n nuwe werkversoek geskeduleer. Besoek asseblief die program en reageer deur die werk te aanvaar of te verlaag. Hieronder is die besonderhede. <br/><br/> Gebruikersnaam: #Rider# <br/><br/> Besprekingsnommer: #Booking_Number# <br/><br/> Boekingsdatum: #Rider# <br/><br/> Dankie! #MailFooter#</span>]"}, {"language": "EN", "subject": "Manual Booking Details", "body": "[' ', <span><br/>Dear #Driver#,\n<br/>\n<br/>You have a new Job request scheduled. Please visit the app and respond by accepting or declining the job. Below are the details. \n<br/>\n<br/>User Name: #Rider#\n<br/>\n<br/>Booking No: #Booking_Number#\n<br/>\n<br/>Booking Date: #Ddate#\n<br/>\n<br/>Thanks!  #MailFooter#</span>]"}, {"language": "TH", "subject": "\u0e23\u0e32\u0e22\u0e25\u0e30\u0e40\u0e2d\u0e35\u0e22\u0e14\u0e01\u0e32\u0e23\u0e08\u0e2d\u0e07\u0e14\u0e49\u0e27\u0e22\u0e15\u0e19\u0e40\u0e2d\u0e07", "body": "[' ', <span><br/> \u0e40\u0e23\u0e35\u0e22\u0e19 #Driver# , <br/><br/> \u0e04\u0e38\u0e13\u0e21\u0e35\u0e04\u0e33\u0e02\u0e2d\u0e07\u0e32\u0e19\u0e43\u0e2b\u0e21\u0e48\u0e17\u0e35\u0e48\u0e01\u0e33\u0e2b\u0e19\u0e14\u0e44\u0e27\u0e49 \u0e01\u0e23\u0e38\u0e13\u0e32\u0e40\u0e22\u0e35\u0e48\u0e22\u0e21\u0e0a\u0e21\u0e41\u0e2d\u0e1b\u0e41\u0e25\u0e30\u0e15\u0e2d\u0e1a\u0e2a\u0e19\u0e2d\u0e07\u0e42\u0e14\u0e22\u0e01\u0e32\u0e23\u0e22\u0e2d\u0e21\u0e23\u0e31\u0e1a\u0e2b\u0e23\u0e37\u0e2d\u0e1b\u0e0f\u0e34\u0e40\u0e2a\u0e18\u0e07\u0e32\u0e19 \u0e14\u0e49\u0e32\u0e19\u0e25\u0e48\u0e32\u0e07\u0e40\u0e1b\u0e47\u0e19\u0e23\u0e32\u0e22\u0e25\u0e30\u0e40\u0e2d\u0e35\u0e22\u0e14 <br/><br/> \u0e0a\u0e37\u0e48\u0e2d\u0e1c\u0e39\u0e49\u0e43\u0e0a\u0e49: #Rider# <br/><br/> \u0e2b\u0e21\u0e32\u0e22\u0e40\u0e25\u0e02\u0e01\u0e32\u0e23\u0e08\u0e2d\u0e07: #Booking_Number# <br/><br/> \u0e27\u0e31\u0e19\u0e17\u0e35\u0e48\u0e08\u0e2d\u0e07: #Rider# <br/><br/> \u0e02\u0e2d\u0e1a\u0e04\u0e38\u0e13! #MailFooter#</span>]"}, {"language": "ID", "subject": "Rincian Pemesanan Manual", "body": "[' ', <span><br/> Dear #Driver# , <br/><br/> Anda memiliki permintaan Pekerjaan baru yang dijadwalkan. Silakan kunjungi aplikasi dan merespons dengan menerima atau menolak pekerjaan. Di bawah ini adalah detailnya. <br/><br/> Nama Pengguna: #Rider# <br/><br/> Nomor Pemesanan: #Booking_Number# <br/><br/> Tanggal Pemesanan: #Rider# <br/><br/> Terima kasih! #MailFooter#</span>]"}, {"language": "DE", "subject": "Manuelle Buchungsdetails", "body": "[' ', <span><br/> Liebe #Driver# , <br/><br/> Sie haben eine neue Jobanfrage geplant. Bitte besuchen Sie die App und antworten Sie, indem Sie den Job annehmen oder ablehnen. Unten sind die Details. <br/><br/> Benutzername: #Rider# <br/><br/> Buchungsnummer: #Booking_Number# <br/><br/> Buchungsdatum: #Rider# <br/><br/> Vielen Dank! #MailFooter#</span>]"}, {"language": "ES", "subject": "Detalles de reserva manual", "body": "[' ', <span><br/> Estimado #Driver# , <br/><br/> Tienes una nueva solicitud de trabajo programada. Visite la aplicaci\u00f3n y responda aceptando o rechazando el trabajo. A continuaci\u00f3n se presentan los detalles. <br/><br/> Nombre de usuario: #Rider# <br/><br/> N\u00famero de reserva: #Booking_Number# <br/><br/> Fecha de reserva: #Rider# <br/><br/> \u00a1Gracias! #MailFooter#</span>]"}, {"language": "IT", "subject": "Dettagli di prenotazione manuale", "body": "[' ', <span><br/> Caro #Driver# , <br/><br/> Hai una nuova richiesta di lavoro pianificata. Visita l'app e rispondi accettando o rifiutando il lavoro. Di seguito sono i dettagli. <br/><br/> Nome utente: #Rider# <br/><br/> #Booking_Number# prenotazione: #Booking_Number# <br/><br/> Data di prenotazione: #Rider# <br/><br/> Grazie! #MailFooter#</span>]"}, {"language": "AR", "subject": "\u062a\u0641\u0627\u0635\u064a\u0644 \u0627\u0644\u062d\u062c\u0632 \u0627\u0644\u064a\u062f\u0648\u064a", "body": "[' ', <span><br/> \u0639\u0632\u064a\u0632\u064a #Driver# \u060c <br/><br/> \u0644\u062f\u064a\u0643 \u0637\u0644\u0628 \u0648\u0638\u064a\u0641\u0629 \u062c\u062f\u064a\u062f \u0627\u0644\u0645\u0642\u0631\u0631. \u064a\u0631\u062c\u0649 \u0632\u064a\u0627\u0631\u0629 \u0627\u0644\u062a\u0637\u0628\u064a\u0642 \u0648\u0627\u0644\u0631\u062f \u0628\u0642\u0628\u0648\u0644 \u0623\u0648 \u0631\u0641\u0636 \u0627\u0644\u0648\u0638\u064a\u0641\u0629. \u0623\u062f\u0646\u0627\u0647 \u0647\u064a \u0627\u0644\u062a\u0641\u0627\u0635\u064a\u0644. <br/><br/> \u0627\u0633\u0645 \u0627\u0644\u0645\u0633\u062a\u062e\u062f\u0645: #Rider# <br/><br/> \u0631\u0642\u0645 \u0627\u0644\u062d\u062c\u0632: #Booking_Number# <br/><br/> \u062a\u0627\u0631\u064a\u062e \u0627\u0644\u062d\u062c\u0632: #Rider# <br/><br/> \u0634\u0643\u0631! #MailFooter#</span>]"}, {"language": "UR", "subject": "\u062f\u0633\u062a\u06cc \u06a9\u062a\u0627\u0628\u0686\u06c1 \u06a9\u06cc \u062a\u0641\u0635\u06cc\u0644\u0627\u062a", "body": "[' ', <span><br/> \u067e\u06cc\u0627\u0631\u06d2 #Driver# \u060c <br/><br/> \u0622\u067e \u06a9\u06d2 \u067e\u0627\u0633 \u0637\u06d2 \u06a9\u0631\u062f\u06c1 \u0646\u0648\u06a9\u0631\u06cc \u06a9\u06cc \u062f\u0631\u062e\u0648\u0627\u0633\u062a \u06c1\u06d2. \u0628\u0631\u0627\u06c1 \u06a9\u0631\u0645 \u0627\u06cc\u067e \u06a9\u0627 \u062f\u0648\u0631\u06c1 \u06a9\u0631\u06cc\u06ba \u0627\u0648\u0631 \u0645\u0644\u0627\u0632\u0645\u062a \u06a9\u0648 \u0642\u0628\u0648\u0644 \u06cc\u0627 \u06a9\u0645\u06cc \u0633\u06d2 \u062c\u0648\u0627\u0628 \u062f\u06cc\u06ba. \u0630\u06cc\u0644 \u0645\u06cc\u06ba \u062a\u0641\u0635\u06cc\u0644\u0627\u062a \u06c1\u06cc\u06ba. <br/><br/> \u0635\u0627\u0631\u0641 \u06a9\u0627 \u0646\u0627\u0645: #Rider# <br/><br/> \u0628\u06a9\u0646\u06af \u0646\u0645\u0628\u0631: #Booking_Number# \u0628\u06a9\u0646\u06af #Booking_Number# <br/><br/> \u0628\u06a9\u0646\u06af \u06a9\u06cc \u062a\u0627\u0631\u06cc\u062e: #Rider# <br/><br/> \u0634\u06a9\u0631\u06cc\u06c1! #MailFooter#</span>]"}, {"language": "AZ", "subject": "\u018flaq\u0259dar sifari\u015f m\u0259lumatlar\u0131", "body": "[' ', <span><br/> H\u00f6rm\u0259tli #Driver# <br/><br/> Planlad\u0131\u011f\u0131n\u0131z yeni \u0130\u015f t\u0259l\u0259biniz var. Xahi\u015f edirik t\u0259tbiqi ziyar\u0259t edin v\u0259 i\u015fi q\u0259bul ed\u0259r\u0259k v\u0259 ya imtina ed\u0259r\u0259k cavab verin. A\u015fa\u011f\u0131dak\u0131 m\u0259lumatlar. <br/><br/> \u0130stifad\u0259\u00e7i ad\u0131: #Rider# <br/><br/> Rezervasyon No: #Booking_Number# <br/><br/> Rezervasyon tarixi: #Rider# <br/><br/> T\u0259\u015f\u0259kk\u00fcr edirik! #MailFooter#</span>]"}, {"language": "ZH", "subject": "\u624b\u52a8\u9884\u8ba2\u8be6\u60c5", "body": "[' ', <span><br/>\u4eb2\u7231\u7684#Driver# \uff0c <br/><br/>\u60a8\u5df2\u5b89\u6392\u65b0\u7684\u4f5c\u4e1a\u8bf7\u6c42\u3002\u8bf7\u8bbf\u95ee\u8be5\u5e94\u7528\u7a0b\u5e8f\u5e76\u901a\u8fc7\u63a5\u53d7\u6216\u62d2\u7edd\u8be5\u4f5c\u4e1a\u8fdb\u884c\u56de\u590d\u3002\u4ee5\u4e0b\u662f\u8be6\u7ec6\u4fe1\u606f\u3002 <br/><br/>\u7528\u6237\u540d\uff1a #Rider# <br/><br/>\u9884\u8ba2\u53f7\u7801\uff1a #Booking_Number# <br/><br/>\u9884\u8ba2\u65e5\u671f\uff1a #Rider# <br/><br/>\u8c22\u8c22\uff01 #MailFooter#</span>]"}, {"language": "PT", "subject": "Detalhes da Reserva Manual", "body": "[' ', <span><br/> Dear #Driver# , <br/><br/> Voc\u00ea tem uma nova solicita\u00e7\u00e3o de emprego agendada. Por favor, visite o aplicativo e responda aceitando ou recusando o trabalho. Abaixo est\u00e3o os detalhes. <br/><br/> Nome de usu\u00e1rio: #Rider# <br/><br/> Reservas N\u00e3o: #Booking_Number# <br/><br/> Data de reserva: #Rider# <br/><br/> Obrigado! #MailFooter#</span>]"}, {"language": "ZU", "subject": "Imininingwane yokubhuka ngesandla", "body": "[' ', <span><br/> Dear #Driver# , <br/><br/> Unesicelo esisha sikaJobe esihleliwe. Sicela uvakashele uhlelo lokusebenza uphinde uphendule ngokumukela noma ukunciphisa umsebenzi. Ngezansi kukhona imininingwane. <br/><br/> Igama lomsebenzisi: #Rider# <br/><br/> Ukubhuka No: #Booking_Number# Ukubhuka #Booking_Number# <br/><br/> Usuku Lokubhuka: #Rider# <br/><br/> Siyabonga! #MailFooter#</span>]"}, {"language": "SW", "subject": "Maelezo ya Mwongozo wa Mwongozo", "body": "[' ', <span><br/> Mpendwa #Driver# , <br/><br/> Una ombi jipya la Ayubu iliyopangwa. Tafadhali tembelea programu na uitie kwa kukubali au kupungua kazi. Chini ni maelezo. <br/><br/> Jina la mtumiaji: #Rider# <br/><br/> Uhifadhi No: #Booking_Number# <br/><br/> Tarehe ya Marejeo: #Rider# <br/><br/> Asante! #MailFooter#</span>]"}, {"language": "KU", "subject": "Agahdariy\u00ean R\u00eaveberiy\u00ea", "body": "[' ', <span><br/> Bir\u00eaz #Driver# <br/><br/> H\u00fbn bi daxwaza daxwaznameya kar a n\u00fb heye. Ji kerema xwe ji ser\u00eel\u00eadan\u00ea bib\u00eenin \u00fb ji h\u00eala qeb\u00fblkirina an k\u00eamkirina kar bikin. Li j\u00ear agahdar\u00ee hene. <br/><br/> Nav\u00ea bikarh\u00eaner: #Rider# <br/><br/> Booking No: #Booking_Number# <br/><br/> Booking Date: #Rider# <br/><br/> Spas! #MailFooter#</span>]"}, {"language": "MS", "subject": "Butiran Tempahan Manual", "body": "[' ', <span><br/> Dear #Driver# , <br/><br/> Anda mempunyai permintaan Kerja baru yang dijadualkan. Sila lawati aplikasi dan balas dengan menerima atau menolak kerja. Berikut adalah butirannya. <br/><br/> Nama Pengguna: #Rider# <br/><br/> Tempahan No: #Booking_Number# <br/><br/> Tarikh Tempahan: #Rider# <br/><br/> Terima kasih! #MailFooter#</span>]"}, {"language": "SI", "subject": "\u0dbb\u0da0\u0db1 \u0d87\u0dab\u0dc0\u0dd4\u0db8\u0dca \u0dc0\u0dd2\u0dc3\u0dca\u0dad\u0dbb", "body": "[' ', <span><br/> \u0daf\u0dba\u0dcf\u0db6\u0dbb #Driver# <br/><br/> \u0d94\u0db6\u0da7 \u0db1\u0dc0 \u0dbb\u0dd0\u0d9a\u0dd2\u0dba\u0dcf \u0d89\u0dbd\u0dca\u0dbd\u0dd3\u0db8\u0d9a\u0dca \u0db1\u0dd2\u0dba\u0db8 \u0d9a\u0dbb \u0d87\u0dad. \u0d9a\u0dbb\u0dd4\u0dab\u0dcf\u0d9a\u0dbb \u0dba\u0dd9\u0daf\u0dd4\u0db8 \u0dc0\u0dd9\u0dad \u0d9c\u0ddc\u0dc3\u0dca \u0dbb\u0dd0\u0d9a\u0dd2\u0dba\u0dcf\u0dc0 \u0db7\u0dcf\u0dbb \u0d9c\u0dd0\u0db1\u0dd3\u0db8 \u0dc4\u0ddd \u0db4\u0dca\u0dbb\u0dad\u0dd2\u0d9a\u0dca\u0dc2\u0dda\u0db4 \u0d9a\u0dd2\u0dbb\u0dd3\u0db8 \u0db8\u0d9c\u0dd2\u0db1\u0dca \u0db4\u0dca\u0dbb\u0dad\u0dd2\u0da0\u0dcf\u0dbb \u0daf\u0d9a\u0dca\u0dc0\u0db1\u0dca\u0db1. \u0dc0\u0dd2\u0dc3\u0dca\u0dad\u0dbb \u0db4\u0dc4\u0dad \u0daf\u0dd0\u0d9a\u0dca\u0dc0\u0dda. <br/><br/> \u0db4\u0dbb\u0dd2\u0dc1\u0dd3\u0dbd\u0d9a \u0db1\u0dcf\u0db8\u0dba: #Rider# <br/><br/> \u0d85\u0d82\u0d9a: #Booking_Number# <br/><br/> \u0dc0\u0dd9\u0db1\u0dca \u0dc0\u0dd9\u0db1\u0dca \u0daf\u0dd2\u0db1\u0dba: #Rider# <br/><br/> \u0dc3\u0dca\u0dad\u0dd6\u0dad\u0dd2\u0dba\u0dd2! #MailFooter#</span>]"}, {"language": "TA", "subject": "\u0b95\u0bc8\u0baf\u0bc7\u0b9f\u0bc1 \u0bae\u0bc1\u0ba9\u0bcd\u0baa\u0ba4\u0bbf\u0bb5\u0bc1 \u0bb5\u0bbf\u0bb5\u0bb0\u0b99\u0bcd\u0b95\u0bb3\u0bcd", "body": "[' ', <span><br/> \u0b85\u0ba9\u0bcd\u0baa\u0bc7 #Driver# , <br/><br/> \u0ba4\u0bbf\u0b9f\u0bcd\u0b9f\u0bae\u0bbf\u0b9f\u0baa\u0bcd\u0baa\u0b9f\u0bcd\u0b9f \u0baa\u0bc1\u0ba4\u0bbf\u0baf \u0bb5\u0bc7\u0bb2\u0bc8 \u0b95\u0bcb\u0bb0\u0bbf\u0b95\u0bcd\u0b95\u0bc8 \u0b89\u0b99\u0bcd\u0b95\u0bb3\u0bbf\u0b9f\u0bae\u0bcd \u0b89\u0bb3\u0bcd\u0bb3\u0ba4\u0bc1. \u0ba4\u0baf\u0bb5\u0bc1\u0b9a\u0bc6\u0baf\u0bcd\u0ba4\u0bc1 \u0baa\u0baf\u0ba9\u0bcd\u0baa\u0bbe\u0b9f\u0bcd\u0b9f\u0bc8\u0baa\u0bcd \u0baa\u0bbe\u0bb0\u0bcd\u0bb5\u0bc8\u0baf\u0bbf\u0b9f\u0bc1\u0b95 \u0bae\u0bb1\u0bcd\u0bb1\u0bc1\u0bae\u0bcd \u0bb5\u0bc7\u0bb2\u0bc8 \u0b8f\u0bb1\u0bcd\u0bb1\u0bc1\u0b95\u0bcd\u0b95\u0bca\u0bb3\u0bcd\u0bb5\u0ba4\u0ba9\u0bcd \u0b85\u0bb2\u0bcd\u0bb2\u0ba4\u0bc1 \u0b95\u0bc1\u0bb1\u0bc8\u0baa\u0bcd\u0baa\u0ba4\u0ba9\u0bcd \u0bae\u0bc2\u0bb2\u0bae\u0bcd \u0baa\u0ba4\u0bbf\u0bb2\u0bb3\u0bbf\u0b95\u0bcd\u0b95\u0bb5\u0bc1\u0bae\u0bcd. \u0bb5\u0bbf\u0bb5\u0bb0\u0b99\u0bcd\u0b95\u0bb3\u0bcd \u0b95\u0bc0\u0bb4\u0bc7 \u0b89\u0bb3\u0bcd\u0bb3\u0ba9. <br/><br/> \u0baa\u0baf\u0ba9\u0bb0\u0bcd \u0baa\u0bc6\u0baf\u0bb0\u0bcd: #Rider# <br/><br/> \u0bae\u0bc1\u0ba9\u0bcd\u0baa\u0ba4\u0bbf\u0bb5\u0bc1 \u0b87\u0bb2\u0b95\u0bcd\u0b95\u0bae\u0bcd: #Booking_Number# <br/><br/> \u0bae\u0bc1\u0ba9\u0bcd\u0baa\u0ba4\u0bbf\u0bb5\u0bc1 \u0ba4\u0bc7\u0ba4\u0bbf: #Rider# <br/><br/> \u0ba8\u0ba9\u0bcd\u0bb1\u0bbf! #MailFooter#</span>]"}, {"language": "VI", "subject": "Chi ti\u1ebft \u0111\u1eb7t ph\u00f2ng th\u1ee7 c\u00f4ng", "body": "[' ', <span><br/> K\u00ednh g\u1eedi #Driver# , <br/><br/> B\u1ea1n c\u00f3 m\u1ed9t y\u00eau c\u1ea7u c\u00f4ng vi\u1ec7c m\u1edbi theo l\u1ecbch tr\u00ecnh. Vui l\u00f2ng truy c\u1eadp \u1ee9ng d\u1ee5ng v\u00e0 tr\u1ea3 l\u1eddi b\u1eb1ng c\u00e1ch ch\u1ea5p nh\u1eadn ho\u1eb7c t\u1eeb ch\u1ed1i c\u00f4ng vi\u1ec7c. D\u01b0\u1edbi \u0111\u00e2y l\u00e0 c\u00e1c chi ti\u1ebft. <br/><br/> T\u00ean ng\u01b0\u1eddi d\u00f9ng: #Rider# <br/><br/> \u0110\u1eb7t ph\u00f2ng s\u1ed1: #Booking_Number# <br/><br/> Ng\u00e0y \u0111\u1eb7t ph\u00f2ng: #Rider# <br/><br/> C\u1ea3m \u01a1n! #MailFooter#</span>]"}, {"language": "TL", "subject": "Mga Detalye ng Manwal na Pag-book", "body": "[' ', <span><br/> Mahal #Driver# , <br/><br/> Mayroon kang isang naka-iskedyul na bagong kahilingan sa Job. Mangyaring bisitahin ang app at tumugon sa pamamagitan ng pagtanggap o pagtanggi sa trabaho. Nasa ibaba ang mga detalye. <br/><br/> Pangalan ng User: #Rider# <br/><br/> Booking No: #Booking_Number# <br/><br/> Petsa ng Pag-book: #Rider# <br/><br/> Salamat! #MailFooter#</span>]"}, {"language": "KM", "subject": "\u1796\u17d0\u178f\u17cc\u1798\u17b6\u1793\u179b\u17c6\u17a2\u17b7\u178f\u17a2\u17c6\u1796\u17b8\u1780\u17b6\u179a\u1780\u1780\u17cb\u178a\u17c4\u1799\u178a\u17c3", "body": "[' ', <span><br/> \u1787\u17bc\u1793\u1785\u17c6\u1796\u17c4\u17c7 #Driver# , <br/><br/> \u17a2\u17d2\u1793\u1780\u1798\u17b6\u1793\u179f\u17c6\u178e\u17bc\u1798\u1796\u179a\u1780\u17b6\u179a\u1784\u17b6\u179a\u1790\u17d2\u1798\u17b8\u178a\u17c2\u179b\u1794\u17b6\u1793\u1780\u17c6\u178e\u178f\u17cb\u1796\u17c1\u179b\u17d4 \u179f\u17bc\u1798\u1791\u17c5\u1780\u17b6\u1793\u17cb\u1780\u1798\u17d2\u1798\u179c\u17b7\u1792\u17b8\u17a0\u17be\u1799\u1786\u17d2\u179b\u17be\u1799\u178f\u1794\u178a\u17c4\u1799\u1791\u1791\u17bd\u179b\u17ac\u1794\u178a\u17b7\u179f\u17c1\u1792\u1780\u17b6\u179a\u1784\u17b6\u179a\u17d4 \u1781\u17b6\u1784\u1780\u17d2\u179a\u17c4\u1798\u1793\u17c1\u17c7\u1782\u17ba\u1787\u17b6\u1796\u17d0\u178f\u17cc\u1798\u17b6\u1793\u179b\u1798\u17d2\u17a2\u17b7\u178f\u17d4 <br/><br/> \u1788\u17d2\u1798\u17c4\u17c7\u17a2\u17d2\u1793\u1780\u1794\u17d2\u179a\u17be: #Rider# <br/><br/> \u179b\u17c1\u1781\u1780\u1780\u17cb: #Booking_Number# <br/><br/> \u1780\u17b6\u179b\u1794\u179a\u17b7\u1785\u17d2\u1786\u17c1\u1791\u1780\u1780\u17cb: #Rider# <br/><br/> \u179f\u17bc\u1798\u17a2\u179a\u1782\u17bb\u178e! #MailFooter#</span>]"}, {"language": "BN", "subject": "\u09ae\u09cd\u09af\u09be\u09a8\u09c1\u09af\u09bc\u09be\u09b2 \u09ac\u09c1\u0995\u09bf\u0982 \u09ac\u09bf\u09ac\u09b0\u09a3", "body": "[' ', <span><br/> \u09aa\u09cd\u09b0\u09bf\u09af\u09bc #Driver# , <br/><br/> \u0986\u09aa\u09a8\u09bf \u09a8\u09bf\u09b0\u09cd\u09a7\u09be\u09b0\u09bf\u09a4 \u098f\u0995\u099f\u09bf \u09a8\u09a4\u09c1\u09a8 \u0995\u09be\u099c\u09c7\u09b0 \u0985\u09a8\u09c1\u09b0\u09cb\u09a7 \u0986\u099b\u09c7\u0964 \u0985\u09cd\u09af\u09be\u09aa\u09cd\u09b2\u09bf\u0995\u09c7\u09b6\u09a8 \u09aa\u09b0\u09bf\u09a6\u09b0\u09cd\u09b6\u09a8 \u0995\u09b0\u09c1\u09a8 \u098f\u09ac\u0982 \u0995\u09be\u099c \u0997\u09cd\u09b0\u09b9\u09a3 \u09ac\u09be \u09b9\u09cd\u09b0\u09be\u09b8 \u09a6\u09cd\u09ac\u09be\u09b0\u09be \u09b8\u09be\u09a1\u09bc\u09be \u09a6\u09af\u09bc\u09be \u0995\u09b0\u09c7\u0964 \u09a8\u09c0\u099a\u09c7 \u09ac\u09bf\u09b8\u09cd\u09a4\u09be\u09b0\u09bf\u09a4 \u0986\u099b\u09c7\u0964 <br/><br/> \u09ac\u09cd\u09af\u09ac\u09b9\u09be\u09b0\u0995\u09be\u09b0\u09c0 \u09a8\u09be\u09ae: #Rider# <br/><br/> \u09ac\u09c1\u0995\u09bf\u0982 \u09a8\u0982: #Booking_Number# <br/><br/> \u09ac\u09c1\u0995\u09bf\u0982 \u09a4\u09be\u09b0\u09bf\u0996: #Rider# <br/><br/> \u09a7\u09a8\u09cd\u09af\u09ac\u09be\u09a6! #MailFooter#</span>]"}, {"language": "JA", "subject": "\u624b\u52d5\u4e88\u7d04\u306e\u8a73\u7d30", "body": "[' ', <span><br/> #Driver# <br/><br/>\u65b0\u3057\u3044Job\u30ea\u30af\u30a8\u30b9\u30c8\u304c\u30b9\u30b1\u30b8\u30e5\u30fc\u30eb\u3055\u308c\u307e\u3057\u305f\u3002\u30a2\u30d7\u30ea\u3092\u8a2a\u554f\u3057\u3001\u4ed5\u4e8b\u3092\u53d7\u3051\u5165\u308c\u308b\u304b\u8f9e\u9000\u3059\u308b\u3053\u3068\u306b\u3088\u3063\u3066\u5fdc\u7b54\u3057\u3066\u304f\u3060\u3055\u3044\u3002\u8a73\u7d30\u306f\u4ee5\u4e0b\u306e\u901a\u308a\u3067\u3059\u3002 <br/><br/>\u30e6\u30fc\u30b6\u30fc\u540d\uff1a #Rider# <br/><br/>\u4e88\u7d04\u756a\u53f7\uff1a #Booking_Number# <br/><br/>\u4e88\u7d04\u65e5\uff1a #Rider# <br/><br/>\u3042\u308a\u304c\u3068\u3046\u3054\u3056\u3044\u307e\u3059\u3002 #MailFooter#</span>]"}, {"language": "KO", "subject": "\uc218\ub3d9 \uc608\uc57d \uc815\ubcf4", "body": "[' ', <span><br/> \uce5c\uc560\ud558\ub294 #Driver# <br/><br/> \uc0c8\ub85c\uc6b4 \uc791\uc5c5 \uc694\uccad\uc774 \uc608\uc57d\ub418\uc5c8\uc2b5\ub2c8\ub2e4. \uc571\uc744 \ubc29\ubb38\ud558\uc5ec \uc751\ub2f5\ud558\uac70\ub098 \uac70\ubd80\ud558\uc2ed\uc2dc\uc624. \ub2e4\uc74c\uc740 \uc138\ubd80 \uc0ac\ud56d\uc785\ub2c8\ub2e4. <br/><br/> \uc0ac\uc6a9\uc790 \uc774\ub984 : #Rider# <br/><br/> \uc608\uc57d \ubc88\ud638 : #Booking_Number# <br/><br/> \uc608\uc57d \ub0a0\uc9dc : #Rider# <br/><br/> \uac10\uc0ac! #MailFooter#</span>]"}, {"language": "YO", "subject": "Aw\u1ecdn alaye It\u1ecdnis\u1ecdna Afowoyi", "body": "[' ', <span><br/> Eyin #Driver# , <br/><br/> O ni atun\u1e63e tuntun Job ti a \u1e63eto. J\u1ecdw\u1ecd \u1e63\u00e0b\u1eb9w\u00f2 \u00ec\u1e63\u00e0fil\u1ecdl\u1eb9 n\u00e1\u00e0 k\u00ed o s\u00ec d\u00e1h\u00f9n n\u00edpa gb\u00edgb\u00e0 t\u00e0b\u00ed s\u1ecdt\u1ecd i\u1e63\u1eb9 n\u00e1\u00e0. Aw\u1ecdn alaye ni isal\u1eb9. <br/><br/> Oruk\u1ecd olumulo: #Rider# <br/><br/> Fowo si Ko si: #Booking_Number# <br/><br/> \u1eccj\u1ecd Iwewewe: #Rider# <br/><br/> O \u1e63eun! #MailFooter#</span>]"}, {"language": "TR", "subject": "Manuel Rezervasyon Detaylar\u0131", "body": "[' ', <span><br/> Sevgili #Driver# , <br/><br/> Planlanm\u0131\u015f yeni bir i\u015f iste\u011finiz var. L\u00fctfen uygulamay\u0131 ziyaret edin ve i\u015fi kabul ederek veya reddederek cevap verin. Detaylar a\u015fa\u011f\u0131da. <br/><br/> Kullan\u0131c\u0131 Ad\u0131: #Rider# <br/><br/> Rezervasyon No: #Booking_Number# <br/><br/> Rezervasyon Tarihi: #Rider# <br/><br/> Te\u015fekk\u00fcrler! #MailFooter#</span>]"}, {"language": "RU", "subject": "\u0414\u0435\u0442\u0430\u043b\u0438 \u0431\u0440\u043e\u043d\u0438\u0440\u043e\u0432\u0430\u043d\u0438\u044f \u0432\u0440\u0443\u0447\u043d\u0443\u044e", "body": "[' ', <span><br/> \u0423\u0432\u0430\u0436\u0430\u0435\u043c\u044b\u0439 #Driver# , <br/><br/> \u0423 \u0432\u0430\u0441 \u0437\u0430\u043f\u043b\u0430\u043d\u0438\u0440\u043e\u0432\u0430\u043d \u043d\u043e\u0432\u044b\u0439 \u0437\u0430\u043f\u0440\u043e\u0441 \u043d\u0430 \u0440\u0430\u0431\u043e\u0442\u0443. \u041f\u043e\u0436\u0430\u043b\u0443\u0439\u0441\u0442\u0430, \u043f\u043e\u0441\u0435\u0442\u0438\u0442\u0435 \u043f\u0440\u0438\u043b\u043e\u0436\u0435\u043d\u0438\u0435 \u0438 \u043e\u0442\u0432\u0435\u0442\u044c\u0442\u0435, \u043f\u0440\u0438\u043d\u044f\u0432 \u0438\u043b\u0438 \u043e\u0442\u043a\u043b\u043e\u043d\u0438\u0432 \u0440\u0430\u0431\u043e\u0442\u0443. \u041d\u0438\u0436\u0435 \u043f\u0440\u0438\u0432\u0435\u0434\u0435\u043d\u044b \u043f\u043e\u0434\u0440\u043e\u0431\u043d\u043e\u0441\u0442\u0438. <br/><br/> \u0418\u043c\u044f \u043f\u043e\u043b\u044c\u0437\u043e\u0432\u0430\u0442\u0435\u043b\u044f: #Rider# <br/><br/> \u0411\u0440\u043e\u043d\u0438\u0440\u043e\u0432\u0430\u043d\u0438\u0435 \u2116: #Booking_Number# <br/><br/> \u0414\u0430\u0442\u0430 \u0431\u0440\u043e\u043d\u0438\u0440\u043e\u0432\u0430\u043d\u0438\u044f: #Rider# <br/><br/> \u0421\u043f\u0430\u0441\u0438\u0431\u043e! #MailFooter#</span>]"}, {"language": "FA", "subject": "\u0627\u0637\u0644\u0627\u0639\u0627\u062a \u06a9\u062a\u0627\u0628\u0686\u0647 \u0631\u0627\u0647\u0646\u0645\u0627\u06cc \u06a9\u0627\u0631\u0628\u0631", "body": "[' ', <span><br/> Dear #Driver# <br/><br/> \u0634\u0645\u0627 \u06cc\u06a9 \u062f\u0631\u062e\u0648\u0627\u0633\u062a \u0634\u063a\u0644 \u062c\u062f\u06cc\u062f \u062f\u0627\u0631\u06cc\u062f \u06a9\u0647 \u0628\u0631\u0646\u0627\u0645\u0647 \u0631\u06cc\u0632\u06cc \u0634\u062f\u0647 \u0627\u0633\u062a. \u0644\u0637\u0641\u0627 \u0628\u0631\u0646\u0627\u0645\u0647 \u0631\u0627 \u0628\u0628\u06cc\u0646\u06cc\u062f \u0648 \u0628\u0627 \u0642\u0628\u0648\u0644 \u06cc\u0627 \u0631\u062f \u06a9\u0627\u0631 \u067e\u0627\u0633\u062e \u062f\u0647\u06cc\u062f. \u062f\u0631 \u0632\u06cc\u0631 \u062c\u0632\u0626\u06cc\u0627\u062a \u0627\u0633\u062a. <br/><br/> \u0646\u0627\u0645 \u06a9\u0627\u0631\u0628\u0631\u06cc: #Rider# <br/><br/> \u0631\u0632\u0631\u0648 \u0628\u062f\u0648\u0646: #Booking_Number# <br/><br/> \u062a\u0627\u0631\u06cc\u062e \u0631\u0632\u0631\u0648: #Rider# <br/><br/> \u0628\u0627 \u062a\u0634\u06a9\u0631! #MailFooter#</span>]"}, {"language": "MY", "subject": "\u101c\u1000\u103a\u1005\u103d\u1032 book \u1021\u101e\u1031\u1038\u1005\u102d\u1010\u103a", "body": "[' ', <span><br/> \u1001\u103b\u1005\u103a\u1001\u1004\u103a\u101b\u1015\u102b\u101e\u1031\u102c #Driver# , <br/><br/> \u101e\u1004\u103b\u101e\u100a\u103b\u1005\u102e\u1005\u1009\u103a\u1011\u102c\u1038\u1021\u101e\u1005\u103a\u1010\u1001\u102f\u1000\u101a\u1031\u102c\u1018\u1010\u1031\u102c\u1004\u103a\u1038\u1006\u102d\u102f\u1019\u103e\u102f\u1000\u102d\u102f\u101b\u103e\u102d\u101e\u100a\u103a\u104b app \u1000\u102d\u102f\u101e\u103d\u102c\u1038\u101b\u1031\u102c\u1000\u103a\u1000\u103c\u100a\u103a\u1037\u101b\u103e\u102f\u1001\u103c\u1004\u103a\u1038\u1014\u103e\u1004\u103a\u1037\u1021\u101c\u102f\u1015\u103a\u1021\u1000\u102d\u102f\u1004\u103a\u1021\u101c\u1000\u103a\u1001\u1036\u101e\u102d\u102f\u1037\u1019\u101f\u102f\u1010\u103a\u1000\u103b\u1006\u1004\u103a\u1038\u1014\u1031\u101e\u1016\u103c\u1004\u103a\u1037\u1000\u102d\u102f\u1010\u102f\u1036\u1037\u1015\u103c\u1014\u103a\u1015\u1031\u1038\u1015\u102b\u104b \u1021\u1031\u102c\u1000\u103a\u1010\u103d\u1004\u103a\u1021\u101e\u1031\u1038\u1005\u102d\u1010\u103a\u1016\u103c\u1005\u103a\u1000\u103c\u101e\u100a\u103a\u104b <br/><br/> \u1021\u101e\u102f\u1036\u1038\u1015\u103c\u102f\u101e\u1030\u1021\u1019\u100a\u103a: #Rider# <br/><br/> \u1021\u1018\u101a\u103a\u101e\u1030\u1019\u103b\u103e\u1019 booking: #Booking_Number# <br/><br/> \u1018\u103d\u1010\u103a\u1000\u1004\u103a\u1014\u1031\u1037\u1005\u103d\u1032: #Rider# <br/><br/> \u1000\u103b\u1031\u1038\u1007\u1030\u1038\u1010\u1004\u103a\u1015\u102b\u1010\u101a\u103a! #MailFooter#</span>]"}, {"language": "HI", "subject": "\u092e\u0948\u0928\u0941\u0905\u0932 \u092c\u0941\u0915\u093f\u0902\u0917 \u0935\u093f\u0935\u0930\u0923", "body": "[' ', <span><br/> \u092a\u094d\u0930\u093f\u092f #Driver# , <br/><br/> \u0906\u092a\u0915\u0947 \u092a\u093e\u0938 \u090f\u0915 \u0928\u092f\u093e \u0928\u094c\u0915\u0930\u0940 \u0905\u0928\u0941\u0930\u094b\u0927 \u0928\u093f\u0930\u094d\u0927\u093e\u0930\u093f\u0924 \u0939\u0948\u0964 \u0915\u0943\u092a\u092f\u093e \u0910\u092a \u092a\u0930 \u091c\u093e\u090f\u0902 \u0914\u0930 \u0928\u094c\u0915\u0930\u0940 \u0938\u094d\u0935\u0940\u0915\u093e\u0930 \u092f\u093e \u0905\u0938\u094d\u0935\u0940\u0915\u093e\u0930 \u0915\u0930\u0915\u0947 \u092a\u094d\u0930\u0924\u093f\u0915\u094d\u0930\u093f\u092f\u093e \u0926\u0947\u0902\u0964 \u0928\u0940\u091a\u0947 \u0935\u093f\u0935\u0930\u0923 \u0939\u0948\u0902\u0964 <br/><br/> \u0909\u092a\u092f\u094b\u0917\u0915\u0930\u094d\u0924\u093e \u0928\u093e\u092e: #Rider# <br/><br/> \u092c\u0941\u0915\u093f\u0902\u0917 \u0928\u0902\u092c\u0930: #Booking_Number# <br/><br/> \u092c\u0941\u0915\u093f\u0902\u0917 \u0915\u0940 \u0924\u093e\u0930\u0940\u0916: #Rider# <br/><br/> \u0927\u0928\u094d\u092f\u0935\u093e\u0926! #MailFooter#</span>]"}, {"language": "IW", "subject": "\u05e4\u05e8\u05d8\u05d9 \u05d4\u05d6\u05de\u05e0\u05d4 \u05d9\u05d3\u05e0\u05d9\u05d9\u05dd", "body": "[' ', <span><br/> \u05e9\u05dc\u05d5\u05dd #Driver# , <br/><br/> \u05d9\u05e9 \u05dc\u05da \u05d1\u05e7\u05e9\u05d4 \u05e2\u05d1\u05d5\u05d3\u05d4 \u05d7\u05d3\u05e9\u05d4 \u05de\u05ea\u05d5\u05db\u05e0\u05e0\u05ea. \u05d1\u05e7\u05e8 \u05d1\u05d0\u05e4\u05dc\u05d9\u05e7\u05e6\u05d9\u05d4 \u05d5\u05d4\u05e9\u05d1 \u05e2\u05dc \u05d9\u05d3\u05d9 \u05e7\u05d1\u05dc\u05d4 \u05d0\u05d5 \u05d4\u05e7\u05d8\u05e0\u05d4 \u05e9\u05dc \u05d4\u05e2\u05d1\u05d5\u05d3\u05d4. \u05dc\u05d4\u05dc\u05df \u05d4\u05e4\u05e8\u05d8\u05d9\u05dd. <br/><br/> \u05e9\u05dd \u05de\u05e9\u05ea\u05de\u05e9: #Rider# <br/><br/> \u05de\u05e1\u05e4\u05e8 \u05d4\u05d4\u05d6\u05de\u05e0\u05d4: #Booking_Number# <br/><br/> \u05ea\u05d0\u05e8\u05d9\u05da \u05d4\u05d4\u05d6\u05de\u05e0\u05d4: #Rider# <br/><br/> \u05ea\u05d5\u05d3\u05d4! #MailFooter#</span>]"}, {"language": "FR", "subject": "D\u00e9tails de la r\u00e9servation manuelle", "body": "[' ', <span><br/> Cher #Driver# , <br/><br/> Vous avez une nouvelle demande de travail planifi\u00e9e. S'il vous pla\u00eet visitez l'application et r\u00e9pondre en acceptant ou en d\u00e9clinant le travail. Voici les d\u00e9tails. <br/><br/> Nom d'utilisateur: #Rider# <br/><br/> #Booking_Number# r\u00e9servation: #Booking_Number# <br/><br/> Date de r\u00e9servation: #Rider# <br/><br/> Merci! #MailFooter#</span>]"}, {"language": "DA", "subject": "Manuelle reservationsdetaljer", "body": "[' ', <span><br/> K\u00e6re #Driver# , <br/><br/> Du har en ny jobforesp\u00f8rgsel planlagt. Bes\u00f8g appen og svar ved at acceptere eller afvise jobbet. Nedenfor er detaljerne. <br/><br/> Brugernavn: #Rider# <br/><br/> Booking nr .: #Booking_Number# <br/><br/> Booking Dato: #Rider# <br/><br/> Tak! #MailFooter#</span>]"}]}