{"purpose": "to notify user in case Job request is declined", "templates": [{"language": "AF", "subject": "Jammer! Jou versoek is geweier!", "body": "[' ', <span><br/> Liewe #Rider# , <br/><br/> Oeps! Jou versoek is geweier deur #PROVIDER_NAME# het jou werkversoek geweier. <br/><br/><br/> Besprekingsnommer: #BOOKING_NUMBER# <br/><br/> Boekingsdatum: #Rider# <br/><br/><br/> Dankie! #MailFooter# <br/></span>]"}, {"language": "EN", "subject": "Sorry! Your Request Has been Declined!", "body": "[' ', <span><br/>Dear #Rider#,\n<br/>\n<br/>Oops! Your request has been declined by #PROVIDER_NAME# has declined your job request.\n<br/>\n<br/>\n<br/>Booking No: #BOOKING_NUMBER#\n<br/>\n<br/>Booking Date: #Ddate#\n<br/>\n<br/>\n<br/>Thanks!  #MailFooter#</span>, <br/>]"}, {"language": "TH", "subject": "\u0e02\u0e2d\u0e2d\u0e20\u0e31\u0e22! \u0e04\u0e33\u0e02\u0e2d\u0e02\u0e2d\u0e07\u0e04\u0e38\u0e13\u0e16\u0e39\u0e01\u0e1b\u0e0f\u0e34\u0e40\u0e2a\u0e18!", "body": "[' ', <span><br/> \u0e40\u0e23\u0e35\u0e22\u0e19 #Rider# <br/><br/> \u0e2d\u0e4a\u0e30! \u0e04\u0e33\u0e02\u0e2d\u0e02\u0e2d\u0e07\u0e04\u0e38\u0e13\u0e16\u0e39\u0e01\u0e1b\u0e0f\u0e34\u0e40\u0e2a\u0e18\u0e42\u0e14\u0e22 #PROVIDER_NAME# \u0e1b\u0e0f\u0e34\u0e40\u0e2a\u0e18\u0e04\u0e33\u0e02\u0e2d\u0e07\u0e32\u0e19\u0e02\u0e2d\u0e07\u0e04\u0e38\u0e13 <br/><br/><br/> \u0e2b\u0e21\u0e32\u0e22\u0e40\u0e25\u0e02\u0e01\u0e32\u0e23\u0e08\u0e2d\u0e07: #BOOKING_NUMBER# <br/><br/> \u0e27\u0e31\u0e19\u0e17\u0e35\u0e48\u0e08\u0e2d\u0e07: #Rider# <br/><br/><br/> \u0e02\u0e2d\u0e1a\u0e04\u0e38\u0e13! #MailFooter# <br/></span>]"}, {"language": "ID", "subject": "Maaf! Permintaan Anda Telah Ditolak!", "body": "[' ', <span><br/> Dear #Rider# , <br/><br/> Ups! Permintaan Anda telah ditolak oleh #PROVIDER_NAME# telah menolak permintaan pekerjaan Anda. <br/><br/><br/> Nomor Pemesanan: #BOOKING_NUMBER# <br/><br/> Tanggal Pemesanan: #Rider# <br/><br/><br/> Terima kasih! #MailFooter# <br/></span>]"}, {"language": "DE", "subject": "Es tut uns leid! Ihre Anfrage wurde abgelehnt!", "body": "[' ', <span><br/> Sehr geehrter #Rider# , <br/><br/> Hoppla! Ihre Anfrage wurde von #PROVIDER_NAME# abgelehnt. #PROVIDER_NAME# wurde abgelehnt. <br/><br/><br/> Buchungsnummer: #BOOKING_NUMBER# <br/><br/> Buchungsdatum: #Rider# <br/><br/><br/> Vielen Dank! #MailFooter# <br/></span>]"}, {"language": "ES", "subject": "\u00a1Lo siento! Su solicitud ha sido rechazada!", "body": "[' ', <span><br/> Estimado #Rider# , <br/><br/> \u00a1Uy! Su solicitud ha sido rechazada por #PROVIDER_NAME# ha rechazado su solicitud de trabajo. <br/><br/><br/> N\u00famero de reserva: #BOOKING_NUMBER# <br/><br/> Fecha de reserva: #Rider# <br/><br/><br/> \u00a1Gracias! #MailFooter# <br/></span>]"}, {"language": "IT", "subject": "Scusate! La tua richiesta \u00e8 stata rifiutata!", "body": "[' ', <span><br/> Caro #Rider# , <br/><br/> Oops! La tua richiesta \u00e8 stata rifiutata da #PROVIDER_NAME# ha rifiutato la tua richiesta di lavoro. <br/><br/><br/> #BOOKING_NUMBER# prenotazione: #BOOKING_NUMBER# <br/><br/> Data di prenotazione: #Rider# <br/><br/><br/> Grazie! #MailFooter# <br/></span>]"}, {"language": "AR", "subject": "\u0622\u0633\u0641! \u062a\u0645 \u0631\u0641\u0636 \u0637\u0644\u0628\u0643!", "body": "[' ', <span><br/> \u0639\u0632\u064a\u0632\u064a #Rider# \u060c <br/><br/> \u0648\u062c\u0647 \u0627\u0644\u0641\u062a\u0627\u0629! \u062a\u0645 \u0631\u0641\u0636 \u0637\u0644\u0628\u0643 \u0628\u0648\u0627\u0633\u0637\u0629 #PROVIDER_NAME# \u0631\u0641\u0636 \u0637\u0644\u0628 \u0627\u0644\u0648\u0638\u064a\u0641\u0629. <br/><br/><br/> \u0631\u0642\u0645 \u0627\u0644\u062d\u062c\u0632: #BOOKING_NUMBER# <br/><br/> \u062a\u0627\u0631\u064a\u062e \u0627\u0644\u062d\u062c\u0632: #Rider# <br/><br/><br/> \u0634\u0643\u0631! #MailFooter# <br/></span>]"}, {"language": "UR", "subject": "\u0645\u0639\u0627\u0641 \u06a9\u0631\u0646\u0627! \u0622\u067e \u06a9\u06cc \u062f\u0631\u062e\u0648\u0627\u0633\u062a \u0645\u0633\u062a\u0631\u062f \u06a9\u0631\u062f\u06cc \u06af\u0626\u06cc \u06c1\u06d2!", "body": "[' ', <span><br/> \u0639\u0632\u06cc\u0632 #Rider# <br/><br/> \u0627\u0641\u0648\u06c1! \u0622\u067e \u06a9\u06cc \u062f\u0631\u062e\u0648\u0627\u0633\u062a \u0645\u0633\u062a\u0631\u062f \u06a9\u0631\u062f\u06cc \u06af\u0626\u06cc \u06c1\u06d2 #PROVIDER_NAME# \u0646\u06d2 \u0622\u067e \u06a9\u06cc \u0645\u0644\u0627\u0632\u0645\u062a \u06a9\u06cc \u062f\u0631\u062e\u0648\u0627\u0633\u062a \u0645\u06cc\u06ba \u06a9\u0645\u06cc \u06a9\u06cc \u06c1\u06d2. <br/><br/><br/> \u0628\u06a9\u0646\u06af \u0646\u0645\u0628\u0631: #BOOKING_NUMBER# <br/><br/> \u0628\u06a9\u0646\u06af \u06a9\u06cc \u062a\u0627\u0631\u06cc\u062e: #Rider# <br/><br/><br/> \u0634\u06a9\u0631\u06cc\u06c1! #MailFooter# <br/></span>]"}, {"language": "AZ", "subject": "\u00dczr ist\u0259yirik! Talebiniz reddedildi!", "body": "[' ', <span><br/> H\u00f6rm\u0259tli #Rider# , <br/><br/> X\u0259st\u0259lik! #PROVIDER_NAME# t\u0259r\u0259find\u0259n i\u015fd\u0259n \u00e7\u0131xar\u0131l\u0131b. <br/><br/><br/> Rezervasyon No: #BOOKING_NUMBER# <br/><br/> Rezervasyon tarixi: #Rider# <br/><br/><br/> T\u0259\u015f\u0259kk\u00fcr edirik! #MailFooter# <br/></span>]"}, {"language": "ZH", "subject": "\u62b1\u6b49!\u60a8\u7684\u8bf7\u6c42\u5df2\u88ab\u62d2\u7edd\uff01", "body": "[' ', <span><br/>\u4eb2\u7231\u7684#Rider# \uff0c <br/><br/>\u54ce\u5440\uff01\u60a8\u7684\u8bf7\u6c42\u5df2\u88ab#PROVIDER_NAME#\u62d2\u7edd#PROVIDER_NAME#\u5df2\u62d2\u7edd\u60a8\u7684\u5de5\u4f5c\u8bf7\u6c42\u3002 <br/><br/><br/>\u9884\u8ba2\u53f7\u7801\uff1a #BOOKING_NUMBER# <br/><br/>\u9884\u8ba2\u65e5\u671f\uff1a #Rider# <br/><br/><br/>\u8c22\u8c22\uff01 #MailFooter# <br/></span>]"}, {"language": "PT", "subject": "Desculpa! Sua solicita\u00e7\u00e3o foi recusada!", "body": "[' ', <span><br/> Caro #Rider# , <br/><br/> Opa! Sua solicita\u00e7\u00e3o foi recusada por #PROVIDER_NAME# recusou sua solicita\u00e7\u00e3o de emprego. <br/><br/><br/> Reserva N\u00e3o: #BOOKING_NUMBER# <br/><br/> Data de reserva: #Rider# <br/><br/><br/> Obrigado! #MailFooter# <br/></span>]"}, {"language": "ZU", "subject": "Uxolo! Isicelo sakho sinqatshiwe!", "body": "[' ', <span><br/> Ngomunye #Rider# , <br/><br/> Eshu! Isicelo sakho senqatshelwe ngu- #PROVIDER_NAME# sinqabe isicelo sakho somsebenzi. <br/><br/><br/> I-No yokubhuka: #BOOKING_NUMBER# <br/><br/> Usuku Lokubhuka: #Rider# <br/><br/><br/> Siyabonga! #MailFooter# <br/></span>]"}, {"language": "SW", "subject": "Samahani! Ombi lako limepunguzwa!", "body": "[' ', <span><br/> Mpendwa #Rider# , <br/><br/> Lo! Ombi lako limekatwa na #PROVIDER_NAME# imepungua ombi lako la kazi. <br/><br/><br/> Uhifadhi No: #BOOKING_NUMBER# <br/><br/> Tarehe ya Marejeo: #Rider# <br/><br/><br/> Asante! #MailFooter# <br/></span>]"}, {"language": "KU", "subject": "Bibore! Daxwaza we Destn\u00ee\u015fankirin", "body": "[' ', <span><br/> Dear #Rider# , <br/><br/> Oops! #PROVIDER_NAME# we ji h\u00eala #PROVIDER_NAME# ji ber daxwaza kar\u00ea we k\u00eam kir. <br/><br/><br/> #BOOKING_NUMBER# Na: #BOOKING_NUMBER# <br/><br/> Booking Date: #Rider# <br/><br/><br/> Spas! #MailFooter# <br/></span>]"}, {"language": "MS", "subject": "Maaf! Permintaan Anda Telah Ditolak!", "body": "[' ', <span><br/> Dear #Rider# , <br/><br/> Oops! Permintaan anda telah ditolak oleh #PROVIDER_NAME# telah menolak permintaan kerja anda. <br/><br/><br/> Tempahan No: #BOOKING_NUMBER# <br/><br/> Tarikh Tempahan: #Rider# <br/><br/><br/> Terima kasih! #MailFooter# <br/></span>]"}, {"language": "SI", "subject": "\u0dc3\u0db8\u0dcf\u0dc0\u0db1\u0dca\u0db1! \u0d94\u0db6\u0d9c\u0dda \u0d89\u0dbd\u0dca\u0dbd\u0dd3\u0db8 \u0db4\u0dca\u0dbb\u0dad\u0dd2\u0d9a\u0dca\u0dc2\u0dda\u0db4 \u0dc0\u0dd3 \u0d87\u0dad!", "body": "[' ', <span><br/> \u0da9\u0dda\u0dc0\u0dd2\u0da9\u0dca #Rider# <br/><br/> \u0d85\u0db4\u0ddc\u0dba\u0dd2! \u0d94\u0db6\u0d9c\u0dda \u0d89\u0dbd\u0dca\u0dbd\u0dd3\u0db8 #PROVIDER_NAME# \u0dc0\u0dd2\u0dc3\u0dd2\u0db1\u0dca \u0d94\u0db6\u0d9c\u0dda \u0d89\u0dbd\u0dca\u0dbd\u0dd3\u0db8 \u0db4\u0dca\u0dbb\u0dad\u0dd2\u0d9a\u0dca\u0dc2\u0dda\u0db4 \u0d9a\u0dbb \u0d87\u0dad. <br/><br/><br/> \u0d85\u0d82\u0d9a: #BOOKING_NUMBER# <br/><br/> \u0dc0\u0dd9\u0db1\u0dca \u0dc0\u0dd9\u0db1\u0dca \u0daf\u0dd2\u0db1\u0dba: #Rider# <br/><br/><br/> \u0dc3\u0dca\u0dad\u0dd6\u0dad\u0dd2\u0dba\u0dd2! #MailFooter# <br/></span>]"}, {"language": "TA", "subject": "\u0bae\u0ba9\u0bcd\u0ba9\u0bbf\u0b95\u0bcd\u0b95\u0bb5\u0bc1\u0bae\u0bcd! \u0b89\u0b99\u0bcd\u0b95\u0bb3\u0bcd \u0b95\u0bcb\u0bb0\u0bbf\u0b95\u0bcd\u0b95\u0bc8 \u0ba8\u0bbf\u0bb0\u0bbe\u0b95\u0bb0\u0bbf\u0b95\u0bcd\u0b95\u0baa\u0bcd\u0baa\u0b9f\u0bcd\u0b9f\u0ba4\u0bc1!", "body": "[' ', <span><br/> \u0b85\u0ba9\u0bcd\u0baa\u0bc7 #Rider# , <br/><br/> \u0b85\u0b9a\u0bcd\u0b9a\u0b9a\u0bcd\u0b9a\u0bc7\u0bbe! \u0b89\u0b99\u0bcd\u0b95\u0bb3\u0bcd \u0b95\u0bcb\u0bb0\u0bbf\u0b95\u0bcd\u0b95\u0bc8\u0baf\u0bc8 #PROVIDER_NAME# \u0ba8\u0bbf\u0bb0\u0bbe\u0b95\u0bb0\u0bbf\u0ba4\u0bcd\u0ba4\u0ba4\u0bc1 \u0b89\u0b99\u0bcd\u0b95\u0bb3\u0bcd \u0bb5\u0bc7\u0bb2\u0bc8 \u0b95\u0bcb\u0bb0\u0bbf\u0b95\u0bcd\u0b95\u0bc8\u0baf\u0bc8 \u0ba8\u0bbf\u0bb0\u0bbe\u0b95\u0bb0\u0bbf\u0ba4\u0bcd\u0ba4\u0ba4\u0bc1. <br/><br/><br/> \u0bae\u0bc1\u0ba9\u0bcd\u0baa\u0ba4\u0bbf\u0bb5\u0bc1 \u0b87\u0bb2\u0bcd\u0bb2\u0bc8: #BOOKING_NUMBER# <br/><br/> \u0bae\u0bc1\u0ba9\u0bcd\u0baa\u0ba4\u0bbf\u0bb5\u0bc1 \u0ba4\u0bc7\u0ba4\u0bbf: #Rider# <br/><br/><br/> \u0ba8\u0ba9\u0bcd\u0bb1\u0bbf! #MailFooter# <br/></span>]"}, {"language": "VI", "subject": "L\u1ea5y l\u00e0m ti\u1ebfc! Y\u00eau c\u1ea7u c\u1ee7a b\u1ea1n \u0111\u00e3 b\u1ecb t\u1eeb ch\u1ed1i!", "body": "[' ', <span><br/> K\u00ednh g\u1eedi #Rider# , <br/><br/> R\u1ea5t ti\u1ebfc! Y\u00eau c\u1ea7u c\u1ee7a b\u1ea1n \u0111\u00e3 b\u1ecb t\u1eeb ch\u1ed1i b\u1edfi #PROVIDER_NAME# \u0111\u00e3 t\u1eeb ch\u1ed1i y\u00eau c\u1ea7u c\u00f4ng vi\u1ec7c c\u1ee7a b\u1ea1n. <br/><br/><br/> \u0110\u1eb7t s\u1ed1: #BOOKING_NUMBER# <br/><br/> Ng\u00e0y \u0111\u1eb7t ph\u00f2ng: #Rider# <br/><br/><br/> C\u1ea3m \u01a1n! #MailFooter# <br/></span>]"}, {"language": "TL", "subject": "Paumanhin! Ang iyong Kahilingan ay Tinanggihan!", "body": "[' ', <span><br/> Mahal #Rider# , <br/><br/> Oops! Ang iyong kahilingan ay tinanggihan ng #PROVIDER_NAME# ay tinanggihan ang iyong kahilingan sa trabaho. <br/><br/><br/> Hindi Nag-book: #BOOKING_NUMBER# <br/><br/> Petsa ng Pag-book: #Rider# <br/><br/><br/> Salamat! #MailFooter# <br/></span>]"}, {"language": "KM", "subject": "\u179f\u17bb\u17c6\u1791\u17c4\u179f! \u179f\u17c6\u178e\u17be\u179a\u1794\u179f\u17cb\u17a2\u17d2\u1793\u1780\u178f\u17d2\u179a\u17bc\u179c\u1794\u17b6\u1793\u1794\u178a\u17b7\u179f\u17c1\u1792!", "body": "[' ', <span><br/> \u1787\u17bc\u1793\u1785\u17c6\u1796\u17c4\u17c7 #Rider# <br/><br/> \u17a2\u17bc\u17ce! \u179f\u17c6\u178e\u17be\u179a\u1794\u179f\u17cb\u17a2\u17d2\u1793\u1780\u178f\u17d2\u179a\u17bc\u179c\u1794\u17b6\u1793\u1794\u178a\u17b7\u179f\u17c1\u1792\u178a\u17c4\u1799 #PROVIDER_NAME# \u1794\u17b6\u1793\u1794\u178a\u17b7\u179f\u17c1\u1792\u179f\u17c6\u178e\u17be\u179a\u1780\u17b6\u179a\u1784\u17b6\u179a\u179a\u1794\u179f\u17cb\u17a2\u17d2\u1793\u1780\u17d4 <br/><br/><br/> \u179b\u17c1\u1781\u1780\u1780\u17cb: #BOOKING_NUMBER# <br/><br/> \u1780\u17b6\u179b\u1794\u179a\u17b7\u1785\u17d2\u1786\u17c1\u1791\u1780\u1780\u17cb: #Rider# <br/><br/><br/> \u179f\u17bc\u1798\u17a2\u179a\u1782\u17bb\u178e! #MailFooter# <br/></span>]"}, {"language": "BN", "subject": "\u09a6\u09c1\u0983\u0996\u09bf\u09a4! \u0986\u09aa\u09a8\u09be\u09b0 \u0985\u09a8\u09c1\u09b0\u09cb\u09a7 \u09aa\u09cd\u09b0\u09a4\u09cd\u09af\u09be\u0996\u09cd\u09af\u09be\u09a8 \u0995\u09b0\u09be \u09b9\u09af\u09bc\u09c7\u099b\u09c7!", "body": "[' ', <span><br/> \u09aa\u09cd\u09b0\u09bf\u09af\u09bc #Rider# , <br/><br/> \u0993\u09b9\u09cb! \u0986\u09aa\u09a8\u09be\u09b0 \u0985\u09a8\u09c1\u09b0\u09cb\u09a7\u099f\u09bf \u09aa\u09cd\u09b0\u09a4\u09cd\u09af\u09be\u0996\u09cd\u09af\u09be\u09a8 \u0995\u09b0\u09be \u09b9\u09af\u09bc\u09c7\u099b\u09c7 #PROVIDER_NAME# \u0986\u09aa\u09a8\u09be\u09b0 \u0995\u09be\u099c\u09c7\u09b0 \u0985\u09a8\u09c1\u09b0\u09cb\u09a7 \u09aa\u09cd\u09b0\u09a4\u09cd\u09af\u09be\u0996\u09cd\u09af\u09be\u09a8 \u0995\u09b0\u09c7\u099b\u09c7\u0964 <br/><br/><br/> \u09ac\u09c1\u0995\u09bf\u0982 \u09a8\u09ae\u09cd\u09ac\u09b0: #BOOKING_NUMBER# <br/><br/> \u09ac\u09c1\u0995\u09bf\u0982 \u09a4\u09be\u09b0\u09bf\u0996: #Rider# <br/><br/><br/> \u09a7\u09a8\u09cd\u09af\u09ac\u09be\u09a6! #MailFooter# <br/></span>]"}, {"language": "JA", "subject": "\u3054\u3081\u3093\u306a\u3055\u3044\uff01\u3042\u306a\u305f\u306e\u8981\u6c42\u306f\u62d2\u5426\u3055\u308c\u307e\u3057\u305f\uff01", "body": "[' ', <span><br/> #Rider# <br/><br/>\u304a\u3063\u3068\u3063\u3068\uff01 #PROVIDER_NAME#\u304c\u3042\u306a\u305f\u306e\u8981\u6c42\u3092\u62d2\u5426\u3057\u307e\u3057\u305f\u3002 #PROVIDER_NAME#\u306f\u3042\u306a\u305f\u306e\u8981\u6c42\u3092\u62d2\u5426\u3057\u307e\u3057\u305f\u3002 <br/><br/><br/>\u4e88\u7d04\u756a\u53f7\uff1a #BOOKING_NUMBER# <br/><br/>\u4e88\u7d04\u65e5\uff1a #Rider# <br/><br/><br/>\u3042\u308a\u304c\u3068\u3046\u3054\u3056\u3044\u307e\u3059\u3002 #MailFooter# <br/></span>]"}, {"language": "KO", "subject": "\uc8c4\uc1a1\ud569\ub2c8\ub2e4! \uadc0\ud558\uc758 \uc694\uccad\uc774 \uac70\ubd80\ub418\uc5c8\uc2b5\ub2c8\ub2e4!", "body": "[' ', <span><br/> \uce5c\uc560\ud558\ub294 #Rider# <br/><br/> \uc8c4\uc1a1\ud569\ub2c8\ub2e4. #PROVIDER_NAME# \uc774 \uc791\uc5c5 \uc694\uccad\uc744 \uac70\ubd80\ud558\uc5ec \uc694\uccad\uc774 \uac70\ubd80\ub418\uc5c8\uc2b5\ub2c8\ub2e4. <br/><br/><br/> \uc608\uc57d \ubc88\ud638 : #BOOKING_NUMBER# <br/><br/> \uc608\uc57d \ub0a0\uc9dc : #Rider# <br/><br/><br/> \uac10\uc0ac! #MailFooter# <br/></span>]"}, {"language": "YO", "subject": "Binu! A ti D\u00e1 Ibere R\u1eb9 R\u1ecd!", "body": "[' ', <span><br/> Eyin #Rider# , <br/><br/> Yeee! A ti #PROVIDER_NAME# \u00ecb\u00e9\u00e8r\u00e8 r\u1eb9 nipas\u1eb9 #PROVIDER_NAME# ti k\u1ecd i\u1e63\u1eb9 r\u1eb9 sil\u1eb9. <br/><br/><br/> Fowo si Ko si: #BOOKING_NUMBER# <br/><br/> \u1eccj\u1ecd Iwewewe: #Rider# <br/><br/><br/> O \u1e63eun! #MailFooter# <br/></span>]"}, {"language": "TR", "subject": "Afedersiniz! \u0130ste\u011finiz Reddedildi!", "body": "[' ', <span><br/> Sevgili #Rider# , <br/><br/> Hata! \u0130ste\u011finiz #PROVIDER_NAME# taraf\u0131ndan reddedildi, i\u015f iste\u011finizi reddetti. <br/><br/><br/> Rezervasyon No: #BOOKING_NUMBER# <br/><br/> Rezervasyon Tarihi: #Rider# <br/><br/><br/> Te\u015fekk\u00fcrler! #MailFooter# <br/></span>]"}, {"language": "RU", "subject": "\u0421\u043e\u0436\u0430\u043b\u0435\u044e! \u0412\u0430\u0448 \u0437\u0430\u043f\u0440\u043e\u0441 \u0431\u044b\u043b \u043e\u0442\u043a\u043b\u043e\u043d\u0435\u043d!", "body": "[' ', <span><br/> \u0423\u0432\u0430\u0436\u0430\u0435\u043c\u044b\u0439 #Rider# , <br/><br/> \u041a <span>\u0441\u043e\u0436\u0430\u043b\u0435\u043d\u0438\u044e! \u0412\u0430\u0448 \u0437\u0430\u043f\u0440\u043e\u0441 \u0431\u044b\u043b \u043e\u0442\u043a\u043b\u043e\u043d\u0435\u043d #PROVIDER_NAME# \u043e\u0442\u043a\u043b\u043e\u043d\u0438\u043b \u0432\u0430\u0448 \u0437\u0430\u043f\u0440\u043e\u0441 \u043d\u0430 \u0440\u0430\u0431\u043e\u0442\u0443. <br/><br/><br/> \u041d\u043e\u043c\u0435\u0440 \u0431\u0440\u043e\u043d\u0438\u0440\u043e\u0432\u0430\u043d\u0438\u044f: #BOOKING_NUMBER# <br/><br/> \u0414\u0430\u0442\u0430 \u0431\u0440\u043e\u043d\u0438\u0440\u043e\u0432\u0430\u043d\u0438\u044f: #Rider# <br/><br/><br/> \u0421\u043f\u0430\u0441\u0438\u0431\u043e! #MailFooter# <br/></span></span>]"}, {"language": "FA", "subject": "\u0645\u062a\u0627\u0633\u0641! \u062f\u0631\u062e\u0648\u0627\u0633\u062a \u0634\u0645\u0627 \u0644\u063a\u0648 \u0634\u062f\u0647 \u0627\u0633\u062a", "body": "[' ', <span><br/> \u0639\u0632\u06cc\u0632 #Rider# <br/><br/> \u0648\u0627\u06cc! \u062f\u0631\u062e\u0648\u0627\u0633\u062a \u0634\u0645\u0627 \u062a\u0648\u0633\u0637 #PROVIDER_NAME# \u0644\u063a\u0648 \u062f\u0631\u062e\u0648\u0627\u0633\u062a \u06a9\u0627\u0631 \u0634\u0645\u0627 \u0631\u0627 \u0631\u062f \u06a9\u0631\u062f\u0647 \u0627\u0633\u062a. <br/><br/><br/> \u0631\u0632\u0631\u0648 \u0628\u062f\u0648\u0646: #BOOKING_NUMBER# <br/><br/> \u062a\u0627\u0631\u06cc\u062e \u0631\u0632\u0631\u0648: #Rider# <br/><br/><br/> \u0628\u0627 \u062a\u0634\u06a9\u0631! #MailFooter# <br/></span>]"}, {"language": "MY", "subject": "Sorry! \u101e\u1004\u103a\u1037\u101b\u1032\u1037\u1010\u1031\u102c\u1004\u103a\u1038\u1006\u102d\u102f\u1019\u103e\u102f\u1004\u103c\u1004\u103a\u1038\u1006\u102d\u102f\u1001\u1032\u1037\u1015\u102b\u101e\u100a\u103a!", "body": "[' ', <span><br/> \u1001\u103b\u1005\u103a\u1001\u1004\u103a\u101b\u1015\u102b\u101e\u1031\u102c #Rider# , <br/><br/> \u101e\u100a\u103a\u1038\u1001\u1036\u1015\u102b! \u101e\u1004\u103a\u1037\u101b\u1032\u1037\u1010\u1031\u102c\u1004\u103b\u1038\u1006\u102d\u102f\u1001\u1000\u103b\u103c\u1016\u103d\u1004\u103b\u1037\u1004\u103c\u1004\u103a\u1038\u1006\u102d\u102f\u1001\u1032\u1037\u1015\u102b\u101e\u100a\u103a #PROVIDER_NAME# \u101e\u1004\u103a\u104f\u1021\u101c\u102f\u1015\u103a\u1010\u1031\u102c\u1004\u103a\u1038\u1006\u102d\u102f\u1001\u103b\u1000\u103a\u1000\u102d\u102f\u1004\u103c\u1004\u103a\u1038\u1006\u1014\u103a\u1001\u1032\u1037\u101e\u100a\u103a\u104b <br/><br/><br/> : \u1021\u1018\u101a\u103a\u101e\u1030\u1019\u103b\u103e\u1019 booking #BOOKING_NUMBER# <br/><br/> \u1018\u103d\u1010\u103a\u1000\u1004\u103a\u1014\u1031\u1037\u1005\u103d\u1032: #Rider# <br/><br/><br/> \u1000\u103b\u1031\u1038\u1007\u1030\u1038\u1010\u1004\u103a\u1015\u102b\u1010\u101a\u103a! #MailFooter# <br/></span>]"}, {"language": "HI", "subject": "\u092e\u093e\u092b\u093c \u0915\u0940\u091c\u093f\u092f\u0947! \u0906\u092a\u0915\u093e \u0905\u0928\u0941\u0930\u094b\u0927 \u0905\u0938\u094d\u0935\u0940\u0915\u093e\u0930 \u0915\u0930 \u0926\u093f\u092f\u093e \u0917\u092f\u093e \u0939\u0948!", "body": "[' ', <span><br/> \u092a\u094d\u0930\u093f\u092f #Rider# , <br/><br/> \u090a\u092a\u094d\u0938! \u0906\u092a\u0915\u0947 \u0905\u0928\u0941\u0930\u094b\u0927 \u0915\u094b #PROVIDER_NAME# \u0926\u094d\u0935\u093e\u0930\u093e \u0905\u0938\u094d\u0935\u0940\u0915\u093e\u0930 \u0915\u0930 \u0926\u093f\u092f\u093e \u0917\u092f\u093e \u0939\u0948 #PROVIDER_NAME# \u0906\u092a\u0915\u0947 \u0928\u094c\u0915\u0930\u0940 \u0905\u0928\u0941\u0930\u094b\u0927 \u0915\u094b \u0905\u0938\u094d\u0935\u0940\u0915\u093e\u0930 \u0915\u0930 \u0926\u093f\u092f\u093e \u0939\u0948\u0964 <br/><br/><br/> \u092c\u0941\u0915\u093f\u0902\u0917 \u0928\u0902\u092c\u0930: #BOOKING_NUMBER# <br/><br/> \u092c\u0941\u0915\u093f\u0902\u0917 \u0915\u0940 \u0924\u093e\u0930\u0940\u0916: #Rider# <br/><br/><br/> \u0927\u0928\u094d\u092f\u0935\u093e\u0926! #MailFooter# <br/></span>]"}, {"language": "IW", "subject": "\u05de\u05e6\u05d8\u05e2\u05e8! \u05d1\u05e7\u05e9\u05ea\u05da \u05e0\u05d3\u05d7\u05ea\u05d4!", "body": "[' ', <span><br/> \u05d9\u05e7\u05e8 #Rider# , <br/><br/> \u05d0\u05d5\u05e4\u05e1! \u05d4\u05d1\u05e7\u05e9\u05d4 \u05e9\u05dc\u05da \u05e0\u05d3\u05d7\u05ea\u05d4 \u05e2\u05dc \u05d9\u05d3\u05d9 #PROVIDER_NAME# \u05d3\u05d7\u05d4 \u05d0\u05ea \u05d1\u05e7\u05e9\u05ea \u05d4\u05e2\u05d1\u05d5\u05d3\u05d4 \u05e9\u05dc\u05da. <br/><br/><br/> \u05de\u05e1\u05e4\u05e8 \u05d4\u05d4\u05d6\u05de\u05e0\u05d4: #BOOKING_NUMBER# <br/><br/> \u05ea\u05d0\u05e8\u05d9\u05da \u05d4\u05d4\u05d6\u05de\u05e0\u05d4: #Rider# <br/><br/><br/> \u05ea\u05d5\u05d3\u05d4! #MailFooter# <br/></span>]"}, {"language": "FR", "subject": "Pardon! Votre demande a \u00e9t\u00e9 refus\u00e9e!", "body": "[' ', <span><br/> Cher #Rider# , <br/><br/> Oops! Votre demande a \u00e9t\u00e9 refus\u00e9e par #PROVIDER_NAME# a refus\u00e9 votre demande d'emploi. <br/><br/><br/> #BOOKING_NUMBER# r\u00e9servation: #BOOKING_NUMBER# <br/><br/> Date de r\u00e9servation: #Rider# <br/><br/><br/> Merci! #MailFooter# <br/></span>]"}, {"language": "DA", "subject": "Undskyld! Din anmodning er blevet afvist!", "body": "[' ', <span><br/> K\u00e6re #Rider# , <br/><br/> Ups! Din anmodning er blevet afvist af #PROVIDER_NAME# har afvist din jobs\u00f8gning. <br/><br/><br/> Booking nr .: #BOOKING_NUMBER# <br/><br/> Booking Dato: #Rider# <br/><br/><br/> Tak! #MailFooter# <br/></span>]"}]}