{"purpose": "To Send User When Order Confirmed", "templates": [{"language": "AF", "subject": "U Bevestigde bestelling ontvangs", "body": "[' ', <b>Liewe</b>, ' #Rider# , ', <br/>, <br/>, ' Dankie dat jy CubeJekShark ! U bestelling is bevestig en sal binnekort gelewer word. Kyk daarna om u te dien ', <br/>, <br/>, ' #details# ', <br/>, ' ', <br/>, ' ', <b>Dankie! #MailFooter#</b>, ' ', <br/>]"}, {"language": "EN", "subject": "Your Confirmed order receipt", "body": "[' ', <b>Dear </b>, '#Rider#,', <br/>, <br/>, 'Thanks for using CubeJekShark! Your order has been confirmed and will be delivered shortly.Look forward to serving you', <br/>, <br/>, '#details#', <br/>, <br/>, <b>Thanks!  #MailFooter#</b>, <br/>]"}, {"language": "TH", "subject": "\u0e43\u0e1a\u0e40\u0e2a\u0e23\u0e47\u0e08\u0e01\u0e32\u0e23\u0e2a\u0e31\u0e48\u0e07\u0e0b\u0e37\u0e49\u0e2d\u0e02\u0e2d\u0e07\u0e04\u0e38\u0e13\u0e44\u0e14\u0e49\u0e23\u0e31\u0e1a\u0e01\u0e32\u0e23\u0e22\u0e37\u0e19\u0e22\u0e31\u0e19", "body": "[' ', <b>\u0e40\u0e23\u0e35\u0e22\u0e19</b>, ' #Rider# ', <br/>, <br/>, ' \u0e02\u0e2d\u0e1a\u0e04\u0e38\u0e13\u0e17\u0e35\u0e48\u0e43\u0e0a\u0e49 CubeJekShark ! \u0e2d\u0e2d\u0e40\u0e14\u0e2d\u0e23\u0e4c\u0e02\u0e2d\u0e07\u0e04\u0e38\u0e13\u0e44\u0e14\u0e49\u0e23\u0e31\u0e1a\u0e01\u0e32\u0e23\u0e22\u0e37\u0e19\u0e22\u0e31\u0e19\u0e41\u0e25\u0e49\u0e27\u0e41\u0e25\u0e30\u0e08\u0e30\u0e08\u0e31\u0e14\u0e2a\u0e48\u0e07\u0e43\u0e19\u0e44\u0e21\u0e48\u0e0a\u0e49\u0e32 ', <br/>, <br/>, ' #details# ', <br/>, ' ', <br/>, ' ', <b>\u0e02\u0e2d\u0e1a\u0e04\u0e38\u0e13! #MailFooter#</b>, ' ', <br/>]"}, {"language": "ID", "subject": "Tanda terima pesanan terkonfirmasi Anda", "body": "[' ', <b>Dear</b>, ' #Rider# , ', <br/>, <br/>, ' Terima kasih telah menggunakan CubeJekShark ! Pesanan Anda telah dikonfirmasi dan akan dikirim segera. Berharap dapat melayani Anda ', <br/>, <br/>, ' #details# ', <br/>, ' ', <br/>, ' ', <b>Terima kasih! #MailFooter#</b>, ' ', <br/>]"}, {"language": "DE", "subject": "Ihre best\u00e4tigte Auftragsbest\u00e4tigung", "body": "[' ', <b>Sehr geehrter</b>, ' #Rider# , ', <br/>, <br/>, ' Vielen Dank, dass Sie CubeJekShark ! Ihre Bestellung wurde best\u00e4tigt und wird in K\u00fcrze geliefert. Wir freuen uns auf Sie ', <br/>, <br/>, ' #details# ', <br/>, ' ', <br/>, ' ', <b>Vielen Dank! #MailFooter#</b>, ' ', <br/>]"}, {"language": "ES", "subject": "Su recibo de pedido confirmado", "body": "[' ', <b>Estimado</b>, ' #Rider# , ', <br/>, <br/>, ' Gracias por usar CubeJekShark ! Su pedido ha sido confirmado y se entregar\u00e1 en breve. Esperamos poder servirle ', <br/>, <br/>, ' #details# ', <br/>, ' ', <br/>, ' ', <b>\u00a1Gracias! #MailFooter#</b>, ' ', <br/>]"}, {"language": "IT", "subject": "La ricevuta dell'ordine confermata", "body": "[' ', <b>Caro</b>, ' #Rider# , ', <br/>, <br/>, ' Grazie per aver utilizzato CubeJekShark ! Il tuo ordine \u00e8 stato confermato e verr\u00e0 consegnato a breve. Aspetta di servirti ', <br/>, <br/>, ' #details# ', <br/>, ' ', <br/>, ' ', <b>Grazie! #MailFooter#</b>, ' ', <br/>]"}, {"language": "AR", "subject": "\u062a\u0623\u0643\u064a\u062f \u0627\u0633\u062a\u0644\u0627\u0645 \u0627\u0644\u0637\u0644\u0628 \u0627\u0644\u062e\u0627\u0635 \u0628\u0643", "body": "[' ', <b>\u0639\u0632\u064a\u0632\u064a</b>, ' #Rider# \u060c ', <br/>, <br/>, ' \u0634\u0643\u0631\u0627 \u0644\u0627\u0633\u062a\u062e\u062f\u0627\u0645\u0643 CubeJekShark ! \u062a\u0645 \u062a\u0623\u0643\u064a\u062f \u0637\u0644\u0628\u0643 \u0648\u0633\u064a\u062a\u0645 \u062a\u0633\u0644\u064a\u0645\u0647 \u0642\u0631\u064a\u0628\u064b\u0627. \u0646\u062a\u0637\u0644\u0639 \u0625\u0644\u0649 \u062e\u062f\u0645\u062a\u0643 ', <br/>, <br/>, ' #details# ', <br/>, ' ', <br/>, ' ', <b>\u0634\u0643\u0631! #MailFooter#</b>, ' ', <br/>]"}, {"language": "UR", "subject": "\u0622\u067e \u06a9\u0627 \u062a\u0648\u062b\u06cc\u0642\u06cc \u062d\u06a9\u0645 \u0631\u0633\u06cc\u062f", "body": "[' ', <b>\u0639\u0632\u06cc\u0632</b>, ' #Rider# ', <br/>, <br/>, ' CubeJekShark \u0627\u0633\u062a\u0639\u0645\u0627\u0644 \u06a9\u0631\u0646\u06d2 \u06a9\u06d2 \u0644\u0626\u06d2 \u0634\u06a9\u0631\u06cc\u06c1! \u0622\u067e \u06a9\u0627 \u0622\u0631\u0688\u0631 \u0627\u0633 \u0628\u0627\u062a \u06a9\u06cc \u062a\u0635\u062f\u06cc\u0642 \u06a9\u06cc \u06af\u0626\u06cc \u06c1\u06d2 \u0627\u0648\u0631 \u062c\u0644\u062f \u06c1\u06cc \u0641\u0631\u0627\u06c1\u0645 \u06a9\u06cc \u062c\u0627\u0626\u06d2 \u06af\u06cc. \u0622\u067e \u06a9\u06cc \u062e\u062f\u0645\u062a \u06a9\u0631\u0646\u06d2 \u06a9\u06cc\u0644\u0626\u06d2 \u0622\u06af\u06d2 \u0628\u0691\u06be\u06cc\u06ba ', <br/>, <br/>, ' #details# ', <br/>, ' ', <br/>, ' ', <b>\u0634\u06a9\u0631\u06cc\u06c1! #MailFooter#</b>, ' ', <br/>]"}, {"language": "AZ", "subject": "T\u0259sdiq edilmi\u015f sifari\u015f q\u0259bziniz", "body": "[' ', <b>H\u00f6rm\u0259tli</b>, ' #Rider# , ', <br/>, <br/>, ' CubeJekShark istifad\u0259 etdiyiniz \u00fc\u00e7\u00fcn t\u0259\u015f\u0259kk\u00fcr edirik! Sifari\u015finiz t\u0259sdiql\u0259nib v\u0259 q\u0131sa m\u00fcdd\u0259td\u0259 \u00e7atd\u0131r\u0131lacaqd\u0131r ', <br/>, <br/>, ' #details# ', <br/>, ' ', <br/>, ' ', <b>T\u0259\u015f\u0259kk\u00fcr edirik! #MailFooter#</b>, ' ', <br/>]"}, {"language": "ZH", "subject": "\u60a8\u786e\u8ba4\u7684\u8ba2\u5355\u6536\u636e", "body": "[' ', <b>\u4eb2\u7231\u7684</b>, ' #Rider# \uff0c ', <br/>, <br/>, '\u611f\u8c22\u60a8\u4f7f\u7528CubeJekShark \uff01\u60a8\u7684\u8ba2\u5355\u5df2\u7ecf\u786e\u8ba4\uff0c\u5e76\u5c06\u5f88\u5feb\u4ea4\u4ed8\u3002\u671f\u5f85\u4e3a\u60a8\u670d\u52a1', <br/>, <br/>, ' #details# ', <br/>, ' ', <br/>, ' ', <b>\u8c22\u8c22\uff01 #MailFooter#</b>, ' ', <br/>]"}, {"language": "PT", "subject": "Seu recibo de pedido confirmado", "body": "[' ', <b>Caro</b>, ' #Rider# , ', <br/>, <br/>, ' Obrigado por usar o CubeJekShark ! Seu pedido foi confirmado e ser\u00e1 entregue em breve. ', <br/>, <br/>, ' #details# ', <br/>, ' ', <br/>, ' ', <b>Obrigado! #MailFooter#</b>, ' ', <br/>]"}, {"language": "ZU", "subject": "Iresidi yakho ye-oda eqinisekisiwe", "body": "[' ', <b>Ngomunye</b>, ' #Rider# , ', <br/>, <br/>, ' Siyabonga ngokusebenzisa i- CubeJekShark ! I-oda lakho liqinisekisiwe futhi lizonikelwa maduzane.Luka phambili ekukhonzeni ', <br/>, <br/>, ' #details# ', <br/>, ' ', <br/>, ' ', <b>Siyabonga! #MailFooter#</b>, ' ', <br/>]"}, {"language": "SW", "subject": "Hati yako ya amri iliyohakikishiwa", "body": "[' ', <b>Mpendwa</b>, ' #Rider# , ', <br/>, <br/>, ' Asante kwa kutumia CubeJekShark ! Amri yako imethibitishwa na itawasilishwa kwa muda mfupi.Kuangalia mbele kukuhudumia ', <br/>, <br/>, ' #details# ', <br/>, ' ', <br/>, ' ', <b>Asante! #MailFooter#</b>, ' ', <br/>]"}, {"language": "KU", "subject": "Sermaseya te ya pejirand\u00ee", "body": "[' ', <b>Dear</b>, ' #Rider# , ', <br/>, <br/>, ' Thanks for CubeJekShark using Armanca we pejirandiye \u00fb bi demeke kurt vekir\u00ee be ', <br/>, <br/>, ' #details# ', <br/>, ' ', <br/>, ' ', <b>Spas! #MailFooter#</b>, ' ', <br/>]"}, {"language": "MS", "subject": "Resit pesanan yang disahkan", "body": "[' ', <b>Dear</b>, ' #Rider# , ', <br/>, <br/>, ' Terima kasih kerana menggunakan CubeJekShark ! Pesanan anda telah disahkan dan akan dihantar tidak lama lagi.Lihat ke hadapan untuk melayani anda ', <br/>, <br/>, ' #details# ', <br/>, ' ', <br/>, ' ', <b>Terima kasih! #MailFooter#</b>, ' ', <br/>]"}, {"language": "SI", "subject": "\u0d94\u0db6\u0d9c\u0dda \u0dc3\u0dca\u0dae\u0dd2\u0dbb \u0d87\u0dab\u0dc0\u0dd4\u0db8\u0dca \u0dbd\u0daf\u0dd4\u0db4\u0dad", "body": "[' ', <b>\u0da9\u0dda\u0dc0\u0dd2\u0da9\u0dca</b>, ' #Rider# ', <br/>, <br/>, ' CubeJekShark \u0db7\u0dcf\u0dc0\u0dd2\u0dad\u0dcf \u0d9a\u0dd2\u0dbb\u0dd3\u0db8 \u0dc3\u0db3\u0dc4\u0dcf \u0dc3\u0dca\u0dad\u0dd6\u0dad\u0dd2\u0dba\u0dd2! \u0d94\u0db6\u0d9c\u0dda \u0d87\u0dab\u0dc0\u0dd4\u0db8 \u0dc3\u0dca\u0dae\u0dd2\u0dbb \u0d9a\u0dbb \u0d87\u0dad\u0dd2 \u0d85\u0dad\u0dbb, \u0d91\u0dba \u0d9a\u0dd9\u0da7\u0dd2 \u0d9a\u0dbd\u0d9a\u0dd2\u0db1\u0dca \u0d89\u0daf\u0dd2\u0dbb\u0dd2\u0db4\u0dad\u0dca \u0d9a\u0dbb\u0db1\u0dd4 \u0dbd\u0dd0\u0db6\u0dda ', <br/>, <br/>, ' #details# ', <br/>, ' ', <br/>, ' ', <b>\u0dc3\u0dca\u0dad\u0dd6\u0dad\u0dd2\u0dba\u0dd2! #MailFooter#</b>, ' ', <br/>]"}, {"language": "TA", "subject": "\u0b89\u0b99\u0bcd\u0b95\u0bb3\u0bcd \u0b89\u0bb1\u0bc1\u0ba4\u0bbf\u0b9a\u0bc6\u0baf\u0bcd\u0baf\u0baa\u0bcd\u0baa\u0b9f\u0bcd\u0b9f \u0b86\u0bb0\u0bcd\u0b9f\u0bb0\u0bcd \u0bb0\u0b9a\u0bc0\u0ba4\u0bc1", "body": "[' ', <b>\u0b85\u0ba9\u0bcd\u0baa\u0bc7</b>, ' #Rider# , ', <br/>, <br/>, ' CubeJekShark \u0b90\u0baa\u0bcd \u0baa\u0baf\u0ba9\u0bcd\u0baa\u0b9f\u0bc1\u0ba4\u0bcd\u0ba4\u0bc1\u0bb5\u0ba4\u0bb1\u0bcd\u0b95\u0bc1 \u0ba8\u0ba9\u0bcd\u0bb1\u0bbf! \u0b89\u0b99\u0bcd\u0b95\u0bb3\u0bcd \u0b86\u0bb0\u0bcd\u0b9f\u0bb0\u0bcd \u0b89\u0bb1\u0bc1\u0ba4\u0bbf\u0baa\u0bcd\u0baa\u0b9f\u0bc1\u0ba4\u0bcd\u0ba4\u0baa\u0bcd\u0baa\u0b9f\u0bcd\u0b9f\u0bc1 \u0bb5\u0bbf\u0bb0\u0bc8\u0bb5\u0bbf\u0bb2\u0bcd \u0bb5\u0bb4\u0b99\u0bcd\u0b95\u0baa\u0bcd\u0baa\u0b9f\u0bc1\u0bae\u0bcd.\u0b89\u0b99\u0bcd\u0b95\u0bb3\u0bc1\u0b95\u0bcd\u0b95\u0bc1 \u0b9a\u0bc7\u0bb5\u0bc8 \u0b9a\u0bc6\u0baf\u0bcd\u0bb5\u0ba4\u0bb1\u0bcd\u0b95\u0bc1 \u0bae\u0bc1\u0ba9\u0bcd\u0ba9\u0bcb\u0b95\u0bcd\u0b95\u0bbf \u0baa\u0bbe\u0bb0\u0bcd ', <br/>, <br/>, ' #details# ', <br/>, ' ', <br/>, ' ', <b>\u0ba8\u0ba9\u0bcd\u0bb1\u0bbf! #MailFooter#</b>, ' ', <br/>]"}, {"language": "VI", "subject": "Bi\u00ean nh\u1eadn \u0111\u01a1n h\u00e0ng \u0111\u00e3 \u0111\u01b0\u1ee3c x\u00e1c nh\u1eadn c\u1ee7a b\u1ea1n", "body": "[' ', <b>K\u00ednh g\u1eedi</b>, ' #Rider# , ', <br/>, <br/>, ' C\u1ea3m \u01a1n b\u1ea1n \u0111\u00e3 s\u1eed d\u1ee5ng CubeJekShark ! \u0110\u01a1n h\u00e0ng c\u1ee7a b\u1ea1n \u0111\u00e3 \u0111\u01b0\u1ee3c x\u00e1c nh\u1eadn v\u00e0 s\u1ebd \u0111\u01b0\u1ee3c giao ngay. Mong \u0111\u01b0\u1ee3c ph\u1ee5c v\u1ee5 b\u1ea1n ', <br/>, <br/>, ' #details# ', <br/>, ' ', <br/>, ' ', <b>C\u1ea3m \u01a1n! #MailFooter#</b>, ' ', <br/>]"}, {"language": "TL", "subject": "Resibo ng iyong Nakumpirma na order", "body": "[' ', <b>Mahal</b>, ' #Rider# , ', <br/>, <br/>, ' Salamat sa paggamit ng CubeJekShark ! Ang iyong order ay nakumpirma na at ibibigay sa ilang sandali. Tumingin sa paglilingkod sa iyo ', <br/>, <br/>, ' #details# ', <br/>, ' ', <br/>, ' ', <b>Salamat! #MailFooter#</b>, ' ', <br/>]"}, {"language": "KM", "subject": "\u179c\u17b7\u1780\u17d0\u1799\u1794\u17d0\u178f\u17d2\u179a\u179b\u17c6\u178a\u17b6\u1794\u17cb\u1794\u1789\u17d2\u1787\u17b6\u1780\u17cb\u179a\u1794\u179f\u17cb\u17a2\u17d2\u1793\u1780", "body": "[' ', <b>\u1787\u17bc\u1793\u1785\u17c6\u1796\u17c4\u17c7</b>, ' #Rider# ', <br/>, <br/>, ' \u17a2\u179a\u1782\u17bb\u178e\u179f\u1798\u17d2\u179a\u17b6\u1794\u17cb\u1780\u17b6\u179a\u1794\u17d2\u179a\u17be CubeJekShark ! \u1780\u17b6\u179a\u1794\u1789\u17d2\u1787\u17b6\u1791\u17b7\u1789\u179a\u1794\u179f\u17cb\u17a2\u17d2\u1793\u1780\u178f\u17d2\u179a\u17bc\u179c\u1794\u17b6\u1793\u1794\u1789\u17d2\u1787\u17b6\u1780\u17cb\u17a0\u17be\u1799\u1793\u17b9\u1784\u178f\u17d2\u179a\u17bc\u179c\u1794\u17b6\u1793\u1794\u1789\u17d2\u1787\u17bc\u1793\u1780\u17d2\u1793\u17bb\u1784\u1796\u17c1\u179b\u1786\u17b6\u1794\u17cb\u17d7\u17d4 \u1798\u17be\u179b\u1791\u17c5\u1798\u17bb\u1781\u178a\u17be\u1798\u17d2\u1794\u17b8\u1794\u1798\u17d2\u179a\u17be\u17a2\u17d2\u1793\u1780 ', <br/>, <br/>, ' #details# ', <br/>, ' ', <br/>, ' ', <b>\u179f\u17bc\u1798\u17a2\u179a\u1782\u17bb\u178e! #MailFooter#</b>, ' ', <br/>]"}, {"language": "BN", "subject": "\u0986\u09aa\u09a8\u09be\u09b0 \u09a8\u09bf\u09b6\u09cd\u099a\u09bf\u09a4 \u0986\u09a6\u09c7\u09b6 \u09aa\u09cd\u09b0\u09be\u09aa\u09cd\u09a4\u09bf", "body": "[' ', <b>\u09aa\u09cd\u09b0\u09bf\u09af\u09bc</b>, ' #Rider# , ', <br/>, <br/>, ' CubeJekShark \u09ac\u09cd\u09af\u09ac\u09b9\u09be\u09b0 \u0995\u09b0\u09be\u09b0 \u099c\u09a8\u09cd\u09af \u09a7\u09a8\u09cd\u09af\u09ac\u09be\u09a6! \u0986\u09aa\u09a8\u09be\u09b0 \u0985\u09b0\u09cd\u09a1\u09be\u09b0 \u09a8\u09bf\u09b6\u09cd\u099a\u09bf\u09a4 \u0995\u09b0\u09be \u09b9\u09af\u09bc\u09c7\u099b\u09c7 \u098f\u09ac\u0982 \u09b6\u09c0\u0998\u09cd\u09b0\u0987 \u09ac\u09bf\u09a4\u09b0\u09a3 \u0995\u09b0\u09be \u09b9\u09ac\u09c7\u0964 \u0986\u09aa\u09a8\u09bf \u09aa\u09b0\u09bf\u09ac\u09c7\u09b6\u09a8 \u098f\u0997\u09bf\u09af\u09bc\u09c7 \u09a6\u09c7\u0996\u09c1\u09a8 ', <br/>, <br/>, ' #details# ', <br/>, ' ', <br/>, ' ', <b>\u09a7\u09a8\u09cd\u09af\u09ac\u09be\u09a6! #MailFooter#</b>, ' ', <br/>]"}, {"language": "JA", "subject": "\u78ba\u8a8d\u6e08\u307f\u306e\u6ce8\u6587\u53d7\u9818", "body": "[' ', <b>\u89aa\u611b\u306a\u308b</b>, ' #Rider# \u3001 ', <br/>, <br/>, ' CubeJekShark\u3092\u3054\u5229\u7528\u3044\u305f\u3060\u304d\u3042\u308a\u304c\u3068\u3046\u3054\u3056\u3044\u307e\u3059\u3002\u3054\u6ce8\u6587\u306f\u78ba\u8a8d\u3055\u308c\u3001\u307e\u3082\u306a\u304f\u914d\u4fe1\u3055\u308c\u307e\u3059\u3002 ', <br/>, <br/>, ' #details# ', <br/>, ' ', <br/>, ' ', <b>\u3042\u308a\u304c\u3068\u3046\u3054\u3056\u3044\u307e\u3059\u3002 #MailFooter#</b>, ' ', <br/>]"}, {"language": "KO", "subject": "\uc8fc\ubb38 \ud655\uc778 \uc601\uc218\uc99d", "body": "[' ', <b>\uce5c\uc560\ud558\ub294</b>, ' #Rider# ', <br/>, <br/>, ' CubeJekShark \uc744 \uc0ac\uc6a9\ud574 \uc8fc\uc154\uc11c \uac10\uc0ac\ud569\ub2c8\ub2e4! \uc8fc\ubb38\uc774 \ud655\uc778\ub418\uc5b4 \uace7 \ubc30\ub2ec \ub420 \uac83\uc785\ub2c8\ub2e4. \uc55e\uc73c\ub85c \uc11c\ube44\uc2a4\ub97c \uc81c\uacf5\ud558\uaca0\uc2b5\ub2c8\ub2e4. ', <br/>, <br/>, ' #details# ', <br/>, ' ', <br/>, ' ', <b>\uac10\uc0ac! #MailFooter#</b>, ' ', <br/>]"}, {"language": "YO", "subject": "Ilana ti a ti fi idi r\u1eb9 leti", "body": "[' ', <b>Eyin</b>, ' #Rider# , ', <br/>, <br/>, ' O \u1e63eun fun lilo CubeJekShark ! A ti fi idi a\u1e63\u1eb9 r\u1eb9 mul\u1eb9 ati pe ao firan\u1e63\u1eb9 ni k\u00e1nkan. \u1e62iyesi siwaju si s\u00ecn \u1ecd ', <br/>, <br/>, ' #details# ', <br/>, ' ', <br/>, ' ', <b>O \u1e63eun! #MailFooter#</b>, ' ', <br/>]"}, {"language": "TR", "subject": "Onaylanm\u0131\u015f sipari\u015f makbuzunuz", "body": "[' ', <b>Sevgili</b>, ' #Rider# , ', <br/>, <br/>, ' CubeJekShark kulland\u0131\u011f\u0131n\u0131z i\u00e7in te\u015fekk\u00fcr ederiz! Sipari\u015finiz onayland\u0131 ve k\u0131sa bir s\u00fcre i\u00e7inde teslim edilecek. ', <br/>, <br/>, ' #details# ', <br/>, ' ', <br/>, ' ', <b>Te\u015fekk\u00fcrler! #MailFooter#</b>, ' ', <br/>]"}, {"language": "RU", "subject": "\u041f\u043e\u0434\u0442\u0432\u0435\u0440\u0436\u0434\u0435\u043d\u0438\u0435 \u043f\u043e\u043b\u0443\u0447\u0435\u043d\u0438\u044f \u0432\u0430\u0448\u0435\u0433\u043e \u0437\u0430\u043a\u0430\u0437\u0430", "body": "[' ', <b>\u0423\u0432\u0430\u0436\u0430\u0435\u043c\u044b\u0439</b>, ' #Rider# , ', <br/>, <br/>, ' \u0421\u043f\u0430\u0441\u0438\u0431\u043e \u0437\u0430 \u0438\u0441\u043f\u043e\u043b\u044c\u0437\u043e\u0432\u0430\u043d\u0438\u0435 CubeJekShark ! \u0412\u0430\u0448 \u0437\u0430\u043a\u0430\u0437 \u0431\u044b\u043b \u043f\u043e\u0434\u0442\u0432\u0435\u0440\u0436\u0434\u0435\u043d \u0438 \u0431\u0443\u0434\u0435\u0442 \u0434\u043e\u0441\u0442\u0430\u0432\u043b\u0435\u043d \u0432 \u0431\u043b\u0438\u0436\u0430\u0439\u0448\u0435\u0435 \u0432\u0440\u0435\u043c\u044f. ', <br/>, <br/>, ' #details# ', <br/>, ' ', <br/>, ' ', <b>\u0421\u043f\u0430\u0441\u0438\u0431\u043e! #MailFooter#</b>, ' ', <br/>]"}, {"language": "FA", "subject": "\u0631\u0633\u06cc\u062f \u0633\u0641\u0627\u0631\u0634 \u062a\u0627\u06cc\u06cc\u062f \u0634\u062f\u0647 \u0634\u0645\u0627", "body": "[' ', <b>\u0639\u0632\u06cc\u0632</b>, ' #Rider# ', <br/>, <br/>, ' \u0628\u0627 \u062a\u0634\u06a9\u0631 \u0627\u0632 \u0627\u0633\u062a\u0641\u0627\u062f\u0647 \u0627\u0632 CubeJekShark ! \u0633\u0641\u0627\u0631\u0634 \u0634\u0645\u0627 \u062a\u0623\u06cc\u06cc\u062f \u0634\u062f\u0647 \u0627\u0633\u062a \u0648 \u0628\u0647 \u0632\u0648\u062f\u06cc \u062a\u062d\u0648\u06cc\u0644 \u062e\u0648\u0627\u0647\u062f \u0634\u062f. \u0644\u0637\u0641\u0627 \u0628\u0647 \u062e\u062f\u0645\u062a \u0628\u0647 \u0634\u0645\u0627 \u0628\u067e\u0631\u062f\u0627\u0632\u06cc\u062f ', <br/>, <br/>, ' #details# ', <br/>, ' ', <br/>, ' ', <b>\u0628\u0627 \u062a\u0634\u06a9\u0631! #MailFooter#</b>, ' ', <br/>]"}, {"language": "MY", "subject": "\u101e\u1004\u103a\u1037\u101b\u1032\u1037\u1021\u1010\u100a\u103a\u1015\u103c\u102f\u1014\u102d\u102f\u1004\u103a\u101b\u1014\u103a\u101c\u1000\u103a\u1001\u1036\u101b\u101b\u103e\u102d", "body": "[' ', <b>\u1001\u103b\u1005\u103a\u1001\u1004\u103a\u101b\u1015\u102b\u101e\u1031\u102c</b>, ' #Rider# , ', <br/>, <br/>, ' \u101e\u102f\u1036\u1038\u1015\u103c\u102e\u1038\u1019\u103e\u102f\u1021\u1010\u103d\u1000\u103a\u1000\u103b\u1031\u1038\u1007\u1030\u1038\u1010\u1004\u103a\u1015\u102b\u1010\u101a\u103a CubeJekShark ! \u101e\u1004\u103a\u1037\u101b\u1032\u1037\u1021\u1019\u102d\u1014\u103a\u1037\u1000\u102d\u102f\u1021\u1010\u100a\u103a\u1015\u103c\u102f\u1001\u1032\u1037\u1015\u103c\u102e\u1038\u1014\u103e\u1004\u103b\u1037\u101e\u1004\u103b\u1021\u1019\u103e\u102f\u1010\u1031\u102c\u103a\u1000\u102d\u102f\u1011\u1019\u103a\u1038\u1006\u1031\u102c\u1004\u103a\u1016\u102d\u102f\u1037\u1019\u103b\u103e\u1031\u102c\u103a shortly.Look \u1000\u102d\u102f\u1021\u1015\u103a\u1015\u102b\u101c\u102d\u1019\u103a\u1037\u1019\u100a\u103a ', <br/>, <br/>, ' #details# ', <br/>, ' ', <br/>, ' ', <b>\u1000\u103b\u1031\u1038\u1007\u1030\u1038\u1010\u1004\u103a\u1015\u102b\u1010\u101a\u103a! #MailFooter#</b>, ' ', <br/>]"}, {"language": "HI", "subject": "\u0906\u092a\u0915\u0940 \u092a\u0941\u0937\u094d\u091f\u093f\u092e\u093e\u0930\u094d\u0917\u0940\u092f \u0930\u0938\u0940\u0926", "body": "[' ', <b>\u092a\u094d\u0930\u093f\u092f</b>, ' #Rider# , ', <br/>, <br/>, ' CubeJekShark \u0915\u093e \u0909\u092a\u092f\u094b\u0917 \u0915\u0930\u0928\u0947 \u0915\u0947 \u0932\u093f\u090f \u0927\u0928\u094d\u092f\u0935\u093e\u0926! \u0906\u092a\u0915\u0947 \u0906\u0926\u0947\u0936 \u0915\u0940 \u092a\u0941\u0937\u094d\u091f\u093f \u0915\u0930 \u0926\u0940 \u0917\u0908 \u0939\u0948 \u0914\u0930 \u0936\u0940\u0918\u094d\u0930 \u0939\u0940 \u0935\u093f\u0924\u0930\u093f\u0924 \u0915\u0940 \u091c\u093e\u090f\u0917\u0940\u0964 \u0906\u092a\u0915\u094b \u0938\u0947\u0935\u093e \u0926\u0947\u0928\u0947 \u0915\u0947 \u0932\u093f\u090f \u0906\u0917\u0947 \u092c\u0922\u093c\u0947\u0902 ', <br/>, <br/>, ' #details# ', <br/>, ' ', <br/>, ' ', <b>\u0927\u0928\u094d\u092f\u0935\u093e\u0926! #MailFooter#</b>, ' ', <br/>]"}, {"language": "IW", "subject": "\u05d0\u05d9\u05e9\u05d5\u05e8 \u05d4\u05d4\u05d6\u05de\u05e0\u05d4 \u05e9\u05dc\u05da \u05de\u05d0\u05d5\u05e9\u05e8", "body": "[' ', <b>\u05d9\u05e7\u05e8</b>, ' #Rider# , ', <br/>, <br/>, ' \u05ea\u05d5\u05d3\u05d4 \u05e2\u05dc \u05d4\u05e9\u05d9\u05de\u05d5\u05e9 \u05d1- CubeJekShark ! \u05d4\u05d4\u05d6\u05de\u05e0\u05d4 \u05e9\u05dc\u05da \u05d0\u05d5\u05e9\u05e8\u05d4, \u05d5\u05d4\u05d9\u05d0 \u05ea\u05d5\u05e2\u05d1\u05e8 \u05ea\u05d5\u05da \u05d6\u05de\u05df \u05e7\u05e6\u05e8. \u05d4\u05de\u05e9\u05da \u05dc\u05d4\u05e6\u05d9\u05d2 \u05d0\u05d5\u05ea\u05da ', <br/>, <br/>, ' #details# ', <br/>, ' ', <br/>, ' ', <b>\u05ea\u05d5\u05d3\u05d4! #MailFooter#</b>, ' ', <br/>]"}, {"language": "FR", "subject": "Votre re\u00e7u de commande confirm\u00e9", "body": "[' ', <b>Cher</b>, ' #Rider# , ', <br/>, <br/>, \" Merci d'utiliser CubeJekShark ! Votre commande a \u00e9t\u00e9 confirm\u00e9e et sera livr\u00e9e sous peu. Au plaisir de vous servir \", <br/>, <br/>, ' #details# ', <br/>, ' ', <br/>, ' ', <b>Merci! #MailFooter#</b>, ' ', <br/>]"}, {"language": "DA", "subject": "Din Bekr\u00e6ftede ordre kvittering", "body": "[' ', <b>K\u00e6re</b>, ' #Rider# , ', <br/>, <br/>, ' Tak for at bruge CubeJekShark ! Din ordre er blevet bekr\u00e6ftet og vil blive leveret inden for kort tid. Se frem til at betjene dig ', <br/>, <br/>, ' #details# ', <br/>, ' ', <br/>, ' ', <b>Tak! #MailFooter#</b>, ' ', <br/>]"}]}