{"purpose": "For Block driver", "templates": [{"language": "AF", "subject": "Lede Blok Suksesvol", "body": "[' ', <span>Liewe #NAME# , <br/><br/> Groete vir die dag.!. <br/><br/> Dit lyk asof jou profiel tydelik geblokkeer is as gevolg van ongewenste aktiwiteite. <br/><br/> Om u profiel te ontblok, sal ons u versoek om asseblief die Administrateur te kontak. <br/><br/><br/> groete, <br/> administrateur, <br/><br/> #MAILFOOTER# <br/></span>]"}, {"language": "EN", "subject": "Member Block Successful", "body": "[' ', <span>Dear  #NAME#,\n<br/>\n<br/>Greetings for the day.!.\n<br/>\n<br/>It looks like your profile has been temporary blocked due to unwanted activities.\n<br/>\n<br/>To unblock your profile, we would request you to please contact the Administrator.\n<br/>\n<br/>\n<br/>Regards,\n<br/>Administrator,\n<br/>\n<br/>#MAILFOOTER# <br/></span>]"}, {"language": "TH", "subject": "\u0e1a\u0e25\u0e47\u0e2d\u0e01\u0e2a\u0e21\u0e32\u0e0a\u0e34\u0e01\u0e2a\u0e33\u0e40\u0e23\u0e47\u0e08", "body": "[' ', <span>\u0e40\u0e23\u0e35\u0e22\u0e19 #NAME# <br/><br/> \u0e2a\u0e27\u0e31\u0e2a\u0e14\u0e35\u0e2a\u0e33\u0e2b\u0e23\u0e31\u0e1a\u0e27\u0e31\u0e19\u0e19\u0e35\u0e49! <br/><br/> \u0e14\u0e39\u0e40\u0e2b\u0e21\u0e37\u0e2d\u0e19\u0e27\u0e48\u0e32\u0e42\u0e1b\u0e23\u0e44\u0e1f\u0e25\u0e4c\u0e02\u0e2d\u0e07\u0e04\u0e38\u0e13\u0e16\u0e39\u0e01\u0e1a\u0e25\u0e47\u0e2d\u0e01\u0e0a\u0e31\u0e48\u0e27\u0e04\u0e23\u0e32\u0e27\u0e40\u0e19\u0e37\u0e48\u0e2d\u0e07\u0e08\u0e32\u0e01\u0e21\u0e35\u0e01\u0e34\u0e08\u0e01\u0e23\u0e23\u0e21\u0e17\u0e35\u0e48\u0e44\u0e21\u0e48\u0e1e\u0e36\u0e07\u0e1b\u0e23\u0e30\u0e2a\u0e07\u0e04\u0e4c <br/><br/> \u0e2b\u0e32\u0e01\u0e15\u0e49\u0e2d\u0e07\u0e01\u0e32\u0e23\u0e1b\u0e25\u0e14\u0e1a\u0e25\u0e47\u0e2d\u0e01\u0e42\u0e1b\u0e23\u0e44\u0e1f\u0e25\u0e4c\u0e02\u0e2d\u0e07\u0e04\u0e38\u0e13\u0e40\u0e23\u0e32\u0e08\u0e30\u0e02\u0e2d\u0e43\u0e2b\u0e49\u0e04\u0e38\u0e13\u0e15\u0e34\u0e14\u0e15\u0e48\u0e2d\u0e1c\u0e39\u0e49\u0e14\u0e39\u0e41\u0e25\u0e23\u0e30\u0e1a\u0e1a <br/><br/><br/> \u0e04\u0e27\u0e32\u0e21\u0e19\u0e31\u0e1a\u0e16\u0e37\u0e2d, <br/> \u0e1c\u0e39\u0e49\u0e14\u0e39\u0e41\u0e25\u0e23\u0e30\u0e1a\u0e1a <br/><br/> #MAILFOOTER# <br/></span>]"}, {"language": "ID", "subject": "Blok Anggota Berhasil", "body": "[' ', <span>Dear #NAME# , <br/><br/> Salam untuk hari ini.!. <br/><br/> Sepertinya profil Anda telah diblokir sementara karena kegiatan yang tidak diinginkan. <br/><br/> Untuk membuka blokir profil Anda, kami akan meminta Anda untuk menghubungi Administrator. <br/><br/><br/> Salam, <br/> Administrator, <br/><br/> #MAILFOOTER# <br/></span>]"}, {"language": "DE", "subject": "Mitgliedsblock erfolgreich", "body": "[' ', <span>Lieber #NAME# , <br/><br/> Gr\u00fc\u00dfe f\u00fcr den Tag.!. <br/><br/> Anscheinend wurde Ihr Profil aufgrund von unerw\u00fcnschten Aktivit\u00e4ten vor\u00fcbergehend gesperrt. <br/><br/> Um Ihr Profil zu entsperren, bitten wir Sie, sich an den Administrator zu wenden. <br/><br/><br/> Gr\u00fc\u00dfe, <br/> Administrator, <br/><br/> #MAILFOOTER# <br/></span>]"}, {"language": "ES", "subject": "Bloque de miembros exitoso", "body": "[' ', <span>Estimado #NAME# , <br/><br/> Saludos para el d\u00eda.!. <br/><br/> Parece que su perfil ha sido bloqueado temporalmente debido a actividades no deseadas. <br/><br/> Para desbloquear su perfil, le solicitamos que se ponga en contacto con el Administrador. <br/><br/><br/> Saludos, <br/> Administrador, <br/><br/> #MAILFOOTER# <br/></span>]"}, {"language": "IT", "subject": "Blocco membro riuscito", "body": "[' ', <span>Gentile #NAME# , <br/><br/> Auguri per il giorno.!. <br/><br/> Sembra che il tuo profilo sia stato temporaneamente bloccato a causa di attivit\u00e0 indesiderate. <br/><br/> Per sbloccare il tuo profilo, ti chiederemo di contattare l'amministratore. <br/><br/><br/> Saluti, <br/> Amministratore, <br/><br/> #MAILFOOTER# <br/></span>]"}, {"language": "AR", "subject": "\u0643\u062a\u0644\u0629 \u0627\u0644\u0623\u0639\u0636\u0627\u0621 \u0627\u0644\u0646\u0627\u062c\u062d\u0629", "body": "[' ', <span>\u0639\u0632\u064a\u0632\u064a #NAME# \u060c <br/><br/> \u062a\u062d\u064a\u0629 \u0627\u0644\u064a\u0648\u0645.!. <br/><br/> \u064a\u0628\u062f\u0648 \u0623\u0646 \u0645\u0644\u0641\u0643 \u0627\u0644\u0634\u062e\u0635\u064a \u0642\u062f \u062a\u0645 \u062d\u0638\u0631\u0647 \u0645\u0624\u0642\u062a\u064b\u0627 \u0628\u0633\u0628\u0628 \u0623\u0646\u0634\u0637\u0629 \u063a\u064a\u0631 \u0645\u0631\u063a\u0648\u0628 \u0641\u064a\u0647\u0627. <br/><br/> \u0644\u0625\u0644\u063a\u0627\u0621 \u0642\u0641\u0644 \u0645\u0644\u0641 \u0627\u0644\u062a\u0639\u0631\u064a\u0641 \u0627\u0644\u062e\u0627\u0635 \u0628\u0643 \u060c \u0646\u0637\u0644\u0628 \u0645\u0646\u0643 \u0627\u0644\u0631\u062c\u0627\u0621 \u0627\u0644\u0627\u062a\u0635\u0627\u0644 \u0628\u0627\u0644\u0645\u0633\u0624\u0648\u0644. <br/><br/><br/> \u0645\u0639 \u062a\u062d\u064a\u0627\u062a\u064a\u060c <br/> \u0645\u062f\u064a\u0631\u060c <br/><br/> #MAILFOOTER# <br/></span>]"}, {"language": "UR", "subject": "\u0631\u06a9\u0646 \u0628\u0644\u0627\u06a9 \u06a9\u0627\u0645\u06cc\u0627\u0628", "body": "[' ', <span>\u0639\u0632\u06cc\u0632 #NAME# \u060c <br/><br/> \u062f\u0646 \u06a9\u06d2 \u0644\u0626\u06d2 \u0645\u0628\u0627\u0631\u06a9\u0628\u0627\u062f!! <br/><br/> \u0627\u06cc\u0633\u0627 \u0644\u06af\u062a\u0627 \u06c1\u06d2 \u06a9\u06c1 \u0622\u067e \u06a9\u0627 \u067e\u0631\u0648\u0641\u0627\u0626\u0644 \u0639\u0627\u0631\u0636\u06cc \u0633\u0631\u06af\u0631\u0645\u06cc\u0648\u06ba \u06a9\u06d2 \u0628\u0627\u0639\u062b \u0639\u0627\u0631\u0636\u06cc \u0637\u0648\u0631 \u067e\u0631 \u0628\u0646\u062f \u06a9\u0631\u062f\u06cc\u0627 \u06af\u06cc\u0627 \u06c1\u06d2. <br/><br/> \u0622\u067e \u06a9\u06cc \u067e\u0631\u0648\u0641\u0627\u0626\u0644 \u06a9\u0648 \u063a\u06cc\u0631 \u0641\u0639\u0627\u0644 \u06a9\u0631\u0646\u06d2 \u06a9\u06d2 \u0644\u0626\u06d2\u060c \u06c1\u0645 \u0622\u067e \u0633\u06d2 \u062f\u0631\u062e\u0648\u0627\u0633\u062a \u06a9\u0631\u06cc\u06ba \u06af\u06d2 \u06a9\u06c1 \u0622\u067e \u0627\u06cc\u0688\u0645\u0646\u0633\u0679\u0631\u06cc\u0679\u0631 \u0633\u06d2 \u0631\u0627\u0628\u0637\u06c1 \u06a9\u0631\u06cc\u06ba. <br/><br/><br/> \u062d\u0648\u0627\u0644\u06d2\u060c <br/> \u0645\u0646\u062a\u0638\u0645\u060c <br/><br/> #MAILFOOTER# <br/></span>]"}, {"language": "AZ", "subject": "\u0130stifad\u0259\u00e7i Bloku M\u00fcv\u0259ff\u0259qiyy\u0259tli", "body": "[' ', <span>H\u00f6rm\u0259tli #NAME# , <br/><br/> G\u00fcn\u00fcn salamlar\u0131.!. <br/><br/> Profiliniz istenmeyen f\u0259aliyy\u0259tl\u0259r s\u0259b\u0259bind\u0259n m\u00fcv\u0259qq\u0259ti olaraq blokland\u0131. <br/><br/> Profilinizin qar\u015f\u0131s\u0131n\u0131 almaq \u00fc\u00e7\u00fcn Administratorla \u0259laq\u0259 saxlama\u011f\u0131 xahi\u015f edirik. <br/><br/><br/> H\u00f6rm\u0259tl\u0259, <br/> Administrator, <br/><br/> #MAILFOOTER# <br/></span>]"}, {"language": "ZH", "subject": "\u4f1a\u5458\u5ea7\u6210\u529f", "body": "[' ', <span>\u4eb2\u7231\u7684#NAME# \uff0c <br/><br/>\u5f53\u5929\u7684\u95ee\u5019\u3002\uff01 <br/><br/>\u60a8\u7684\u4e2a\u4eba\u8d44\u6599\u4f3c\u4e4e\u56e0\u4e0d\u5fc5\u8981\u7684\u6d3b\u52a8\u800c\u88ab\u4e34\u65f6\u963b\u6b62\u3002 <br/><br/>\u8981\u53d6\u6d88\u963b\u6b62\u60a8\u7684\u4e2a\u4eba\u8d44\u6599\uff0c\u6211\u4eec\u4f1a\u8981\u6c42\u60a8\u4e0e\u7ba1\u7406\u5458\u8054\u7cfb\u3002 <br/><br/><br/>\u95ee\u5019\uff0c <br/>\u7ba1\u7406\u5458\uff0c <br/><br/> #MAILFOOTER# <br/></span>]"}, {"language": "PT", "subject": "Bloco de membros bem-sucedido", "body": "[' ', <span>Querido #NAME# , <br/><br/> Sauda\u00e7\u00f5es para o dia! <br/><br/> Parece que seu perfil foi bloqueado temporariamente devido a atividades indesejadas. <br/><br/> Para desbloquear seu perfil, solicitamos que voc\u00ea entre em contato com o administrador. <br/><br/><br/> Sauda\u00e7\u00f5es, <br/> Administrador, <br/><br/> #MAILFOOTER# <br/></span>]"}, {"language": "ZU", "subject": "I-Block iphumelele", "body": "[' ', <span>U- #NAME# othandekayo, <br/><br/> Ukubingelela usuku. <br/><br/> Kubonakala sengathi iphrofayela yakho ivimbelwe okwesikhashana ngenxa yemisebenzi engadingeki. <br/><br/> Ukuze uvule iphrofayela yakho, sizokucela ukuba uxhumane noMphathi. <br/><br/><br/> Ukulawula, <br/> Umqondisi, <br/><br/> #MAILFOOTER# <br/></span>]"}, {"language": "SW", "subject": "Mwanachama Block Mafanikio", "body": "[' ', <span>Mpendwa #NAME# , <br/><br/> Salamu kwa siku. <br/><br/> Inaonekana kama wasifu wako umezuiwa kwa muda mfupi kutokana na shughuli zisizohitajika. <br/><br/> Ili kufungua maelezo yako mafupi, tutakuomba tafadhali tafadhali wasiliana na Msimamizi. <br/><br/><br/> Kuzidi, <br/> Msimamizi, <br/><br/> #MAILFOOTER# <br/></span>]"}, {"language": "KU", "subject": "Endam\u00ea Serkeft\u00ee ya Blok", "body": "[' ', <span>Bir\u00eaz #NAME# , <br/><br/> Ji bo roja p\u00eeroz!! <br/><br/> Ew xuya dibe ku prof\u00eela \u00e7alakiy\u00ean neraz\u00eekir\u00ee y\u00ean asteng\u00ee bisekine. <br/><br/> Ji bo prof\u00eel\u00ean xwe biki\u015f\u00eenin, em \u00ea ji we re xwestin ku ji kerema xwe re Bir\u00eaveber\u00ea re t\u00eakil\u00ee bikin. <br/><br/><br/> Armanca <br/> Bir\u00eavebir, <br/><br/> #MAILFOOTER# <br/></span>]"}, {"language": "MS", "subject": "Blok Ahli Berjaya", "body": "[' ', <span>Dear #NAME# , <br/><br/> Salam untuk hari ini! <br/><br/> Nampaknya profil anda telah disekat sementara disebabkan aktiviti yang tidak diingini. <br/><br/> Untuk membuka kunci profil anda, kami akan meminta anda untuk menghubungi Pentadbir. <br/><br/><br/> Salam, <br/> Pentadbir, <br/><br/> #MAILFOOTER# <br/></span>]"}, {"language": "SI", "subject": "\u0dc3\u0dcf\u0db8\u0dcf\u0da2\u0dd2\u0d9a\u0dba\u0dd2\u0db1\u0dca \u0dc0\u0dcf\u0dbb\u0dab\u0dba \u0dc3\u0dcf\u0dbb\u0dca\u0dae\u0d9a\u0dba\u0dd2", "body": "[' ', <span>\u0dc4\u0dd2\u0dad\u0dc0\u0dad\u0dca #NAME# , <br/><br/> \u0daf\u0dc0\u0dc3 \u0dc3\u0db3\u0dc4\u0dcf \u0dc3\u0dd4\u0db7 \u0db4\u0dd0\u0dad\u0dd4\u0db8\u0dca. <br/><br/> \u0d85\u0db1\u0dc0\u0dc1\u0dca\u0dba \u0d9a\u0dca\u0dbb\u0dd2\u0dba\u0dcf\u0d9a\u0dcf\u0dbb\u0d9a\u0db8\u0dca \u0dc4\u0dda\u0dad\u0dd4\u0dc0\u0dd9\u0db1\u0dca \u0d94\u0db6\u0d9c\u0dda \u0db4\u0dd0\u0dad\u0dd2\u0d9a\u0da9 \u0dad\u0dcf\u0dc0\u0d9a\u0dcf\u0dbd\u0dd2\u0d9a\u0dc0 \u0d85\u0dc0\u0dc4\u0dd2\u0dbb \u0d9a\u0dbb \u0d87\u0dad\u0dd2 \u0db6\u0dc0\u0d9a\u0dca \u0db4\u0dd9\u0db1\u0dda. <br/><br/> \u0d94\u0db6\u0d9c\u0dda \u0db4\u0dd0\u0dad\u0dd2\u0d9a\u0da9 \u0db4\u0dca\u0dbb\u0dad\u0dd2\u0dc3\u0dcf\u0db0\u0db1\u0dba \u0d9a\u0dd2\u0dbb\u0dd3\u0db8 \u0dc3\u0db3\u0dc4\u0dcf, \u0d85\u0db4 \u0d85\u0db8\u0dad\u0db1\u0dca\u0db1 \u0db4\u0dbb\u0dd2\u0db4\u0dcf\u0dbd\u0d9a\u0dba\u0dcf \u0d85\u0db8\u0dad\u0db1\u0dca\u0db1. <br/><br/><br/> \u0dc3\u0dad\u0dca\u0dad\u0d9a\u0dd2\u0db1\u0dca \u0db8 <br/> \u0db4\u0dbb\u0dd2\u0db4\u0dcf\u0dbd\u0d9a, <br/><br/> #MAILFOOTER# <br/></span>]"}, {"language": "TA", "subject": "\u0b89\u0bb1\u0bc1\u0baa\u0bcd\u0baa\u0bbf\u0ba9\u0bb0\u0bcd \u0ba4\u0bca\u0b95\u0bc1\u0ba4\u0bbf \u0bb5\u0bc6\u0bb1\u0bcd\u0bb1\u0bbf\u0b95\u0bb0\u0bae\u0bbe\u0b95", "body": "[' ', <span>\u0b85\u0ba9\u0bcd\u0baa\u0bc7 #NAME# , <br/><br/> \u0ba8\u0bbe\u0bb3\u0bcd \u0bb5\u0bbe\u0bb4\u0bcd\u0ba4\u0bcd\u0ba4\u0bc1\u0b95\u0bcd\u0b95\u0bb3\u0bcd.!. <br/><br/> \u0ba4\u0bc7\u0bb5\u0bc8\u0baf\u0bb1\u0bcd\u0bb1 \u0b9a\u0bc6\u0baf\u0bb2\u0bcd\u0b95\u0bb3\u0bbe\u0bb2\u0bcd \u0b89\u0b99\u0bcd\u0b95\u0bb3\u0bcd \u0b9a\u0bc1\u0baf\u0bb5\u0bbf\u0bb5\u0bb0\u0bae\u0bcd \u0ba4\u0bb1\u0bcd\u0b95\u0bbe\u0bb2\u0bbf\u0b95\u0bae\u0bbe\u0b95 \u0ba4\u0b9f\u0bc1\u0b95\u0bcd\u0b95\u0baa\u0bcd\u0baa\u0b9f\u0bcd\u0b9f\u0bc1\u0bb3\u0bcd\u0bb3\u0ba4\u0bc1 \u0baa\u0bcb\u0bb2\u0bcd \u0ba4\u0bc6\u0bb0\u0bbf\u0b95\u0bbf\u0bb1\u0ba4\u0bc1. <br/><br/> \u0b89\u0b99\u0bcd\u0b95\u0bb3\u0bcd \u0b9a\u0bc1\u0baf\u0bb5\u0bbf\u0bb5\u0bb0\u0ba4\u0bcd\u0ba4\u0bc8 \u0bb5\u0bbf\u0b9f\u0bc1\u0bb5\u0bbf\u0baa\u0bcd\u0baa\u0ba4\u0bb1\u0bcd\u0b95\u0bbe\u0b95, \u0ba8\u0bbf\u0bb0\u0bcd\u0bb5\u0bbe\u0b95\u0bbf\u0baf\u0bc8\u0ba4\u0bcd \u0ba4\u0bca\u0b9f\u0bb0\u0bcd\u0baa\u0bc1\u0b95\u0bca\u0bb3\u0bcd\u0bb5\u0ba4\u0bc8 \u0ba8\u0bbe\u0b99\u0bcd\u0b95\u0bb3\u0bcd \u0b95\u0bc7\u0b9f\u0bcd\u0b9f\u0bc1\u0b95\u0bcd\u0b95\u0bca\u0bb3\u0bcd\u0bb5\u0bcb\u0bae\u0bcd. <br/><br/><br/> \u0b85\u0ba9\u0bcd\u0baa\u0bc1\u0b9f\u0ba9\u0bcd, <br/> \u0ba8\u0bbf\u0bb0\u0bcd\u0bb5\u0bbe\u0b95\u0bbf, <br/><br/> #MAILFOOTER# <br/></span>]"}, {"language": "VI", "subject": "Kh\u1ed1i th\u00e0nh vi\u00ean th\u00e0nh c\u00f4ng", "body": "[' ', <span>K\u00ednh g\u1eedi #NAME# , <br/><br/> Ch\u00fac m\u1eebng trong ng\u00e0y.! <br/><br/> C\u00f3 v\u1ebb nh\u01b0 h\u1ed3 s\u01a1 c\u1ee7a b\u1ea1n \u0111\u00e3 b\u1ecb ch\u1eb7n t\u1ea1m th\u1eddi do c\u00e1c ho\u1ea1t \u0111\u1ed9ng kh\u00f4ng mong mu\u1ed1n. <br/><br/> \u0110\u1ec3 b\u1ecf ch\u1eb7n h\u1ed3 s\u01a1 c\u1ee7a b\u1ea1n, ch\u00fang t\u00f4i s\u1ebd y\u00eau c\u1ea7u b\u1ea1n vui l\u00f2ng li\u00ean h\u1ec7 v\u1edbi Qu\u1ea3n tr\u1ecb vi\u00ean. <br/><br/><br/> Tr\u00e2n tr\u1ecdng, <br/> Ng\u01b0\u1eddi qu\u1ea3n l\u00fd, <br/><br/> #MAILFOOTER# <br/></span>]"}, {"language": "TL", "subject": "Ang Pag-block ng Miyembro ay Matagumpay", "body": "[' ', <span>Mahal na #NAME# , <br/><br/> Pagbati para sa araw.!. <br/><br/> Mukhang ang iyong profile ay pansamantalang hinarangan dahil sa mga hindi gustong aktibidad. <br/><br/> Upang i-unblock ang iyong profile, hihilingin naming mangyaring kontakin ang Administrator. <br/><br/><br/> Pagbati, <br/> Administrator, <br/><br/> #MAILFOOTER# <br/></span>]"}, {"language": "KM", "subject": "\u1794\u17d2\u179b\u17bb\u1780\u179f\u1798\u17b6\u1787\u17b7\u1780\u1794\u17b6\u1793\u1787\u17c4\u1782\u1787\u17d0\u1799", "body": "[' ', <span>\u1787\u17bc\u1793\u1785\u17c6\u1796\u17c4\u17c7 #NAME# , <br/><br/> \u1780\u17b6\u179a\u179f\u17bd\u179a\u179f\u17bb\u1781\u1791\u17bb\u1780\u17d2\u1781\u179f\u1798\u17d2\u179a\u17b6\u1794\u17cb\u1790\u17d2\u1784\u17c3\u1793\u17c1\u17c7\u17d4 <br/><br/> \u179c\u17b6\u17a0\u17b6\u1780\u17cb\u1794\u17b8\u178a\u17bc\u1785\u1787\u17b6\u1791\u1798\u17d2\u179a\u1784\u17cb\u179a\u1794\u179f\u17cb\u17a2\u17d2\u1793\u1780\u178f\u17d2\u179a\u17bc\u179c\u1794\u17b6\u1793\u179a\u17b6\u179a\u17b6\u17c6\u1784\u1794\u178e\u17d2\u178f\u17c4\u17c7\u17a2\u17b6\u179f\u1793\u17d2\u1793\u178a\u17c4\u1799\u179f\u17b6\u179a\u178f\u17c2\u179f\u1780\u1798\u17d2\u1798\u1797\u17b6\u1796\u178a\u17c2\u179b\u1798\u17b7\u1793\u178f\u17d2\u179a\u17bc\u179c\u1780\u17b6\u179a\u17d4 <br/><br/> \u178a\u17be\u1798\u17d2\u1794\u17b8\u1798\u17b7\u1793\u1791\u1794\u17cb\u179f\u17d2\u1780\u17b6\u178f\u17cb\u1794\u17d2\u179a\u179c\u178f\u17d2\u178f\u17b7\u179a\u17bc\u1794\u179a\u1794\u179f\u17cb\u17a2\u17d2\u1793\u1780\u1799\u17be\u1784\u1793\u17b9\u1784\u179f\u17d2\u1793\u17be\u179f\u17bb\u17c6\u17b1\u17d2\u1799\u17a2\u17d2\u1793\u1780\u1791\u17b6\u1780\u17cb\u1791\u1784\u1791\u17c5\u17a2\u17d2\u1793\u1780\u1782\u17d2\u179a\u1794\u17cb\u1782\u17d2\u179a\u1784\u17d4 <br/><br/><br/> \u178a\u17c4\u1799\u1780\u17d2\u178f\u17b8\u1782\u17c4\u179a\u1796, <br/> \u17a2\u17d2\u1793\u1780\u1782\u17d2\u179a\u1794\u17cb\u1782\u17d2\u179a\u1784, <br/><br/> #MAILFOOTER# <br/></span>]"}, {"language": "BN", "subject": "\u09b8\u09a6\u09b8\u09cd\u09af \u09ac\u09cd\u09b2\u0995 \u09b8\u09ab\u09b2", "body": "[' ', <span>\u09aa\u09cd\u09b0\u09bf\u09af\u09bc #NAME# , <br/><br/> \u09a6\u09bf\u09a8\u09c7\u09b0 \u099c\u09a8\u09cd\u09af \u09b6\u09c1\u09ad\u09c7\u099a\u09cd\u099b\u09be.!. <br/><br/> \u09ae\u09a8\u09c7 \u09b9\u099a\u09cd\u099b\u09c7 \u0985\u09af\u09be\u099a\u09bf\u09a4 \u0995\u09cd\u09b0\u09bf\u09af\u09bc\u09be\u0995\u09b2\u09be\u09aa\u09c7\u09b0 \u0995\u09be\u09b0\u09a3\u09c7 \u0986\u09aa\u09a8\u09be\u09b0 \u09aa\u09cd\u09b0\u09cb\u09ab\u09be\u0987\u09b2\u099f\u09bf \u0985\u09b8\u09cd\u09a5\u09be\u09af\u09bc\u09c0\u09ad\u09be\u09ac\u09c7 \u0985\u09ac\u09b0\u09c1\u09a6\u09cd\u09a7 \u09b9\u09af\u09bc\u09c7\u099b\u09c7\u0964 <br/><br/> \u0986\u09aa\u09a8\u09be\u09b0 \u09aa\u09cd\u09b0\u09cb\u09ab\u09be\u0987\u09b2 \u0985\u09ac\u09b0\u09cb\u09a7 \u09ae\u09c1\u0995\u09cd\u09a4 \u0995\u09b0\u09be\u09b0 \u099c\u09a8\u09cd\u09af, \u0986\u09ae\u09b0\u09be \u09aa\u09cd\u09b0\u09b6\u09be\u09b8\u0995\u09c7\u09b0 \u09b8\u09be\u09a5\u09c7 \u09af\u09cb\u0997\u09be\u09af\u09cb\u0997 \u0995\u09b0\u09be\u09b0 \u099c\u09a8\u09cd\u09af \u0985\u09a8\u09c1\u09b0\u09cb\u09a7 \u0995\u09b0\u09ac\u0964 <br/><br/><br/> \u09b6\u09c1\u09ad\u09c7\u099a\u09cd\u099b\u09be \u09b8\u09b9, <br/> \u09aa\u09cd\u09b0\u09b6\u09be\u09b8\u0995 <br/><br/> #MAILFOOTER# <br/></span>]"}, {"language": "JA", "subject": "\u30e1\u30f3\u30d0\u30fc\u30d6\u30ed\u30c3\u30af\u6210\u529f", "body": "[' ', <span>#NAME# <br/><br/>\u305d\u306e\u65e5\u306e\u3054\u6328\u62f6\u3002 <br/><br/>\u3042\u306a\u305f\u306e\u30d7\u30ed\u30d5\u30a3\u30fc\u30eb\u306f\u3001\u8ff7\u60d1\u884c\u70ba\u306b\u3088\u308a\u4e00\u6642\u7684\u306b\u30d6\u30ed\u30c3\u30af\u3055\u308c\u3066\u3044\u308b\u3088\u3046\u3067\u3059\u3002 <br/><br/>\u30d7\u30ed\u30d5\u30a3\u30fc\u30eb\u306e\u30d6\u30ed\u30c3\u30af\u3092\u89e3\u9664\u3059\u308b\u306b\u306f\u3001\u7ba1\u7406\u8005\u306b\u9023\u7d61\u3057\u3066\u304f\u3060\u3055\u3044\u3002 <br/><br/><br/>\u3088\u308d\u3057\u304f\u3001 <br/>\u7ba1\u7406\u8005\u3001 <br/><br/> #MAILFOOTER# <br/></span>]"}, {"language": "KO", "subject": "\ud68c\uc6d0 \ucc28\ub2e8 \uc131\uacf5", "body": "[' ', <span>#NAME# , <br/><br/> \uc624\ub298\uc758 \uc778\uc0ac. <br/><br/> \uc6d0\uce58 \uc54a\ub294 \ud65c\ub3d9\uc73c\ub85c \uc778\ud574 \ud504\ub85c\ud544\uc774 \uc77c\uc2dc\uc801\uc73c\ub85c \ucc28\ub2e8 \ub41c \uac83 \uac19\uc2b5\ub2c8\ub2e4. <br/><br/> \uadc0\ud558\uc758 \ud504\ub85c\ud544\uc744 \ucc28\ub2e8 \ud574\uc81c\ud558\ub824\uba74 \uad00\ub9ac\uc790\uc5d0\uac8c \ubb38\uc758\ud558\uc2ed\uc2dc\uc624. <br/><br/><br/> \ubb38\uc548 \uc778\uc0ac, <br/> \uad00\ub9ac\uc790, <br/><br/> #MAILFOOTER# <br/></span>]"}, {"language": "YO", "subject": "\u00c0k\u1ecds\u00edl\u1eb9 B\u1ecdtini ni A\u1e63ey\u1ecdri", "body": "[' ', <span>Eyin #NAME# , <br/><br/> \u1eb8 k\u00ed fun \u1ecdj\u1ecd naa!!. <br/><br/> O dabi pe profaili r\u1eb9 ti dina fun igba di\u1eb9 nitori aw\u1ecdn i\u1e63\u1eb9 ti a kof\u1eb9. <br/><br/> Lati sina profaili r\u1eb9, a yoo beere fun \u1ecd lati j\u1ecdw\u1ecd kan si Oluk\u1ecdni. <br/><br/><br/> Wo, <br/> Oluk\u1ecdni, <br/><br/> #MAILFOOTER# <br/></span>]"}, {"language": "TR", "subject": "\u00dcye Blo\u011fu Ba\u015far\u0131l\u0131", "body": "[' ', <span>Sevgili #NAME# , <br/><br/> G\u00fcn\u00fcn selamlar\u0131. <br/><br/> \u0130stenmeyen etkinlikler nedeniyle profilinizin ge\u00e7ici olarak engellendi\u011fi anla\u015f\u0131l\u0131yor. <br/><br/> Profilinizin engellemesini kald\u0131rmak i\u00e7in l\u00fctfen Y\u00f6netici ile ileti\u015fime ge\u00e7menizi rica ederiz. <br/><br/><br/> Sayg\u0131lar\u0131m\u0131zla, <br/> Y\u00f6netici, <br/><br/> #MAILFOOTER# <br/></span>]"}, {"language": "RU", "subject": "\u0423\u0447\u0430\u0441\u0442\u043d\u0438\u043a \u0437\u0430\u0431\u043b\u043e\u043a\u0438\u0440\u043e\u0432\u0430\u043d", "body": "[' ', <span>\u0423\u0432\u0430\u0436\u0430\u0435\u043c\u044b\u0439 #NAME# , <br/><br/> \u041f\u0440\u0438\u0432\u0435\u0442\u0441\u0442\u0432\u0443\u044e \u043d\u0430 \u0432\u0435\u0441\u044c \u0434\u0435\u043d\u044c! <br/><br/> \u041f\u043e\u0445\u043e\u0436\u0435, \u0432\u0430\u0448 \u043f\u0440\u043e\u0444\u0438\u043b\u044c \u0432\u0440\u0435\u043c\u0435\u043d\u043d\u043e \u0437\u0430\u0431\u043b\u043e\u043a\u0438\u0440\u043e\u0432\u0430\u043d \u0438\u0437-\u0437\u0430 \u043d\u0435\u0436\u0435\u043b\u0430\u0442\u0435\u043b\u044c\u043d\u044b\u0445 \u0434\u0435\u0439\u0441\u0442\u0432\u0438\u0439. <br/><br/> \u0427\u0442\u043e\u0431\u044b \u0440\u0430\u0437\u0431\u043b\u043e\u043a\u0438\u0440\u043e\u0432\u0430\u0442\u044c \u0432\u0430\u0448 \u043f\u0440\u043e\u0444\u0438\u043b\u044c, \u043c\u044b \u043f\u0440\u043e\u0441\u0438\u043c \u0432\u0430\u0441 \u0441\u0432\u044f\u0437\u0430\u0442\u044c\u0441\u044f \u0441 \u0430\u0434\u043c\u0438\u043d\u0438\u0441\u0442\u0440\u0430\u0442\u043e\u0440\u043e\u043c. <br/><br/><br/> \u0421 \u0423\u0432\u0430\u0436\u0435\u043d\u0438\u0435\u043c, <br/> \u0410\u0434\u043c\u0438\u043d\u0438\u0441\u0442\u0440\u0430\u0442\u043e\u0440, <br/><br/> #MAILFOOTER# <br/></span>]"}, {"language": "FA", "subject": "\u0639\u0636\u0648 \u0628\u0644\u0648\u06a9 \u0645\u0648\u0641\u0642", "body": "[' ', <span>\u0639\u0632\u06cc\u0632 #NAME# <br/><br/> \u062a\u0628\u0631\u06cc\u06a9 \u0628\u0631\u0627\u06cc \u0631\u0648\u0632.! <br/><br/> \u0628\u0647 \u0646\u0638\u0631 \u0645\u06cc \u0631\u0633\u062f \u06a9\u0647 \u0628\u0647 \u062f\u0644\u06cc\u0644 \u0641\u0639\u0627\u0644\u06cc\u062a \u0647\u0627\u06cc \u0646\u0627\u062e\u0648\u0627\u0633\u062a\u0647\u060c \u0646\u0645\u0627\u06cc\u0647 \u0634\u0645\u0627 \u0645\u0648\u0642\u062a\u0627 \u0645\u0633\u062f\u0648\u062f \u0634\u062f\u0647 \u0627\u0633\u062a. <br/><br/> \u0628\u0631\u0627\u06cc \u0628\u0627\u0632 \u06a9\u0631\u062f\u0646 \u0642\u0641\u0644 \u06a9\u0631\u062f\u0646 \u0646\u0645\u0627\u06cc\u0647 \u0645\u0627 \u0627\u0632 \u0634\u0645\u0627 \u062e\u0648\u0627\u0647\u0634 \u0645\u06cc\u06a9\u0646\u06cc\u0645 \u0644\u0637\u0641\u0627 \u0628\u0627 \u0645\u062f\u06cc\u0631 \u062a\u0645\u0627\u0633 \u0628\u06af\u06cc\u0631\u06cc\u062f. <br/><br/><br/> \u0628\u0627 \u0627\u062d\u062a\u0631\u0627\u0645\u060c <br/> \u0645\u062f\u06cc\u0631 <br/><br/> #MAILFOOTER# <br/></span>]"}, {"language": "MY", "subject": "\u1021\u1016\u103d\u1032\u1037\u101d\u1004\u103a Block \u1000\u102d\u102f\u1021\u1031\u102c\u1004\u103a\u1019\u103c\u1004\u103a\u101e\u1031\u102c", "body": "[' ', <span>\u1001\u103b\u1005\u103a\u1001\u1004\u103a\u101b\u1015\u102b\u101e\u1031\u102c #NAME# , <br/><br/> \u1014\u1031\u1037\u1021\u1018\u102d\u102f\u1037\u1019\u1031\u1010\u1039\u1010\u102c\u1014\u103e\u1004\u1037\u103a\u1000\u103c\u102c\u1038\u101c\u102d\u102f\u1000\u103a\u1015\u102b\u104f\u104b \u104b <br/><br/> \u101e\u1004\u103a\u1037\u101b\u1032\u1037\u1015\u101b\u102d\u102f\u1016\u102d\u102f\u1004\u103a\u1038\u1000\u102d\u102f\u1000\u103c\u1031\u102c\u1004\u103a\u1037\u1019\u101c\u102d\u102f\u101c\u102c\u1038\u1021\u1015\u103a\u101e\u1031\u102c\u101c\u103e\u102f\u1015\u103a\u101b\u103e\u102c\u1038\u1019\u103e\u102f\u1019\u103b\u102c\u1038\u1019\u103e\u101a\u102c\u101a\u102e\u1015\u102d\u1010\u103a\u1006\u102d\u102f\u1037\u1011\u102c\u1038\u1015\u103c\u102e\u1038\u101f\u1014\u103a\u1010\u1030\u1015\u102b\u101e\u100a\u103a\u104b <br/><br/> \u101e\u1004\u103a\u1037\u101b\u1032\u1037\u1015\u101b\u102d\u102f\u1016\u102d\u102f\u1004\u103a\u1038\u1000\u102d\u102f\u1015\u102d\u1010\u103a\u1006\u102d\u102f\u1037\u1016\u102d\u102f\u1037\u1000\u103b\u1014\u1031\u102c\u103a\u1010\u102d\u102f\u1037\u1021\u102f\u1015\u103a\u1001\u103b\u102f\u1015\u103a\u101b\u1031\u1038\u1019\u103e\u1030\u1038\u1000\u102d\u102f\u1006\u1000\u103a\u101e\u103d\u101a\u103a\u1014\u103e\u1005\u103a\u101e\u1000\u103a\u101e\u1031\u102c\u101b\u1014\u103a\u101e\u1004\u1037\u103a\u1021\u102c\u1038\u1010\u1031\u102c\u1004\u103a\u1038\u1006\u102d\u102f\u101b\u1014\u103a\u101c\u102d\u1019\u103a\u1037\u1019\u101a\u103a\u104b <br/><br/><br/> \u101c\u1031\u1038\u1005\u102c\u1038\u1005\u103d\u102c\u1016\u103c\u1004\u1037\u103a, <br/> \u1021\u102f\u1015\u103a\u1001\u103b\u102f\u1015\u103a\u101b\u1031\u1038\u1019\u103e\u1030\u1038, <br/><br/> #MAILFOOTER# <br/></span>]"}, {"language": "HI", "subject": "\u0938\u0926\u0938\u094d\u092f \u092c\u094d\u0932\u0949\u0915 \u0938\u092b\u0932", "body": "[' ', <span>\u092a\u094d\u0930\u093f\u092f #NAME# , <br/><br/> \u0926\u093f\u0928 \u0915\u0940 \u0936\u0941\u092d\u0915\u093e\u092e\u0928\u093e\u090f\u0902\u0964!\u0964 <br/><br/> \u0910\u0938\u093e \u0932\u0917\u0924\u093e \u0939\u0948 \u0915\u093f \u0905\u0935\u093e\u0902\u091b\u093f\u0924 \u0917\u0924\u093f\u0935\u093f\u0927\u093f\u092f\u094b\u0902 \u0915\u0947 \u0915\u093e\u0930\u0923 \u0906\u092a\u0915\u0940 \u092a\u094d\u0930\u094b\u092b\u093c\u093e\u0907\u0932 \u0905\u0938\u094d\u0925\u093e\u092f\u0940 \u0930\u0942\u092a \u0938\u0947 \u0905\u0935\u0930\u0941\u0926\u094d\u0927 \u0939\u094b \u0917\u0908 \u0939\u0948\u0964 <br/><br/> \u0905\u092a\u0928\u0940 \u092a\u094d\u0930\u094b\u092b\u093c\u093e\u0907\u0932 \u0915\u094b \u0905\u0928\u0935\u0930\u094b\u0927\u093f\u0924 \u0915\u0930\u0928\u0947 \u0915\u0947 \u0932\u093f\u090f, \u0939\u092e \u0906\u092a\u0938\u0947 \u0905\u0928\u0941\u0930\u094b\u0927 \u0915\u0930\u0947\u0902\u0917\u0947 \u0915\u093f \u0915\u0943\u092a\u092f\u093e \u092a\u094d\u0930\u0936\u093e\u0938\u0915 \u0938\u0947 \u0938\u0902\u092a\u0930\u094d\u0915 \u0915\u0930\u0947\u0902\u0964 <br/><br/><br/> \u0938\u093e\u0926\u0930, <br/> \u092a\u094d\u0930\u0936\u093e\u0938\u0915, <br/><br/> #MAILFOOTER# <br/></span>]"}, {"language": "IW", "subject": "\u05d7\u05d1\u05e8 \u05d1\u05dc\u05d5\u05e7 \u05de\u05e6\u05dc\u05d9\u05d7", "body": "[' ', <span>\u05e9\u05dc\u05d5\u05dd #NAME# , <br/><br/> \u05d1\u05e8\u05db\u05d5\u05ea \u05dc\u05d9\u05d5\u05dd.!. <br/><br/> \u05e0\u05e8\u05d0\u05d4 \u05e9\u05d4\u05e4\u05e8\u05d5\u05e4\u05d9\u05dc \u05e9\u05dc\u05da \u05e0\u05d7\u05e1\u05dd \u05d6\u05de\u05e0\u05d9\u05ea \u05e2\u05e7\u05d1 \u05e4\u05e2\u05d9\u05dc\u05d5\u05d9\u05d5\u05ea \u05dc\u05d0 \u05e8\u05e6\u05d5\u05d9\u05d5\u05ea. <br/><br/> \u05db\u05d3\u05d9 \u05dc\u05d1\u05d8\u05dc \u05d0\u05ea \u05d7\u05e1\u05d9\u05de\u05ea \u05d4\u05e4\u05e8\u05d5\u05e4\u05d9\u05dc \u05e9\u05dc\u05da, \u05e0\u05d1\u05e7\u05e9 \u05de\u05de\u05da \u05dc\u05d9\u05e6\u05d5\u05e8 \u05e7\u05e9\u05e8 \u05e2\u05dd \u05de\u05e0\u05d4\u05dc \u05d4\u05de\u05e2\u05e8\u05db\u05ea. <br/><br/><br/> \u05d1\u05d1\u05e8\u05db\u05d4, <br/> \u05de\u05e0\u05d4\u05dc, <br/><br/> #MAILFOOTER# <br/></span>]"}, {"language": "FR", "subject": "Bloc de membres r\u00e9ussi", "body": "[' ', <span>Cher #NAME# , <br/><br/> Salutations pour la journ\u00e9e.!. <br/><br/> Il semble que votre profil ait \u00e9t\u00e9 temporairement bloqu\u00e9 en raison d'activit\u00e9s ind\u00e9sirables. <br/><br/> Pour d\u00e9bloquer votre profil, nous vous prions de contacter l\u2019administrateur. <br/><br/><br/> Cordialement, <br/> Administrateur, <br/><br/> #MAILFOOTER# <br/></span>]"}, {"language": "DA", "subject": "Medlem Blok Succesfuld", "body": "[' ', <span>K\u00e6re #NAME# , <br/><br/> Hilsner til dagen.!. <br/><br/> Det ser ud til, at din profil er midlertidigt blokeret p\u00e5 grund af u\u00f8nskede aktiviteter. <br/><br/> For at blokere din profil, vil vi bede dig om at kontakte administratoren. <br/><br/><br/> Hilsen, <br/> Administrator, <br/><br/> #MAILFOOTER# <br/></span>]"}]}