{"purpose": "Notify admin When Bank detail Updated", "templates": [{"language": "AF", "subject": "Verskaffer Bankbesonderhede Opgedateer", "body": "[' Geagte Administrateur, ', <br/>, <br/>, ' Verskaffer het sy bankbesonderhede bygevoeg / opgedateer. ', <br/>, <br/>, ' Verifieer asseblief Bankbesonderhede opgedateer. ', <br/>, <br/>, ' Hieronder is die besonderhede van verskaffer. ', <br/>, <br/>, ' Naam: #NAME# ', <br/>, <br/>, ' E-pos: #PHONE# ', <br/>, <br/>, ' Telefoon: #PHONE# ', <br/>, <br/>, ' Dankie! ', <br/>, ' #MAILFOOTER# ', <span><br/></span>]"}, {"language": "EN", "subject": "Provider Bank Details Updated", "body": "[' Dear Administrator,', <br/>, <br/>, 'Provider has Added/Updated his Bank details.', <br/>, '\\n', <br/>, 'Please verify Bank details updated.', <br/>, '\\n', <br/>, 'Below are the Details of Provider. ', <br/>, '\\n\\n', <br/>, 'Name: #NAME#', <br/>, <br/>, 'Email: #EMAIL#', <br/>, '\\n', <br/>, 'Phone: #PHONE#', <br/>, '\\n', <br/>, 'Thanks! ', <br/>, '#MAILFOOTER#', <span><br/>\n</span>]"}, {"language": "TH", "subject": "\u0e2d\u0e31\u0e1b\u0e40\u0e14\u0e15\u0e23\u0e32\u0e22\u0e25\u0e30\u0e40\u0e2d\u0e35\u0e22\u0e14\u0e18\u0e19\u0e32\u0e04\u0e32\u0e23\u0e1c\u0e39\u0e49\u0e43\u0e2b\u0e49\u0e1a\u0e23\u0e34\u0e01\u0e32\u0e23\u0e41\u0e25\u0e49\u0e27", "body": "[' \u0e40\u0e23\u0e35\u0e22\u0e19\u0e1c\u0e39\u0e49\u0e14\u0e39\u0e41\u0e25\u0e23\u0e30\u0e1a\u0e1a ', <br/>, <br/>, ' \u0e1c\u0e39\u0e49\u0e43\u0e2b\u0e49\u0e1a\u0e23\u0e34\u0e01\u0e32\u0e23\u0e44\u0e14\u0e49\u0e40\u0e1e\u0e34\u0e48\u0e21 / \u0e2d\u0e31\u0e1b\u0e40\u0e14\u0e15\u0e23\u0e32\u0e22\u0e25\u0e30\u0e40\u0e2d\u0e35\u0e22\u0e14\u0e18\u0e19\u0e32\u0e04\u0e32\u0e23\u0e02\u0e2d\u0e07\u0e40\u0e02\u0e32 ', <br/>, <br/>, ' \u0e42\u0e1b\u0e23\u0e14\u0e22\u0e37\u0e19\u0e22\u0e31\u0e19\u0e23\u0e32\u0e22\u0e25\u0e30\u0e40\u0e2d\u0e35\u0e22\u0e14\u0e18\u0e19\u0e32\u0e04\u0e32\u0e23\u0e17\u0e35\u0e48\u0e2d\u0e31\u0e1b\u0e40\u0e14\u0e15 ', <br/>, <br/>, ' \u0e14\u0e49\u0e32\u0e19\u0e25\u0e48\u0e32\u0e07\u0e19\u0e35\u0e49\u0e04\u0e37\u0e2d\u0e23\u0e32\u0e22\u0e25\u0e30\u0e40\u0e2d\u0e35\u0e22\u0e14\u0e02\u0e2d\u0e07\u0e1c\u0e39\u0e49\u0e43\u0e2b\u0e49\u0e1a\u0e23\u0e34\u0e01\u0e32\u0e23 ', <br/>, <br/>, ' \u0e0a\u0e37\u0e48\u0e2d: #NAME# ', <br/>, <br/>, ' \u0e2d\u0e35\u0e40\u0e21\u0e25: #PHONE# ', <br/>, <br/>, ' \u0e42\u0e17\u0e23\u0e28\u0e31\u0e1e\u0e17\u0e4c: #PHONE# ', <br/>, <br/>, ' \u0e02\u0e2d\u0e1a\u0e04\u0e38\u0e13! ', <br/>, ' #MAILFOOTER# ', <span><br/></span>]"}, {"language": "ID", "subject": "Rincian Penyedia Bank Diperbarui", "body": "[' Administrator yang terhormat, ', <br/>, <br/>, ' Penyedia telah Menambahkan / Memperbarui rincian Banknya. ', <br/>, <br/>, ' Harap verifikasi detail Bank yang diperbarui. ', <br/>, <br/>, ' Di bawah ini adalah Rincian Penyedia. ', <br/>, <br/>, ' Nama: #NAME# ', <br/>, <br/>, ' Email: #PHONE# ', <br/>, <br/>, ' Telepon: #PHONE# ', <br/>, <br/>, ' Terima kasih! ', <br/>, ' #MAILFOOTER# ', <span><br/></span>]"}, {"language": "DE", "subject": "Provider Bank Details aktualisiert", "body": "[' Sehr geehrter Administrator, ', <br/>, <br/>, ' Der Anbieter hat seine Bankverbindung hinzugef\u00fcgt / aktualisiert. ', <br/>, <br/>, ' Bitte \u00fcberpr\u00fcfen Sie die aktualisierte Bankverbindung. ', <br/>, <br/>, ' Nachfolgend finden Sie die Angaben zum Anbieter. ', <br/>, <br/>, ' Name: #NAME# ', <br/>, <br/>, ' E-Mail: #PHONE# ', <br/>, <br/>, ' Telefon: #PHONE# ', <br/>, <br/>, ' Vielen Dank! ', <br/>, ' #MAILFOOTER# ', <span><br/></span>]"}, {"language": "ES", "subject": "Detalles bancarios del proveedor actualizados", "body": "[' Estimado Administrador, ', <br/>, <br/>, ' Proveedor ha a\u00f1adido / actualizado sus datos bancarios. ', <br/>, <br/>, ' Por favor verifique los datos bancarios actualizados. ', <br/>, <br/>, ' A continuaci\u00f3n se presentan los detalles del proveedor. ', <br/>, <br/>, ' Nombre: #NAME# ', <br/>, <br/>, ' Correo electr\u00f3nico: #PHONE# ', <br/>, <br/>, ' Tel\u00e9fono: #PHONE# ', <br/>, <br/>, ' \u00a1Gracias! ', <br/>, ' #MAILFOOTER# ', <span><br/></span>]"}, {"language": "IT", "subject": "Dettagli della banca del fornitore aggiornati", "body": "[' Caro Amministratore, ', <br/>, <br/>, ' Il fornitore ha aggiunto / aggiornato i suoi dettagli bancari. ', <br/>, <br/>, ' Si prega di verificare i dettagli bancari aggiornati. ', <br/>, <br/>, ' Di seguito sono riportati i dettagli del provider. ', <br/>, <br/>, ' Nome: #NAME# ', <br/>, <br/>, ' Email: #PHONE# ', <br/>, <br/>, ' Telefono: #PHONE# ', <br/>, <br/>, ' Grazie! ', <br/>, ' #MAILFOOTER# ', <span><br/></span>]"}, {"language": "AR", "subject": "\u062a\u0645 \u062a\u062d\u062f\u064a\u062b \u0628\u064a\u0627\u0646\u0627\u062a \u0627\u0644\u0628\u0646\u0643", "body": "[' \u0639\u0632\u064a\u0632\u064a \u0627\u0644\u0645\u0633\u0624\u0648\u0644 \u060c ', <br/>, <br/>, ' \u0642\u0627\u0645 \u0627\u0644\u0645\u0632\u0648\u062f \u0628\u0625\u0636\u0627\u0641\u0629 / \u062a\u062d\u062f\u064a\u062b \u062a\u0641\u0627\u0635\u064a\u0644 \u0627\u0644\u0628\u0646\u0643 \u0627\u0644\u062e\u0627\u0635\u0629 \u0628\u0647. ', <br/>, <br/>, ' \u064a\u0631\u062c\u0649 \u0627\u0644\u062a\u062d\u0642\u0642 \u0645\u0646 \u062a\u062d\u062f\u064a\u062b \u062a\u0641\u0627\u0635\u064a\u0644 \u0627\u0644\u0628\u0646\u0643. ', <br/>, <br/>, ' \u0641\u064a\u0645\u0627 \u064a\u0644\u064a \u062a\u0641\u0627\u0635\u064a\u0644 \u0627\u0644\u0645\u0648\u0641\u0631. ', <br/>, <br/>, ' \u0627\u0644\u0627\u0633\u0645: #NAME# ', <br/>, <br/>, ' \u0627\u0644\u0628\u0631\u064a\u062f \u0627\u0644\u0625\u0644\u0643\u062a\u0631\u0648\u0646\u064a: #PHONE# ', <br/>, <br/>, ' #PHONE# \u0627\u0644\u0647\u0627\u062a\u0641: #PHONE# ', <br/>, <br/>, ' \u0634\u0643\u0631! ', <br/>, ' #MAILFOOTER# ', <span><br/></span>]"}, {"language": "UR", "subject": "\u0641\u0631\u0627\u06c1\u0645 \u06a9\u0646\u0646\u062f\u06c1 \u0628\u06cc\u0646\u06a9 \u06a9\u06cc \u062a\u0641\u0635\u06cc\u0644\u0627\u062a \u062a\u0627\u0632\u06c1 \u06a9\u0627\u0631\u06cc", "body": "[' \u0639\u0632\u06cc\u0632 \u0627\u06cc\u0688\u0645\u0646\u0633\u0679\u0631\u06cc\u0679\u0631\u060c ', <br/>, <br/>, ' \u0641\u0631\u0627\u06c1\u0645 \u06a9\u0646\u0646\u062f\u06c1 \u0646\u06d2 \u0627\u067e\u0646\u06cc \u0628\u06cc\u0646\u06a9 \u06a9\u06cc \u062a\u0641\u0635\u06cc\u0644\u0627\u062a \u06a9\u0648 \u0634\u0627\u0645\u0644 / \u0627\u067e \u0688\u06cc\u0679 \u06a9\u06cc\u0627 \u06c1\u06d2. ', <br/>, <br/>, ' \u0628\u0631\u0627\u06c1 \u06a9\u0631\u0645 \u0628\u06cc\u0646\u06a9 \u06a9\u06cc \u062a\u0641\u0635\u06cc\u0644\u0627\u062a \u0627\u067e \u0688\u06cc\u0679 \u06a9\u06cc \u062a\u0648\u062b\u06cc\u0642 \u06a9\u0631\u06cc\u06ba. ', <br/>, <br/>, ' \u0630\u06cc\u0644 \u0645\u06cc\u06ba \u0641\u0631\u0627\u06c1\u0645 \u06a9\u0646\u0646\u062f\u06c1 \u06a9\u06cc \u062a\u0641\u0635\u06cc\u0644\u0627\u062a \u06c1\u06cc\u06ba. ', <br/>, <br/>, ' \u0646\u0627\u0645: #NAME# ', <br/>, <br/>, ' \u0627\u06cc \u0645\u06cc\u0644: #PHONE# ', <br/>, <br/>, ' \u0641\u0648\u0646: #PHONE# ', <br/>, <br/>, ' \u0634\u06a9\u0631\u06cc\u06c1! ', <br/>, ' #MAILFOOTER# ', <span><br/></span>]"}, {"language": "AZ", "subject": "Provider Bank Details Yenil\u0259nib", "body": "[' \u018fziz Administrator, ', <br/>, <br/>, ' T\u0259chizat\u00e7\u0131 bank m\u0259lumatlar\u0131n\u0131 \u0259lav\u0259 edib / yenil\u0259yib. ', <br/>, <br/>, ' Bank\u0131n m\u0259lumatlar\u0131n\u0131 yenil\u0259ndi. ', <br/>, <br/>, ' A\u015fa\u011f\u0131da, Provider t\u0259f\u0259rr\u00fcatlar\u0131 var. ', <br/>, <br/>, ' Ad: #NAME# ', <br/>, <br/>, ' E-po\u00e7t: #PHONE# ', <br/>, <br/>, ' Telefon: #PHONE# ', <br/>, <br/>, ' T\u0259\u015f\u0259kk\u00fcr edirik! ', <br/>, ' #MAILFOOTER# ', <span><br/></span>]"}, {"language": "ZH", "subject": "\u63d0\u4f9b\u5546\u94f6\u884c\u8be6\u60c5\u5df2\u66f4\u65b0", "body": "[' \u4eb2\u7231\u7684\u7ba1\u7406\u5458\uff0c ', <br/>, <br/>, '\u63d0\u4f9b\u5546\u5df2\u6dfb\u52a0/\u66f4\u65b0\u5176\u94f6\u884c\u8be6\u7ec6\u4fe1\u606f\u3002 ', <br/>, <br/>, '\u8bf7\u9a8c\u8bc1\u94f6\u884c\u8be6\u7ec6\u4fe1\u606f\u5df2\u66f4\u65b0', <br/>, <br/>, '\u4ee5\u4e0b\u662f\u63d0\u4f9b\u5546\u7684\u8be6\u7ec6\u4fe1\u606f\u3002 ', <br/>, <br/>, '\u540d\u79f0\uff1a #NAME# ', <br/>, <br/>, '\u7535\u5b50\u90ae\u4ef6\uff1a #PHONE# ', <br/>, <br/>, '\u7535\u8bdd\uff1a #PHONE# ', <br/>, <br/>, '\u8c22\u8c22\uff01 ', <br/>, ' #MAILFOOTER# ', <span><br/></span>]"}, {"language": "PT", "subject": "Detalhes do banco do provedor atualizados", "body": "[' Prezado Administrador ', <br/>, <br/>, ' Provedor adicionou / atualizou seus dados banc\u00e1rios. ', <br/>, <br/>, ' Por favor, verifique os dados banc\u00e1rios atualizados. ', <br/>, <br/>, ' Abaixo est\u00e3o os detalhes do provedor. ', <br/>, <br/>, ' Nome: #NAME# ', <br/>, <br/>, ' Email: #PHONE# ', <br/>, <br/>, ' Telefone: #PHONE# ', <br/>, <br/>, ' Obrigado! ', <br/>, ' #MAILFOOTER# ', <span><br/></span>]"}, {"language": "ZU", "subject": "Imininingwane yeBhange lomhlinzeki ibuyekeziwe", "body": "[' Umqondisi othandekayo, ', <br/>, <br/>, ' Umhlinzeki wengeze / wavuselela imininingwane yakhe yaseBhange. ', <br/>, <br/>, ' Sicela uqinisekise imininingwane yeBhanki ibuyekeziwe. ', <br/>, <br/>, ' Ngezansi kukhona Imininingwane Yomhlinzeki. ', <br/>, <br/>, ' Igama: #NAME# ', <br/>, <br/>, ' Imeyili: #PHONE# ', <br/>, <br/>, ' Ifoni: #PHONE# ', <br/>, <br/>, ' Siyabonga! ', <br/>, ' #MAILFOOTER# ', <span><br/></span>]"}, {"language": "SW", "subject": "Maelezo ya Benki ya Mtoa huduma", "body": "[' Msimamizi Mheshimiwa, ', <br/>, <br/>, ' Mtoa huduma ameongezea / asasisha maelezo yake ya Benki. ', <br/>, <br/>, ' Tafadhali thibitisha maelezo ya Benki yaliyorasishwa. ', <br/>, <br/>, ' Chini ni Maelezo ya Mtoaji. ', <br/>, <br/>, ' Jina: #NAME# ', <br/>, <br/>, ' Barua pepe: #PHONE# ', <br/>, <br/>, ' Simu: #PHONE# ', <br/>, <br/>, ' Asante! ', <br/>, ' #MAILFOOTER# ', <span><br/></span>]"}, {"language": "KU", "subject": "Agahdariy\u00ean Bank Provider Rojanekirin", "body": "[' Bir\u00eaz Bir\u00eaz Bir\u00eaz ', <br/>, <br/>, ' Provider ji bo agahdariy\u00ean banka xwe hate z\u00eadekirin / n\u00fb kir. ', <br/>, <br/>, ' Ji kerema xwe agahdariy\u00ean banka n\u00fbjen bikin. ', <br/>, <br/>, ' Li j\u00ear Belgey\u00ean Agahdariy\u00ea hene. ', <br/>, <br/>, ' Nav: #NAME# ', <br/>, <br/>, ' E-mail: #PHONE# ', <br/>, <br/>, ' Telefon: #PHONE# ', <br/>, <br/>, ' Spas! ', <br/>, ' #MAILFOOTER# ', <span><br/></span>]"}, {"language": "MS", "subject": "Pembekal Perincian Bank Dikemas kini", "body": "[' Pentadbir yang dihormati, ', <br/>, <br/>, ' Pembekal telah menambah / mengemas kini butiran Banknya. ', <br/>, <br/>, ' Sila sahkan butiran Bank yang dikemas kini. ', <br/>, <br/>, ' Berikut adalah Butiran Penyedia. ', <br/>, <br/>, ' Nama: #NAME# ', <br/>, <br/>, ' E-mel: #PHONE# ', <br/>, <br/>, ' Telefon: #PHONE# ', <br/>, <br/>, ' Terima kasih! ', <br/>, ' #MAILFOOTER# ', <span><br/></span>]"}, {"language": "SI", "subject": "\u0dc3\u0dd0\u0db4\u0dba\u0dd4\u0db8\u0dca\u0d9a\u0dbb\u0dd4\u0d9c\u0dda \u0dc0\u0dd2\u0dc3\u0dca\u0dad\u0dbb \u0dba\u0dcf\u0dc0\u0dad\u0dca\u0d9a\u0dcf\u0dbd\u0dd3\u0db1 \u0d9a\u0dbb \u0d87\u0dad", "body": "[' \u0d86\u0daf\u0dbb\u0dab\u0dd3\u0dba \u0db4\u0dbb\u0dd2\u0db4\u0dcf\u0dbd\u0d9a, ', <br/>, <br/>, ' \u0dc3\u0dd0\u0db4\u0dba\u0dd4\u0db8\u0dca\u0d9a\u0dbb\u0dd4 \u0dc3\u0dd2\u0dba \u0db6\u0dd0\u0d82\u0d9a\u0dd4 \u0dc0\u0dd2\u0dc3\u0dca\u0dad\u0dbb\u0dba \u0d91\u0d9a\u0dad\u0dd4 \u0d9a\u0dbb / \u0dba\u0dcf\u0dc0\u0dad\u0dca\u0d9a\u0dcf\u0dbd\u0dd3\u0db1 \u0d9a\u0dbb \u0d87\u0dad. ', <br/>, <br/>, ' \u0db6\u0dd0\u0d82\u0d9a\u0dd4 \u0dc0\u0dd2\u0dc3\u0dca\u0dad\u0dbb \u0dba\u0dcf\u0dc0\u0dad\u0dca\u0d9a\u0dcf\u0dbd\u0dd3\u0db1 \u0d9a\u0dbb \u0dad\u0dc4\u0dc0\u0dd4\u0dbb\u0dd4 \u0d9a\u0dbb\u0db1\u0dca\u0db1. ', <br/>, <br/>, ' \u0dc3\u0db4\u0dba\u0db1\u0dca\u0db1\u0dcf\u0d9c\u0dda \u0dad\u0ddc\u0dbb\u0dad\u0dd4\u0dbb\u0dd4 \u0db4\u0dc4\u0dad \u0daf\u0dd0\u0d9a\u0dca\u0dc0\u0dda. ', <br/>, <br/>, ' \u0db1\u0db8: #NAME# ', <br/>, <br/>, ' \u0dc0\u0dd2\u0daf\u0dca\u0dba\u0dd4\u0dad\u0dca \u0dad\u0dd0\u0db4\u0dd1\u0dbd: #PHONE# ', <br/>, <br/>, ' \u0daf\u0dd4\u0dbb\u0d9a\u0dae\u0db1: #PHONE# ', <br/>, <br/>, ' \u0dc3\u0dca\u0dad\u0dd6\u0dad\u0dd2\u0dba\u0dd2! ', <br/>, ' #MAILFOOTER# ', <span><br/></span>]"}, {"language": "TA", "subject": "\u0bb5\u0bb4\u0b99\u0bcd\u0b95\u0bc1\u0ba8\u0bb0\u0bcd \u0bb5\u0b99\u0bcd\u0b95\u0bbf \u0bb5\u0bbf\u0bb5\u0bb0\u0b99\u0bcd\u0b95\u0bb3\u0bcd \u0baa\u0bc1\u0ba4\u0bc1\u0baa\u0bcd\u0baa\u0bbf\u0b95\u0bcd\u0b95\u0baa\u0bcd\u0baa\u0b9f\u0bcd\u0b9f\u0bc1\u0bb3\u0bcd\u0bb3\u0ba9", "body": "[' \u0b85\u0ba9\u0bcd\u0baa\u0bc1\u0bb3\u0bcd\u0bb3 \u0ba8\u0bbf\u0bb0\u0bcd\u0bb5\u0bbe\u0b95\u0bbf, ', <br/>, <br/>, ' \u0bb5\u0bb4\u0b99\u0bcd\u0b95\u0bc1\u0ba8\u0bb0\u0bcd \u0ba4\u0ba9\u0ba4\u0bc1 \u0bb5\u0b99\u0bcd\u0b95\u0bbf \u0bb5\u0bbf\u0bb5\u0bb0\u0b99\u0bcd\u0b95\u0bb3\u0bc8 \u0b9a\u0bc7\u0bb0\u0bcd\u0ba4\u0bcd\u0ba4\u0bc1\u0bb3\u0bcd\u0bb3\u0bbe\u0bb0\u0bcd / \u0baa\u0bc1\u0ba4\u0bc1\u0baa\u0bcd\u0baa\u0bbf\u0b95\u0bcd\u0b95\u0bbf\u0ba9\u0bbe\u0bb0\u0bcd. ', <br/>, <br/>, ' \u0bb5\u0b99\u0bcd\u0b95\u0bbf \u0bb5\u0bbf\u0bb5\u0bb0\u0b99\u0bcd\u0b95\u0bb3\u0bc8\u0baa\u0bcd \u0baa\u0bc1\u0ba4\u0bc1\u0baa\u0bcd\u0baa\u0bbf\u0b95\u0bcd\u0b95\u0bb5\u0bc1\u0bae\u0bcd. ', <br/>, <br/>, ' \u0bb5\u0bb4\u0b99\u0bcd\u0b95\u0bc1\u0ba8\u0bb0\u0bcd \u0bb5\u0bbf\u0bb5\u0bb0\u0b99\u0bcd\u0b95\u0bb3\u0bcd \u0b95\u0bc0\u0bb4\u0bc7 \u0b89\u0bb3\u0bcd\u0bb3\u0ba9. ', <br/>, <br/>, ' \u0baa\u0bc6\u0baf\u0bb0\u0bcd: #NAME# ', <br/>, <br/>, ' \u0bae\u0bbf\u0ba9\u0bcd\u0ba9\u0b9e\u0bcd\u0b9a\u0bb2\u0bcd: #PHONE# ', <br/>, <br/>, ' \u0ba4\u0bca\u0bb2\u0bc8\u0baa\u0bc7\u0b9a\u0bbf: #PHONE# ', <br/>, <br/>, ' \u0ba8\u0ba9\u0bcd\u0bb1\u0bbf! ', <br/>, ' #MAILFOOTER# ', <span><br/></span>]"}, {"language": "VI", "subject": "C\u1eadp nh\u1eadt chi ti\u1ebft ng\u00e2n h\u00e0ng nh\u00e0 cung c\u1ea5p", "body": "[' K\u00ednh g\u1eedi Qu\u1ea3n tr\u1ecb vi\u00ean, ', <br/>, <br/>, ' Nh\u00e0 cung c\u1ea5p \u0111\u00e3 th\u00eam / C\u1eadp nh\u1eadt chi ti\u1ebft ng\u00e2n h\u00e0ng c\u1ee7a m\u00ecnh. ', <br/>, <br/>, ' Vui l\u00f2ng x\u00e1c minh chi ti\u1ebft ng\u00e2n h\u00e0ng c\u1eadp nh\u1eadt. ', <br/>, <br/>, ' D\u01b0\u1edbi \u0111\u00e2y l\u00e0 chi ti\u1ebft c\u1ee7a nh\u00e0 cung c\u1ea5p. ', <br/>, <br/>, ' T\u00ean: #NAME# ', <br/>, <br/>, ' Email: #PHONE# ', <br/>, <br/>, ' \u0110i\u1ec7n tho\u1ea1i: #PHONE# ', <br/>, <br/>, ' C\u1ea3m \u01a1n! ', <br/>, ' #MAILFOOTER# ', <span><br/></span>]"}, {"language": "TL", "subject": "Na-update ang Mga Detalye ng Provider Bank", "body": "[' Mahal na Tagapangasiwa, ', <br/>, <br/>, ' Ang Provider ay Nagdagdag / Nag-update ng mga detalye ng kanyang Bank. ', <br/>, <br/>, ' Paki-verify ang mga detalye ng Bank na na-update. ', <br/>, <br/>, ' Nasa ibaba ang Mga Detalye ng Tagapagbigay. ', <br/>, <br/>, ' Pangalan: #NAME# ', <br/>, <br/>, ' Email: #PHONE# ', <br/>, <br/>, ' Telepono: #PHONE# ', <br/>, <br/>, ' Salamat! ', <br/>, ' #MAILFOOTER# ', <span><br/></span>]"}, {"language": "KM", "subject": "\u1796\u17d0\u178f\u17cc\u1798\u17b6\u1793\u179b\u1798\u17d2\u17a2\u17b7\u178f\u1796\u17b8\u1792\u1793\u17b6\u1782\u17b6\u179a\u17a2\u17d2\u1793\u1780\u178f\u17d2\u179a\u17bc\u179c\u1794\u17b6\u1793\u1792\u17d2\u179c\u17be\u1794\u1785\u17d2\u1785\u17bb\u1794\u17d2\u1794\u1793\u17d2\u1793\u1797\u17b6\u1796", "body": "[' \u179f\u17bc\u1798\u1782\u17c4\u179a\u1796\u17a2\u17d2\u1793\u1780\u1782\u17d2\u179a\u1794\u17cb\u1782\u17d2\u179a\u1784, ', <br/>, <br/>, ' \u17a2\u17d2\u1793\u1780\u1795\u17d2\u178f\u179b\u17cb\u179f\u17c1\u179c\u17b6\u1794\u17b6\u1793\u1794\u1793\u17d2\u1790\u17c2\u1798 / \u1794\u1793\u17d2\u1791\u17b6\u1793\u17cb\u179f\u1798\u17d0\u1799\u1796\u178f\u17cc\u1798\u17b6\u1793\u179b\u17c6\u17a2\u17b7\u178f\u1796\u17b8\u1792\u1793\u17b6\u1782\u17b6\u179a\u179a\u1794\u179f\u17cb\u1782\u17b6\u178f\u17cb\u17d4 ', <br/>, <br/>, ' \u179f\u17bc\u1798\u1795\u17d2\u1791\u17c0\u1784\u1795\u17d2\u1791\u17b6\u178f\u17cb\u1796\u178f\u17cd\u1798\u17b6\u1793\u179b\u17c6\u17a2\u17b7\u178f\u1796\u17b8\u1792\u1793\u17b6\u1782\u17b6\u179a ', <br/>, <br/>, ' \u1781\u17b6\u1784\u1780\u17d2\u179a\u17c4\u1798\u1793\u17c1\u17c7\u1787\u17b6\u1796\u17d0\u178f\u17cc\u1798\u17b6\u1793\u179b\u17c6\u17a2\u17b7\u178f\u179a\u1794\u179f\u17cb\u17a2\u17d2\u1793\u1780\u1795\u17d2\u178f\u179b\u17cb\u17d4 ', <br/>, <br/>, ' \u1788\u17d2\u1798\u17c4\u17c7: #NAME# ', <br/>, <br/>, ' \u17a2\u17ca\u17b8\u1798\u17c9\u17c2\u179b: #PHONE# ', <br/>, <br/>, ' \u1791\u17bc\u179a\u179f\u17d0\u1796\u17d2\u1791: #PHONE# ', <br/>, <br/>, ' \u179f\u17bc\u1798\u17a2\u179a\u1782\u17bb\u178e! ', <br/>, ' #MAILFOOTER# ', <span><br/></span>]"}, {"language": "BN", "subject": "\u09b8\u09b0\u09ac\u09b0\u09be\u09b9\u0995\u09be\u09b0\u09c0 \u09ac\u09cd\u09af\u09be\u0982\u0995 \u09ac\u09bf\u09ac\u09b0\u09a3 \u0986\u09aa\u09a1\u09c7\u099f", "body": "[' \u09aa\u09cd\u09b0\u09bf\u09af\u09bc \u09aa\u09cd\u09b0\u09b6\u09be\u09b8\u0995, ', <br/>, <br/>, ' \u09b8\u09b0\u09ac\u09b0\u09be\u09b9\u0995\u09be\u09b0\u09c0 \u09a4\u09be\u09b0 \u09ac\u09cd\u09af\u09be\u0982\u0995 \u09ac\u09bf\u09ac\u09b0\u09a3 \u09af\u09cb\u0997 / \u0986\u09aa\u09a1\u09c7\u099f \u0995\u09b0\u09be \u09b9\u09af\u09bc\u09c7\u099b\u09c7\u0964 ', <br/>, <br/>, ' \u0986\u09aa\u09a1\u09c7\u099f \u09ac\u09cd\u09af\u09be\u0982\u0995 \u09ac\u09bf\u09ac\u09b0\u09a3 \u09af\u09be\u099a\u09be\u0987 \u0995\u09b0\u09c1\u09a8\u0964 ', <br/>, <br/>, ' \u09a8\u09c0\u099a\u09c7 \u09aa\u09cd\u09b0\u09a6\u09be\u09a8\u0995\u09be\u09b0\u09c0\u09b0 \u09ac\u09bf\u09ac\u09b0\u09a3\u0964 ', <br/>, <br/>, ' \u09a8\u09be\u09ae: #NAME# ', <br/>, <br/>, ' \u0987\u09ae\u09c7\u0987\u09b2: #PHONE# ', <br/>, <br/>, ' \u09ab\u09cb\u09a8: #PHONE# ', <br/>, <br/>, ' \u09a7\u09a8\u09cd\u09af\u09ac\u09be\u09a6! ', <br/>, ' #MAILFOOTER# ', <span><br/></span>]"}, {"language": "JA", "subject": "\u30d7\u30ed\u30d0\u30a4\u30c0\u9280\u884c\u8a73\u7d30\u306e\u66f4\u65b0", "body": "[' \u7ba1\u7406\u8005\u5404\u4f4d', <br/>, <br/>, '\u30d7\u30ed\u30d0\u30a4\u30c0\u306f\u9280\u884c\u306e\u8a73\u7d30\u3092\u8ffd\u52a0/\u66f4\u65b0\u3057\u307e\u3057\u305f\u3002 ', <br/>, <br/>, '\u9280\u884c\u306e\u8a73\u7d30\u304c\u66f4\u65b0\u3055\u308c\u305f\u3053\u3068\u3092\u78ba\u8a8d\u3057\u3066\u304f\u3060\u3055\u3044\u3002 ', <br/>, <br/>, '\u4ee5\u4e0b\u306f\u30d7\u30ed\u30d0\u30a4\u30c0\u306e\u8a73\u7d30\u3067\u3059\u3002 ', <br/>, <br/>, '\u540d\u524d\uff1a #NAME# ', <br/>, <br/>, '\u30e1\u30fc\u30eb\u30a2\u30c9\u30ec\u30b9\uff1a #PHONE# ', <br/>, <br/>, '\u96fb\u8a71\u756a\u53f7\uff1a #PHONE# ', <br/>, <br/>, '\u3042\u308a\u304c\u3068\u3046\u3054\u3056\u3044\u307e\u3059\u3002 ', <br/>, ' #MAILFOOTER# ', <span><br/></span>]"}, {"language": "KO", "subject": "\uacf5\uae09\uc790 \uc740\ud589 \uc138\ubd80 \uc815\ubcf4 \uc5c5\ub370\uc774\ud2b8", "body": "[' \uce5c\uc560\ud558\ub294 \uad00\ub9ac\uc790, ', <br/>, <br/>, ' \uc81c\uacf5\uc790\uac00 \uc740\ud589 \uc815\ubcf4\ub97c \ucd94\uac00 / \uc5c5\ub370\uc774\ud2b8\ud588\uc2b5\ub2c8\ub2e4. ', <br/>, <br/>, ' \uc740\ud589 \uc138\ubd80 \uc815\ubcf4\uac00 \uc5c5\ub370\uc774\ud2b8\ub418\uc5c8\ub294\uc9c0 \ud655\uc778\ud558\uc2ed\uc2dc\uc624. ', <br/>, <br/>, ' \ub2e4\uc74c\uc740 \uc81c\uacf5\uc790\uc758 \uc138\ubd80 \uc0ac\ud56d\uc785\ub2c8\ub2e4. ', <br/>, <br/>, ' \uc774\ub984 : #NAME# ', <br/>, <br/>, ' \uc774\uba54\uc77c : #PHONE# ', <br/>, <br/>, ' \uc804\ud654 #PHONE# : #PHONE# ', <br/>, <br/>, ' \uac10\uc0ac! ', <br/>, ' #MAILFOOTER# ', <span><br/></span>]"}, {"language": "YO", "subject": "Aw\u1ecdn alaye Bank Bank ti o nfunni ni Imudojuiw\u1ecdn", "body": "[' Oluk\u1ecdni, ', <br/>, <br/>, ' Olupese ti \u1e63e afikun / Imudojuiw\u1ecdn aw\u1ecdn alaye Bank r\u1eb9. ', <br/>, <br/>, ' Jowo \u1e63ay\u1eb9wo aw\u1ecdn alaye Bank ti o ni imudojuiw\u1ecdn. ', <br/>, <br/>, ' Ni isal\u1eb9 ni Alaye ti Olupese. ', <br/>, <br/>, ' Oruk\u1ecd: #NAME# ', <br/>, <br/>, ' Imeeli: #PHONE# ', <br/>, <br/>, ' Foonu: #PHONE# ', <br/>, <br/>, ' O \u1e63eun! ', <br/>, ' #MAILFOOTER# ', <span><br/></span>]"}, {"language": "TR", "subject": "Tedarik\u00e7i Banka Detaylar\u0131 G\u00fcncelleme", "body": "[' Sevgili Y\u00f6netici ', <br/>, <br/>, ' Sa\u011flay\u0131c\u0131, Banka bilgilerini ekledi / g\u00fcncelledi. ', <br/>, <br/>, ' L\u00fctfen g\u00fcncellenen Banka ayr\u0131nt\u0131lar\u0131n\u0131 do\u011frulay\u0131n. ', <br/>, <br/>, ' A\u015fa\u011f\u0131da Tedarik\u00e7inin Detaylar\u0131. ', <br/>, <br/>, ' \u0130sim: #NAME# ', <br/>, <br/>, ' E-posta: #PHONE# ', <br/>, <br/>, ' Telefon: #PHONE# ', <br/>, <br/>, ' Te\u015fekk\u00fcrler! ', <br/>, ' #MAILFOOTER# ', <span><br/></span>]"}, {"language": "RU", "subject": "\u041e\u0431\u043d\u043e\u0432\u043b\u0435\u043d\u044b \u0431\u0430\u043d\u043a\u043e\u0432\u0441\u043a\u0438\u0435 \u0440\u0435\u043a\u0432\u0438\u0437\u0438\u0442\u044b \u043f\u0440\u043e\u0432\u0430\u0439\u0434\u0435\u0440\u0430", "body": "[' \u0423\u0432\u0430\u0436\u0430\u0435\u043c\u044b\u0439 \u0410\u0434\u043c\u0438\u043d\u0438\u0441\u0442\u0440\u0430\u0442\u043e\u0440, ', <br/>, <br/>, ' \u041f\u0440\u043e\u0432\u0430\u0439\u0434\u0435\u0440 \u0434\u043e\u0431\u0430\u0432\u0438\u043b / \u043e\u0431\u043d\u043e\u0432\u0438\u043b \u0441\u0432\u043e\u0438 \u0431\u0430\u043d\u043a\u043e\u0432\u0441\u043a\u0438\u0435 \u0440\u0435\u043a\u0432\u0438\u0437\u0438\u0442\u044b. ', <br/>, <br/>, ' \u041f\u043e\u0436\u0430\u043b\u0443\u0439\u0441\u0442\u0430, \u043f\u0440\u043e\u0432\u0435\u0440\u044c\u0442\u0435 \u0431\u0430\u043d\u043a\u043e\u0432\u0441\u043a\u0438\u0435 \u0440\u0435\u043a\u0432\u0438\u0437\u0438\u0442\u044b \u043e\u0431\u043d\u043e\u0432\u043b\u0435\u043d\u044b. ', <br/>, <br/>, ' \u041d\u0438\u0436\u0435 \u043f\u0440\u0438\u0432\u0435\u0434\u0435\u043d\u044b \u0434\u0435\u0442\u0430\u043b\u0438 \u043f\u0440\u043e\u0432\u0430\u0439\u0434\u0435\u0440\u0430. ', <br/>, <br/>, ' \u0418\u043c\u044f: #NAME# ', <br/>, <br/>, ' \u042d\u043b\u0435\u043a\u0442\u0440\u043e\u043d\u043d\u0430\u044f \u043f\u043e\u0447\u0442\u0430: #PHONE# ', <br/>, <br/>, ' \u0422\u0435\u043b\u0435\u0444\u043e\u043d: #PHONE# ', <br/>, <br/>, ' \u0421\u043f\u0430\u0441\u0438\u0431\u043e! ', <br/>, ' #MAILFOOTER# ', <span><br/></span>]"}, {"language": "FA", "subject": "\u0627\u0637\u0644\u0627\u0639\u0627\u062a \u0627\u0631\u0627\u0626\u0647 \u062f\u0647\u0646\u062f\u0647 \u0628\u0627\u0646\u06a9 \u0627\u0637\u0644\u0627\u0639\u0627\u062a \u0628\u0647 \u0631\u0648\u0632 \u0634\u062f\u0647", "body": "[' \u0645\u062f\u06cc\u0631 \u0639\u0632\u06cc\u0632 ', <br/>, <br/>, ' \u0627\u0631\u0627\u0626\u0647 \u062f\u0647\u0646\u062f\u0647 \u0627\u0637\u0644\u0627\u0639\u0627\u062a \u0645\u0631\u0628\u0648\u0637 \u0628\u0647 \u0628\u0627\u0646\u06a9 \u062e\u0648\u062f \u0631\u0627 \u0628\u0647 \u0631\u0648\u0632 \u06a9\u0631\u062f\u0647 \u0627\u0633\u062a. ', <br/>, <br/>, ' \u0644\u0637\u0641\u0627 \u062c\u0632\u0626\u06cc\u0627\u062a \u0628\u0627\u0646\u06a9\u06cc \u0631\u0627 \u0628\u0647 \u0631\u0648\u0632 \u06a9\u0646\u06cc\u062f. ', <br/>, <br/>, ' \u062f\u0631 \u0632\u06cc\u0631 \u062c\u0632\u0626\u06cc\u0627\u062a \u0627\u0631\u0627\u0626\u0647 \u062f\u0647\u0646\u062f\u0647. ', <br/>, <br/>, ' \u0646\u0627\u0645: #NAME# ', <br/>, <br/>, ' \u0627\u06cc\u0645\u06cc\u0644: #PHONE# ', <br/>, <br/>, ' \u062a\u0644\u0641\u0646: #PHONE# ', <br/>, <br/>, ' \u0628\u0627 \u062a\u0634\u06a9\u0631! ', <br/>, ' #MAILFOOTER# ', <span><br/></span>]"}, {"language": "MY", "subject": "provider \u1018\u100f\u103a\u1021\u101e\u1031\u1038\u1005\u102d\u1010\u103a\u1014\u1031\u102c\u1000\u103a\u1006\u102f\u1036\u1038\u101b\u1031\u1038\u101e\u102c\u1038\u1001\u103b\u102d\u1014\u103a", "body": "[' \u1001\u103b\u1005\u103a\u1001\u1004\u103a\u101b\u1015\u102b\u101e\u1031\u102c\u1021\u102f\u1015\u103a\u1001\u103b\u102f\u1015\u103a\u101b\u1031\u1038\u1019\u103e\u1030\u1038, ', <br/>, <br/>, ' provider \u1000\u101e\u1030\u1037\u1018\u100f\u103a\u1021\u101e\u1031\u1038\u1005\u102d\u1010\u103b\u1014\u1031\u102c\u1000\u103a\u1006\u102f\u1036\u1038\u101b\u1031\u1038\u101e\u102c\u1038\u1001\u103b\u102d\u1014\u103a / Added \u101e\u102d\u101b\u101e\u100a\u103a\u104b ', <br/>, <br/>, ' updated \u1018\u100f\u103a\u1021\u101e\u1031\u1038\u1005\u102d\u1010\u103b\u1000\u102d\u102f\u1021\u1010\u100a\u103a\u1015\u103c\u102f\u101b\u1014\u103a\u1015\u1031\u1038\u1015\u102b\u104b ', <br/>, <br/>, ' \u1021\u1031\u102c\u1000\u103a\u1010\u103d\u1004\u103a\u1015\u1031\u1038\u101e\u1030\u1019\u103b\u102c\u1038\u104f\u1021\u101e\u1031\u1038\u1005\u102d\u1010\u103a\u1016\u103c\u1005\u103a\u1000\u103c\u101e\u100a\u103a\u104b ', <br/>, <br/>, ' \u1021\u1019\u100a\u103a: #NAME# ', <br/>, <br/>, ' \u1021\u102e\u1038\u1019\u1031\u1038\u101c\u103a: #PHONE# ', <br/>, <br/>, ' \u1016\u102f\u1014\u103a\u1038\u1014\u1036\u1015\u102b\u1010\u103a: #PHONE# ', <br/>, <br/>, ' \u1000\u103b\u1031\u1038\u1007\u1030\u1038\u1010\u1004\u103a\u1015\u102b\u1010\u101a\u103a! ', <br/>, ' #MAILFOOTER# ', <span><br/></span>]"}, {"language": "HI", "subject": "\u092a\u094d\u0930\u0926\u093e\u0924\u093e \u092c\u0948\u0902\u0915 \u0935\u093f\u0935\u0930\u0923 \u0905\u092a\u0921\u0947\u091f \u0915\u093f\u092f\u093e \u0917\u092f\u093e", "body": "[' \u092a\u094d\u0930\u093f\u092f \u092a\u094d\u0930\u0936\u093e\u0938\u0915, ', <br/>, <br/>, ' \u092a\u094d\u0930\u0926\u093e\u0924\u093e \u0928\u0947 \u0905\u092a\u0928\u093e \u092c\u0948\u0902\u0915 \u0935\u093f\u0935\u0930\u0923 \u091c\u094b\u0921\u093c\u093e / \u0905\u0926\u094d\u092f\u0924\u093f\u0924 \u0915\u093f\u092f\u093e \u0939\u0948\u0964 ', <br/>, <br/>, ' \u0915\u0943\u092a\u092f\u093e \u0905\u0926\u094d\u092f\u0924\u0928 \u092c\u0948\u0902\u0915 \u0935\u093f\u0935\u0930\u0923 \u0938\u0924\u094d\u092f\u093e\u092a\u093f\u0924 \u0915\u0930\u0947\u0902\u0964 ', <br/>, <br/>, ' \u092a\u094d\u0930\u0926\u093e\u0924\u093e \u0915\u0947 \u0935\u093f\u0935\u0930\u0923 \u0928\u0940\u091a\u0947 \u0926\u093f\u090f \u0917\u090f \u0939\u0948\u0902\u0964 ', <br/>, <br/>, ' \u0928\u093e\u092e: #NAME# ', <br/>, <br/>, ' \u0908\u092e\u0947\u0932: #PHONE# ', <br/>, <br/>, ' \u092b\u093c\u094b\u0928: #PHONE# ', <br/>, <br/>, ' \u0927\u0928\u094d\u092f\u0935\u093e\u0926! ', <br/>, ' #MAILFOOTER# ', <span><br/></span>]"}, {"language": "IW", "subject": "\u05e4\u05e8\u05d8\u05d9 \u05d1\u05e0\u05e7 \u05e1\u05e4\u05e7 \u05de\u05e2\u05d5\u05d3\u05db\u05df", "body": "[' \u05de\u05e0\u05d4\u05dc \u05d9\u05e7\u05e8, ', <br/>, <br/>, ' \u05d4\u05e1\u05e4\u05e7 \u05d4\u05d5\u05e1\u05d9\u05e3 / \u05e2\u05d5\u05d3\u05db\u05df \u05e4\u05e8\u05d8\u05d9 \u05d4\u05d1\u05e0\u05e7 \u05e9\u05dc\u05d5. ', <br/>, <br/>, ' \u05d0\u05de\u05ea \u05d0\u05ea \u05e4\u05e8\u05d8\u05d9 \u05d4\u05d1\u05e0\u05e7 \u05e2\u05d5\u05d3\u05db\u05e0\u05d5. ', <br/>, <br/>, ' \u05dc\u05d4\u05dc\u05df \u05e4\u05e8\u05d8\u05d9 \u05d4\u05e1\u05e4\u05e7. ', <br/>, <br/>, ' \u05e9\u05dd: #NAME# ', <br/>, <br/>, ' \u05d3\u05d5\u05d0\"\u05dc: #PHONE# ', <br/>, <br/>, ' \u05d8\u05dc\u05e4\u05d5\u05df: #PHONE# ', <br/>, <br/>, ' \u05ea\u05d5\u05d3\u05d4! ', <br/>, ' #MAILFOOTER# ', <span><br/></span>]"}, {"language": "FR", "subject": "Coordonn\u00e9es bancaires du fournisseur mises \u00e0 jour", "body": "[' Cher administrateur, ', <br/>, <br/>, ' Le fournisseur a ajout\u00e9 / mis \u00e0 jour ses coordonn\u00e9es bancaires. ', <br/>, <br/>, ' Veuillez v\u00e9rifier les coordonn\u00e9es bancaires mises \u00e0 jour. ', <br/>, <br/>, ' Vous trouverez ci-dessous les d\u00e9tails du fournisseur. ', <br/>, <br/>, ' Nom: #NAME# ', <br/>, <br/>, ' Email: #PHONE# ', <br/>, <br/>, ' T\u00e9l\u00e9phone: #PHONE# ', <br/>, <br/>, ' Merci! ', <br/>, ' #MAILFOOTER# ', <span><br/></span>]"}, {"language": "DA", "subject": "Udbyder Bank Detaljer Opdateret", "body": "[' K\u00e6re Administrator, ', <br/>, <br/>, ' Leverand\u00f8r har tilf\u00f8jet / opdateret hans bankoplysninger. ', <br/>, <br/>, ' Venligst bekr\u00e6ft Bankoplysninger opdateret. ', <br/>, <br/>, ' Nedenfor er oplysninger om udbyderen. ', <br/>, <br/>, ' Navn: #NAME# ', <br/>, <br/>, ' Email: #PHONE# ', <br/>, <br/>, ' Telefon: #PHONE# ', <br/>, <br/>, ' Tak! ', <br/>, ' #MAILFOOTER# ', <span><br/></span>]"}]}