{"purpose": "To Notify Administrator when the Professional Or Company uploads documents for Vehicle and Profile", "templates": [{"language": "AF", "subject": "Nuwe dokumente opgelaai!", "body": "[' ', <div> <span>Hallo Administrateur, <br/><br/> Die volgende dokumente is opgelaai / opgedateer. Hieronder is die besonderhede. <br/><br/><br/><br/> Opgelaai deur: #NAME# ( #EMAIL# ) <br/><br/> Dokument Type: #DOC_TYPE# <br/><br/> Dokument vir: #DOC_FOR# <br/><br/><br/> Dankie! #MailFooter# <br/></span></div>]"}, {"language": "EN", "subject": "New Documents Uploaded!", "body": "[' ', <div><span>Hello Administrator,\n<br/>\n<br/>The following documents have been uploaded/updated. Below are the details.\n<br/>\n<br/> \n<br/>\n<br/>Uploaded By: #NAME#  (#EMAIL#)\n<br/>\n<br/>Document Type: #DOC_TYPE#\n<br/>\n<br/>Document For: #DOC_FOR#\n<br/>\n<br/>\n<br/>Thanks!  #MailFooter#</span><br/></div>]"}, {"language": "TH", "subject": "\u0e2d\u0e31\u0e1b\u0e42\u0e2b\u0e25\u0e14\u0e40\u0e2d\u0e01\u0e2a\u0e32\u0e23\u0e43\u0e2b\u0e21\u0e48\u0e41\u0e25\u0e49\u0e27!", "body": "[' ', <div> <span>\u0e2a\u0e27\u0e31\u0e2a\u0e14\u0e35\u0e1c\u0e39\u0e49\u0e14\u0e39\u0e41\u0e25\u0e23\u0e30\u0e1a\u0e1a <br/><br/> \u0e40\u0e2d\u0e01\u0e2a\u0e32\u0e23\u0e15\u0e48\u0e2d\u0e44\u0e1b\u0e19\u0e35\u0e49\u0e44\u0e14\u0e49\u0e23\u0e31\u0e1a\u0e01\u0e32\u0e23\u0e2d\u0e31\u0e1b\u0e42\u0e2b\u0e25\u0e14 / \u0e2d\u0e31\u0e1b\u0e40\u0e14\u0e15 \u0e14\u0e49\u0e32\u0e19\u0e25\u0e48\u0e32\u0e07\u0e40\u0e1b\u0e47\u0e19\u0e23\u0e32\u0e22\u0e25\u0e30\u0e40\u0e2d\u0e35\u0e22\u0e14 <br/><br/><br/><br/> \u0e2d\u0e31\u0e1b\u0e42\u0e2b\u0e25\u0e14\u0e42\u0e14\u0e22: #NAME# ( #EMAIL# ) <br/><br/> \u0e1b\u0e23\u0e30\u0e40\u0e20\u0e17\u0e40\u0e2d\u0e01\u0e2a\u0e32\u0e23: #DOC_TYPE# <br/><br/> \u0e40\u0e2d\u0e01\u0e2a\u0e32\u0e23\u0e2a\u0e33\u0e2b\u0e23\u0e31\u0e1a: #DOC_FOR# <br/><br/><br/> \u0e02\u0e2d\u0e1a\u0e04\u0e38\u0e13! #MailFooter# <br/></span></div>]"}, {"language": "ID", "subject": "Dokumen Baru Diunggah!", "body": "[' ', <div> <span>Halo Administrator, <br/><br/> Dokumen-dokumen berikut telah diunggah / diperbarui. Di bawah ini adalah detailnya. <br/><br/><br/><br/> Diunggah oleh: #NAME# ( #EMAIL# ) <br/><br/> Jenis Dokumen: #DOC_TYPE# <br/><br/> Dokumen Untuk: #DOC_FOR# <br/><br/><br/> Terima kasih! #MailFooter# <br/></span></div>]"}, {"language": "DE", "subject": "Neue Dokumente hochgeladen", "body": "[' ', <div> <span>Hallo Administrator, <br/><br/> Die folgenden Dokumente wurden hochgeladen / aktualisiert. Unten sind die Details. <br/><br/><br/><br/> Hochgeladen von: #NAME# ( #EMAIL# ) <br/><br/> Dokumenttyp: #DOC_TYPE# <br/><br/> Dokument f\u00fcr: #DOC_FOR# <br/><br/><br/> Vielen Dank! #MailFooter# <br/></span></div>]"}, {"language": "ES", "subject": "Nuevos documentos subidos!", "body": "[' ', <div> <span>Hola administrador, <br/><br/> Los siguientes documentos han sido subidos / actualizados. A continuaci\u00f3n se presentan los detalles. <br/><br/><br/><br/> Subido por: #NAME# ( #EMAIL# ) <br/><br/> Tipo de documento: #DOC_TYPE# <br/><br/> Documento para: #DOC_FOR# <br/><br/><br/> \u00a1Gracias! #MailFooter# <br/></span></div>]"}, {"language": "IT", "subject": "Nuovi documenti caricati!", "body": "[' ', <div> <span>Ciao amministratore, <br/><br/> I seguenti documenti sono stati caricati / aggiornati. Di seguito sono i dettagli. <br/><br/><br/><br/> Caricato da: #NAME# ( #EMAIL# ) <br/><br/> Tipo di documento: #DOC_TYPE# <br/><br/> Documento per: #DOC_FOR# <br/><br/><br/> Grazie! #MailFooter# <br/></span></div>]"}, {"language": "AR", "subject": "\u062a\u0645 \u062a\u062d\u0645\u064a\u0644 \u0645\u0633\u062a\u0646\u062f\u0627\u062a \u062c\u062f\u064a\u062f\u0629!", "body": "[' ', <div style=\";text-align:right;direction:rtl\"> <span>\u0645\u0631\u062d\u0628\u0627 \u0627\u0644\u0645\u0633\u0624\u0648\u0644 \u060c <br/><br/> \u062a\u0645 \u062a\u062d\u0645\u064a\u0644 / \u062a\u062d\u062f\u064a\u062b \u0627\u0644\u0648\u062b\u0627\u0626\u0642 \u0627\u0644\u062a\u0627\u0644\u064a\u0629. \u0623\u062f\u0646\u0627\u0647 \u0647\u064a \u0627\u0644\u062a\u0641\u0627\u0635\u064a\u0644. <br/><br/><br/><br/> \u062a\u0645 \u0627\u0644\u0631\u0641\u0639 \u0628\u0648\u0627\u0633\u0637\u0629: #NAME# ( #EMAIL# ) <br/><br/> \u0646\u0648\u0639 \u0627\u0644\u0645\u0633\u062a\u0646\u062f: #DOC_TYPE# <br/><br/> \u0627\u0644\u0645\u0633\u062a\u0646\u062f \u0644\u0640: #DOC_FOR# <br/><br/><br/> \u0634\u0643\u0631! #MailFooter# <br/></span></div>]"}, {"language": "UR", "subject": "\u0646\u06cc\u0627 \u062f\u0633\u062a\u0627\u0648\u06cc\u0632\u0627\u062a \u0627\u067e \u0644\u0648\u0688!", "body": "[' ', <div style=\";text-align:right;direction:rtl\"> <span>\u06c1\u06cc\u0644\u0648 \u0627\u06cc\u0688\u0645\u0646\u0633\u0679\u0631\u06cc\u0679\u0631\u060c <br/><br/> \u0645\u0646\u062f\u0631\u062c\u06c1 \u0630\u06cc\u0644 \u062f\u0633\u062a\u0627\u0648\u06cc\u0632\u0627\u062a \u0627\u067e \u0644\u0648\u0688 \u06a9\u06cc\u06d2 \u06af\u0626\u06d2 \u06c1\u06cc\u06ba \u06cc\u0627 \u0627\u067e \u0688\u06cc\u0679. \u0630\u06cc\u0644 \u0645\u06cc\u06ba \u062a\u0641\u0635\u06cc\u0644\u0627\u062a \u06c1\u06cc\u06ba. <br/><br/><br/><br/> \u06a9\u06cc \u0637\u0631\u0641 \u0633\u06d2 \u0627\u067e \u0644\u0648\u0688 \u06a9\u0631\u062f\u06c1: #NAME# ( #EMAIL# ) <br/><br/> \u062f\u0633\u062a\u0627\u0648\u06cc\u0632 \u06a9\u06cc \u0642\u0633\u0645: #DOC_TYPE# <br/><br/> \u062f\u0633\u062a\u0627\u0648\u06cc\u0632 \u06a9\u06cc\u0644\u0626\u06d2: #DOC_FOR# <br/><br/><br/> \u0634\u06a9\u0631\u06cc\u06c1! #MailFooter# <br/></span></div>]"}, {"language": "AZ", "subject": "Yeni s\u0259n\u0259dl\u0259r y\u00fckl\u0259ndi!", "body": "[' ', <div> <span>Salam Administrator, <br/><br/> A\u015fa\u011f\u0131dak\u0131 s\u0259n\u0259dl\u0259r y\u00fckl\u0259nmi\u015f / yenil\u0259nmi\u015fdir. A\u015fa\u011f\u0131dak\u0131 m\u0259lumatlar. <br/><br/><br/><br/> Y\u00fckl\u0259ndi: #NAME# ( #EMAIL# ) <br/><br/> S\u0259n\u0259d n\u00f6v\u00fc: #DOC_TYPE# <br/><br/> S\u0259n\u0259d \u00fc\u00e7\u00fcn: #DOC_FOR# <br/><br/><br/> T\u0259\u015f\u0259kk\u00fcr edirik! #MailFooter# <br/></span></div>]"}, {"language": "ZH", "subject": "\u4e0a\u4f20\u65b0\u6587\u4ef6\uff01", "body": "[' ', <div> <span>\u4f60\u597d\u7ba1\u7406\u5458\uff0c <br/><br/>\u4ee5\u4e0b\u6587\u4ef6\u5df2\u4e0a\u8f7d/\u66f4\u65b0\u3002\u4ee5\u4e0b\u662f\u8be6\u7ec6\u4fe1\u606f\u3002 <br/><br/><br/><br/>\u4e0a\u4f20\u8005\uff1a #NAME# \uff08 #EMAIL# \uff09 <br/><br/>\u6587\u4ef6\u7c7b\u578b\uff1a #DOC_TYPE# <br/><br/>\u6587\u4ef6\uff1a #DOC_FOR# <br/><br/><br/>\u8c22\u8c22\uff01 #MailFooter# <br/></span></div>]"}, {"language": "PT", "subject": "Novos documentos enviados!", "body": "[' ', <div> <span>Ol\u00e1 Administrador, <br/><br/> Os seguintes documentos foram carregados / atualizados. Abaixo est\u00e3o os detalhes. <br/><br/><br/><br/> Enviado por: #NAME# ( #EMAIL# ) <br/><br/> Tipo de documento: #DOC_TYPE# <br/><br/> Documento para: #DOC_FOR# <br/><br/><br/> Obrigado! #MailFooter# <br/></span></div>]"}, {"language": "ZU", "subject": "Amadokhumenti amasha alayishiwe!", "body": "[' ', <div> <span>Sawubona uMqondisi, <br/><br/> Le mibhalo elandelayo ilayishwe / ibuyekeziwe. Ngezansi kukhona imininingwane. <br/><br/><br/><br/> Ilayishwe ngu: #NAME# ( #EMAIL# ) <br/><br/> Uhlobo #DOC_TYPE# : #DOC_TYPE# <br/><br/> Idokhumenti Ye: #DOC_FOR# <br/><br/><br/> Siyabonga! #MailFooter# <br/></span></div>]"}, {"language": "SW", "subject": "Hati mpya zimepakiwa!", "body": "[' ', <div> <span>Msimamizi Mheshimiwa, <br/><br/> Hati zifuatazo zimepakiwa / zimehifadhiwa. Chini ni maelezo. <br/><br/><br/><br/> Imepakiwa na: #NAME# ( #EMAIL# ) <br/><br/> Aina ya Hati: #DOC_TYPE# <br/><br/> #DOC_FOR# Kwa: #DOC_FOR# <br/><br/><br/> Asante! #MailFooter# <br/></span></div>]"}, {"language": "KU", "subject": "Belgey\u00ean n\u00fb", "body": "[' ', <div style=\";text-align:right;direction:rtl\"> <span>R\u00eaveber\u00ea Hello, <br/><br/> Belgey\u00ean j\u00ear\u00een barkirin / update. Li j\u00ear agahdar\u00ee hene. <br/><br/><br/><br/> Ji h\u00eala Uploaded: #NAME# ( #EMAIL# ) <br/><br/> T\u00eepa Belgey\u00ea: #DOC_TYPE# <br/><br/> Dokument Ji bo #DOC_FOR# <br/><br/><br/> Spas! #MailFooter# <br/></span></div>]"}, {"language": "MS", "subject": "Dokumen Baru Dimuat naik!", "body": "[' ', <div> <span>Hello Administrator, <br/><br/> Dokumen berikut telah dimuat naik / dikemas kini. Berikut adalah butirannya. <br/><br/><br/><br/> Dimuat naik Oleh: #NAME# ( #EMAIL# ) <br/><br/> Jenis Dokumen: #DOC_TYPE# <br/><br/> Dokumen Untuk: #DOC_FOR# <br/><br/><br/> Terima kasih! #MailFooter# <br/></span></div>]"}, {"language": "SI", "subject": "Uploaded New Documents!", "body": "[' ', <div> <span>\u0dc4\u0dbd\u0ddd \u0db4\u0dbb\u0dd2\u0db4\u0dcf\u0dbd\u0d9a, <br/><br/> \u0db4\u0dc4\u0dad \u0dbd\u0dd2\u0db4\u0dd2 \u0dbd\u0dda\u0d9b\u0db1 \u0d8b\u0da9\u0dd4\u0d9c\u0dad \u0d9a\u0dbb \u0d87\u0dad. \u0dc0\u0dd2\u0dc3\u0dca\u0dad\u0dbb \u0db4\u0dc4\u0dad \u0daf\u0dd0\u0d9a\u0dca\u0dc0\u0dda. <br/><br/><br/><br/> Uploaded By: #NAME# ( #EMAIL# ) <br/><br/> \u0dbd\u0dda\u0d9b\u0db1 \u0dc0\u0dbb\u0dca\u0d9c\u0dba: #DOC_TYPE# <br/><br/> \u0dbd\u0dda\u0d9b\u0db1\u0dba \u0dc3\u0db3\u0dc4\u0dcf: #DOC_FOR# <br/><br/><br/> \u0dc3\u0dca\u0dad\u0dd6\u0dad\u0dd2\u0dba\u0dd2! #MailFooter# <br/></span></div>]"}, {"language": "TA", "subject": "\u0baa\u0bc1\u0ba4\u0bbf\u0baf \u0b86\u0bb5\u0ba3\u0b99\u0bcd\u0b95\u0bb3\u0bcd \u0baa\u0ba4\u0bbf\u0bb5\u0bc7\u0bb1\u0bcd\u0bb1\u0baa\u0bcd\u0baa\u0b9f\u0bcd\u0b9f\u0ba9!", "body": "[' ', <div> <span>\u0bb5\u0ba3\u0b95\u0bcd\u0b95\u0bae\u0bcd \u0ba8\u0bbf\u0bb0\u0bcd\u0bb5\u0bbe\u0b95\u0bbf, <br/><br/> \u0baa\u0bbf\u0ba9\u0bcd\u0bb5\u0bb0\u0bc1\u0bae\u0bcd \u0b86\u0bb5\u0ba3\u0b99\u0bcd\u0b95\u0bb3\u0bcd \u0baa\u0ba4\u0bbf\u0bb5\u0bc7\u0bb1\u0bcd\u0bb1\u0bae\u0bcd / \u0baa\u0bc1\u0ba4\u0bc1\u0baa\u0bcd\u0baa\u0bbf\u0b95\u0bcd\u0b95\u0baa\u0bcd\u0baa\u0b9f\u0bcd\u0b9f\u0ba9. \u0bb5\u0bbf\u0bb5\u0bb0\u0b99\u0bcd\u0b95\u0bb3\u0bcd \u0b95\u0bc0\u0bb4\u0bc7 \u0b89\u0bb3\u0bcd\u0bb3\u0ba9. <br/><br/><br/><br/> \u0baa\u0ba4\u0bbf\u0bb5\u0bc7\u0bb1\u0bcd\u0bb1\u0bbf\u0baf\u0ba4\u0bc1: #NAME# ( #EMAIL# ) <br/><br/> \u0b86\u0bb5\u0ba3 \u0bb5\u0b95\u0bc8: #DOC_TYPE# <br/><br/> \u0b86\u0bb5\u0ba3\u0bae\u0bcd: #DOC_FOR# <br/><br/><br/> \u0ba8\u0ba9\u0bcd\u0bb1\u0bbf! #MailFooter# <br/></span></div>]"}, {"language": "VI", "subject": "T\u00e0i li\u1ec7u m\u1edbi \u0111\u01b0\u1ee3c t\u1ea3i l\u00ean!", "body": "[' ', <div> <span>Xin ch\u00e0o Qu\u1ea3n tr\u1ecb vi\u00ean, <br/><br/> C\u00e1c t\u00e0i li\u1ec7u sau \u0111\u00e2y \u0111\u00e3 \u0111\u01b0\u1ee3c t\u1ea3i l\u00ean / c\u1eadp nh\u1eadt. D\u01b0\u1edbi \u0111\u00e2y l\u00e0 c\u00e1c chi ti\u1ebft. <br/><br/><br/><br/> \u0110\u00e3 t\u1ea3i l\u00ean b\u1edfi: #NAME# ( #EMAIL# ) <br/><br/> Lo\u1ea1i t\u00e0i li\u1ec7u: #DOC_TYPE# <br/><br/> T\u00e0i li\u1ec7u cho: #DOC_FOR# <br/><br/><br/> C\u1ea3m \u01a1n! #MailFooter# <br/></span></div>]"}, {"language": "TL", "subject": "Na-upload ang mga Bagong Dokumento!", "body": "[' ', <div> <span>Hello Administrator, <br/><br/> Na-upload / na-update ang mga sumusunod na dokumento. Nasa ibaba ang mga detalye. <br/><br/><br/><br/> Na-upload ni: #NAME# (( #EMAIL# ) <br/><br/> Uri ng Dokumento: #DOC_TYPE# <br/><br/> Dokumento Para sa: #DOC_FOR# <br/><br/><br/> Salamat! #MailFooter# <br/></span></div>]"}, {"language": "KM", "subject": "\u17af\u1780\u179f\u17b6\u179a\u1790\u17d2\u1798\u17b8\u178f\u17d2\u179a\u17bc\u179c\u1794\u17b6\u1793\u1795\u17d2\u1791\u17bb\u1780\u17a1\u17be\u1784!", "body": "[' ', <div> <span>\u179f\u17bd\u179f\u17d2\u178f\u17b8\u17a2\u17d2\u1793\u1780\u1782\u17d2\u179a\u1794\u17cb\u1782\u17d2\u179a\u1784, <br/><br/> \u17af\u1780\u179f\u17b6\u179a\u1781\u17b6\u1784\u1780\u17d2\u179a\u17c4\u1798\u178f\u17d2\u179a\u17bc\u179c\u1794\u17b6\u1793\u17a2\u17b6\u1794\u17cb\u17a1\u17bc\u178f / \u17a2\u17b6\u1794\u17cb\u178a\u17c1\u178f\u17d4 \u1781\u17b6\u1784\u1780\u17d2\u179a\u17c4\u1798\u1793\u17c1\u17c7\u1782\u17ba\u1787\u17b6\u1796\u17d0\u178f\u17cc\u1798\u17b6\u1793\u179b\u1798\u17d2\u17a2\u17b7\u178f\u17d4 <br/><br/><br/><br/> \u1794\u17b6\u1793\u1795\u17d2\u1791\u17bb\u1780\u17a1\u17be\u1784\u178a\u17c4\u1799: #NAME# ( #EMAIL# ) <br/><br/> \u1794\u17d2\u179a\u1797\u17c1\u1791\u17af\u1780\u179f\u17b6\u179a: #DOC_TYPE# <br/><br/> \u17af\u1780\u179f\u17b6\u179a\u179f\u1798\u17d2\u179a\u17b6\u1794\u17cb: #DOC_FOR# <br/><br/><br/> \u179f\u17bc\u1798\u17a2\u179a\u1782\u17bb\u178e! #MailFooter# <br/></span></div>]"}, {"language": "BN", "subject": "\u09a8\u09a4\u09c1\u09a8 \u09a8\u09a5\u09bf \u0986\u09aa\u09b2\u09cb\u09a1!", "body": "[' ', <div> <span>\u09b9\u09cd\u09af\u09be\u09b2\u09cb \u09aa\u09cd\u09b0\u09b6\u09be\u09b8\u0995, <br/><br/> \u09a8\u09bf\u09ae\u09cd\u09a8\u09b2\u09bf\u0996\u09bf\u09a4 \u09a8\u09a5\u09bf \u0986\u09aa\u09b2\u09cb\u09a1 / \u0986\u09aa\u09a1\u09c7\u099f \u0995\u09b0\u09be \u09b9\u09af\u09bc\u09c7\u099b\u09c7\u0964 \u09a8\u09c0\u099a\u09c7 \u09ac\u09bf\u09b8\u09cd\u09a4\u09be\u09b0\u09bf\u09a4 \u0986\u099b\u09c7\u0964 <br/><br/><br/><br/> \u09a6\u09cd\u09ac\u09be\u09b0\u09be \u0986\u09aa\u09b2\u09cb\u09a1: #NAME# ( #EMAIL# ) <br/><br/> \u09a8\u09a5\u09bf \u09aa\u09cd\u09b0\u0995\u09be\u09b0: #DOC_TYPE# <br/><br/> \u09a8\u09a5\u09bf \u099c\u09a8\u09cd\u09af: #DOC_FOR# <br/><br/><br/> \u09a7\u09a8\u09cd\u09af\u09ac\u09be\u09a6! #MailFooter# <br/></span></div>]"}, {"language": "JA", "subject": "\u65b0\u3057\u3044\u6587\u66f8\u3092\u30a2\u30c3\u30d7\u30ed\u30fc\u30c9\u3057\u307e\u3057\u305f\u3002", "body": "[' ', <div> <span>\u3053\u3093\u306b\u3061\u306f\u7ba1\u7406\u8005\u3001 <br/><br/>\u4ee5\u4e0b\u306e\u6587\u66f8\u304c\u30a2\u30c3\u30d7\u30ed\u30fc\u30c9/\u66f4\u65b0\u3055\u308c\u307e\u3057\u305f\u3002\u8a73\u7d30\u306f\u4ee5\u4e0b\u306e\u901a\u308a\u3067\u3059\u3002 <br/><br/><br/><br/>\u30a2\u30c3\u30d7\u30ed\u30fc\u30c9\u8005\uff1a #NAME# \uff08 #EMAIL# \uff09 <br/><br/>\u6587\u66f8\u30bf\u30a4\u30d7\uff1a #DOC_TYPE# <br/><br/>\u306e\u30c9\u30ad\u30e5\u30e1\u30f3\u30c8\uff1a #DOC_FOR# <br/><br/><br/>\u3042\u308a\u304c\u3068\u3046\u3054\u3056\u3044\u307e\u3059\u3002 #MailFooter# <br/></span></div>]"}, {"language": "KO", "subject": "\uc0c8 \ubb38\uc11c\uac00 \uc5c5\ub85c\ub4dc\ub418\uc5c8\uc2b5\ub2c8\ub2e4!", "body": "[' ', <div> <span>\uc548\ub155\ud558\uc138\uc694 \uad00\ub9ac\uc790, <br/><br/> \ub2e4\uc74c \ubb38\uc11c\uac00 \uc5c5\ub85c\ub4dc / \uc5c5\ub370\uc774\ud2b8\ub418\uc5c8\uc2b5\ub2c8\ub2e4. \ub2e4\uc74c\uc740 \uc138\ubd80 \uc0ac\ud56d\uc785\ub2c8\ub2e4. <br/><br/><br/><br/> \uc5c5\ub85c\ub4dc \ud55c \uc0ac\ub78c : #NAME# ( #EMAIL# ) <br/><br/> \ubb38\uc11c \uc720\ud615 : #DOC_TYPE# <br/><br/> \ubb38\uc11c : #DOC_FOR# <br/><br/><br/> \uac10\uc0ac! #MailFooter# <br/></span></div>]"}, {"language": "YO", "subject": "Aw\u1ecdn Ak\u1ecd\u1e63il\u1eb9 iwe titun ti a gbe si!", "body": "[' ', <div> <span>Oluk\u1ecdni Oluk\u1ecdni, <br/><br/> Aw\u1ecdn iwe at\u1eb9le ti a ti gbe / imudojuiw\u1ecdn. Aw\u1ecdn alaye ni isal\u1eb9. <br/><br/><br/><br/> Ti gbejade nipas\u1eb9: #NAME# ( #EMAIL# ) <br/><br/> Iwe Iroyin: #DOC_TYPE# <br/><br/> Iwe-a\u1e63\u1eb9 Fun: #DOC_FOR# <br/><br/><br/> O \u1e63eun! #MailFooter# <br/></span></div>]"}, {"language": "TR", "subject": "Yeni Belgeler Y\u00fcklendi!", "body": "[' ', <div> <span>Merhaba Y\u00f6netici <br/><br/> A\u015fa\u011f\u0131daki belgeler y\u00fcklendi / g\u00fcncellendi. Detaylar a\u015fa\u011f\u0131da. <br/><br/><br/><br/> Y\u00fckleyen: #NAME# ( #EMAIL# ) <br/><br/> Belge T\u00fcr\u00fc: #DOC_TYPE# <br/><br/> I\u00e7in Belge: #DOC_FOR# <br/><br/><br/> Te\u015fekk\u00fcrler! #MailFooter# <br/></span></div>]"}, {"language": "RU", "subject": "\u041d\u043e\u0432\u044b\u0435 \u0434\u043e\u043a\u0443\u043c\u0435\u043d\u0442\u044b \u0437\u0430\u0433\u0440\u0443\u0436\u0435\u043d\u044b!", "body": "[' ', <div> <span>\u041f\u0440\u0438\u0432\u0435\u0442 \u0430\u0434\u043c\u0438\u043d\u0438\u0441\u0442\u0440\u0430\u0442\u043e\u0440, <br/><br/> \u0421\u043b\u0435\u0434\u0443\u044e\u0449\u0438\u0435 \u0434\u043e\u043a\u0443\u043c\u0435\u043d\u0442\u044b \u0431\u044b\u043b\u0438 \u0437\u0430\u0433\u0440\u0443\u0436\u0435\u043d\u044b / \u043e\u0431\u043d\u043e\u0432\u043b\u0435\u043d\u044b. \u041d\u0438\u0436\u0435 \u043f\u0440\u0438\u0432\u0435\u0434\u0435\u043d\u044b \u043f\u043e\u0434\u0440\u043e\u0431\u043d\u043e\u0441\u0442\u0438. <br/><br/><br/><br/> \u0417\u0430\u0433\u0440\u0443\u0436\u0435\u043d\u043e \u043f\u043e\u043b\u044c\u0437\u043e\u0432\u0430\u0442\u0435\u043b\u0435\u043c: #NAME# ( #EMAIL# ) <br/><br/> \u0422\u0438\u043f \u0434\u043e\u043a\u0443\u043c\u0435\u043d\u0442\u0430: #DOC_TYPE# <br/><br/> \u0414\u043e\u043a\u0443\u043c\u0435\u043d\u0442 \u0434\u043b\u044f: #DOC_FOR# <br/><br/><br/> \u0421\u043f\u0430\u0441\u0438\u0431\u043e! #MailFooter# <br/></span></div>]"}, {"language": "FA", "subject": "\u0627\u0633\u0646\u0627\u062f \u062c\u062f\u06cc\u062f \u0622\u067e\u0644\u0648\u062f \u0634\u062f\u0647 \u0627\u0633\u062a", "body": "[' ', <div style=\";text-align:right;direction:rtl\"> <span>\u0633\u0644\u0627\u0645 \u0633\u0631\u0648\u0631 <br/><br/> \u0627\u0633\u0646\u0627\u062f \u0632\u06cc\u0631 \u0622\u067e\u0644\u0648\u062f / \u0628\u0647 \u0631\u0648\u0632 \u0634\u062f\u0647 \u0627\u0633\u062a. \u062f\u0631 \u0632\u06cc\u0631 \u062c\u0632\u0626\u06cc\u0627\u062a \u0627\u0633\u062a. <br/><br/><br/><br/> \u0622\u067e\u0644\u0648\u062f \u0634\u062f\u0647 \u062a\u0648\u0633\u0637: #NAME# ( #EMAIL# ) <br/><br/> \u0646\u0648\u0639 \u0633\u0646\u062f: #DOC_TYPE# <br/><br/> \u0633\u0646\u062f \u0628\u0631\u0627\u06cc: #DOC_FOR# <br/><br/><br/> \u0628\u0627 \u062a\u0634\u06a9\u0631! #MailFooter# <br/></span></div>]"}, {"language": "MY", "subject": "Uploaded \u1014\u101a\u1030\u1038\u1005\u102c\u101b\u103d\u1000\u103a\u1005\u102c\u1010\u1019\u103a\u1038\u1019\u103b\u102c\u1038!", "body": "[' ', <div> <span>\u1021\u102f\u1015\u103a\u1001\u103b\u102f\u1015\u103a\u101b\u1031\u1038\u1019\u103e\u1030\u1038\u1019\u1004\u103a\u1039\u1002\u101c\u102c\u1015\u102b <br/><br/> \u1021\u1031\u102c\u1000\u103a\u1015\u102b\u1005\u102c\u101b\u103d\u1000\u103a\u1005\u102c\u1010\u1019\u103a\u1038\u1019\u103b\u102c\u1038 updated / \u1021\u1015\u103a\u101c\u102f\u1012\u103a\u101c\u102f\u1015\u103a\u1011\u102c\u1038\u1015\u102b\u1015\u103c\u102e\u104b \u1021\u1031\u102c\u1000\u103a\u1010\u103d\u1004\u103a\u1021\u101e\u1031\u1038\u1005\u102d\u1010\u103a\u1016\u103c\u1005\u103a\u1000\u103c\u101e\u100a\u103a\u104b <br/><br/><br/><br/> : \u1021\u102c\u1038\u1016\u103c\u1004\u103a\u1037 Uploaded #NAME# ( #EMAIL# ) <br/><br/> \u1005\u102c\u101b\u103d\u1000\u103a\u1005\u102c\u1010\u1019\u103a\u1038\u1021\u1019\u103b\u102d\u102f\u1038\u1021\u1005\u102c\u1038: #DOC_TYPE# <br/><br/> : \u1019\u103b\u102c\u1038\u1021\u1010\u103d\u1000\u103a\u1005\u102c\u101b\u103d\u1000\u103a\u1005\u102c\u1010\u1019\u103a\u1038 #DOC_FOR# <br/><br/><br/> \u1000\u103b\u1031\u1038\u1007\u1030\u1038\u1010\u1004\u103a\u1015\u102b\u1010\u101a\u103a! #MailFooter# <br/></span></div>]"}, {"language": "HI", "subject": "\u0928\u090f \u0926\u0938\u094d\u0924\u093e\u0935\u0947\u091c\u093c \u0905\u092a\u0932\u094b\u0921 \u0915\u093f\u090f \u0917\u090f!", "body": "[' ', <div> <span>\u0939\u0948\u0932\u094b \u092a\u094d\u0930\u0936\u093e\u0938\u0915, <br/><br/> \u0928\u093f\u092e\u094d\u0928\u0932\u093f\u0916\u093f\u0924 \u0926\u0938\u094d\u0924\u093e\u0935\u0947\u091c\u094b\u0902 \u0915\u094b \u0905\u092a\u0932\u094b\u0921 / \u0905\u092a\u0921\u0947\u091f \u0915\u093f\u092f\u093e \u0917\u092f\u093e \u0939\u0948\u0964 \u0928\u0940\u091a\u0947 \u0935\u093f\u0935\u0930\u0923 \u0939\u0948\u0902\u0964 <br/><br/><br/><br/> \u0926\u094d\u0935\u093e\u0930\u093e \u0905\u092a\u0932\u094b\u0921 \u0915\u093f\u092f\u093e \u0917\u092f\u093e: #NAME# ( #EMAIL# ) <br/><br/> \u0926\u0938\u094d\u0924\u093e\u0935\u0947\u091c\u093c \u092a\u094d\u0930\u0915\u093e\u0930: #DOC_TYPE# <br/><br/> \u0926\u0938\u094d\u0924\u093e\u0935\u0947\u091c\u093c \u0915\u0947 \u0932\u093f\u090f: #DOC_FOR# <br/><br/><br/> \u0927\u0928\u094d\u092f\u0935\u093e\u0926! #MailFooter# <br/></span></div>]"}, {"language": "IW", "subject": "\u05de\u05e1\u05de\u05db\u05d9\u05dd \u05d7\u05d3\u05e9\u05d9\u05dd \u05d4\u05d5\u05e2\u05dc\u05d5!", "body": "[' ', <div style=\";text-align:right;direction:rtl\"> <span>\u05e9\u05dc\u05d5\u05dd Administrator, <br/><br/> \u05d4\u05de\u05e1\u05de\u05db\u05d9\u05dd \u05d4\u05d1\u05d0\u05d9\u05dd \u05d4\u05d5\u05e2\u05dc\u05d5 / \u05e2\u05d5\u05d3\u05db\u05e0\u05d5. \u05dc\u05d4\u05dc\u05df \u05d4\u05e4\u05e8\u05d8\u05d9\u05dd. <br/><br/><br/><br/> \u05d4\u05d5\u05e2\u05dc\u05d4 \u05e2\u05dc \u05d9\u05d3\u05d9: #NAME# ( #EMAIL# ) <br/><br/> \u05e1\u05d5\u05d2 \u05de\u05e1\u05de\u05da: #DOC_TYPE# <br/><br/> \u05de\u05e1\u05de\u05da \u05e2\u05d1\u05d5\u05e8: #DOC_FOR# <br/><br/><br/> \u05ea\u05d5\u05d3\u05d4! #MailFooter# <br/></span></div>]"}, {"language": "FR", "subject": "Nouveaux documents t\u00e9l\u00e9charg\u00e9s!", "body": "[' ', <div> <span>Bonjour administrateur, <br/><br/> Les documents suivants ont \u00e9t\u00e9 t\u00e9l\u00e9charg\u00e9s / mis \u00e0 jour. Voici les d\u00e9tails. <br/><br/><br/><br/> T\u00e9l\u00e9charg\u00e9 par: #NAME# ( #EMAIL# ) <br/><br/> Type de document: #DOC_TYPE# <br/><br/> Document pour: #DOC_FOR# <br/><br/><br/> Merci! #MailFooter# <br/></span></div>]"}, {"language": "DA", "subject": "Nye dokumenter uploadet!", "body": "[' ', <div> <span>Hej Administrator, <br/><br/> F\u00f8lgende dokumenter er blevet uploadet / opdateret. Nedenfor er detaljerne. <br/><br/><br/><br/> Uploadet af: #NAME# ( #EMAIL# ) <br/><br/> Dokumenttype: #DOC_TYPE# <br/><br/> Dokument for: #DOC_FOR# <br/><br/><br/> Tak! #MailFooter# <br/></span></div>]"}]}