{"purpose": "Notify driver when new  registration", "templates": [{"language": "AF", "subject": "Verskafferregistrasie op Cubejek", "body": "[' Liewe #NAME# , ', <br/>, <br/>, ' Welkom, jy is suksesvol geregistreer op Cubejek . Jou inskrywing besonderhede is soos volg. ', <br/>, <br/>, ' E-pos: #EMAIL# ', <br/>, <br/>, ' #PASSWORD# ', <br/>, ' ', <br/>, <br/>, ' #SOCIALNOTES# ', <br/>, ' #MAILFOOTER#']"}, {"language": "EN", "subject": "Provider registration on Cubejek", "body": "[' Dear  #NAME#,', <br/>, <br/>, 'Welcome, you are successfully registered on Cubejek.  Your login details are as follows.', <br/>, <br/>, 'Email: #EMAIL#', <br/>, <br/>, '#PASSWORD#', <br/>, '\\n', <br/>, <br/>, '#SOCIALNOTES#', <br/>, '#MAILFOOTER#']"}, {"language": "TH", "subject": "\u0e01\u0e32\u0e23\u0e25\u0e07\u0e17\u0e30\u0e40\u0e1a\u0e35\u0e22\u0e19\u0e1c\u0e39\u0e49\u0e43\u0e2b\u0e49\u0e1a\u0e23\u0e34\u0e01\u0e32\u0e23\u0e43\u0e19 Cubejek", "body": "[' \u0e40\u0e23\u0e35\u0e22\u0e19 #NAME# ', <br/>, <br/>, ' \u0e22\u0e34\u0e19\u0e14\u0e35\u0e15\u0e49\u0e2d\u0e19\u0e23\u0e31\u0e1a\u0e04\u0e38\u0e13\u0e25\u0e07\u0e17\u0e30\u0e40\u0e1a\u0e35\u0e22\u0e19\u0e1a\u0e19 Cubejek \u0e41\u0e25\u0e49\u0e27 \u0e23\u0e32\u0e22\u0e25\u0e30\u0e40\u0e2d\u0e35\u0e22\u0e14\u0e01\u0e32\u0e23\u0e40\u0e02\u0e49\u0e32\u0e2a\u0e39\u0e48\u0e23\u0e30\u0e1a\u0e1a\u0e02\u0e2d\u0e07\u0e04\u0e38\u0e13\u0e21\u0e35\u0e14\u0e31\u0e07\u0e19\u0e35\u0e49 ', <br/>, <br/>, ' \u0e2d\u0e35\u0e40\u0e21\u0e25: #EMAIL# ', <br/>, <br/>, ' #PASSWORD# ', <br/>, ' ', <br/>, <br/>, ' #SOCIALNOTES# ', <br/>, ' #MAILFOOTER#']"}, {"language": "ID", "subject": "Registrasi penyedia pada Cubejek", "body": "[' Dear #NAME# , ', <br/>, <br/>, ' Selamat datang, Anda berhasil terdaftar di Cubejek . Detail login Anda adalah sebagai berikut. ', <br/>, <br/>, ' Email: #EMAIL# ', <br/>, <br/>, ' #PASSWORD# ', <br/>, ' ', <br/>, <br/>, ' #SOCIALNOTES# ', <br/>, ' #MAILFOOTER#']"}, {"language": "DE", "subject": "Anbieterregistrierung bei Cubejek", "body": "[' Lieber #NAME# , ', <br/>, <br/>, ' Herzlich Willkommen, Sie sind erfolgreich bei Cubejek registriert. Ihre Zugangsdaten lauten wie folgt. ', <br/>, <br/>, ' E-Mail: #EMAIL# ', <br/>, <br/>, ' #PASSWORD# ', <br/>, ' ', <br/>, <br/>, ' #SOCIALNOTES# ', <br/>, ' #MAILFOOTER#']"}, {"language": "ES", "subject": "Proveedor de registro en Cubejek", "body": "[' Estimado #NAME# , ', <br/>, <br/>, ' Bienvenido, est\u00e1s registrado con \u00e9xito en Cubejek . Sus datos de inicio de sesi\u00f3n son los siguientes. ', <br/>, <br/>, ' Correo electr\u00f3nico: #EMAIL# ', <br/>, <br/>, ' #PASSWORD# ', <br/>, ' ', <br/>, <br/>, ' #SOCIALNOTES# ', <br/>, ' #MAILFOOTER#']"}, {"language": "IT", "subject": "Registrazione del provider su Cubejek", "body": "[' Gentile #NAME# , ', <br/>, <br/>, ' Benvenuto, sei registrato con successo su Cubejek . I tuoi dati di accesso sono i seguenti. ', <br/>, <br/>, ' Email: #EMAIL# ', <br/>, <br/>, ' #PASSWORD# ', <br/>, ' ', <br/>, <br/>, ' #SOCIALNOTES# ', <br/>, ' #MAILFOOTER#']"}, {"language": "AR", "subject": "\u062a\u0633\u062c\u064a\u0644 \u0645\u0632\u0648\u062f \u0639\u0644\u0649 \u0627\u0633\u0645 Cubejek", "body": "[' \u0639\u0632\u064a\u0632\u064a #NAME# \u060c ', <br/>, <br/>, ' \u0645\u0631\u062d\u0628\u064b\u0627 \u060c \u0644\u0642\u062f \u062a\u0645 \u062a\u0633\u062c\u064a\u0644\u0643 \u0628\u0646\u062c\u0627\u062d \u0639\u0644\u0649 Cubejek . \u062a\u0641\u0627\u0635\u064a\u0644 \u062a\u0633\u062c\u064a\u0644 \u0627\u0644\u062f\u062e\u0648\u0644 \u0627\u0644\u062e\u0627\u0635\u0629 \u0628\u0643 \u0647\u064a \u0639\u0644\u0649 \u0627\u0644\u0646\u062d\u0648 \u0627\u0644\u062a\u0627\u0644\u064a. ', <br/>, <br/>, ' \u0627\u0644\u0628\u0631\u064a\u062f \u0627\u0644\u0625\u0644\u0643\u062a\u0631\u0648\u0646\u064a: #EMAIL# ', <br/>, <br/>, ' #PASSWORD# ', <br/>, ' ', <br/>, <br/>, ' #SOCIALNOTES# ', <br/>, ' #MAILFOOTER#']"}, {"language": "UR", "subject": "Cubejek \u067e\u0631 Cubejek", "body": "[' \u0639\u0632\u06cc\u0632 #NAME# \u060c ', <br/>, <br/>, ' \u062e\u0648\u0634 \u0622\u0645\u062f\u06cc\u062f\u060c \u0622\u067e \u06a9\u0648 Cubejek \u067e\u0631 \u06a9\u0627\u0645\u06cc\u0627\u0628\u06cc \u0633\u06d2 \u0631\u062c\u0633\u0679\u0631\u0688 \u06a9\u06cc\u0627 Cubejek . \u0622\u067e \u06a9\u06d2 \u0644\u0627\u06af \u0627\u0646 \u06a9\u06cc \u062a\u0641\u0635\u06cc\u0644\u0627\u062a \u0645\u0646\u062f\u0631\u062c\u06c1 \u0630\u06cc\u0644 \u06c1\u06cc\u06ba. ', <br/>, <br/>, ' \u0627\u06cc \u0645\u06cc\u0644: #EMAIL# ', <br/>, <br/>, ' #PASSWORD# ', <br/>, ' ', <br/>, <br/>, ' #SOCIALNOTES# ', <br/>, ' #MAILFOOTER#']"}, {"language": "AZ", "subject": "Cubejek qeydiyyat\u0131", "body": "[' H\u00f6rm\u0259tli #NAME# , ', <br/>, <br/>, ' Xo\u015f g\u0259ldiniz, Cubejek il\u0259 u\u011furla qeydiyyatdan Cubejek . Giri\u015f bilgileriniz a\u015fa\u011f\u0131dak\u0131lard\u0131r. ', <br/>, <br/>, ' E-po\u00e7t: #EMAIL# ', <br/>, <br/>, ' #PASSWORD# ', <br/>, ' ', <br/>, <br/>, ' #SOCIALNOTES# ', <br/>, ' #MAILFOOTER#']"}, {"language": "ZH", "subject": "Cubejek\u63d0\u4f9b\u8005\u6ce8\u518c", "body": "[' \u4eb2\u7231\u7684#NAME# \uff0c ', <br/>, <br/>, '\u6b22\u8fce\u60a8\uff0c\u60a8\u5df2\u5728Cubejek\u4e0a\u6210\u529f\u6ce8\u518c\u3002\u60a8\u7684\u767b\u5f55\u8be6\u7ec6\u4fe1\u606f\u5982\u4e0b\u3002 ', <br/>, <br/>, '\u7535\u5b50\u90ae\u4ef6\uff1a #EMAIL# ', <br/>, <br/>, ' #PASSWORD# ', <br/>, ' ', <br/>, <br/>, ' #SOCIALNOTES# ', <br/>, ' #MAILFOOTER#']"}, {"language": "PT", "subject": "Registro de provedor no Cubejek", "body": "[' Querido #NAME# , ', <br/>, <br/>, ' Bem-vindo, voc\u00ea est\u00e1 registrado com sucesso no Cubejek . Seus detalhes de login s\u00e3o os seguintes. ', <br/>, <br/>, ' Email: #EMAIL# ', <br/>, <br/>, ' #PASSWORD# ', <br/>, ' ', <br/>, <br/>, ' #SOCIALNOTES# ', <br/>, ' #MAILFOOTER#']"}, {"language": "ZU", "subject": "Ukubhaliswa komhlinzeki ku- Cubejek", "body": "[' U- #NAME# othandekayo, ', <br/>, <br/>, ' Siyakwamukela, ubhalisiwe ngempumelelo ku- Cubejek . Imininingwane yakho yokungena ngemvume kanje. ', <br/>, <br/>, ' Imeyili: #EMAIL# ', <br/>, <br/>, ' #PASSWORD# ', <br/>, ' ', <br/>, <br/>, ' #SOCIALNOTES# ', <br/>, ' #MAILFOOTER#']"}, {"language": "SW", "subject": "Usajili wa Mtoa huduma kwenye Cubejek", "body": "[' Mpendwa #NAME# , ', <br/>, <br/>, ' Karibu, Cubejek kwa Cubejek kwenye Cubejek . Maelezo yako ya kuingia ni kama ifuatavyo. ', <br/>, <br/>, ' Barua pepe: #EMAIL# ', <br/>, <br/>, ' #PASSWORD# ', <br/>, ' ', <br/>, <br/>, ' #SOCIALNOTES# ', <br/>, ' #MAILFOOTER#']"}, {"language": "KU", "subject": "Qeydkirina Cubejek li Cubejek", "body": "[' Bir\u00eaz #NAME# , ', <br/>, <br/>, ' Bi rast\u00ee, h\u00fbn bi serkeft\u00ee ya Cubejek bi serkeft\u00ee qeyd kirin. Agahdariy\u00ean hesab\u00ea we wiha ye. ', <br/>, <br/>, ' E-mail: #EMAIL# ', <br/>, <br/>, ' #PASSWORD# ', <br/>, ' ', <br/>, <br/>, ' #SOCIALNOTES# ', <br/>, ' #MAILFOOTER#']"}, {"language": "MS", "subject": "Pendaftaran pembekal Cubejek", "body": "[' Dear #NAME# , ', <br/>, <br/>, ' Selamat datang, anda berjaya didaftarkan di Cubejek . Butiran log masuk anda adalah seperti berikut. ', <br/>, <br/>, ' E-mel: #EMAIL# ', <br/>, <br/>, ' #PASSWORD# ', <br/>, ' ', <br/>, <br/>, ' #SOCIALNOTES# ', <br/>, ' #MAILFOOTER#']"}, {"language": "SI", "subject": "Cubejek \u0dc3\u0dd0\u0db4\u0dba\u0dd4\u0db8\u0dca\u0d9a\u0dbb\u0dd4 \u0dbd\u0dd2\u0dba\u0dcf\u0db4\u0daf\u0dd2\u0d82\u0da0\u0dd2\u0dba", "body": "[' \u0dc4\u0dd2\u0dad\u0dc0\u0dad\u0dca #NAME# , ', <br/>, <br/>, ' \u0dc3\u0dcf\u0daf\u0dbb\u0dba\u0dd9\u0db1\u0dca \u0db4\u0dd2\u0dc5\u0dd2\u0d9c\u0db1\u0dd2\u0db8\u0dd4, \u0d94\u0db6 \u0dc3\u0dcf\u0dbb\u0dca\u0dae\u0d9a\u0dc0 Cubejek \u0dbd\u0dd2\u0dba\u0dcf\u0db4\u0daf\u0dd2\u0d82\u0da0\u0dd2 \u0dc0\u0dd3 \u0d87\u0dad. \u0d94\u0db6\u0d9c\u0dda \u0db4\u0dd2\u0dc0\u0dd2\u0dc3\u0dd4\u0db8\u0dca \u0dc0\u0dd2\u0dc3\u0dca\u0dad\u0dbb \u0db4\u0dc4\u0dad \u0db4\u0dbb\u0dd2\u0daf\u0dd2 \u0dc0\u0dda. ', <br/>, <br/>, ' \u0dc0\u0dd2\u0daf\u0dca\u0dba\u0dd4\u0dad\u0dca \u0dad\u0dd0\u0db4\u0dd1\u0dbd: #EMAIL# \u0d8a\u0db8\u0dda\u0dbd\u0dca #EMAIL# ', <br/>, <br/>, ' #PASSWORD# ', <br/>, ' ', <br/>, <br/>, ' #SOCIALNOTES# ', <br/>, ' #MAILFOOTER#']"}, {"language": "TA", "subject": "Cubejek \u0baa\u0ba4\u0bbf\u0bb5\u0bc1 Cubejek \u0baa\u0ba4\u0bbf\u0bb5\u0bc1", "body": "[' \u0b85\u0ba9\u0bcd\u0baa\u0bc7 #NAME# , ', <br/>, <br/>, ' \u0bb5\u0bb0\u0bb5\u0bc7\u0bb1\u0bcd\u0b95\u0bbf\u0bb1\u0bcb\u0bae\u0bcd, \u0ba8\u0bc0\u0b99\u0bcd\u0b95\u0bb3\u0bcd \u0bb5\u0bc6\u0bb1\u0bcd\u0bb1\u0bbf\u0b95\u0bb0\u0bae\u0bbe\u0b95 Cubejek \u0baa\u0ba4\u0bbf\u0bb5\u0bc1 \u0b9a\u0bc6\u0baf\u0bcd\u0baf\u0baa\u0bcd\u0baa\u0b9f\u0bcd\u0b9f\u0bc1\u0bb3\u0bcd\u0bb3\u0bc0\u0bb0\u0bcd\u0b95\u0bb3\u0bcd. \u0b89\u0b99\u0bcd\u0b95\u0bb3\u0bcd \u0b89\u0bb3\u0bcd\u0ba8\u0bc1\u0bb4\u0bc8\u0bb5\u0bc1 \u0bb5\u0bbf\u0bb5\u0bb0\u0b99\u0bcd\u0b95\u0bb3\u0bcd \u0baa\u0bbf\u0ba9\u0bcd\u0bb5\u0bb0\u0bc1\u0bae\u0bbe\u0bb1\u0bc1. ', <br/>, <br/>, ' \u0bae\u0bbf\u0ba9\u0bcd\u0ba9\u0b9e\u0bcd\u0b9a\u0bb2\u0bcd: #EMAIL# ', <br/>, <br/>, ' #PASSWORD# ', <br/>, ' ', <br/>, <br/>, ' #SOCIALNOTES# ', <br/>, ' #MAILFOOTER#']"}, {"language": "VI", "subject": "\u0110\u0103ng k\u00fd nh\u00e0 cung c\u1ea5p tr\u00ean Cubejek", "body": "[' K\u00ednh g\u1eedi #NAME# , ', <br/>, <br/>, ' Ch\u00e0o m\u1eebng, b\u1ea1n \u0111\u00e3 \u0111\u0103ng k\u00fd th\u00e0nh c\u00f4ng tr\u00ean Cubejek . Chi ti\u1ebft \u0111\u0103ng nh\u1eadp c\u1ee7a b\u1ea1n nh\u01b0 sau. ', <br/>, <br/>, ' Email: #EMAIL# ', <br/>, <br/>, ' #PASSWORD# ', <br/>, ' ', <br/>, <br/>, ' #SOCIALNOTES# ', <br/>, ' #MAILFOOTER#']"}, {"language": "TL", "subject": "Pagpaparehistro ng provider sa Cubejek", "body": "[' Mahal na #NAME# , ', <br/>, <br/>, ' Maligayang Pagdating, matagumpay kang nakarehistro sa Cubejek . Ang iyong mga detalye sa pag-login ay ang mga sumusunod. ', <br/>, <br/>, ' Email: #EMAIL# ', <br/>, <br/>, ' #PASSWORD# ', <br/>, ' ', <br/>, <br/>, ' #SOCIALNOTES# ', <br/>, ' #MAILFOOTER#']"}, {"language": "KM", "subject": "\u1780\u17b6\u179a\u1785\u17bb\u17c7\u1788\u17d2\u1798\u17c4\u17c7\u17a2\u17d2\u1793\u1780\u1795\u17d2\u178a\u179b\u17cb\u1793\u17c5\u179b\u17be Cubejek", "body": "[' \u1787\u17bc\u1793\u1785\u17c6\u1796\u17c4\u17c7 #NAME# , ', <br/>, <br/>, ' \u179f\u17bc\u1798\u179f\u17d2\u179c\u17b6\u1782\u1798\u1793\u17cd, \u17a2\u17d2\u1793\u1780\u178f\u17d2\u179a\u17bc\u179c\u1794\u17b6\u1793\u1785\u17bb\u17c7\u1788\u17d2\u1798\u17c4\u17c7\u178a\u17c4\u1799\u1787\u17c4\u1782\u1787\u17d0\u1799\u1793\u17c5\u179b\u17be\u1788\u17d2\u1798\u17c4\u17c7 Cubejek \u17d4 \u1796\u178f\u17cc\u1798\u17b6\u1793\u179b\u17c6\u17a2\u17b7\u178f\u1780\u17b6\u179a\u1785\u17bc\u179b\u179a\u1794\u179f\u17cb\u17a2\u17d2\u1793\u1780\u1798\u17b6\u1793\u178a\u17bc\u1785\u1781\u17b6\u1784\u1780\u17d2\u179a\u17c4\u1798\u17d4 ', <br/>, <br/>, ' \u17a2\u17ca\u17b8\u1798\u17c2\u179b: #EMAIL# ', <br/>, <br/>, ' #PASSWORD# ', <br/>, ' ', <br/>, <br/>, ' #SOCIALNOTES# ', <br/>, ' #MAILFOOTER#']"}, {"language": "BN", "subject": "Cubejek \u09b0\u09c7\u099c\u09bf\u09b8\u09cd\u099f\u09cd\u09b0\u09c7\u09b6\u09a8 \u09a8\u09bf\u09ac\u09a8\u09cd\u09a7\u09a8", "body": "[' \u09aa\u09cd\u09b0\u09bf\u09af\u09bc #NAME# , ', <br/>, <br/>, ' \u09b8\u09cd\u09ac\u09be\u0997\u09a4\u09ae, \u0986\u09aa\u09a8\u09bf \u09b8\u09ab\u09b2\u09ad\u09be\u09ac\u09c7 Cubejek \u09a8\u09bf\u09ac\u09a8\u09cd\u09a7\u09bf\u09a4 \u09b9\u09af\u09bc\u0964 \u09a8\u09bf\u09ae\u09cd\u09a8\u09b0\u09c2\u09aa \u0986\u09aa\u09a8\u09be\u09b0 \u09b2\u0997\u0987\u09a8 \u09ac\u09bf\u09ac\u09b0\u09a3\u0964 ', <br/>, <br/>, ' \u0987\u09ae\u09c7\u09b2: #EMAIL# ', <br/>, <br/>, ' #PASSWORD# ', <br/>, ' ', <br/>, <br/>, ' #SOCIALNOTES# ', <br/>, ' #MAILFOOTER#']"}, {"language": "JA", "subject": "Cubejek\u30d7\u30ed\u30d0\u30a4\u30c0\u767b\u9332", "body": "[' #NAME# ', <br/>, <br/>, '\u3088\u3046\u3053\u305d\u3001\u3042\u306a\u305f\u306fCubejek\u767b\u9332\u3055\u308cCubejek \u3002\u3042\u306a\u305f\u306e\u30ed\u30b0\u30a4\u30f3\u306e\u8a73\u7d30\u306f\u4ee5\u4e0b\u306e\u901a\u308a\u3067\u3059\u3002 ', <br/>, <br/>, '\u30e1\u30fc\u30eb#EMAIL# \uff1a #EMAIL# ', <br/>, <br/>, ' #PASSWORD# ', <br/>, ' ', <br/>, <br/>, ' #SOCIALNOTES# ', <br/>, ' #MAILFOOTER#']"}, {"language": "KO", "subject": "Cubejek \uc5d0 \ub300\ud55c \uacf5\uae09\uc790 \ub4f1\ub85d", "body": "[' #NAME# , ', <br/>, <br/>, ' \ud658\uc601\ud569\ub2c8\ub2e4. Cubejek \uc131\uacf5\uc801\uc73c\ub85c \ub4f1\ub85d\ub418\uc5c8\uc2b5\ub2c8\ub2e4. \ub85c\uadf8\uc778 \uc138\ubd80 \uc815\ubcf4\ub294 \ub2e4\uc74c\uacfc \uac19\uc2b5\ub2c8\ub2e4. ', <br/>, <br/>, ' \uc774\uba54\uc77c : #EMAIL# ', <br/>, <br/>, ' #PASSWORD# ', <br/>, ' ', <br/>, <br/>, ' #SOCIALNOTES# ', <br/>, ' #MAILFOOTER#']"}, {"language": "YO", "subject": "Iforuk\u1ecdsil\u1eb9 olupese lori Cubejek", "body": "[' Eyin #NAME# , ', <br/>, <br/>, ' Kaabo, o ti wa ni aami-ti ni iforuk\u1ecdsil\u1eb9 lori Cubejek . Aw\u1ecdn alaye wiw\u1ecdle r\u1eb9 ni aw\u1ecdn w\u1ecdnyi. ', <br/>, <br/>, ' Imeeli: #EMAIL# ', <br/>, <br/>, ' #PASSWORD# ', <br/>, ' ', <br/>, <br/>, ' #SOCIALNOTES# ', <br/>, ' #MAILFOOTER#']"}, {"language": "TR", "subject": "Cubejek sa\u011flay\u0131c\u0131 kayd\u0131", "body": "[' Sevgili #NAME# , ', <br/>, <br/>, ' Ho\u015f geldiniz, Cubejek ba\u015far\u0131yla kaydoldunuz. Giri\u015f bilgileriniz a\u015fa\u011f\u0131daki gibidir. ', <br/>, <br/>, ' E-posta: #EMAIL# ', <br/>, <br/>, ' #PASSWORD# ', <br/>, ' ', <br/>, <br/>, ' #SOCIALNOTES# ', <br/>, ' #MAILFOOTER#']"}, {"language": "RU", "subject": "\u0420\u0435\u0433\u0438\u0441\u0442\u0440\u0430\u0446\u0438\u044f \u043f\u0440\u043e\u0432\u0430\u0439\u0434\u0435\u0440\u0430 \u043d\u0430 Cubejek", "body": "[' \u0423\u0432\u0430\u0436\u0430\u0435\u043c\u044b\u0439 #NAME# , ', <br/>, <br/>, ' \u0414\u043e\u0431\u0440\u043e \u043f\u043e\u0436\u0430\u043b\u043e\u0432\u0430\u0442\u044c, \u0432\u044b \u0443\u0441\u043f\u0435\u0448\u043d\u043e \u0437\u0430\u0440\u0435\u0433\u0438\u0441\u0442\u0440\u0438\u0440\u043e\u0432\u0430\u043d\u044b \u043d\u0430 Cubejek . \u0412\u0430\u0448\u0438 \u0434\u0430\u043d\u043d\u044b\u0435 \u0434\u043b\u044f \u0432\u0445\u043e\u0434\u0430 \u0432 \u0441\u0438\u0441\u0442\u0435\u043c\u0443 \u0441\u043b\u0435\u0434\u0443\u044e\u0449\u0438\u0435. ', <br/>, <br/>, ' Email: #EMAIL# ', <br/>, <br/>, ' #PASSWORD# ', <br/>, ' ', <br/>, <br/>, ' #SOCIALNOTES# ', <br/>, ' #MAILFOOTER#']"}, {"language": "FA", "subject": "\u062b\u0628\u062a \u0646\u0627\u0645 \u062f\u0647\u0646\u062f\u0647 \u062f\u0631 \u067e\u0631\u0648\u0698\u0647 Cubejek", "body": "[' \u0639\u0632\u06cc\u0632 #NAME# ', <br/>, <br/>, ' \u062e\u0648\u0634 \u0622\u0645\u062f\u06cc\u062f\u060c \u0634\u0645\u0627 \u0628\u0647 \u0637\u0648\u0631 \u0645\u0648\u0641\u0642\u06cc\u062a \u0622\u0645\u06cc\u0632 \u062f\u0631 Cubejek \u062b\u0628\u062a \u0646\u0627\u0645 \u06a9\u0631\u062f\u0647 \u0627\u06cc\u062f. \u0627\u0637\u0644\u0627\u0639\u0627\u062a \u0648\u0631\u0648\u062f \u0634\u0645\u0627 \u0628\u0647 \u0634\u0631\u062d \u0632\u06cc\u0631 \u0627\u0633\u062a. ', <br/>, <br/>, ' \u0627\u06cc\u0645\u06cc\u0644: #EMAIL# ', <br/>, <br/>, ' #PASSWORD# ', <br/>, ' ', <br/>, <br/>, ' #SOCIALNOTES# ', <br/>, ' #MAILFOOTER#']"}, {"language": "MY", "subject": "\u1021\u1015\u1031\u102b\u103a provider \u1019\u103e\u1010\u103a\u1015\u102f\u1036\u1010\u1004\u103a\u101b\u1031\u1038 Cubejek", "body": "[' \u1001\u103b\u1005\u103a\u1001\u1004\u103a\u101b\u1015\u102b\u101e\u1031\u102c #NAME# , ', <br/>, <br/>, ' \u1000\u103c\u102d\u102f\u1006\u102d\u102f\u1015\u102b\u1010\u101a\u103a, \u101e\u1004\u103b\u101e\u100a\u103b\u1000\u102d\u102f\u1021\u1031\u102c\u1004\u103a\u1019\u103c\u1004\u103a\u1005\u103d\u102c\u1021\u1015\u1031\u102b\u103a\u1019\u103e\u1010\u103a\u1015\u102f\u1036\u1010\u1004\u103a Cubejek \u104b \u1021\u1031\u102c\u1000\u103a\u1019\u103e\u102c\u1016\u1031\u102c\u103a\u1015\u103c\u1011\u102c\u1038\u1010\u1032\u1037\u1021\u1010\u102d\u102f\u1004\u103a\u1038\u101e\u1004\u103a\u1037\u101b\u1032\u1037 login \u1021\u101e\u1031\u1038\u1005\u102d\u1010\u103a\u1016\u103c\u1005\u103a\u1000\u103c\u101e\u100a\u103a\u104b ', <br/>, <br/>, ' \u1021\u102e\u1038\u1019\u1031\u1038\u101c\u103a: #EMAIL# ', <br/>, <br/>, ' #PASSWORD# ', <br/>, ' ', <br/>, <br/>, ' #SOCIALNOTES# ', <br/>, ' #MAILFOOTER#']"}, {"language": "HI", "subject": "Cubejek \u092a\u0930 \u092a\u094d\u0930\u0926\u093e\u0924\u093e \u092a\u0902\u091c\u0940\u0915\u0930\u0923", "body": "[' \u092a\u094d\u0930\u093f\u092f #NAME# , ', <br/>, <br/>, ' \u0906\u092a\u0915\u093e \u0938\u094d\u0935\u093e\u0917\u0924 \u0939\u0948, \u0906\u092a \u0938\u092b\u0932\u0924\u093e\u092a\u0942\u0930\u094d\u0935\u0915 Cubejek \u092a\u0930 \u092a\u0902\u091c\u0940\u0915\u0943\u0924 \u0939\u0948\u0902\u0964 \u0906\u092a\u0915\u0947 \u0932\u0949\u0917\u093f\u0928 \u0935\u093f\u0935\u0930\u0923 \u0907\u0938 \u092a\u094d\u0930\u0915\u093e\u0930 \u0939\u0948\u0902\u0964 ', <br/>, <br/>, ' \u0908\u092e\u0947\u0932: #EMAIL# ', <br/>, <br/>, ' #PASSWORD# ', <br/>, ' ', <br/>, <br/>, ' #SOCIALNOTES# ', <br/>, ' #MAILFOOTER#']"}, {"language": "IW", "subject": "\u05e8\u05d9\u05e9\u05d5\u05dd \u05e1\u05e4\u05e7 \u05e2\u05dc Cubejek", "body": "[' \u05e9\u05dc\u05d5\u05dd #NAME# , ', <br/>, <br/>, ' \u05d1\u05e8\u05d5\u05da \u05d4\u05d1\u05d0, \u05d0\u05ea\u05d4 \u05e8\u05e9\u05d5\u05dd \u05d1\u05d4\u05e6\u05dc\u05d7\u05d4 \u05d1- Cubejek . \u05e4\u05e8\u05d8\u05d9 \u05d4\u05db\u05e0\u05d9\u05e1\u05d4 \u05e9\u05dc\u05da \u05d4\u05dd \u05db\u05d3\u05dc\u05e7\u05de\u05df. ', <br/>, <br/>, ' \u05d3\u05d5\u05d0\"\u05dc: #EMAIL# ', <br/>, <br/>, ' #PASSWORD# ', <br/>, ' ', <br/>, <br/>, ' #SOCIALNOTES# ', <br/>, ' #MAILFOOTER#']"}, {"language": "FR", "subject": "Enregistrement du fournisseur sur nom du Cubejek", "body": "[' Cher #NAME# , ', <br/>, <br/>, ' Bienvenue, vous \u00eates enregistr\u00e9 avec succ\u00e8s sur Cubejek . Vos identifiants de connexion sont les suivants. ', <br/>, <br/>, ' Email: #EMAIL# ', <br/>, <br/>, ' #PASSWORD# ', <br/>, ' ', <br/>, <br/>, ' #SOCIALNOTES# ', <br/>, ' #MAILFOOTER#']"}, {"language": "DA", "subject": "Leverand\u00f8rregistrering p\u00e5 Cubejek", "body": "[' K\u00e6re #NAME# , ', <br/>, <br/>, ' Velkommen, du er med succes registreret p\u00e5 Cubejek . Dine loginoplysninger er som f\u00f8lger. ', <br/>, <br/>, ' Email: #EMAIL# ', <br/>, <br/>, ' #PASSWORD# ', <br/>, ' ', <br/>, <br/>, ' #SOCIALNOTES# ', <br/>, ' #MAILFOOTER#']"}]}