{"purpose": "Notify user for account detail", "templates": [{"language": "AF", "subject": "Jou rekeningbesonderhede", "body": "[' Liewe #NAME# , ', <br/>, <br/>, ' E-pos: #EMAIL# , ', <br/>, <br/>, ' Jou status is soos volg. ', <br/>, ' #details# ', <br/>, ' ', <br/>, ' #MAILFOOTER#']"}, {"language": "EN", "subject": "Your Account Details", "body": "[' Dear  #NAME#,', <br/>, <br/>, 'Email: #EMAIL#,', <br/>, <br/>, 'Your Status as follows.', <br/>, '#details#', <br/>, <br/>, '#MAILFOOTER#']"}, {"language": "TH", "subject": "\u0e23\u0e32\u0e22\u0e25\u0e30\u0e40\u0e2d\u0e35\u0e22\u0e14\u0e1a\u0e31\u0e0d\u0e0a\u0e35\u0e02\u0e2d\u0e07\u0e04\u0e38\u0e13", "body": "[' \u0e40\u0e23\u0e35\u0e22\u0e19 #NAME# ', <br/>, <br/>, ' \u0e2d\u0e35\u0e40\u0e21\u0e25: #EMAIL# , ', <br/>, <br/>, ' \u0e2a\u0e16\u0e32\u0e19\u0e30\u0e02\u0e2d\u0e07\u0e04\u0e38\u0e13\u0e14\u0e31\u0e07\u0e19\u0e35\u0e49 ', <br/>, ' #details# ', <br/>, ' ', <br/>, ' #MAILFOOTER#']"}, {"language": "ID", "subject": "Detail Akun Anda", "body": "[' Dear #NAME# , ', <br/>, <br/>, ' Email: #EMAIL# , ', <br/>, <br/>, ' Status Anda sebagai berikut. ', <br/>, ' #details# ', <br/>, ' ', <br/>, ' #MAILFOOTER#']"}, {"language": "DE", "subject": "Deine Benutzerkontendetails", "body": "[' Lieber #NAME# , ', <br/>, <br/>, ' E-Mail: #EMAIL# , ', <br/>, <br/>, ' Ihr Status wie folgt. ', <br/>, ' #details# ', <br/>, ' ', <br/>, ' #MAILFOOTER#']"}, {"language": "ES", "subject": "Detalles de su cuenta", "body": "[' Estimado #NAME# , ', <br/>, <br/>, ' Correo electr\u00f3nico: #EMAIL# , ', <br/>, <br/>, ' Su estado de la siguiente manera. ', <br/>, ' #details# ', <br/>, ' ', <br/>, ' #MAILFOOTER#']"}, {"language": "IT", "subject": "I dettagli del tuo account", "body": "[' Gentile #NAME# , ', <br/>, <br/>, ' Email: #EMAIL# , ', <br/>, <br/>, ' Il tuo stato come segue. ', <br/>, ' #details# ', <br/>, ' ', <br/>, ' #MAILFOOTER#']"}, {"language": "AR", "subject": "\u062a\u0641\u0627\u0635\u064a\u0644 \u062d\u0633\u0627\u0628\u0643", "body": "[' \u0639\u0632\u064a\u0632\u064a #NAME# \u060c ', <br/>, <br/>, ' \u0627\u0644\u0628\u0631\u064a\u062f \u0627\u0644\u0625\u0644\u0643\u062a\u0631\u0648\u0646\u064a: #EMAIL# \u060c ', <br/>, <br/>, ' \u062d\u0627\u0644\u062a\u0643 \u0639\u0644\u0649 \u0627\u0644\u0646\u062d\u0648 \u0627\u0644\u062a\u0627\u0644\u064a. ', <br/>, ' #details# ', <br/>, ' ', <br/>, ' #MAILFOOTER#']"}, {"language": "UR", "subject": "\u0622\u067e \u06a9\u0627 \u0627\u06a9\u0627\u0624\u0646\u0679 \u06a9\u06cc \u062a\u0641\u0635\u06cc\u0644\u0627\u062a", "body": "[' \u0639\u0632\u06cc\u0632 #NAME# \u060c ', <br/>, <br/>, ' \u0627\u06cc \u0645\u06cc\u0644: #EMAIL# \u060c ', <br/>, <br/>, ' \u0622\u067e \u06a9\u06cc \u062d\u06cc\u062b\u06cc\u062a \u0645\u0646\u062f\u0631\u062c\u06c1 \u0630\u06cc\u0644 \u06c1\u06d2. ', <br/>, ' #details# ', <br/>, ' ', <br/>, ' #MAILFOOTER#']"}, {"language": "AZ", "subject": "Haqq-hesab ayr\u0131nt\u0131lar\u0131", "body": "[' H\u00f6rm\u0259tli #NAME# , ', <br/>, <br/>, ' E-po\u00e7t: #EMAIL# , ', <br/>, <br/>, ' Statusunuz bel\u0259dir. ', <br/>, ' #details# ', <br/>, ' ', <br/>, ' #MAILFOOTER#']"}, {"language": "ZH", "subject": "\u60a8\u7684\u5e10\u6237\u8be6\u60c5", "body": "[' \u4eb2\u7231\u7684#NAME# \uff0c ', <br/>, <br/>, '\u7535\u5b50\u90ae\u4ef6\uff1a #EMAIL# \uff0c ', <br/>, <br/>, '\u60a8\u7684\u72b6\u6001\u5982\u4e0b\u3002 ', <br/>, ' #details# ', <br/>, ' ', <br/>, ' #MAILFOOTER#']"}, {"language": "PT", "subject": "Detalhes da sua conta", "body": "[' Querido #NAME# , ', <br/>, <br/>, ' E-mail: #EMAIL# , ', <br/>, <br/>, ' Seu status da seguinte forma. ', <br/>, ' #details# ', <br/>, ' ', <br/>, ' #MAILFOOTER#']"}, {"language": "ZU", "subject": "Imininingwane ye-Akhawunti yakho", "body": "[' U- #NAME# othandekayo, ', <br/>, <br/>, ' Imeyili: #EMAIL# , ', <br/>, <br/>, ' Isimo sakho kanje. ', <br/>, ' #details# ', <br/>, ' ', <br/>, ' #MAILFOOTER#']"}, {"language": "SW", "subject": "Maelezo ya Akaunti yako", "body": "[' Mpendwa #NAME# , ', <br/>, <br/>, ' Barua pepe: #EMAIL# , ', <br/>, <br/>, ' Hali yako kama ifuatavyo. ', <br/>, ' #details# ', <br/>, ' ', <br/>, ' #MAILFOOTER#']"}, {"language": "KU", "subject": "Agahiya Hesab\u00ea we", "body": "[' Bir\u00eaz #NAME# , ', <br/>, <br/>, ' E-mail: #EMAIL# , ', <br/>, <br/>, ' Rew\u015fa te ya j\u00ear e. ', <br/>, ' #details# ', <br/>, ' ', <br/>, ' #MAILFOOTER#']"}, {"language": "MS", "subject": "Butiran Akaun anda", "body": "[' Dear #NAME# , ', <br/>, <br/>, ' E-mel: #EMAIL# , ', <br/>, <br/>, ' Status anda seperti berikut. ', <br/>, ' #details# ', <br/>, ' ', <br/>, ' #MAILFOOTER#']"}, {"language": "SI", "subject": "\u0d94\u0db6\u0dda \u0d9c\u0dd2\u0dab\u0dd4\u0db8\u0dda \u0dc0\u0dd2\u0dc3\u0dca\u0dad\u0dbb", "body": "[' \u0dc4\u0dd2\u0dad\u0dc0\u0dad\u0dca #NAME# , ', <br/>, <br/>, ' \u0dc0\u0dd2\u0daf\u0dca\u0dba\u0dd4\u0dad\u0dca \u0dad\u0dd0\u0db4\u0dd1\u0dbd: #EMAIL# , ', <br/>, <br/>, ' \u0d94\u0db6\u0d9c\u0dda \u0db4\u0dc4\u0dad \u0dc3\u0db3\u0dc4\u0db1\u0dca \u0dad\u0dad\u0dca\u0dad\u0dca\u0dc0\u0dba ', <br/>, ' #details# ', <br/>, ' ', <br/>, ' #MAILFOOTER#']"}, {"language": "TA", "subject": "\u0b89\u0b99\u0bcd\u0b95\u0bb3\u0bcd \u0b95\u0ba3\u0b95\u0bcd\u0b95\u0bc1 \u0bb5\u0bbf\u0bb5\u0bb0\u0b99\u0bcd\u0b95\u0bb3\u0bcd", "body": "[' \u0b85\u0ba9\u0bcd\u0baa\u0bc7 #NAME# , ', <br/>, <br/>, ' \u0bae\u0bbf\u0ba9\u0bcd\u0ba9\u0b9e\u0bcd\u0b9a\u0bb2\u0bcd: #EMAIL# , ', <br/>, <br/>, ' \u0b89\u0b99\u0bcd\u0b95\u0bb3\u0bcd \u0ba8\u0bbf\u0bb2\u0bc8\u0bae\u0bc8 \u0baa\u0bbf\u0ba9\u0bcd\u0bb5\u0bb0\u0bc1\u0bae\u0bbe\u0bb1\u0bc1. ', <br/>, ' #details# ', <br/>, ' ', <br/>, ' #MAILFOOTER#']"}, {"language": "VI", "subject": "Chi ti\u1ebft v\u1ec1 t\u00e0i kho\u1ea3n c\u1ee7a b\u1ea1n", "body": "[' K\u00ednh g\u1eedi #NAME# , ', <br/>, <br/>, ' Email: #EMAIL# , ', <br/>, <br/>, ' T\u00ecnh tr\u1ea1ng c\u1ee7a b\u1ea1n nh\u01b0 sau. ', <br/>, ' #details# ', <br/>, ' ', <br/>, ' #MAILFOOTER#']"}, {"language": "TL", "subject": "Mga Detalye ng iyong Account", "body": "[' Mahal na #NAME# , ', <br/>, <br/>, ' Email: #EMAIL# , ', <br/>, <br/>, ' Ang iyong Katayuan bilang mga sumusunod. ', <br/>, ' #details# ', <br/>, ' ', <br/>, ' #MAILFOOTER#']"}, {"language": "KM", "subject": "\u1796\u17d0\u178f\u17cc\u1798\u17b6\u1793\u17a2\u17c6\u1796\u17b8\u1782\u178e\u1793\u17b8\u179a\u1794\u179f\u17cb\u17a2\u17d2\u1793\u1780", "body": "[' \u1787\u17bc\u1793\u1785\u17c6\u1796\u17c4\u17c7 #NAME# , ', <br/>, <br/>, ' \u17a2\u17ca\u17b8\u1798\u17c2\u179b: #EMAIL# , ', <br/>, <br/>, ' \u179f\u17d2\u1790\u17b6\u1793\u1797\u17b6\u1796\u179a\u1794\u179f\u17cb\u17a2\u17d2\u1793\u1780\u178a\u17bc\u1785\u1781\u17b6\u1784\u1780\u17d2\u179a\u17c4\u1798\u17d4 ', <br/>, ' #details# ', <br/>, ' ', <br/>, ' #MAILFOOTER#']"}, {"language": "BN", "subject": "\u0986\u09aa\u09a8\u09be\u09b0 \u0985\u09cd\u09af\u09be\u0995\u09be\u0989\u09a8\u09cd\u099f \u09ac\u09bf\u09ac\u09b0\u09a3", "body": "[' \u09aa\u09cd\u09b0\u09bf\u09af\u09bc #NAME# , ', <br/>, <br/>, ' \u0987\u09ae\u09c7\u09b2: #EMAIL# , ', <br/>, <br/>, ' \u09a8\u09bf\u09ae\u09cd\u09a8\u09b0\u09c2\u09aa \u0986\u09aa\u09a8\u09be\u09b0 \u0985\u09ac\u09b8\u09cd\u09a5\u09be\u0964 ', <br/>, ' #details# ', <br/>, ' ', <br/>, ' #MAILFOOTER#']"}, {"language": "JA", "subject": "\u3042\u306a\u305f\u306e\u30a2\u30ab\u30a6\u30f3\u30c8\u8a73\u7d30", "body": "[' #NAME# ', <br/>, <br/>, '\u30e1\u30fc\u30eb#EMAIL# \uff1a #EMAIL# \u3001 ', <br/>, <br/>, '\u3042\u306a\u305f\u306e\u30b9\u30c6\u30fc\u30bf\u30b9\u306f\u4ee5\u4e0b\u306e\u901a\u308a\u3067\u3059\u3002 ', <br/>, ' #details# ', <br/>, ' ', <br/>, ' #MAILFOOTER#']"}, {"language": "KO", "subject": "\uadc0\ud558\uc758 \uacc4\uc88c \uc815\ubcf4", "body": "[' #NAME# , ', <br/>, <br/>, ' \uc774\uba54\uc77c : #EMAIL# , ', <br/>, <br/>, ' \uadc0\ud558\uc758 \uc0c1\ud0dc\ub294 \ub2e4\uc74c\uacfc \uac19\uc2b5\ub2c8\ub2e4. ', <br/>, ' #details# ', <br/>, ' ', <br/>, ' #MAILFOOTER#']"}, {"language": "YO", "subject": "Aw\u1ecdn alaye Ak\u1ecdsil\u1eb9 r\u1eb9", "body": "[' Eyin #NAME# , ', <br/>, <br/>, ' Imeeli: #EMAIL# , ', <br/>, <br/>, ' Ipo r\u1eb9 bi at\u1eb9le. ', <br/>, ' #details# ', <br/>, ' ', <br/>, ' #MAILFOOTER#']"}, {"language": "TR", "subject": "Hesap ayr\u0131nt\u0131lar\u0131n\u0131z", "body": "[' Sevgili #NAME# , ', <br/>, <br/>, ' E-posta: #EMAIL# , ', <br/>, <br/>, ' Durumunuz a\u015fa\u011f\u0131daki gibidir. ', <br/>, ' #details# ', <br/>, ' ', <br/>, ' #MAILFOOTER#']"}, {"language": "RU", "subject": "\u0414\u0435\u0442\u0430\u043b\u0438 \u0432\u0430\u0448\u0435\u0439 \u0443\u0447\u0435\u0442\u043d\u043e\u0439 \u0437\u0430\u043f\u0438\u0441\u0438", "body": "[' \u0423\u0432\u0430\u0436\u0430\u0435\u043c\u044b\u0439 #NAME# , ', <br/>, <br/>, ' Email: #EMAIL# , ', <br/>, <br/>, ' \u0412\u0430\u0448 \u0441\u0442\u0430\u0442\u0443\u0441 \u0432\u044b\u0433\u043b\u044f\u0434\u0438\u0442 \u0441\u043b\u0435\u0434\u0443\u044e\u0449\u0438\u043c \u043e\u0431\u0440\u0430\u0437\u043e\u043c. ', <br/>, ' #details# ', <br/>, ' ', <br/>, ' #MAILFOOTER#']"}, {"language": "FA", "subject": "\u062c\u0632\u0626\u06cc\u0627\u062a \u062d\u0633\u0627\u0628 \u0634\u0645\u0627", "body": "[' \u0639\u0632\u06cc\u0632 #NAME# ', <br/>, <br/>, ' \u0627\u06cc\u0645\u06cc\u0644: #EMAIL# \u060c ', <br/>, <br/>, ' \u0648\u0636\u0639\u06cc\u062a \u0634\u0645\u0627 \u0628\u0647 \u0634\u0631\u062d \u0632\u06cc\u0631 \u0627\u0633\u062a. ', <br/>, ' #details# ', <br/>, ' ', <br/>, ' #MAILFOOTER#']"}, {"language": "MY", "subject": "\u101e\u1004\u103a\u1037\u1021\u1000\u1031\u102c\u1004\u103a\u1037\u1000\u102d\u102f\u1021\u101e\u1031\u1038\u1005\u102d\u1010\u103a", "body": "[' \u1001\u103b\u1005\u103a\u1001\u1004\u103a\u101b\u1015\u102b\u101e\u1031\u102c #NAME# , ', <br/>, <br/>, ' \u1021\u102e\u1038\u1019\u1031\u1038\u101c\u103a: #EMAIL# , ', <br/>, <br/>, ' \u1021\u1016\u103c\u1005\u103a\u101e\u1004\u103a\u1037\u101b\u1032\u1037 Status \u1000\u102d\u102f\u1021\u1031\u102c\u1000\u103a\u1015\u102b\u1021\u1010\u102d\u102f\u1004\u103a\u1038\u104b ', <br/>, ' #details# ', <br/>, ' ', <br/>, ' #MAILFOOTER#']"}, {"language": "HI", "subject": "\u0906\u092a\u0915\u093e \u0916\u093e\u0924\u093e \u0935\u093f\u0935\u0930\u0923", "body": "[' \u092a\u094d\u0930\u093f\u092f #NAME# , ', <br/>, <br/>, ' \u0908\u092e\u0947\u0932: #EMAIL# , ', <br/>, <br/>, ' \u0906\u092a\u0915\u0940 \u0938\u094d\u0925\u093f\u0924\u093f \u0928\u093f\u092e\u094d\u0928\u093e\u0928\u0941\u0938\u093e\u0930 \u0939\u0948\u0964 ', <br/>, ' #details# ', <br/>, ' ', <br/>, ' #MAILFOOTER#']"}, {"language": "IW", "subject": "\u05e4\u05e8\u05d8\u05d9 \u05d4\u05d7\u05e9\u05d1\u05d5\u05df \u05e9\u05dc\u05da", "body": "[' \u05e9\u05dc\u05d5\u05dd #NAME# , ', <br/>, <br/>, ' \u05d3\u05d5\u05d0\"\u05dc: #EMAIL# , ', <br/>, <br/>, ' \u05d4\u05e1\u05d8\u05d8\u05d5\u05e1 \u05e9\u05dc\u05da \u05db\u05d3\u05dc\u05e7\u05de\u05df. ', <br/>, ' #details# ', <br/>, ' ', <br/>, ' #MAILFOOTER#']"}, {"language": "FR", "subject": "Les d\u00e9tails de votre compte", "body": "[' Cher #NAME# , ', <br/>, <br/>, ' Email: #EMAIL# , ', <br/>, <br/>, ' Votre statut comme suit. ', <br/>, ' #details# ', <br/>, ' ', <br/>, ' #MAILFOOTER#']"}, {"language": "DA", "subject": "Dine kontooplysninger", "body": "[' K\u00e6re #NAME# , ', <br/>, <br/>, ' Email: #EMAIL# , ', <br/>, <br/>, ' Din status som f\u00f8lger. ', <br/>, ' #details# ', <br/>, ' ', <br/>, ' #MAILFOOTER#']"}]}