{"purpose": "Notify Admin  when user  send  request for withdrawal money", "templates": [{"language": "AF", "subject": "Onttrekking Geld Versoek", "body": "[' ', <b>Geagte Administrateur,</b>, ' ', <br/>, <br/>, ' #User_Name# het versoek om geld te onttrek ', <br/>, <br/>, ' Hieronder is die besonderhede. ', <br/>, <br/>, ' ', <b>Rekeninghouer naam:</b>, ' #Account_Name# ', <br/>, <br/>, ' ', <b>Telefoon:</b>, ' #User_Phone# ', <br/>, <br/>, ' ', <b>E-pos:</b>, ' #User_Phone# ', <br/>, <br/>, ' ', <b>Bank Naam:</b>, ' #User_Name# ', <br/>, <br/>, ' ', <b>Rekeningnommer:</b>, ' #BIC/SWIFT_Code# ', <br/>, <br/>, ' ', <b>BIC / SWIFT-kode:</b>, ' #BIC/SWIFT_Code# ', <br/>, <br/>, ' ', <b>Bank Tak:</b>, ' #Bank_Branch# ', <br/>, <br/>, ' ', <b>Onttrekkingsbedrag:</b>, ' #Withdrawal_amount# ', <br/>, <br/>, <br/>, ' Dankie! #User_Phone#']"}, {"language": "EN", "subject": "Withdrawal Money Request", "body": "[' ', <b>Dear Administrator,</b>, <br/>, '\\n', <br/>, '#User_Name# has requested to withdrawal money', <br/>, '\\n', <br/>, 'Below is the details.', <br/>, '\\n', <br/>, '\\n', <b>Account Holder Name:</b>, ' #Account_Name#', <br/>, '\\n', <br/>, '\\n', <b>Phone:</b>, ' #User_Phone#', <br/>, '\\n', <br/>, '\\n', <b>Email:</b>, ' #User_Email#', <br/>, '\\n', <br/>, '\\n', <b>Bank Name:</b>, ' #Bank_Name#', <br/>, '\\n', <br/>, '\\n', <b>Account Number:</b>, ' #Account_Number#', <br/>, '\\n', <br/>, '\\n', <b>BIC/SWIFT Code:</b>, ' #BIC/SWIFT_Code#', <br/>, '\\n', <br/>, '\\n', <b>Bank Branch:</b>, ' #Bank_Branch#', <br/>, '\\n', <br/>, '\\n', <b> Withdrawal Amount:</b>, ' #Withdrawal_amount#', <br/>, '\\n', <br/>, <br/>, 'Thanks! #MailFooter#']"}, {"language": "TH", "subject": "\u0e16\u0e2d\u0e19\u0e40\u0e07\u0e34\u0e19\u0e04\u0e33\u0e02\u0e2d", "body": "[' ', <b>\u0e40\u0e23\u0e35\u0e22\u0e19\u0e1c\u0e39\u0e49\u0e14\u0e39\u0e41\u0e25\u0e23\u0e30\u0e1a\u0e1a</b>, ' ', <br/>, <br/>, ' #User_Name# \u0e02\u0e2d\u0e16\u0e2d\u0e19\u0e40\u0e07\u0e34\u0e19 ', <br/>, <br/>, ' \u0e14\u0e49\u0e32\u0e19\u0e25\u0e48\u0e32\u0e07\u0e40\u0e1b\u0e47\u0e19\u0e23\u0e32\u0e22\u0e25\u0e30\u0e40\u0e2d\u0e35\u0e22\u0e14 ', <br/>, <br/>, ' ', <b>\u0e0a\u0e37\u0e48\u0e2d\u0e40\u0e08\u0e49\u0e32\u0e02\u0e2d\u0e07\u0e1a\u0e31\u0e0d\u0e0a\u0e35:</b>, ' #Account_Name# ', <br/>, <br/>, ' ', <b>\u0e42\u0e17\u0e23\u0e28\u0e31\u0e1e\u0e17\u0e4c:</b>, ' #User_Phone# ', <br/>, <br/>, ' ', <b>\u0e2d\u0e35\u0e40\u0e21\u0e25:</b>, ' #User_Phone# ', <br/>, <br/>, ' ', <b>\u0e0a\u0e37\u0e48\u0e2d\u0e18\u0e19\u0e32\u0e04\u0e32\u0e23:</b>, ' #User_Name# ', <br/>, <br/>, ' ', <b>\u0e2b\u0e21\u0e32\u0e22\u0e40\u0e25\u0e02\u0e1a\u0e31\u0e0d\u0e0a\u0e35:</b>, ' #BIC/SWIFT_Code# ', <br/>, <br/>, ' ', <b>\u0e23\u0e2b\u0e31\u0e2a BIC / SWIFT:</b>, ' #BIC/SWIFT_Code# ', <br/>, <br/>, ' ', <b>\u0e2a\u0e32\u0e02\u0e32\u0e02\u0e2d\u0e07\u0e18\u0e19\u0e32\u0e04\u0e32\u0e23:</b>, ' #Bank_Branch# ', <br/>, <br/>, ' ', <b>\u0e08\u0e33\u0e19\u0e27\u0e19\u0e40\u0e07\u0e34\u0e19\u0e17\u0e35\u0e48\u0e16\u0e2d\u0e19:</b>, ' #Withdrawal_amount# ', <br/>, <br/>, <br/>, ' \u0e02\u0e2d\u0e1a\u0e04\u0e38\u0e13! #User_Phone#']"}, {"language": "ID", "subject": "Penarikan Permintaan Uang", "body": "[' ', <b>Administrator yang terhormat,</b>, ' ', <br/>, <br/>, ' #User_Name# telah meminta untuk menarik uang ', <br/>, <br/>, ' Di bawah ini adalah detailnya. ', <br/>, <br/>, ' ', <b>Nama Pemegang Akun:</b>, ' #Account_Name# ', <br/>, <br/>, ' ', <b>Telepon:</b>, ' #User_Phone# ', <br/>, <br/>, ' ', <b>Email:</b>, ' #User_Phone# ', <br/>, <br/>, ' ', <b>Nama Bank:</b>, ' #User_Name# ', <br/>, <br/>, ' ', <b>Nomor Akun:</b>, ' #BIC/SWIFT_Code# ', <br/>, <br/>, ' ', <b>Kode BIC / SWIFT:</b>, ' #BIC/SWIFT_Code# ', <br/>, <br/>, ' ', <b>Cabang Bank:</b>, ' #Bank_Branch# ', <br/>, <br/>, ' ', <b>Jumlah Penarikan:</b>, ' #Withdrawal_amount# ', <br/>, <br/>, <br/>, ' Terima kasih! #User_Phone#']"}, {"language": "DE", "subject": "Auszahlungsgeld anfordern", "body": "[' ', <b>Sehr geehrter Administrator,</b>, ' ', <br/>, <br/>, ' #User_Name# hat Geld zum Abheben angefordert ', <br/>, <br/>, ' Unten sind die Details. ', <br/>, <br/>, ' ', <b>Name des</b>, ' #Account_Name# ', <b>:</b>, ' #Account_Name# ', <br/>, <br/>, ' ', <b>Telefon:</b>, ' #User_Phone# ', <br/>, <br/>, ' ', <b>E-Mail:</b>, ' #User_Phone# ', <br/>, <br/>, ' #User_Name# ', <b>:</b>, ' #User_Name# ', <br/>, <br/>, ' #BIC/SWIFT_Code# ', <b>:</b>, ' #BIC/SWIFT_Code# ', <br/>, <br/>, ' ', <b>BIC / SWIFT-Code:</b>, ' #BIC/SWIFT_Code# ', <br/>, <br/>, ' #Bank_Branch# ', <b>:</b>, ' #Bank_Branch# ', <br/>, <br/>, ' ', <b>Auszahlungsbetrag:</b>, ' #Withdrawal_amount# ', <br/>, <br/>, <br/>, ' Vielen Dank! #User_Phone#']"}, {"language": "ES", "subject": "Solicitud de retiro de dinero", "body": "[' ', <b>Estimado Administrador,</b>, ' ', <br/>, <br/>, ' #User_Name# ha solicitado retirar dinero ', <br/>, <br/>, ' A continuaci\u00f3n se muestran los detalles. ', <br/>, <br/>, ' ', <b>Nombre del titular de la cuenta:</b>, ' #Account_Name# ', <br/>, <br/>, ' ', <b>Tel\u00e9fono:</b>, ' #User_Phone# ', <br/>, <br/>, ' ', <b>Correo electr\u00f3nico:</b>, ' #User_Phone# ', <br/>, <br/>, ' ', <b>Nombre del banco:</b>, ' #User_Name# ', <br/>, <br/>, ' ', <b>N\u00famero de cuenta:</b>, ' #BIC/SWIFT_Code# ', <br/>, <br/>, ' ', <b>C\u00f3digo BIC / SWIFT:</b>, ' #BIC/SWIFT_Code# ', <br/>, <br/>, ' ', <b>Sucursal bancaria:</b>, ' #Bank_Branch# ', <br/>, <br/>, ' ', <b>Cantidad de retiro:</b>, ' #Withdrawal_amount# ', <br/>, <br/>, <br/>, ' \u00a1Gracias! #User_Phone#']"}, {"language": "IT", "subject": "Richiesta di prelievo di prelievo", "body": "[' ', <b>Caro Amministratore,</b>, ' ', <br/>, <br/>, ' #User_Name# ha richiesto il prelievo di denaro ', <br/>, <br/>, ' Di seguito sono i dettagli. ', <br/>, <br/>, ' ', <b>Nome del titolare del conto:</b>, ' #Account_Name# ', <b>Nome</b>, ' #Account_Name# ', <br/>, <br/>, ' ', <b>Telefono:</b>, ' #User_Phone# ', <br/>, <br/>, ' ', <b>Email:</b>, ' #User_Phone# ', <br/>, <br/>, ' ', <b>Nome banca:</b>, ' #User_Name# ', <br/>, <br/>, ' ', <b>Numero di conto:</b>, ' #BIC/SWIFT_Code# ', <br/>, <br/>, ' ', <b>Codice BIC / SWIFT:</b>, ' #BIC/SWIFT_Code# ', <br/>, <br/>, ' ', <b>Filiale bancaria:</b>, ' #Bank_Branch# ', <br/>, <br/>, ' ', <b>Importo di prelievo:</b>, ' #Withdrawal_amount# ', <br/>, <br/>, <br/>, ' Grazie! #User_Phone#']"}, {"language": "AR", "subject": "\u0637\u0644\u0628 \u0633\u062d\u0628 \u0627\u0644\u0623\u0645\u0648\u0627\u0644", "body": "[' ', <b>\u0639\u0632\u064a\u0632\u064a \u0627\u0644\u0645\u0633\u0624\u0648\u0644 \u060c</b>, ' ', <br/>, <br/>, ' #User_Name# \u0633\u062d\u0628 \u0627\u0644\u0623\u0645\u0648\u0627\u0644 ', <br/>, <br/>, ' \u0623\u062f\u0646\u0627\u0647 \u0647\u064a \u0627\u0644\u062a\u0641\u0627\u0635\u064a\u0644. ', <br/>, <br/>, ' ', <b>\u0627\u0633\u0645 \u0635\u0627\u062d\u0628 \u0627\u0644\u062d\u0633\u0627\u0628:</b>, ' #Account_Name# ', <br/>, <br/>, ' #User_Phone# ', <b>\u0627\u0644\u0647\u0627\u062a\u0641:</b>, ' #User_Phone# ', <br/>, <br/>, ' ', <b>\u0627\u0644\u0628\u0631\u064a\u062f \u0627\u0644\u0625\u0644\u0643\u062a\u0631\u0648\u0646\u064a:</b>, ' #User_Phone# ', <br/>, <br/>, ' ', <b>\u0627\u0633\u0645 \u0627\u0644\u0628\u0646\u0643:</b>, ' #User_Name# ', <b>\u0627\u0633\u0645</b>, ' #User_Name# ', <br/>, <br/>, ' ', <b>\u0631\u0642\u0645 \u0627\u0644\u062d\u0633\u0627\u0628:</b>, ' #BIC/SWIFT_Code# ', <br/>, <br/>, ' ', <b>\u0631\u0645\u0632 BIC / SWIFT:</b>, ' #BIC/SWIFT_Code# ', <br/>, <br/>, ' ', <b>\u0641\u0631\u0639 \u0627\u0644\u0628\u0646\u0643:</b>, ' #Bank_Branch# ', <br/>, <br/>, ' ', <b>\u0627\u0644\u0645\u0628\u0644\u063a \u0627\u0644\u0645\u0633\u062d\u0648\u0628:</b>, ' #Withdrawal_amount# ', <br/>, <br/>, <br/>, ' \u0634\u0643\u0631! #User_Phone#']"}, {"language": "UR", "subject": "\u0648\u0627\u067e\u0633\u06cc \u0631\u0642\u0645 \u06a9\u06cc \u062f\u0631\u062e\u0648\u0627\u0633\u062a", "body": "[' ', <b>\u0639\u0632\u06cc\u0632 \u0627\u06cc\u0688\u0645\u0646\u0633\u0679\u0631\u06cc\u0679\u0631\u060c</b>, ' ', <br/>, <br/>, ' #User_Name# \u0646\u06d2 \u0648\u0627\u067e\u0633\u06cc \u06a9\u06d2 \u067e\u06cc\u0633\u06d2 \u0633\u06d2 \u062f\u0631\u062e\u0648\u0627\u0633\u062a \u06a9\u06cc \u06c1\u06d2 ', <br/>, <br/>, ' \u0630\u06cc\u0644 \u0645\u06cc\u06ba \u062a\u0641\u0635\u06cc\u0644\u0627\u062a \u06c1\u06cc\u06ba. ', <br/>, <br/>, ' ', <b>\u0627\u06a9\u0627\u0624\u0646\u0679 \u062d\u0627\u0645\u0644\u06cc\u0646 \u06a9\u0627 \u0646\u0627\u0645:</b>, ' #Account_Name# ', <br/>, <br/>, ' ', <b>\u0641\u0648\u0646:</b>, ' #User_Phone# ', <br/>, <br/>, ' ', <b>\u0627\u06cc \u0645\u06cc\u0644:</b>, ' #User_Phone# ', <br/>, <br/>, ' ', <b>\u0628\u06cc\u0646\u06a9 \u06a9\u0627 \u0646\u0627\u0645:</b>, ' #User_Name# ', <br/>, <br/>, ' ', <b>\u0627\u06a9\u0627\u0624\u0646\u0679 \u0646\u0645\u0628\u0631:</b>, ' #BIC/SWIFT_Code# ', <br/>, <br/>, ' ', <b>\u0628\u06cc \u0622\u0626\u06cc \u0622\u0626\u06cc / \u0633\u0648\u0626\u0641\u0679 \u06a9\u0648\u0688:</b>, ' #BIC/SWIFT_Code# ', <br/>, <br/>, ' ', <b>\u0628\u06cc\u0646\u06a9 \u0628\u0631\u0627\u0646\u0686:</b>, ' #Bank_Branch# ', <b>\u0628\u06cc\u0646\u06a9 \u0628\u0631\u0627\u0646\u0686</b>, ' #Bank_Branch# ', <br/>, <br/>, ' ', <b>\u0646\u06a9\u0627\u0644\u0646\u06d2 \u06a9\u06cc \u0631\u0642\u0645:</b>, ' #Withdrawal_amount# ', <br/>, <br/>, <br/>, ' \u0634\u06a9\u0631\u06cc\u06c1! #User_Phone#']"}, {"language": "AZ", "subject": "Pul \u0130st\u0259ndi", "body": "[' ', <b>\u018fziz Administrator,</b>, ' ', <br/>, <br/>, ' #User_Name# pul #User_Name# xahi\u015f etdi ', <br/>, <br/>, ' A\u015fa\u011f\u0131dak\u0131 m\u0259lumatlar. ', <br/>, <br/>, ' ', <b>Haqq-hesab sahibi Ad\u0131:</b>, ' #Account_Name# ', <br/>, <br/>, ' ', <b>Telefon:</b>, ' #User_Phone# ', <br/>, <br/>, ' ', <b>E-po\u00e7t:</b>, ' #User_Phone# ', <br/>, <br/>, ' ', <b>Bank\u0131n ad\u0131:</b>, ' #User_Name# ', <br/>, <br/>, ' ', <b>Hesab n\u00f6mr\u0259si:</b>, ' #BIC/SWIFT_Code# ', <br/>, <br/>, ' ', <b>BIC / SWIFT Kodu:</b>, ' #BIC/SWIFT_Code# ', <br/>, <br/>, ' ', <b>Bank \u015f\u00f6b\u0259si:</b>, ' #Bank_Branch# ', <br/>, <br/>, ' ', <b>\u00c7ekm\u0259 m\u0259bl\u0259\u011fi:</b>, ' #Withdrawal_amount# ', <b>Qenerasiya miqdar\u0131</b>, ' #Withdrawal_amount# ', <br/>, <br/>, <br/>, ' T\u0259\u015f\u0259kk\u00fcr edirik! #User_Phone#']"}, {"language": "ZH", "subject": "\u63d0\u6b3e\u8981\u6c42", "body": "[' ', <b>\u4eb2\u7231\u7684\u7ba1\u7406\u5458\uff0c</b>, ' ', <br/>, <br/>, ' #User_Name#\u5df2\u8bf7\u6c42\u63d0\u6b3e', <br/>, <br/>, '\u4ee5\u4e0b\u662f\u8be6\u7ec6\u4fe1\u606f\u3002 ', <br/>, <br/>, ' ', <b>\u5e10\u6237\u6301\u6709\u4eba\u59d3\u540d\uff1a</b>, ' #Account_Name# ', <br/>, <br/>, ' ', <b>\u7535\u8bdd\uff1a</b>, ' #User_Phone# ', <br/>, <br/>, ' ', <b>\u7535\u5b50\u90ae\u4ef6\uff1a</b>, ' #User_Phone# ', <br/>, <br/>, ' ', <b>\u94f6\u884c\u540d\u79f0\uff1a</b>, ' #User_Name# ', <br/>, <br/>, ' ', <b>\u5e10\u53f7\uff1a</b>, ' #BIC/SWIFT_Code# ', <br/>, <br/>, ' ', <b>BIC / SWIFT\u4ee3\u7801\uff1a</b>, ' #BIC/SWIFT_Code# ', <br/>, <br/>, ' ', <b>\u94f6\u884c\u5206\u884c\uff1a</b>, ' #Bank_Branch# ', <br/>, <br/>, ' ', <b>\u63d0\u6b3e\u91d1\u989d\uff1a</b>, ' #Withdrawal_amount# ', <br/>, <br/>, <br/>, '\u8c22\u8c22\uff01 #User_Phone#']"}, {"language": "PT", "subject": "Pedido de levantamento de dinheiro", "body": "[' ', <b>Prezado Administrador</b>, ' ', <br/>, <br/>, ' #User_Name# solicitou dinheiro de retirada ', <br/>, <br/>, ' Abaixo est\u00e3o os detalhes. ', <br/>, <br/>, ' ', <b>Nome do Titular da Conta:</b>, ' #Account_Name# ', <br/>, <br/>, ' ', <b>Telefone:</b>, ' #User_Phone# ', <br/>, <br/>, ' ', <b>Email:</b>, ' #User_Phone# ', <br/>, <br/>, ' ', <b>Nome do banco:</b>, ' #User_Name# ', <br/>, <br/>, ' ', <b>N\u00famero da conta:</b>, ' #BIC/SWIFT_Code# ', <br/>, <br/>, ' ', <b>C\u00f3digo BIC / SWIFT:</b>, ' #BIC/SWIFT_Code# ', <br/>, <br/>, ' ', <b>Ag\u00eancia Banc\u00e1ria:</b>, ' #Bank_Branch# ', <br/>, <br/>, ' ', <b>Quantidade de retirada:</b>, ' #Withdrawal_amount# ', <br/>, <br/>, <br/>, ' Obrigado! #User_Phone#']"}, {"language": "ZU", "subject": "Ukukhipha Isicelo seMali", "body": "[' ', <b>Umqondisi othandekayo,</b>, ' ', <br/>, <br/>, ' #User_Name# ucele imali yokuhoxiswa ', <br/>, <br/>, ' Ngezansi imininingwane. ', <br/>, <br/>, ' ', <b>Igama</b>, ' #Account_Name# ', <b>akhawunti:</b>, ' #Account_Name# ', <br/>, <br/>, ' ', <b>Ifoni:</b>, ' #User_Phone# ', <br/>, <br/>, ' ', <b>Imeyili:</b>, ' #User_Phone# ', <br/>, <br/>, ' ', <b>Igama lebhange:</b>, ' #User_Name# ', <br/>, <br/>, ' ', <b>Inombolo ye-akhawunti:</b>, ' #BIC/SWIFT_Code# ', <br/>, <br/>, ' ', <b>I-BIC / SWIFT Ikhodi:</b>, ' #BIC/SWIFT_Code# ', <br/>, <br/>, ' ', <b>Igatsha leBhange:</b>, ' #Bank_Branch# ', <br/>, <br/>, ' ', <b>Inani lokukhipha:</b>, ' #Withdrawal_amount# ', <br/>, <br/>, <br/>, ' Siyabonga! #User_Phone#']"}, {"language": "SW", "subject": "Kuondoa Ombi la Fedha", "body": "[' ', <b>Msimamizi Mheshimiwa,</b>, ' ', <br/>, <br/>, ' #User_Name# ameomba kutoa fedha ', <br/>, <br/>, ' Chini ni maelezo. ', <br/>, <br/>, ' ', <b>Jina la Mmiliki wa Akaunti:</b>, ' #Account_Name# ', <br/>, <br/>, ' ', <b>Simu:</b>, ' #User_Phone# ', <br/>, <br/>, ' ', <b>Barua pepe:</b>, ' #User_Phone# ', <br/>, <br/>, ' ', <b>Jina la Benki:</b>, ' #User_Name# ', <br/>, <br/>, ' ', <b>Nambari ya Akaunti:</b>, ' #BIC/SWIFT_Code# ', <br/>, <br/>, ' ', <b>Kanuni ya BIC / SWIFT:</b>, ' #BIC/SWIFT_Code# ', <br/>, <br/>, ' ', <b>Tawi la Benki:</b>, ' #Bank_Branch# ', <br/>, <br/>, ' ', <b>Kutoa Kiasi:</b>, ' #Withdrawal_amount# ', <br/>, <br/>, <br/>, ' Asante! #User_Phone#']"}, {"language": "KU", "subject": "Request Request Money withdrawal", "body": "[' ', <b>Bir\u00eaz Bir\u00eaz Bir\u00eaz</b>, ' ', <br/>, <br/>, ' #User_Name# daxwaza ku ji veki\u015f\u00eena veki\u015f\u00een\u00ea ye ', <br/>, <br/>, ' Li j\u00ear agahdar\u00ee ye. ', <br/>, <br/>, ' ', <b>Nav\u00ea Holder:</b>, ' #Account_Name# ', <br/>, <br/>, ' ', <b>Telefon:</b>, ' #User_Phone# ', <br/>, <br/>, ' ', <b>Email:</b>, ' #User_Phone# ', <br/>, <br/>, ' ', <b>Nav\u00ea Navnetewey\u00ee:</b>, ' #User_Name# ', <br/>, <br/>, ' ', <b>Numreya Hesab\u00ea:</b>, ' #BIC/SWIFT_Code# ', <br/>, <br/>, ' ', <b>BIC / SWIFT Code:</b>, ' #BIC/SWIFT_Code# ', <br/>, <br/>, ' ', <b>Bexday\u00ea:</b>, ' #Bank_Branch# ', <br/>, <br/>, ' ', <b>Vegerey\u00een\u00ea:</b>, ' #Withdrawal_amount# ', <br/>, <br/>, <br/>, ' Spas! #User_Phone#']"}, {"language": "MS", "subject": "Permintaan Pengeluaran Wang", "body": "[' ', <b>Pentadbir yang dihormati,</b>, ' ', <br/>, <br/>, ' #User_Name# telah meminta wang pengeluaran ', <br/>, <br/>, ' Berikut adalah butirannya. ', <br/>, <br/>, ' ', <b>Nama Pemegang Akaun:</b>, ' #Account_Name# ', <br/>, <br/>, ' ', <b>Telefon:</b>, ' #User_Phone# ', <br/>, <br/>, ' ', <b>E-mel:</b>, ' #User_Phone# ', <br/>, <br/>, ' ', <b>Nama Bank:</b>, ' #User_Name# ', <br/>, <br/>, ' ', <b>Nombor Akaun:</b>, ' #BIC/SWIFT_Code# ', <br/>, <br/>, ' ', <b>Kod BIC / SWIFT:</b>, ' #BIC/SWIFT_Code# ', <br/>, <br/>, ' ', <b>Cawangan Bank:</b>, ' #Bank_Branch# ', <br/>, <br/>, ' ', <b>Jumlah Pengeluaran:</b>, ' #Withdrawal_amount# ', <br/>, <br/>, <br/>, ' Terima kasih! #User_Phone#']"}, {"language": "SI", "subject": "\u0d86\u0db4\u0dc3\u0dd4 \u0d9c\u0dd0\u0db1\u0dd3\u0db8\u0dda \u0db8\u0dd4\u0daf\u0dbd\u0dca \u0d89\u0dbd\u0dca\u0dbd\u0dd3\u0db8", "body": "[' ', <b>\u0d86\u0daf\u0dbb\u0dab\u0dd3\u0dba \u0db4\u0dbb\u0dd2\u0db4\u0dcf\u0dbd\u0d9a,</b>, ' ', <br/>, <br/>, ' #User_Name# \u0db8\u0dd4\u0daf\u0dbd\u0dca \u0d86\u0db4\u0dc3\u0dd4 \u0d9c\u0dd0\u0db1\u0dd3\u0db8 \u0d89\u0dbd\u0dca\u0dbd\u0dcf \u0d87\u0dad ', <br/>, <br/>, ' \u0dc0\u0dd2\u0dc3\u0dca\u0dad\u0dbb \u0db4\u0dc4\u0dad \u0daf\u0dd0\u0d9a\u0dca\u0dc0\u0dda. ', <br/>, <br/>, ' ', <b>\u0d9c\u0dd2\u0dab\u0dd4\u0db8\u0dca</b>, ' #Account_Name# ', <b>\u0db1\u0db8:</b>, ' #Account_Name# ', <b>\u0d9c\u0dd2\u0dab\u0dd4\u0db8\u0dda \u0db1\u0db8</b>, ' #Account_Name# ', <br/>, <br/>, ' ', <b>\u0daf\u0dd4\u0dbb\u0d9a\u0dae\u0db1:</b>, ' #User_Phone# ', <b>\u0daf\u0dd4\u0dbb\u0d9a\u0dae\u0db1</b>, ' #User_Phone# ', <br/>, <br/>, ' ', <b>\u0dc0\u0dd2\u0daf\u0dca\u0dba\u0dd4\u0dad\u0dca \u0dad\u0dd0\u0db4\u0dd1\u0dbd:</b>, ' #User_Phone# ', <br/>, <br/>, ' ', <b>\u0db6\u0dd0\u0d82\u0d9a\u0dd4 \u0db1\u0db8:</b>, ' #User_Name# ', <br/>, <br/>, ' ', <b>\u0d9c\u0dd2\u0dab\u0dd4\u0db8\u0dca \u0d85\u0d82\u0d9a\u0dba:</b>, ' #BIC/SWIFT_Code# ', <br/>, <br/>, ' ', <b>BIC / SWIFT \u0d9a\u0dda\u0dad\u0dba:</b>, ' #BIC/SWIFT_Code# ', <br/>, <br/>, ' ', <b>\u0db6\u0dd0\u0d82\u0d9a\u0dd4 \u0dc1\u0dcf\u0d9b\u0dcf\u0dc0:</b>, ' #Bank_Branch# ', <br/>, <br/>, ' ', <b>\u0d86\u0db4\u0dc3\u0dd4 \u0d9c\u0dd0\u0db1\u0dd3\u0db8\u0dda \u0d9c\u0dcf\u0dc3\u0dca\u0dad\u0dd4\u0dc0:</b>, ' #Withdrawal_amount# ', <br/>, <br/>, <br/>, ' \u0dc3\u0dca\u0dad\u0dd6\u0dad\u0dd2\u0dba\u0dd2! #User_Phone#']"}, {"language": "TA", "subject": "\u0bb5\u0bbf\u0bb2\u0b95\u0bcd\u0b95\u0bc1 \u0baa\u0ba3\u0bae\u0bcd \u0b95\u0bcb\u0bb0\u0bbf\u0b95\u0bcd\u0b95\u0bc8", "body": "[' ', <b>\u0b85\u0ba9\u0bcd\u0baa\u0bc1\u0bb3\u0bcd\u0bb3 \u0ba8\u0bbf\u0bb0\u0bcd\u0bb5\u0bbe\u0b95\u0bbf,</b>, ' ', <br/>, <br/>, ' #User_Name# \u0baa\u0ba3\u0bae\u0bcd \u0ba4\u0bbf\u0bb0\u0bc1\u0bae\u0bcd\u0baa\u0baa\u0bcd \u0baa\u0bc6\u0bb1 \u0b95\u0bcb\u0bb0\u0bbf\u0baf\u0bc1\u0bb3\u0bcd\u0bb3\u0ba4\u0bc1 ', <br/>, <br/>, ' \u0b95\u0bc0\u0bb4\u0bc7 \u0bb5\u0bbf\u0bb5\u0bb0\u0b99\u0bcd\u0b95\u0bb3\u0bcd. ', <br/>, <br/>, ' ', <b>\u0b95\u0ba3\u0b95\u0bcd\u0b95\u0bc1 \u0bb5\u0bc8\u0ba4\u0bcd\u0ba4\u0bbf\u0bb0\u0bc1\u0baa\u0bcd\u0baa\u0bb5\u0bb0\u0bcd \u0baa\u0bc6\u0baf\u0bb0\u0bcd:</b>, ' #Account_Name# ', <br/>, <br/>, ' ', <b>\u0ba4\u0bca\u0bb2\u0bc8\u0baa\u0bc7\u0b9a\u0bbf:</b>, ' #User_Phone# ', <br/>, <br/>, ' ', <b>\u0bae\u0bbf\u0ba9\u0bcd\u0ba9\u0b9e\u0bcd\u0b9a\u0bb2\u0bcd:</b>, ' #User_Phone# ', <br/>, <br/>, ' ', <b>\u0bb5\u0b99\u0bcd\u0b95\u0bbf \u0baa\u0bc6\u0baf\u0bb0\u0bcd:</b>, ' #User_Name# ', <br/>, <br/>, ' ', <b>\u0b95\u0ba3\u0b95\u0bcd\u0b95\u0bc1 \u0b8e\u0ba3\u0bcd:</b>, ' #BIC/SWIFT_Code# ', <br/>, <br/>, ' ', <b>BIC / SWIFT \u0b95\u0bcb\u0b9f\u0bcd:</b>, ' #BIC/SWIFT_Code# ', <br/>, <br/>, ' ', <b>\u0bb5\u0b99\u0bcd\u0b95\u0bbf \u0b95\u0bbf\u0bb3\u0bc8:</b>, ' #Bank_Branch# ', <br/>, <br/>, ' ', <b>\u0baa\u0bbf\u0ba9\u0bcd\u0bb5\u0bbe\u0b99\u0bcd\u0b95\u0bb2\u0bcd \u0ba4\u0bca\u0b95\u0bc8:</b>, ' #Withdrawal_amount# ', <br/>, <br/>, <br/>, ' \u0ba8\u0ba9\u0bcd\u0bb1\u0bbf! #User_Phone#']"}, {"language": "VI", "subject": "Y\u00eau c\u1ea7u r\u00fat ti\u1ec1n", "body": "[' ', <b>K\u00ednh g\u1eedi Qu\u1ea3n tr\u1ecb vi\u00ean,</b>, ' ', <br/>, <br/>, ' #User_Name# \u0111\u00e3 y\u00eau c\u1ea7u r\u00fat ti\u1ec1n ', <br/>, <br/>, ' D\u01b0\u1edbi \u0111\u00e2y l\u00e0 chi ti\u1ebft. ', <br/>, <br/>, ' ', <b>T\u00ean ch\u1ee7 t\u00e0i kho\u1ea3n:</b>, ' #Account_Name# ', <br/>, <br/>, ' ', <b>\u0110i\u1ec7n tho\u1ea1i:</b>, ' #User_Phone# ', <br/>, <br/>, ' ', <b>Email:</b>, ' #User_Phone# ', <br/>, <br/>, ' ', <b>T\u00ean ng\u00e2n h\u00e0ng:</b>, ' #User_Name# ', <br/>, <br/>, ' ', <b>S\u1ed1 t\u00e0i kho\u1ea3n:</b>, ' #BIC/SWIFT_Code# ', <br/>, <br/>, ' ', <b>M\u00e3 BIC / SWIFT:</b>, ' #BIC/SWIFT_Code# ', <br/>, <br/>, ' ', <b>Chi nh\u00e1nh ng\u00e2n h\u00e0ng:</b>, ' #Bank_Branch# ', <br/>, <br/>, ' ', <b>S\u1ed1 ti\u1ec1n r\u00fat:</b>, ' #Withdrawal_amount# ', <br/>, <br/>, <br/>, ' C\u1ea3m \u01a1n! #User_Phone#']"}, {"language": "TL", "subject": "Pag-withdraw ng Kahilingan sa Pera", "body": "[' ', <b>Mahal na Tagapangasiwa,</b>, ' ', <br/>, <br/>, ' #User_Name# ay humiling ng withdrawal money ', <br/>, <br/>, ' Nasa ibaba ang mga detalye. ', <br/>, <br/>, ' ', <b>Pangalan ng Holder ng Account:</b>, ' #Account_Name# ', <br/>, <br/>, ' ', <b>Telepono:</b>, ' #User_Phone# ', <br/>, <br/>, ' ', <b>Email:</b>, ' #User_Phone# ', <br/>, <br/>, ' ', <b>Pangalan ng Bangko:</b>, ' #User_Name# ', <br/>, <br/>, ' ', <b>Numero ng Account:</b>, ' #BIC/SWIFT_Code# ', <br/>, <br/>, ' ', <b>BIC / SWIFT Code:</b>, ' #BIC/SWIFT_Code# ', <br/>, <br/>, ' ', <b>Bank Branch:</b>, ' #Bank_Branch# ', <br/>, <br/>, ' ', <b>Halaga ng Pag-withdraw:</b>, ' #Withdrawal_amount# ', <br/>, <br/>, <br/>, ' Salamat! #User_Phone#']"}, {"language": "KM", "subject": "\u1780\u17b6\u179a\u178a\u1780\u1794\u17d2\u179a\u17b6\u1780\u17cb\u178f\u17b6\u1798\u179f\u17c6\u178e\u17be", "body": "[' ', <b>\u179f\u17bc\u1798\u1782\u17c4\u179a\u1796\u17a2\u17d2\u1793\u1780\u1782\u17d2\u179a\u1794\u17cb\u1782\u17d2\u179a\u1784,</b>, ' ', <br/>, <br/>, ' #User_Name# \u1794\u17b6\u1793\u179f\u17d2\u1793\u17be\u179f\u17bb\u17c6\u178a\u1780\u1794\u17d2\u179a\u17b6\u1780\u17cb ', <br/>, <br/>, ' \u1781\u17b6\u1784\u1780\u17d2\u179a\u17c4\u1798\u1793\u17c1\u17c7\u1782\u17ba\u1787\u17b6\u1796\u17d0\u178f\u17cc\u1798\u17b6\u1793\u179b\u1798\u17d2\u17a2\u17b7\u178f\u17d4 ', <br/>, <br/>, ' ', <b>\u1788\u17d2\u1798\u17c4\u17c7\u1798\u17d2\u1785\u17b6\u179f\u17cb\u1782\u178e\u1793\u17b8:</b>, ' #Account_Name# ', <br/>, <br/>, ' ', <b>\u1791\u17bc\u179a\u179f\u17d0\u1796\u17d2\u1791:</b>, ' #User_Phone# ', <br/>, <br/>, ' ', <b>\u17a2\u17ca\u17b8\u1798\u17c2\u179b:</b>, ' #User_Phone# ', <br/>, <br/>, ' ', <b>\u1788\u17d2\u1798\u17c4\u17c7\u1792\u1793\u17b6\u1782\u17b6\u179a:</b>, ' #User_Name# ', <br/>, <br/>, ' ', <b>\u179b\u17c1\u1781\u1782\u178e\u1793\u17b8:</b>, ' #BIC/SWIFT_Code# ', <br/>, <br/>, ' ', <b>\u179b\u17c1\u1781\u1780\u17bc\u178a BIC / SWIFT:</b>, ' #BIC/SWIFT_Code# ', <br/>, <br/>, ' ', <b>\u179f\u17b6\u1781\u17b6\u1792\u1793\u17b6\u1782\u17b6\u179a:</b>, ' #Bank_Branch# ', <br/>, <br/>, ' ', <b>\u1785\u17c6\u1793\u17bd\u1793\u1780\u17b6\u179a\u178a\u1780\u1794\u17d2\u179a\u17b6\u1780\u17cb:</b>, ' #Withdrawal_amount# ', <b>\u178a\u1780\u1794\u17d2\u179a\u17b6\u1780\u17cb\u1785\u17c6\u1793\u17bd\u1793\u1791\u17b9\u1780\u1794\u17d2\u179a\u17b6\u1780\u17cb</b>, ' #Withdrawal_amount# ', <br/>, <br/>, <br/>, ' \u179f\u17bc\u1798\u17a2\u179a\u1782\u17bb\u178e! #User_Phone#']"}, {"language": "BN", "subject": "\u09aa\u09cd\u09b0\u09a4\u09cd\u09af\u09be\u09b9\u09be\u09b0 \u099f\u09be\u0995\u09be \u0985\u09a8\u09c1\u09b0\u09cb\u09a7", "body": "[' ', <b>\u09aa\u09cd\u09b0\u09bf\u09af\u09bc \u09aa\u09cd\u09b0\u09b6\u09be\u09b8\u0995,</b>, ' ', <br/>, <br/>, ' #User_Name# \u0985\u09b0\u09cd\u09a5 \u09aa\u09cd\u09b0\u09a4\u09cd\u09af\u09be\u09b9\u09be\u09b0\u09c7\u09b0 \u0985\u09a8\u09c1\u09b0\u09cb\u09a7 \u0995\u09b0\u09c7\u099b\u09c7 ', <br/>, <br/>, ' \u09a8\u09c0\u099a\u09c7 \u09ac\u09bf\u09b8\u09cd\u09a4\u09be\u09b0\u09bf\u09a4\u0964 ', <br/>, <br/>, ' ', <b>\u0985\u09cd\u09af\u09be\u0995\u09be\u0989\u09a8\u09cd\u099f \u09a7\u09be\u09b0\u0995 \u09a8\u09be\u09ae:</b>, ' #Account_Name# ', <b>\u0985\u09cd\u09af\u09be\u0995\u09be\u0989\u09a8\u09cd\u099f_\u09a8\u09be\u09ae</b>, ' #Account_Name# ', <br/>, <br/>, ' ', <b>\u09ab\u09cb\u09a8:</b>, ' #User_Phone# ', <br/>, <br/>, ' ', <b>\u0987\u09ae\u09c7\u09b2:</b>, ' #User_Phone# ', <br/>, <br/>, ' ', <b>\u09ac\u09cd\u09af\u09be\u0982\u0995 \u09a8\u09be\u09ae:</b>, ' #User_Name# ', <br/>, <br/>, ' ', <b>\u0985\u09cd\u09af\u09be\u0995\u09be\u0989\u09a8\u09cd\u099f \u09a8\u09ae\u09cd\u09ac\u09b0:</b>, ' #BIC/SWIFT_Code# ', <br/>, <br/>, ' ', <b>\u09ac\u09bf\u0986\u0987\u09b8\u09bf / \u09b8\u09c1\u0987\u09ab\u099f \u0995\u09cb\u09a1:</b>, ' #BIC/SWIFT_Code# ', <br/>, <br/>, ' ', <b>\u09ac\u09cd\u09af\u09be\u0982\u0995 \u09b6\u09be\u0996\u09be:</b>, ' #Bank_Branch# ', <br/>, <br/>, ' ', <b>\u09aa\u09cd\u09b0\u09a4\u09cd\u09af\u09be\u09b9\u09be\u09b0 \u09aa\u09b0\u09bf\u09ae\u09be\u09a3:</b>, ' #Withdrawal_amount# ', <br/>, <br/>, <br/>, ' \u09a7\u09a8\u09cd\u09af\u09ac\u09be\u09a6! #User_Phone#']"}, {"language": "JA", "subject": "\u51fa\u91d1\u4f9d\u983c", "body": "[' ', <b>\u7ba1\u7406\u8005\u5404\u4f4d</b>, ' ', <br/>, <br/>, ' #User_Name#\u304c\u8cc7\u91d1\u306e\u5f15\u304d\u51fa\u3057\u3092\u8981\u6c42\u3057\u307e\u3057\u305f', <br/>, <br/>, '\u8a73\u7d30\u306f\u4ee5\u4e0b\u306e\u901a\u308a\u3067\u3059\u3002 ', <br/>, <br/>, ' ', <b>\u30a2\u30ab\u30a6\u30f3\u30c8\u6240\u6709\u8005\u540d\uff1a</b>, ' #Account_Name# ', <br/>, <br/>, ' ', <b>\u96fb\u8a71\u756a\u53f7\uff1a</b>, ' #User_Phone# ', <br/>, <br/>, ' ', <b>\u30e1\u30fc\u30eb</b>, ' #User_Phone# ', <b>\uff1a</b>, ' #User_Phone# ', <br/>, <br/>, ' ', <b>\u9280\u884c\u540d\uff1a</b>, ' #User_Name# ', <b>\u540d</b>, ' #User_Name# ', <br/>, <br/>, ' ', <b>\u30a2\u30ab\u30a6\u30f3\u30c8\u756a\u53f7\uff1a</b>, ' #BIC/SWIFT_Code# ', <br/>, <br/>, ' ', <b>BIC / SWIFT\u30b3\u30fc\u30c9\uff1a</b>, ' #BIC/SWIFT_Code# ', <br/>, <br/>, ' ', <b>\u9280\u884c\u652f\u5e97\uff1a</b>, ' #Bank_Branch# ', <br/>, <br/>, ' ', <b>\u5f15\u304d\u51fa\u3057\u91d1\u984d\uff1a</b>, ' #Withdrawal_amount# ', <b>\u5f15\u304d\u51fa\u3057\u91d1\u984d</b>, ' #Withdrawal_amount# ', <br/>, <br/>, <br/>, '\u3042\u308a\u304c\u3068\u3046\u3054\u3056\u3044\u307e\u3059\u3002 #User_Phone#']"}, {"language": "KO", "subject": "\uc778\ucd9c \uc694\uccad", "body": "[' ', <b>\uce5c\uc560\ud558\ub294 \uad00\ub9ac\uc790,</b>, ' ', <br/>, <br/>, ' #User_Name# \uc774 \uc1a1\uae08\uc744 \uc694\uccad\ud588\uc2b5\ub2c8\ub2e4. ', <br/>, <br/>, ' \uc544\ub798\ub294 \uc790\uc138\ud55c \ub0b4\uc6a9\uc785\ub2c8\ub2e4. ', <br/>, <br/>, ' ', <b>\uacc4\uc815 \uc18c\uc720\uc790 \uc774\ub984 :</b>, ' #Account_Name# ', <br/>, <br/>, ' ', <b>\uc804\ud654</b>, ' #User_Phone# ', <b>:</b>, ' #User_Phone# ', <br/>, <br/>, ' ', <b>\uc774\uba54\uc77c :</b>, ' #User_Phone# ', <br/>, <br/>, ' ', <b>\uc740\ud589 \uc774\ub984 :</b>, ' #User_Name# ', <br/>, <br/>, ' ', <b>\uacc4\uc88c \ubc88\ud638 :</b>, ' #BIC/SWIFT_Code# ', <br/>, <br/>, ' ', <b>BIC / SWIFT \ucf54\ub4dc :</b>, ' #BIC/SWIFT_Code# ', <br/>, <br/>, ' ', <b>\uc740\ud589 \uc9c0\uc810 :</b>, ' #Bank_Branch# ', <br/>, <br/>, ' ', <b>\ud0c8\ud1f4 \uae08\uc561 :</b>, ' #Withdrawal_amount# ', <br/>, <br/>, <br/>, ' \uac10\uc0ac! #User_Phone#']"}, {"language": "YO", "subject": "Yiy\u1ecd Owo Ibere", "body": "[' ', <b>Oluk\u1ecdni,</b>, ' ', <br/>, <br/>, ' #User_Name# ti beere fun owo sisan kuro ', <br/>, <br/>, ' Ni isal\u1eb9 ni aw\u1ecdn alaye. ', <br/>, <br/>, ' #Account_Name# ', <b>Oruk\u1ecd:</b>, ' #Account_Name# ', <br/>, <br/>, ' ', <b>Foonu:</b>, ' #User_Phone# ', <br/>, <br/>, ' ', <b>Imeeli:</b>, ' #User_Phone# ', <br/>, <br/>, ' ', <b>Oruk\u1ecd Ile-i\u1e63\u1eb9:</b>, ' #User_Name# ', <br/>, <br/>, ' ', <b>N\u1ecdmba Ak\u1ecdsil\u1eb9:</b>, ' #BIC/SWIFT_Code# ', <br/>, <br/>, ' ', <b>BIC / SWIFT koodu</b>, ' #BIC/SWIFT_Code# ', <br/>, <br/>, ' ', <b>Bank Bank:</b>, ' #Bank_Branch# ', <br/>, <br/>, ' ', <b>Iy\u1ecdkuro Iye:</b>, ' #Withdrawal_amount# ', <br/>, <br/>, <br/>, ' O \u1e63eun! #User_Phone#']"}, {"language": "TR", "subject": "Para \u00c7ekme Talebi", "body": "[' ', <b>Sevgili Y\u00f6netici</b>, ' ', <br/>, <br/>, ' #User_Name# para \u00e7ekmek istedi ', <br/>, <br/>, ' Detaylar a\u015fa\u011f\u0131da. ', <br/>, <br/>, ' ', <b>Hesap Sahibinin Ad\u0131:</b>, ' #Account_Name# ', <br/>, <br/>, ' ', <b>Telefon:</b>, ' #User_Phone# ', <br/>, <br/>, ' ', <b>E-posta:</b>, ' #User_Phone# ', <br/>, <br/>, ' ', <b>Banka Ad\u0131:</b>, ' #User_Name# ', <br/>, <br/>, ' ', <b>Hesap Numaras\u0131:</b>, ' #BIC/SWIFT_Code# ', <br/>, <br/>, ' ', <b>BIC / SWIFT Kodu:</b>, ' #BIC/SWIFT_Code# ', <br/>, <br/>, ' ', <b>Banka \u015eubesi:</b>, ' #Bank_Branch# ', <br/>, <br/>, ' ', <b>Para \u00c7ekme Tutar\u0131:</b>, ' #Withdrawal_amount# ', <br/>, <br/>, <br/>, ' Te\u015fekk\u00fcrler! #User_Phone#']"}, {"language": "RU", "subject": "\u0417\u0430\u043f\u0440\u043e\u0441 \u043d\u0430 \u0441\u043d\u044f\u0442\u0438\u0435 \u0434\u0435\u043d\u0435\u0433", "body": "[' ', <b>\u0423\u0432\u0430\u0436\u0430\u0435\u043c\u044b\u0439 \u0410\u0434\u043c\u0438\u043d\u0438\u0441\u0442\u0440\u0430\u0442\u043e\u0440,</b>, ' ', <br/>, <br/>, ' #User_Name# \u0437\u0430\u043f\u0440\u043e\u0441\u0438\u043b \u0432\u044b\u0432\u043e\u0434 \u0434\u0435\u043d\u0435\u0433 ', <br/>, <br/>, ' \u041d\u0438\u0436\u0435 \u043f\u043e\u0434\u0440\u043e\u0431\u043d\u043e\u0441\u0442\u0438. ', <br/>, <br/>, ' ', <b>\u0418\u043c\u044f \u0432\u043b\u0430\u0434\u0435\u043b\u044c\u0446\u0430 \u0443\u0447\u0435\u0442\u043d\u043e\u0439 \u0437\u0430\u043f\u0438\u0441\u0438:</b>, ' #Account_Name# ', <br/>, <br/>, ' ', <b>\u0422\u0435\u043b\u0435\u0444\u043e\u043d:</b>, ' #User_Phone# ', <br/>, <br/>, ' ', <b>Email:</b>, ' #User_Phone# ', <br/>, <br/>, ' ', <b>\u041d\u0430\u0437\u0432\u0430\u043d\u0438\u0435 \u0431\u0430\u043d\u043a\u0430:</b>, ' #User_Name# ', <br/>, <br/>, ' ', <b>\u041d\u043e\u043c\u0435\u0440 \u0441\u0447\u0435\u0442\u0430:</b>, ' #BIC/SWIFT_Code# ', <br/>, <br/>, ' ', <b>\u041a\u043e\u0434 BIC / SWIFT:</b>, ' #BIC/SWIFT_Code# ', <br/>, <br/>, ' ', <b>\u041e\u0442\u0434\u0435\u043b\u0435\u043d\u0438\u0435 \u0431\u0430\u043d\u043a\u0430:</b>, ' #Bank_Branch# ', <br/>, <br/>, ' ', <b>\u0421\u0443\u043c\u043c\u0430 \u0441\u043d\u044f\u0442\u0438\u044f \u0441\u0440\u0435\u0434\u0441\u0442\u0432:</b>, ' #Withdrawal_amount# ', <br/>, <br/>, <br/>, ' \u0421\u043f\u0430\u0441\u0438\u0431\u043e! #User_Phone#']"}, {"language": "FA", "subject": "\u062f\u0631\u062e\u0648\u0627\u0633\u062a \u067e\u0648\u0644 \u0644\u063a\u0648", "body": "[' ', <b>\u0645\u062f\u06cc\u0631 \u0639\u0632\u06cc\u0632</b>, ' ', <br/>, <br/>, ' #User_Name# \u062f\u0631\u062e\u0648\u0627\u0633\u062a \u06a9\u0631\u062f\u0647 \u0627\u0633\u062a \u06a9\u0647 \u067e\u0648\u0644 \u0628\u0631\u062f\u0627\u0634\u062a \u06a9\u0646\u062f ', <br/>, <br/>, ' \u062f\u0631 \u0632\u06cc\u0631 \u062c\u0632\u0626\u06cc\u0627\u062a \u0627\u0633\u062a. ', <br/>, <br/>, ' ', <b>\u0646\u0627\u0645 \u062f\u0627\u0631\u0646\u062f\u0647 \u062d\u0633\u0627\u0628:</b>, ' #Account_Name# ', <br/>, <br/>, ' ', <b>\u062a\u0644\u0641\u0646:</b>, ' #User_Phone# ', <br/>, <br/>, ' ', <b>\u0627\u06cc\u0645\u06cc\u0644:</b>, ' #User_Phone# ', <br/>, <br/>, ' ', <b>\u0646\u0627\u0645 \u0628\u0627\u0646\u06a9:</b>, ' #User_Name# ', <br/>, <br/>, ' ', <b>\u0634\u0645\u0627\u0631\u0647 \u062d\u0633\u0627\u0628:</b>, ' #BIC/SWIFT_Code# ', <br/>, <br/>, ' ', <b>BIC / SWIFT \u06a9\u062f:</b>, ' #BIC/SWIFT_Code# ', <br/>, <br/>, ' ', <b>\u0634\u0639\u0628\u0647 \u0628\u0627\u0646\u06a9:</b>, ' #Bank_Branch# ', <br/>, <br/>, ' ', <b>\u0645\u0642\u062f\u0627\u0631 \u062e\u0631\u0648\u062c:</b>, ' #Withdrawal_amount# ', <br/>, <br/>, <br/>, ' \u0628\u0627 \u062a\u0634\u06a9\u0631! #User_Phone#']"}, {"language": "MY", "subject": "\u1006\u102f\u1010\u103a\u1001\u103d\u102c\u1004\u103d\u1031\u1010\u1031\u102c\u1004\u103a\u1038\u1001\u1036\u1001\u103c\u1004\u103a\u1038", "body": "[' ', <b>\u1001\u103b\u1005\u103a\u1001\u1004\u103a\u101b\u1015\u102b\u101e\u1031\u102c\u1021\u102f\u1015\u103a\u1001\u103b\u102f\u1015\u103a\u101b\u1031\u1038\u1019\u103e\u1030\u1038,</b>, ' ', <br/>, <br/>, ' #User_Name# \u1006\u102f\u1010\u103a\u1001\u103d\u102c\u1015\u102d\u102f\u1000\u103a\u1006\u1036\u1019\u103e\u1019\u1031\u1010\u1039\u1010\u102c\u101b\u1015\u103a\u1001\u1036\u1001\u1032\u1037\u1015\u102b\u101e\u100a\u103a ', <br/>, <br/>, ' \u1021\u1031\u102c\u1000\u103a\u1010\u103d\u1004\u103a\u1021\u101e\u1031\u1038\u1005\u102d\u1010\u103a\u1016\u103c\u1005\u103a\u1015\u102b\u1010\u101a\u103a\u104b ', <br/>, <br/>, ' ', <b>\u1021\u1000\u1031\u102c\u1004\u103a\u1037 Holder \u1021\u1019\u100a\u103a:</b>, ' #Account_Name# ', <br/>, <br/>, ' ', <b>\u1016\u102f\u1014\u103a\u1038\u1014\u1036\u1015\u102b\u1010\u103a:</b>, ' #User_Phone# ', <br/>, <br/>, ' ', <b>\u1021\u102e\u1038\u1019\u1031\u1038\u101c\u103a:</b>, ' #User_Phone# ', <br/>, <br/>, ' ', <b>\u1018\u100f\u103a\u1021\u1019\u100a\u103a:</b>, ' #User_Name# ', <br/>, <br/>, ' ', <b>\u1021\u1000\u1031\u102c\u1004\u103a\u1037\u1014\u1036\u1015\u102b\u1010\u103a:</b>, ' #BIC/SWIFT_Code# ', <br/>, <br/>, ' ', <b>BIC / SWIFT Code \u1000\u102d\u102f:</b>, ' #BIC/SWIFT_Code# ', <br/>, <br/>, ' ', <b>\u1018\u100f\u103a\u1018\u100f\u103a\u1001\u103d\u1032:</b>, ' #Bank_Branch# ', <br/>, <br/>, ' ', <b>\u1006\u102f\u1010\u103a\u1001\u103d\u102c\u1004\u103d\u1031\u1015\u1019\u102c\u100f:</b>, ' #Withdrawal_amount# ', <br/>, <br/>, <br/>, ' \u1000\u103b\u1031\u1038\u1007\u1030\u1038\u1010\u1004\u103a\u1015\u102b\u1010\u101a\u103a! #User_Phone#']"}, {"language": "HI", "subject": "\u0927\u0928 \u0935\u093e\u092a\u0938\u0940 \u0915\u093e \u0905\u0928\u0941\u0930\u094b\u0927", "body": "[' ', <b>\u092a\u094d\u0930\u093f\u092f \u092a\u094d\u0930\u0936\u093e\u0938\u0915,</b>, ' ', <br/>, <br/>, ' #User_Name# \u0928\u0947 \u092a\u0948\u0938\u0947 \u0928\u093f\u0915\u093e\u0932\u0928\u0947 \u0915\u093e \u0905\u0928\u0941\u0930\u094b\u0927 \u0915\u093f\u092f\u093e \u0939\u0948 ', <br/>, <br/>, ' \u0928\u0940\u091a\u0947 \u0935\u093f\u0935\u0930\u0923 \u0939\u0948\u0964 ', <br/>, <br/>, ' ', <b>\u0916\u093e\u0924\u093e \u0927\u093e\u0930\u0915 \u0915\u093e \u0928\u093e\u092e:</b>, ' #Account_Name# ', <br/>, <br/>, ' ', <b>\u092b\u093c\u094b\u0928:</b>, ' #User_Phone# ', <br/>, <br/>, ' ', <b>\u0908\u092e\u0947\u0932:</b>, ' #User_Phone# ', <br/>, <br/>, ' ', <b>\u092c\u0948\u0902\u0915 \u0915\u093e \u0928\u093e\u092e:</b>, ' #User_Name# ', <br/>, <br/>, ' ', <b>\u0916\u093e\u0924\u093e \u0938\u0902\u0916\u094d\u092f\u093e:</b>, ' #BIC/SWIFT_Code# ', <br/>, <br/>, ' ', <b>BIC / SWIFT \u0915\u094b\u0921:</b>, ' #BIC/SWIFT_Code# ', <br/>, <br/>, ' ', <b>\u092c\u0948\u0902\u0915 \u0936\u093e\u0916\u093e:</b>, ' #Bank_Branch# ', <br/>, <br/>, ' ', <b>\u0928\u093f\u0915\u093e\u0938\u0940 \u0930\u093e\u0936\u093f:</b>, ' #Withdrawal_amount# ', <br/>, <br/>, <br/>, ' \u0927\u0928\u094d\u092f\u0935\u093e\u0926! #User_Phone#']"}, {"language": "IW", "subject": "\u05d1\u05e7\u05e9\u05d4 \u05de\u05e9\u05d9\u05db\u05ea \u05db\u05e1\u05e3", "body": "[' ', <b>\u05de\u05e0\u05d4\u05dc \u05d9\u05e7\u05e8,</b>, ' ', <br/>, <br/>, ' #User_Name# \u05d1\u05d9\u05e7\u05e9 \u05dc\u05de\u05e9\u05d5\u05da \u05db\u05e1\u05e4\u05d9\u05dd ', <br/>, <br/>, ' \u05dc\u05d4\u05dc\u05df \u05d4\u05e4\u05e8\u05d8\u05d9\u05dd. ', <br/>, <br/>, ' ', <b>\u05e9\u05dd \u05d1\u05e2\u05dc \u05d4\u05d7\u05e9\u05d1\u05d5\u05df:</b>, ' #Account_Name# ', <br/>, <br/>, ' ', <b>\u05d8\u05dc\u05e4\u05d5\u05df:</b>, ' #User_Phone# ', <br/>, <br/>, ' ', <b>\u05d3\u05d5\u05d0\"\u05dc:</b>, ' #User_Phone# ', <br/>, <br/>, ' ', <b>\u05e9\u05dd \u05d4\u05d1\u05e0\u05e7:</b>, ' #User_Name# ', <br/>, <br/>, ' ', <b>\u05de\u05e1\u05e4\u05e8 \u05d7\u05e9\u05d1\u05d5\u05df:</b>, ' #BIC/SWIFT_Code# ', <br/>, <br/>, ' ', <b>\u05e7\u05d5\u05d3 BIC / SWIFT:</b>, ' #BIC/SWIFT_Code# ', <br/>, <br/>, ' ', <b>\u05e1\u05e0\u05d9\u05e3 \u05d1\u05e0\u05e7:</b>, ' #Bank_Branch# ', <br/>, <br/>, ' ', <b>\u05e1\u05db\u05d5\u05dd \u05de\u05e9\u05d9\u05db\u05d4:</b>, ' #Withdrawal_amount# ', <br/>, <br/>, <br/>, ' \u05ea\u05d5\u05d3\u05d4! #User_Phone#']"}, {"language": "FR", "subject": "Demande de retrait d'argent", "body": "[' ', <b>Cher administrateur,</b>, ' ', <br/>, <br/>, \" #User_Name# a demand\u00e9 de retirer de l'argent \", <br/>, <br/>, ' Ci-dessous sont les d\u00e9tails. ', <br/>, <br/>, ' ', <b>Nom du titulaire du compte:</b>, ' #Account_Name# ', <br/>, <br/>, ' ', <b>T\u00e9l\u00e9phone:</b>, ' #User_Phone# ', <br/>, <br/>, ' ', <b>Email:</b>, ' #User_Phone# ', <br/>, <br/>, ' ', <b>Nom de la banque:</b>, ' #User_Name# ', <br/>, <br/>, ' ', <b>Num\u00e9ro de compte:</b>, ' #BIC/SWIFT_Code# ', <br/>, <br/>, ' ', <b>Code BIC / SWIFT:</b>, ' #BIC/SWIFT_Code# ', <br/>, <br/>, ' ', <b>Succursale bancaire:</b>, ' #Bank_Branch# ', <br/>, <br/>, ' ', <b>Montant du retrait:</b>, ' #Withdrawal_amount# ', <br/>, <br/>, <br/>, ' Merci! #User_Phone#']"}, {"language": "DA", "subject": "Tilbagetr\u00e6kning penge anmodning", "body": "[' ', <b>K\u00e6re Administrator,</b>, ' ', <br/>, <br/>, ' #User_Name# har anmodet om at tilbagekalde penge ', <br/>, <br/>, ' Nedenfor er detaljerne. ', <br/>, <br/>, ' ', <b>Kontoindehaver Navn:</b>, ' #Account_Name# ', <br/>, <br/>, ' ', <b>Telefon:</b>, ' #User_Phone# ', <br/>, <br/>, ' ', <b>Email:</b>, ' #User_Phone# ', <br/>, <br/>, ' ', <b>Banknavn:</b>, ' #User_Name# ', <br/>, <br/>, ' ', <b>Kontonummer:</b>, ' #BIC/SWIFT_Code# ', <br/>, <br/>, ' ', <b>BIC / SWIFT-kode:</b>, ' #BIC/SWIFT_Code# ', <br/>, <br/>, ' ', <b>Bank Branch:</b>, ' #Bank_Branch# ', <br/>, <br/>, ' ', <b>Tilbagetr\u00e6kningsbel\u00f8b:</b>, ' #Withdrawal_amount# ', <br/>, <br/>, <br/>, ' Tak! #User_Phone#']"}]}