{"purpose": "To notify the Rider for the \u201cride later\u201d booking from the admin side", "templates": [{"language": "AF", "subject": "Handmatig toegewezen rit besonderhede", "body": "[' ', <span><br/> Liewe #Rider# , <br/><br/> Jou rit is manueel toegewys aan #Driver# . Geniet die reis! <br/><br/> Verskaffer Naam: #Driver# <br/><br/> Besprekingsnommer: #BookingNo# <br/><br/> Boekingsdatum: #Rider# <br/><br/> Dankie! #MailFooter#</span>]"}, {"language": "EN", "subject": "Manually Assigned Ride Details", "body": "[' ', <span><br/>Dear #Rider#,\n<br/>\n<br/>Your Ride has been manually assigned to #Driver#. Have a nice trip!\n<br/>\n<br/>Provider Name: #Driver#\n<br/>\n<br/>Booking No: #BookingNo#\n<br/>\n<br/>Booking Date: #Ddate#\n<br/>\n<br/>Thanks!  #MailFooter#</span>]"}, {"language": "TH", "subject": "\u0e23\u0e32\u0e22\u0e25\u0e30\u0e40\u0e2d\u0e35\u0e22\u0e14\u0e01\u0e32\u0e23\u0e02\u0e31\u0e1a\u0e02\u0e35\u0e48\u0e17\u0e35\u0e48\u0e01\u0e33\u0e2b\u0e19\u0e14\u0e14\u0e49\u0e27\u0e22\u0e15\u0e19\u0e40\u0e2d\u0e07", "body": "[' ', <span><br/> \u0e40\u0e23\u0e35\u0e22\u0e19 #Rider# <br/><br/> Your Ride \u0e44\u0e14\u0e49\u0e23\u0e31\u0e1a\u0e21\u0e2d\u0e1a\u0e2b\u0e21\u0e32\u0e22\u0e43\u0e2b\u0e49\u0e40\u0e1b\u0e47\u0e19 #Driver# \u0e14\u0e49\u0e27\u0e22\u0e15\u0e19\u0e40\u0e2d\u0e07 \u0e40\u0e17\u0e35\u0e48\u0e22\u0e27\u0e43\u0e2b\u0e49\u0e2a\u0e19\u0e38\u0e01\u0e19\u0e30! <br/><br/> \u0e0a\u0e37\u0e48\u0e2d\u0e1c\u0e39\u0e49\u0e43\u0e2b\u0e49\u0e1a\u0e23\u0e34\u0e01\u0e32\u0e23: #Driver# <br/><br/> \u0e2b\u0e21\u0e32\u0e22\u0e40\u0e25\u0e02\u0e01\u0e32\u0e23\u0e08\u0e2d\u0e07: #BookingNo# <br/><br/> \u0e27\u0e31\u0e19\u0e17\u0e35\u0e48\u0e08\u0e2d\u0e07: #Rider# <br/><br/> \u0e02\u0e2d\u0e1a\u0e04\u0e38\u0e13! #MailFooter#</span>]"}, {"language": "ID", "subject": "Rincian Naik yang Ditugaskan secara Manual", "body": "[' ', <span><br/> Dear #Rider# , <br/><br/> Perjalanan Anda telah ditetapkan secara manual ke #Driver# . Selamat jalan! <br/><br/> Nama Penyedia: #Driver# <br/><br/> Nomor Pemesanan: #BookingNo# PemesananTidak Ada #BookingNo# <br/><br/> Tanggal Pemesanan: #Rider# <br/><br/> Terima kasih! #MailFooter#</span>]"}, {"language": "DE", "subject": "Manuell zugewiesene Fahrtdetails", "body": "[' ', <span><br/> Sehr geehrter #Rider# , <br/><br/> Ihre Fahrt wurde manuell #Driver# zugewiesen. Gute Reise! <br/><br/> Anbietername: #Driver# <br/><br/> Buchungsnummer: #BookingNo# <br/><br/> Buchungsdatum: #Rider# <br/><br/> Vielen Dank! #MailFooter#</span>]"}, {"language": "ES", "subject": "Detalles de viaje asignados manualmente", "body": "[' ', <span><br/> Estimado #Rider# , <br/><br/> Su viaje ha sido asignado manualmente a #Driver# . \u00a1Ten un buen viaje! <br/><br/> Nombre del proveedor: #Driver# <br/><br/> Reservaci\u00f3n No: #BookingNo# <br/><br/> Fecha de reserva: #Rider# <br/><br/> \u00a1Gracias! #MailFooter#</span>]"}, {"language": "IT", "subject": "Dettagli di giro assegnati manualmente", "body": "[' ', <span><br/> Caro #Rider# , <br/><br/> La tua corsa \u00e8 stata assegnata manualmente a #Driver# . Buon viaggio! <br/><br/> Nome provider: #Driver# <br/><br/> #BookingNo# prenotazione: #BookingNo# <br/><br/> Data di prenotazione: #Rider# <br/><br/> Grazie! #MailFooter#</span>]"}, {"language": "AR", "subject": "\u062a\u0639\u064a\u064a\u0646 \u062a\u0641\u0627\u0635\u064a\u0644 \u0631\u0643\u0648\u0628 \u064a\u062f\u0648\u064a\u0627\u064b", "body": "[' ', <span><br/> \u0639\u0632\u064a\u0632\u064a #Rider# \u060c <br/><br/> \u062a\u0645 \u062a\u0639\u064a\u064a\u0646 Ride \u0627\u0644\u062e\u0627\u0635 \u0628\u0643 \u064a\u062f\u0648\u064a\u064b\u0627 \u0625\u0644\u0649 #Driver# . \u062d\u0636\u064a\u062a \u0628\u0631\u062d\u0644\u0629 \u0644\u0637\u064a\u0641\u0629! <br/><br/> \u0627\u0633\u0645 \u0627\u0644\u0645\u0632\u0648\u062f: #Driver# <br/><br/> \u0631\u0642\u0645 \u0627\u0644\u062d\u062c\u0632: #BookingNo# <br/><br/> \u062a\u0627\u0631\u064a\u062e \u0627\u0644\u062d\u062c\u0632: #Rider# <br/><br/> \u0634\u0643\u0631! #MailFooter#</span>]"}, {"language": "UR", "subject": "\u062f\u0633\u062a\u06cc \u0637\u0648\u0631 \u067e\u0631 \u062a\u0641\u0648\u06cc\u0636 \u0633\u0648\u0627\u0631\u06cc \u06a9\u06cc \u062a\u0641\u0635\u06cc\u0644\u0627\u062a", "body": "[' ', <span><br/> \u0639\u0632\u06cc\u0632 #Rider# <br/><br/> \u0622\u067e \u06a9\u06cc \u0633\u0648\u0627\u0631\u06cc #Driver# \u062f\u0633\u062a\u06cc \u0637\u0648\u0631 \u067e\u0631 #Driver# \u06a9\u0648 \u062a\u0641\u0648\u06cc\u0636 \u06a9\u06cc\u0627 \u06af\u06cc\u0627 \u06c1\u06d2. \u0627\u06cc\u06a9 \u0627\u0686\u06be\u0627 \u0633\u0641\u0631 \u06c1\u06d2! <br/><br/> \u0641\u0631\u0627\u06c1\u0645 \u06a9\u0646\u0646\u062f\u06c1 \u06a9\u0627 \u0646\u0627\u0645: #Driver# <br/><br/> \u0628\u06a9\u0646\u06af \u0646\u0645\u0628\u0631: #BookingNo# \u0628\u06a9\u0646\u06af \u06a9\u0648\u0626\u06cc #BookingNo# <br/><br/> \u0628\u06a9\u0646\u06af \u06a9\u06cc \u062a\u0627\u0631\u06cc\u062e: #Rider# <br/><br/> \u0634\u06a9\u0631\u06cc\u06c1! #MailFooter#</span>]"}, {"language": "AZ", "subject": "\u018fl il\u0259 t\u0259yin edilmi\u015f Ride Details", "body": "[' ', <span><br/> H\u00f6rm\u0259tli #Rider# , <br/><br/> Sizin Ride elinizl\u0259 #Driver# t\u0259yin edilmi\u015fdir. G\u00f6z\u0259l bir s\u0259f\u0259r edin! <br/><br/> T\u0259chizat\u00e7\u0131 Ad\u0131: #Driver# <br/><br/> Rezervasyon No: #BookingNo# RezervasyonNo #BookingNo# <br/><br/> Rezervasyon tarixi: #Rider# <br/><br/> T\u0259\u015f\u0259kk\u00fcr edirik! #MailFooter#</span>]"}, {"language": "ZH", "subject": "\u624b\u52a8\u5206\u914d\u7684\u9a91\u884c\u7ec6\u8282", "body": "[' ', <span><br/>\u4eb2\u7231\u7684#Rider# \uff0c <br/><br/>\u60a8\u7684Ride\u5df2\u624b\u52a8\u5206\u914d\u5230#Driver# \u3002\u4e00\u8def\u987a\u98ce\uff01 <br/><br/>\u63d0\u4f9b\u5546\u540d\u79f0\uff1a #Driver# <br/><br/>\u9884\u8ba2\u53f7\u7801\uff1a #BookingNo# <br/><br/>\u9884\u8ba2\u65e5\u671f\uff1a #Rider# <br/><br/>\u8c22\u8c22\uff01 #MailFooter#</span>]"}, {"language": "PT", "subject": "Detalhes de passeio atribu\u00eddos manualmente", "body": "[' ', <span><br/> Caro #Rider# , <br/><br/> Seu passeio foi atribu\u00eddo manualmente a #Driver# . Tenha uma boa viagem! <br/><br/> Nome do provedor: #Driver# <br/><br/> Reservas N\u00e3o: #BookingNo# <br/><br/> Data de reserva: #Rider# <br/><br/> Obrigado! #MailFooter#</span>]"}, {"language": "ZU", "subject": "Imininingwane Yokunikezela Ngama-Ride", "body": "[' ', <span><br/> Ngomunye #Rider# , <br/><br/> I-Ride yakho isinikezwe ngokwasemthethweni ku- #Driver# . Jabulela uhambo lwakho! <br/><br/> Igama lomhlinzeki: #Driver# <br/><br/> Ukubhuka No: #BookingNo# <br/><br/> Usuku Lokubhuka: #Rider# <br/><br/> Siyabonga! #MailFooter#</span>]"}, {"language": "SW", "subject": "Maelezo ya Ride ya Manually", "body": "[' ', <span><br/> Mpendwa #Rider# , <br/><br/> Ride yako imetumwa kwa #Driver# . Safari njema! <br/><br/> Jina la Mtoa huduma: #Driver# <br/><br/> Booking No: #BookingNo# <br/><br/> Tarehe ya Marejeo: #Rider# <br/><br/> Asante! #MailFooter#</span>]"}, {"language": "KU", "subject": "Agahdariya Ride Destn\u00ee\u015fan kirin", "body": "[' ', <span><br/> Dear #Rider# , <br/><br/> Ride we dest bi desthilata #Driver# . R\u00eaw\u00eetiyek xwe\u015f be! <br/><br/> Provider Nav\u00ea: #Driver# <br/><br/> #BookingNo# : #BookingNo# <br/><br/> Booking Date: #Rider# <br/><br/> Spas! #MailFooter#</span>]"}, {"language": "MS", "subject": "Butiran Ride Ditugas Secara Manual", "body": "[' ', <span><br/> Dear #Rider# , <br/><br/> Ride anda telah ditugaskan secara manual kepada #Driver# . Semoga selamat perjalanan! <br/><br/> Nama Penyedia: #Driver# <br/><br/> Tempahan No: #BookingNo# <br/><br/> Tarikh Tempahan: #Rider# <br/><br/> Terima kasih! #MailFooter#</span>]"}, {"language": "SI", "subject": "\u0d85\u0dad\u0dd2\u0db1\u0dca \u0db6\u0dd9\u0daf\u0dcf\u0dc4\u0dd0\u0dbb\u0dd3\u0db8\u0dda \u0dbb\u0dd3\u0da9\u0dca \u0dc0\u0dd2\u0dc3\u0dca\u0dad\u0dbb", "body": "[' ', <span><br/> \u0da9\u0dda\u0dc0\u0dd2\u0da9\u0dca #Rider# <br/><br/> \u0d94\u0db6\u0d9c\u0dda \u0dbb\u0dba\u0dd2\u0da9\u0dbb\u0dca #Driver# \u0d87\u0dad. \u0dc3\u0dd4\u0db1\u0dca\u0daf\u0dbb \u0da0\u0dcf\u0dbb\u0dca\u0d9a\u0dcf\u0dc0\u0d9a\u0dca \u0dc0\u0dda\u0dc0\u0dcf! <br/><br/> \u0dc3\u0dd0\u0db4\u0dba\u0dd4\u0db8\u0dca\u0d9a\u0dbb\u0dd4 \u0db1\u0db8: #Driver# <br/><br/> \u0d85\u0d82\u0d9a: #BookingNo# <br/><br/> \u0dc0\u0dd9\u0db1\u0dca \u0dc0\u0dd9\u0db1\u0dca \u0daf\u0dd2\u0db1\u0dba: #Rider# <br/><br/> \u0dc3\u0dca\u0dad\u0dd6\u0dad\u0dd2\u0dba\u0dd2! #MailFooter#</span>]"}, {"language": "TA", "subject": "\u0b95\u0bc8\u0bae\u0bc1\u0bb1\u0bc8\u0baf\u0bbe\u0b95 \u0b92\u0ba4\u0bc1\u0b95\u0bcd\u0b95\u0bc0\u0b9f\u0bc1 \u0bb0\u0bc8\u0b9f\u0bcd \u0bb5\u0bbf\u0bb5\u0bb0\u0b99\u0bcd\u0b95\u0bb3\u0bcd", "body": "[' ', <span><br/> \u0b85\u0ba9\u0bcd\u0baa\u0bc7 #Rider# , <br/><br/> \u0b89\u0b99\u0bcd\u0b95\u0bb3\u0bcd \u0bb0\u0bc8\u0b9f\u0bc1 \u0b95\u0bc8\u0bae\u0bc1\u0bb1\u0bc8\u0baf\u0bbe\u0b95 #Driver# \u0b95\u0bcd\u0b95\u0bc1 \u0b92\u0ba4\u0bc1\u0b95\u0bcd\u0b95\u0baa\u0bcd\u0baa\u0b9f\u0bcd\u0b9f\u0bc1\u0bb3\u0bcd\u0bb3\u0ba4\u0bc1. \u0b92\u0bb0\u0bc1 \u0ba8\u0bb2\u0bcd\u0bb2 \u0baa\u0baf\u0ba3\u0bae\u0bcd! <br/><br/> \u0bb5\u0bb4\u0b99\u0bcd\u0b95\u0bc1\u0baa\u0bb5\u0bb0\u0bcd \u0baa\u0bc6\u0baf\u0bb0\u0bcd: #Driver# <br/><br/> \u0bae\u0bc1\u0ba9\u0bcd\u0baa\u0ba4\u0bbf\u0bb5\u0bc1 \u0b87\u0bb2\u0bcd\u0bb2\u0bc8: #BookingNo# \u0bae\u0bc1\u0ba9\u0bcd\u0baa\u0ba4\u0bbf\u0bb5\u0bc1 #BookingNo# <br/><br/> \u0bae\u0bc1\u0ba9\u0bcd\u0baa\u0ba4\u0bbf\u0bb5\u0bc1 \u0ba4\u0bc7\u0ba4\u0bbf: #Rider# <br/><br/> \u0ba8\u0ba9\u0bcd\u0bb1\u0bbf! #MailFooter#</span>]"}, {"language": "VI", "subject": "Chi ti\u1ebft \u0111i xe \u0111\u01b0\u1ee3c ch\u1ec9 \u0111\u1ecbnh th\u1ee7 c\u00f4ng", "body": "[' ', <span><br/> K\u00ednh g\u1eedi #Rider# , <br/><br/> Chuy\u1ebfn \u0111i c\u1ee7a b\u1ea1n \u0111\u00e3 \u0111\u01b0\u1ee3c g\u00e1n th\u1ee7 c\u00f4ng cho #Driver# . Ch\u00fac b\u1ea1n c\u00f3 m\u1ed9t chuy\u1ebfn \u0111i vui v\u1ebb <br/><br/> T\u00ean nh\u00e0 cung c\u1ea5p: #Driver# <br/><br/> \u0110\u1eb7t ph\u00f2ng s\u1ed1: #BookingNo# \u0110\u1eb7t ph\u00f2ng #BookingNo# <br/><br/> Ng\u00e0y \u0111\u1eb7t ph\u00f2ng: #Rider# <br/><br/> C\u1ea3m \u01a1n! #MailFooter#</span>]"}, {"language": "TL", "subject": "Mga Detalye na Inihahatid ng Manu-manong Manu-manong", "body": "[' ', <span><br/> Mahal #Rider# , <br/><br/> Ang iyong Ride ay nakatalang manu-mano sa #Driver# . Maligayang paglalakbay! <br/><br/> Pangalan ng tagapagbigay: #Driver# <br/><br/> Booking No: #BookingNo# <br/><br/> Petsa ng Pag-book: #Rider# <br/><br/> Salamat! #MailFooter#</span>]"}, {"language": "KM", "subject": "\u1796\u17d0\u178f\u17cc\u1798\u17b6\u1793\u179b\u1798\u17d2\u17a2\u17b7\u178f\u17a2\u17c6\u1796\u17b8\u1780\u17b6\u179a\u1792\u17d2\u179c\u17be\u178a\u17c6\u178e\u17be\u179a\u178a\u17c4\u1799\u178a\u17c3", "body": "[' ', <span><br/> \u1787\u17bc\u1793\u1785\u17c6\u1796\u17c4\u17c7 #Rider# <br/><br/> \u1780\u17b6\u179a\u1794\u17be\u1780\u1794\u179a\u179a\u1794\u179f\u17cb\u17a2\u17d2\u1793\u1780\u178f\u17d2\u179a\u17bc\u179c\u1794\u17b6\u1793\u1795\u17d2\u178f\u179b\u17cb\u178a\u17c4\u1799\u178a\u17c3\u1791\u17c5 #Driver# \u17d4 \u1798\u17b6\u1793\u1780\u17b6\u179a\u1792\u17d2\u179c\u17be\u178a\u17c6\u178e\u17be\u179a\u178a\u17cf\u179f\u17d2\u179a\u179f\u17cb\u179f\u17d2\u17a2\u17b6\u178f! <br/><br/> \u1788\u17d2\u1798\u17c4\u17c7\u1780\u17d2\u179a\u17bb\u1798\u17a0\u17ca\u17bb\u1793\u1795\u17d2\u178a\u179b\u17cb: #Driver# <br/><br/> \u179b\u17c1\u1781\u1780\u1780\u17cb: #BookingNo# <br/><br/> \u1780\u17b6\u179b\u1794\u179a\u17b7\u1785\u17d2\u1786\u17c1\u1791\u1780\u1780\u17cb: #Rider# <br/><br/> \u179f\u17bc\u1798\u17a2\u179a\u1782\u17bb\u178e! #MailFooter#</span>]"}, {"language": "BN", "subject": "\u09ae\u09cd\u09af\u09be\u09a8\u09c1\u09af\u09bc\u09be\u09b2\u09bf \u099a\u09be\u09b2\u09bf\u09a4 \u09b0\u09be\u0989\u09a8\u09cd\u09a1 \u09ac\u09bf\u09ac\u09b0\u09a3", "body": "[' ', <span><br/> \u09aa\u09cd\u09b0\u09bf\u09af\u09bc #Rider# , <br/><br/> \u0986\u09aa\u09a8\u09be\u09b0 \u09b0\u09be\u0987\u09a1\u099f\u09bf \u09a8\u09bf\u099c\u09c7 #Driver# \u09ac\u09b0\u09be\u09a6\u09cd\u09a6 \u0995\u09b0\u09be \u09b9\u09af\u09bc\u09c7\u099b\u09c7\u0964 \u0986\u09aa\u09a8\u09be\u09b0 \u09af\u09be\u09a4\u09cd\u09b0\u09be \u09b6\u09c1\u09ad \u09b9\u09cb\u0995! <br/><br/> \u09b8\u09b0\u09ac\u09b0\u09be\u09b9\u0995\u09be\u09b0\u09c0 \u09a8\u09be\u09ae: #Driver# <br/><br/> \u09ac\u09c1\u0995\u09bf\u0982 \u09a8\u0982: #BookingNo# \u09ac\u09c1\u0995\u09bf\u0982 \u09a8\u09c7\u0987 #BookingNo# <br/><br/> \u09ac\u09c1\u0995\u09bf\u0982 \u09a4\u09be\u09b0\u09bf\u0996: #Rider# <br/><br/> \u09a7\u09a8\u09cd\u09af\u09ac\u09be\u09a6! #MailFooter#</span>]"}, {"language": "JA", "subject": "\u624b\u52d5\u3067\u5272\u308a\u5f53\u3066\u3089\u308c\u305f\u30e9\u30a4\u30c9\u306e\u8a73\u7d30", "body": "[' ', <span><br/> #Rider# <br/><br/>\u3042\u306a\u305f\u306e\u30e9\u30a4\u30c9\u306f\u624b\u52d5\u3067#Driver#\u5272\u308a\u5f53\u3066\u3089\u308c\u3066\u3044\u307e\u3059\u3002\u826f\u3044\u65c5\u3092\uff01 <br/><br/>\u30d7\u30ed\u30d0\u30a4\u30c0\u540d\uff1a #Driver# <br/><br/>\u4e88\u7d04\u756a\u53f7\uff1a #BookingNo#\u4e88\u7d04\u756a\u53f7#BookingNo# <br/><br/>\u4e88\u7d04\u65e5\uff1a #Rider# <br/><br/>\u3042\u308a\u304c\u3068\u3046\u3054\u3056\u3044\u307e\u3059\u3002 #MailFooter#</span>]"}, {"language": "KO", "subject": "\uc218\ub3d9\uc73c\ub85c \uc9c0\uc815\ub41c \ub77c\uc774\ub4dc \uc138\ubd80 \uc815\ubcf4", "body": "[' ', <span><br/> \uce5c\uc560\ud558\ub294 #Rider# <br/><br/> \uadc0\ud558\uc758 \ub77c\uc774\ub4dc\uac00 #Driver# \uc5d0 \uc218\ub3d9\uc73c\ub85c \uc9c0\uc815\ub418\uc5c8\uc2b5\ub2c8\ub2e4. \uc88b\uc740 \uc5ec\ud589 \ub418\uc2ed\uc2dc\uc624! <br/><br/> \uacf5\uae09\uc790 \uc774\ub984 : #Driver# <br/><br/> \uc608\uc57d \ubc88\ud638 : #BookingNo# \uc608\uc57d \ubc88\ud638 #BookingNo# <br/><br/> \uc608\uc57d \ub0a0\uc9dc : #Rider# <br/><br/> \uac10\uc0ac! #MailFooter#</span>]"}, {"language": "YO", "subject": "Aw\u1ecdn alaye Ride Ti a S\u1ecd Fun \u1eccw\u1ecd p\u1eb9lu \u1ecdw\u1ecd", "body": "[' ', <span><br/> Eyin #Rider# , <br/><br/> Okun r\u1eb9 ti fi \u1ecdw\u1ecd k\u1ecd si #Driver# . Ni irin ajo to dara! <br/><br/> Olupese Olupese: #Driver# <br/><br/> Fowo si Ko si: #BookingNo# <br/><br/> \u1eccj\u1ecd Iwewewe: #Rider# <br/><br/> O \u1e63eun! #MailFooter#</span>]"}, {"language": "TR", "subject": "Elle Atanm\u0131\u015f Yolculuk Detaylar\u0131", "body": "[' ', <span><br/> Sevgili #Rider# , <br/><br/> Yolculu\u011funuz, manuel olarak #Driver# i\u00e7in atand\u0131. \u0130yi yolculuklar! <br/><br/> Sa\u011flay\u0131c\u0131 Ad\u0131: #Driver# <br/><br/> Rezervasyon No: #BookingNo# <br/><br/> Rezervasyon Tarihi: #Rider# <br/><br/> Te\u015fekk\u00fcrler! #MailFooter#</span>]"}, {"language": "RU", "subject": "\u0412\u0440\u0443\u0447\u043d\u0443\u044e \u043d\u0430\u0437\u043d\u0430\u0447\u0435\u043d\u043d\u044b\u0435 \u0434\u0435\u0442\u0430\u043b\u0438 \u043f\u043e\u0435\u0437\u0434\u043a\u0438", "body": "[' ', <span><br/> \u0423\u0432\u0430\u0436\u0430\u0435\u043c\u044b\u0439 #Rider# , <br/><br/> \u0412\u0430\u0448\u0430 \u043f\u043e\u0435\u0437\u0434\u043a\u0430 \u0431\u044b\u043b\u0430 \u0432\u0440\u0443\u0447\u043d\u0443\u044e \u043d\u0430\u0437\u043d\u0430\u0447\u0435\u043d\u0430 \u043d\u0430 #Driver# . \u0416\u0435\u043b\u0430\u044e \u0445\u043e\u0440\u043e\u0448\u0435\u0439 \u043f\u043e\u0435\u0437\u0434\u043a\u0438! <br/><br/> \u041d\u0430\u0437\u0432\u0430\u043d\u0438\u0435 \u043f\u0440\u043e\u0432\u0430\u0439\u0434\u0435\u0440\u0430: #Driver# <br/><br/> \u0411\u0440\u043e\u043d\u0438\u0440\u043e\u0432\u0430\u043d\u0438\u0435 \u2116: #BookingNo# <br/><br/> \u0414\u0430\u0442\u0430 \u0431\u0440\u043e\u043d\u0438\u0440\u043e\u0432\u0430\u043d\u0438\u044f: #Rider# <br/><br/> \u0421\u043f\u0430\u0441\u0438\u0431\u043e! #MailFooter#</span>]"}, {"language": "FA", "subject": "\u062c\u0632\u0626\u06cc\u0627\u062a \u0628\u0647 \u0635\u0648\u0631\u062a \u062f\u0633\u062a\u06cc \u062a\u0639\u06cc\u06cc\u0646 \u0634\u062f\u0647", "body": "[' ', <span><br/> \u0639\u0632\u06cc\u0632 #Rider# <br/><br/> \u0633\u0648\u0627\u0631\u06cc \u0634\u0645\u0627 \u0628\u0647 \u0635\u0648\u0631\u062a \u062f\u0633\u062a\u06cc \u0628\u0647 #Driver# \u0627\u062e\u062a\u0635\u0627\u0635 \u062f\u0627\u062f\u0647 \u0634\u062f\u0647 \u0627\u0633\u062a. \u0633\u0641\u0631 \u062e\u0648\u0628\u06cc \u062f\u0627\u0634\u062a\u0647 \u0628\u0627\u0634\u06cc! <br/><br/> \u0646\u0627\u0645 \u0627\u0631\u0627\u0626\u0647 \u062f\u0647\u0646\u062f\u0647: #Driver# <br/><br/> \u0631\u0632\u0631\u0648 \u0628\u062f\u0648\u0646: #BookingNo# \u0631\u0632\u0631\u0648No #BookingNo# <br/><br/> \u062a\u0627\u0631\u06cc\u062e \u0631\u0632\u0631\u0648: #Rider# <br/><br/> \u0628\u0627 \u062a\u0634\u06a9\u0631! #MailFooter#</span>]"}, {"language": "MY", "subject": "\u1000\u102d\u102f\u101a\u103a\u1010\u102d\u102f\u1004\u103a Assigned \u1005\u102e\u1038\u1014\u1004\u103a\u1021\u101e\u1031\u1038\u1005\u102d\u1010\u103a", "body": "[' ', <span><br/> \u1001\u103b\u1005\u103a\u1001\u1004\u103a\u101b\u1015\u102b\u101e\u1031\u102c #Rider# , <br/><br/> \u101e\u1004\u103a\u1037\u101b\u1032\u1037\u1005\u102e\u1038\u1014\u1004\u103a\u1000\u102d\u102f\u101a\u103a\u1010\u102d\u102f\u1004\u103a\u1019\u103e\u1010\u102c\u101d\u1014\u103a\u1015\u1031\u1038\u1021\u1015\u103a\u1011\u102c\u1038\u1015\u103c\u102e\u1038 #Driver# \u104b \u101c\u1019\u103a\u1038\u1001\u101b\u102e\u1038\u1016\u103c\u1031\u102c\u1004\u103a\u1037\u1016\u103c\u1030\u1038\u1015\u102b\u1005\u1031! <br/><br/> provider \u1021\u1019\u100a\u103a: #Driver# <br/><br/> \u1021\u1018\u101a\u103a\u101e\u1030\u1019\u103b\u103e\u1019 booking: #BookingNo# <br/><br/> \u1018\u103d\u1010\u103a\u1000\u1004\u103a\u1014\u1031\u1037\u1005\u103d\u1032: #Rider# <br/><br/> \u1000\u103b\u1031\u1038\u1007\u1030\u1038\u1010\u1004\u103a\u1015\u102b\u1010\u101a\u103a! #MailFooter#</span>]"}, {"language": "HI", "subject": "\u092e\u0948\u0928\u094d\u092f\u0941\u0905\u0932 \u0930\u0942\u092a \u0938\u0947 \u0905\u0938\u093e\u0907\u0928 \u0915\u093f\u092f\u093e \u0917\u092f\u093e \u0938\u0935\u093e\u0930\u0940 \u0935\u093f\u0935\u0930\u0923", "body": "[' ', <span><br/> \u092a\u094d\u0930\u093f\u092f #Rider# , <br/><br/> \u0906\u092a\u0915\u0940 \u0938\u0935\u093e\u0930\u0940 \u0915\u094b \u092e\u0948\u0928\u094d\u092f\u0941\u0905\u0932 \u0930\u0942\u092a \u0938\u0947 #Driver# \u0915\u094b \u0938\u094c\u0902\u092a\u093e \u0917\u092f\u093e \u0939\u0948\u0964 \u092f\u093e\u0924\u094d\u0930\u093e \u092e\u0902\u0917\u0932\u092e\u092f \u0939\u094b! <br/><br/> \u092a\u094d\u0930\u0926\u093e\u0924\u093e \u0915\u093e \u0928\u093e\u092e: #Driver# <br/><br/> \u092c\u0941\u0915\u093f\u0902\u0917 \u0928\u0902\u092c\u0930: #BookingNo# <br/><br/> \u092c\u0941\u0915\u093f\u0902\u0917 \u0915\u0940 \u0924\u093e\u0930\u0940\u0916: #Rider# <br/><br/> \u0927\u0928\u094d\u092f\u0935\u093e\u0926! #MailFooter#</span>]"}, {"language": "IW", "subject": "\u05e4\u05e8\u05d8\u05d9 \u05e0\u05e1\u05d9\u05e2\u05d4 \u05e9\u05d4\u05d5\u05e7\u05e6\u05d5 \u05d9\u05d3\u05e0\u05d9\u05ea", "body": "[' ', <span><br/> \u05d9\u05e7\u05e8 #Rider# , <br/><br/> \u05d4- Ride \u05e9\u05dc\u05da \u05d4\u05d5\u05e7\u05e6\u05d4 \u05d1\u05d0\u05d5\u05e4\u05df \u05d9\u05d3\u05e0\u05d9 \u05dc- #Driver# . \u05e9\u05ea\u05d4\u05d9\u05d4 \u05dc\u05da \u05e0\u05e1\u05d9\u05e2\u05d4 \u05e0\u05e2\u05d9\u05de\u05d4! <br/><br/> \u05e9\u05dd \u05e1\u05e4\u05e7: #Driver# <br/><br/> \u05de\u05e1\u05e4\u05e8 \u05d4\u05d4\u05d6\u05de\u05e0\u05d4: #BookingNo# <br/><br/> \u05ea\u05d0\u05e8\u05d9\u05da \u05d4\u05d4\u05d6\u05de\u05e0\u05d4: #Rider# <br/><br/> \u05ea\u05d5\u05d3\u05d4! #MailFooter#</span>]"}, {"language": "FR", "subject": "D\u00e9tails de conduite assign\u00e9s manuellement", "body": "[' ', <span><br/> Cher #Rider# , <br/><br/> Votre trajet a \u00e9t\u00e9 attribu\u00e9 manuellement \u00e0 #Driver# . Bon voyage! <br/><br/> Nom du fournisseur: #Driver# <br/><br/> #BookingNo# r\u00e9servation: #BookingNo# <br/><br/> Date de r\u00e9servation: #Rider# <br/><br/> Merci! #MailFooter#</span>]"}, {"language": "DA", "subject": "Manuelt tildelte ride detaljer", "body": "[' ', <span><br/> K\u00e6re #Rider# , <br/><br/> Din Ride er blevet tildelt manuelt til #Driver# . Hav en god tur! <br/><br/> Navn p\u00e5 leverand\u00f8r: #Driver# <br/><br/> Booking nr .: #BookingNo# <br/><br/> Booking Dato: #Rider# <br/><br/> Tak! #MailFooter#</span>]"}]}