{"purpose": "Notify admin for later booking cancel by driver", "templates": [{"language": "AF", "subject": "Geskeduleerde bespreking gekanselleer deur bestuurder", "body": "[' ', <b>Geagte Admin,</b>, ' ', <br/>, <br/>, ' Geskeduleerde bespreking is deur die verskaffer gekanselleer. Hieronder is die besonderhede. ', <br/>, <br/>, ' ', <b>Bespreking Nr # :</b>, ' #BookingNo# ', <br/>, <br/>, ' ', <b>Verskaffer Naam:</b>, ' #Driver# ', <br/>, <br/>, ' ', <b>Gebruikersnaam:</b>, ' #Rider# ', <br/>, <br/>, ' ', <b>Van Adres:</b>, ' #SourceAddress# ', <br/>, <br/>, ' ', <b>Om te adresseer:</b>, ' #DestinationAddress# ', <br/>, <br/>, ' ', <b>Boekingsdatum:</b>, ' #Rider# ', <br/>, <br/>, ' ', <b>Kansellasie Rede:</b>, ' #Driver# ', <br/>, <br/>, <br/>, ' ', <b>Dankie! #MailFooter#</b>]"}, {"language": "EN", "subject": "Scheduled booking cancelled by driver", "body": "[' ', <b>Dear Admin,</b>, <br/>, '\\n', <br/>, 'Scheduled booking has been cancelled by the provider. Below are the details.', <br/>, '\\n', <br/>, '\\n', <b>Booking No#:</b>, ' #BookingNo#', <br/>, '\\n', <br/>, '\\n', <b>Provider Name:</b>, ' #Driver#', <br/>, '\\n', <br/>, '\\n', <b>User Name:</b>, ' #Rider#', <br/>, '\\n', <br/>, '\\n', <b>From Address:</b>, ' #SourceAddress#', <br/>, '\\n', <br/>, '\\n', <b>To Address:</b>, ' #DestinationAddress#', <br/>, '\\n', <br/>, '\\n', <b>Booking Date:</b>, ' #Ddate#', <br/>, '\\n', <br/>, '\\n', <b>Cancellation Reason:</b>, ' #Reason#', <br/>, '\\n', <br/>, '\\n', <br/>, '\\n', <b> Thanks! #MailFooter#</b>]"}, {"language": "TH", "subject": "\u0e01\u0e33\u0e2b\u0e19\u0e14\u0e01\u0e32\u0e23\u0e08\u0e2d\u0e07\u0e16\u0e39\u0e01\u0e22\u0e01\u0e40\u0e25\u0e34\u0e01\u0e42\u0e14\u0e22\u0e04\u0e19\u0e02\u0e31\u0e1a", "body": "[' ', <b>\u0e40\u0e23\u0e35\u0e22\u0e19\u0e1c\u0e39\u0e49\u0e14\u0e39\u0e41\u0e25\u0e23\u0e30\u0e1a\u0e1a</b>, ' ', <br/>, <br/>, ' \u0e01\u0e32\u0e23\u0e08\u0e2d\u0e07\u0e15\u0e32\u0e21\u0e01\u0e33\u0e2b\u0e19\u0e14\u0e40\u0e27\u0e25\u0e32\u0e16\u0e39\u0e01\u0e22\u0e01\u0e40\u0e25\u0e34\u0e01\u0e42\u0e14\u0e22\u0e1c\u0e39\u0e49\u0e43\u0e2b\u0e49\u0e1a\u0e23\u0e34\u0e01\u0e32\u0e23 \u0e14\u0e49\u0e32\u0e19\u0e25\u0e48\u0e32\u0e07\u0e40\u0e1b\u0e47\u0e19\u0e23\u0e32\u0e22\u0e25\u0e30\u0e40\u0e2d\u0e35\u0e22\u0e14 ', <br/>, <br/>, ' ', <b>\u0e2b\u0e21\u0e32\u0e22\u0e40\u0e25\u0e02\u0e01\u0e32\u0e23\u0e08\u0e2d\u0e07 # :</b>, ' #BookingNo# ', <br/>, <br/>, ' ', <b>\u0e0a\u0e37\u0e48\u0e2d\u0e1c\u0e39\u0e49\u0e43\u0e2b\u0e49\u0e1a\u0e23\u0e34\u0e01\u0e32\u0e23:</b>, ' #Driver# ', <br/>, <br/>, ' ', <b>\u0e0a\u0e37\u0e48\u0e2d\u0e1c\u0e39\u0e49\u0e43\u0e0a\u0e49:</b>, ' #Rider# ', <br/>, <br/>, ' ', <b>\u0e08\u0e32\u0e01\u0e17\u0e35\u0e48\u0e2d\u0e22\u0e39\u0e48:</b>, ' #SourceAddress# ', <br/>, <br/>, ' ', <b>\u0e44\u0e1b\u0e22\u0e31\u0e07\u0e17\u0e35\u0e48\u0e2d\u0e22\u0e39\u0e48:</b>, ' #DestinationAddress# ', <br/>, <br/>, ' ', <b>\u0e27\u0e31\u0e19\u0e17\u0e35\u0e48\u0e08\u0e2d\u0e07:</b>, ' #Rider# ', <br/>, <br/>, ' ', <b>\u0e40\u0e2b\u0e15\u0e38\u0e1c\u0e25\u0e01\u0e32\u0e23\u0e22\u0e01\u0e40\u0e25\u0e34\u0e01:</b>, ' #Driver# ', <br/>, <br/>, <br/>, ' ', <b>\u0e02\u0e2d\u0e1a\u0e04\u0e38\u0e13! #MailFooter#</b>]"}, {"language": "ID", "subject": "Pemesanan terjadwal dibatalkan oleh pengemudi", "body": "[' ', <b>Admin yang terhormat,</b>, ' ', <br/>, <br/>, ' Pemesanan terjadwal telah dibatalkan oleh penyedia. Di bawah ini adalah detailnya. ', <br/>, <br/>, ' ', <b>Pemesanan No # :</b>, ' #BookingNo# ', <br/>, <br/>, ' ', <b>Nama Penyedia:</b>, ' #Driver# ', <br/>, <br/>, ' ', <b>Nama Pengguna:</b>, ' #Rider# ', <br/>, <br/>, ' ', <b>Dari Alamat:</b>, ' #SourceAddress# ', <br/>, <br/>, ' ', <b>Ke Alamat:</b>, ' #DestinationAddress# ', <br/>, <br/>, ' ', <b>Tanggal Pemesanan:</b>, ' #Rider# ', <br/>, <br/>, ' ', <b>Alasan Pembatalan:</b>, ' #Driver# ', <br/>, <br/>, <br/>, ' ', <b>Terima kasih! #MailFooter#</b>]"}, {"language": "DE", "subject": "Terminierte Buchung vom Fahrer storniert", "body": "[' ', <b>Sehr geehrter Admin,</b>, ' ', <br/>, <br/>, ' Die geplante Buchung wurde vom Anbieter storniert. Unten sind die Details. ', <br/>, <br/>, ' ', <b>Buchungsnummer # :</b>, ' #BookingNo# ', <br/>, <br/>, ' ', <b>Anbietername:</b>, ' #Driver# ', <br/>, <br/>, ' ', <b>Benutzername:</b>, ' #Rider# ', <br/>, <br/>, ' ', <b>Von der Adresse:</b>, ' #SourceAddress# ', <br/>, <br/>, ' ', <b>An Adresse:</b>, ' #DestinationAddress# ', <br/>, <br/>, ' ', <b>Buchungsdatum:</b>, ' #Rider# ', <br/>, <br/>, ' ', <b>Stornierungsgrund:</b>, ' #Driver# ', <br/>, <br/>, <br/>, ' ', <b>Vielen Dank! #MailFooter#</b>]"}, {"language": "ES", "subject": "Reserva programada cancelada por conductor", "body": "[' ', <b>Estimado administrador,</b>, ' ', <br/>, <br/>, ' La reserva programada ha sido cancelada por el proveedor. A continuaci\u00f3n se presentan los detalles. ', <br/>, <br/>, ' ', <b>Reservaci\u00f3n No # :</b>, ' #BookingNo# ', <br/>, <br/>, ' ', <b>Nombre del proveedor:</b>, ' #Driver# ', <br/>, <br/>, ' ', <b>Nombre de usuario:</b>, ' #Rider# ', <br/>, <br/>, ' ', <b>Desde Direcci\u00f3n:</b>, ' #SourceAddress# ', <br/>, <br/>, ' ', <b>Direcci\u00f3n:</b>, ' #DestinationAddress# ', <br/>, <br/>, ' ', <b>Fecha de reserva:</b>, ' #Rider# ', <br/>, <br/>, ' ', <b>Raz\u00f3n de cancelaci\u00f3n:</b>, ' #Driver# ', <br/>, <br/>, <br/>, ' ', <b>\u00a1Gracias! #MailFooter#</b>]"}, {"language": "IT", "subject": "Prenotazione programmata annullata dall'autista", "body": "[' ', <b>Caro amministratore,</b>, ' ', <br/>, <br/>, ' La prenotazione programmata \u00e8 stata cancellata dal fornitore. Di seguito sono i dettagli. ', <br/>, <br/>, ' ', <b>Prenotazione numero # :</b>, ' #BookingNo# ', <br/>, <br/>, ' ', <b>Nome provider:</b>, ' #Driver# ', <br/>, <br/>, ' ', <b>Nome utente:</b>, ' #Rider# ', <br/>, <br/>, ' ', <b>Dall'indirizzo:</b>, ' #SourceAddress# ', <br/>, <br/>, ' ', <b>Indirizzo:</b>, ' #DestinationAddress# ', <br/>, <br/>, ' ', <b>Data di prenotazione:</b>, ' #Rider# ', <br/>, <br/>, ' ', <b>Motivo della cancellazione:</b>, ' #Driver# ', <br/>, <br/>, <br/>, ' ', <b>Grazie! #MailFooter#</b>]"}, {"language": "AR", "subject": "\u062a\u0645 \u0625\u0644\u063a\u0627\u0621 \u0627\u0644\u062d\u062c\u0632 \u0627\u0644\u0645\u0642\u0631\u0631 \u0645\u0646 \u0642\u0628\u0644 \u0627\u0644\u0633\u0627\u0626\u0642", "body": "[' ', <b>\u0639\u0632\u064a\u0632\u064a \u0627\u0644\u0645\u0634\u0631\u0641 \u060c</b>, ' ', <br/>, <br/>, ' \u062a\u0645 \u0625\u0644\u063a\u0627\u0621 \u0627\u0644\u062d\u062c\u0632 \u0627\u0644\u0645\u062c\u062f\u0648\u0644 \u0645\u0646 \u0642\u0628\u0644 \u0627\u0644\u0645\u0632\u0648\u062f. \u0623\u062f\u0646\u0627\u0647 \u0647\u064a \u0627\u0644\u062a\u0641\u0627\u0635\u064a\u0644. ', <br/>, <br/>, ' ', <b>\u0627\u0644\u062d\u062c\u0632 \u0631\u0642\u0645 # :</b>, ' #BookingNo# ', <br/>, <br/>, ' ', <b>\u0627\u0633\u0645 \u0627\u0644\u0645\u0632\u0648\u062f:</b>, ' #Driver# ', <br/>, <br/>, ' ', <b>\u0627\u0633\u0645 \u0627\u0644\u0645\u0633\u062a\u062e\u062f\u0645:</b>, ' #Rider# ', <br/>, <br/>, ' ', <b>\u0645\u0646 \u0627\u0644\u0639\u0646\u0648\u0627\u0646:</b>, ' #SourceAddress# ', <br/>, <br/>, ' ', <b>\u0625\u0644\u0649 \u0627\u0644\u0639\u0646\u0648\u0627\u0646:</b>, ' #DestinationAddress# ', <br/>, <br/>, ' ', <b>\u062a\u0627\u0631\u064a\u062e \u0627\u0644\u062d\u062c\u0632:</b>, ' #Rider# ', <br/>, <br/>, ' ', <b>\u0633\u0628\u0628 \u0627\u0644\u0625\u0644\u063a\u0627\u0621:</b>, ' #Driver# ', <br/>, <br/>, <br/>, ' ', <b>\u0634\u0643\u0631! #MailFooter#</b>]"}, {"language": "UR", "subject": "\u0634\u06cc\u0688\u0648\u0644 \u0628\u06a9\u0646\u06af \u0688\u0631\u0627\u0626\u06cc\u0648\u0631 \u0646\u06d2 \u0645\u0646\u0633\u0648\u062e \u06a9\u0631\u062f\u06cc\u0627", "body": "[' ', <b>\u0639\u0632\u06cc\u0632 \u0627\u06cc\u0688\u0645\u0646\u060c</b>, ' ', <br/>, <br/>, ' \u0634\u06cc\u0688\u0648\u0644 \u0628\u06a9\u0646\u06af \u0641\u0631\u0627\u06c1\u0645 \u06a9\u0631\u0646\u06d2 \u0648\u0627\u0644\u06d2 \u06a9\u0648 \u0645\u0646\u0633\u0648\u062e \u06a9\u0631 \u062f\u06cc\u0627 \u06af\u06cc\u0627 \u06c1\u06d2. \u0630\u06cc\u0644 \u0645\u06cc\u06ba \u062a\u0641\u0635\u06cc\u0644\u0627\u062a \u06c1\u06cc\u06ba. ', <br/>, <br/>, ' ', <b>\u0628\u06a9\u0646\u06af \u0646\u0645\u0628\u0631 # :</b>, ' #BookingNo# ', <b>\u0628\u06a9\u0646\u06af \u0646\u06c1\u06cc\u06ba</b>, ' #BookingNo# ', <br/>, <br/>, ' ', <b>\u0641\u0631\u0627\u06c1\u0645 \u06a9\u0646\u0646\u062f\u06c1 \u06a9\u0627 \u0646\u0627\u0645:</b>, ' #Driver# ', <br/>, <br/>, ' ', <b>\u0635\u0627\u0631\u0641 \u06a9\u0627 \u0646\u0627\u0645:</b>, ' #Rider# ', <br/>, <br/>, ' ', <b>\u0627\u06cc\u0688\u0631\u06cc\u0633 \u0633\u06d2:</b>, ' #SourceAddress# ', <br/>, <br/>, ' ', <b>\u0627\u06cc\u0688\u0631\u06cc\u0633 \u06a9\u0631\u0646\u06d2 \u06a9\u06d2 \u0644\u0626\u06d2:</b>, ' #DestinationAddress# ', <b>\u067e\u062a\u06c1</b>, ' #DestinationAddress# ', <br/>, <br/>, ' ', <b>\u0628\u06a9\u0646\u06af \u06a9\u06cc \u062a\u0627\u0631\u06cc\u062e:</b>, ' #Rider# ', <br/>, <br/>, ' ', <b>\u0645\u0646\u0633\u0648\u062e\u06cc \u06a9\u06cc \u0648\u062c\u06c1:</b>, ' #Driver# ', <br/>, <br/>, <br/>, ' ', <b>\u0634\u06a9\u0631\u06cc\u06c1! #MailFooter#</b>]"}, {"language": "AZ", "subject": "Planla\u015fd\u0131r\u0131lan sifari\u015f s\u00fcr\u00fcc\u00fc t\u0259r\u0259find\u0259n l\u0259\u011fv olundu", "body": "[' ', <b>\u018fziz Admin,</b>, ' ', <br/>, <br/>, ' Planla\u015fd\u0131rma sifari\u015f provayder t\u0259r\u0259find\u0259n l\u0259\u011fv edildi. A\u015fa\u011f\u0131dak\u0131 m\u0259lumatlar. ', <br/>, <br/>, ' ', <b>Rezervasyon No # :</b>, ' #BookingNo# ', <b>RezervasyonNo</b>, ' #BookingNo# ', <br/>, <br/>, ' ', <b>T\u0259chizat\u00e7\u0131 Ad\u0131:</b>, ' #Driver# ', <br/>, <br/>, ' ', <b>\u0130stifad\u0259\u00e7i ad\u0131:</b>, ' #Rider# ', <br/>, <br/>, ' ', <b>\u00dcnvan:</b>, ' #SourceAddress# ', <br/>, <br/>, ' ', <b>\u00dcnvan:</b>, ' #DestinationAddress# ', <br/>, <br/>, ' ', <b>Rezervasyon tarixi:</b>, ' #Rider# ', <br/>, <br/>, ' ', <b>L\u0259\u011fv etm\u0259 s\u0259b\u0259bi:</b>, ' #Driver# ', <br/>, <br/>, <br/>, ' ', <b>T\u0259\u015f\u0259kk\u00fcr edirik! #MailFooter#</b>]"}, {"language": "ZH", "subject": "\u9884\u5b9a\u7684\u9884\u8ba2\u7531\u53f8\u673a\u53d6\u6d88", "body": "[' ', <b>\u4eb2\u7231\u7684\u7ba1\u7406\u5458\uff0c</b>, ' ', <br/>, <br/>, '\u9884\u5b9a\u7684\u9884\u8ba2\u5df2\u88ab\u63d0\u4f9b\u5546\u53d6\u6d88\u3002\u4ee5\u4e0b\u662f\u8be6\u7ec6\u4fe1\u606f\u3002 ', <br/>, <br/>, ' ', <b>\u9884\u8ba2\u5426# \uff1a</b>, ' #BookingNo# ', <br/>, <br/>, ' ', <b>\u63d0\u4f9b\u5546\u540d\u79f0\uff1a</b>, ' #Driver# ', <br/>, <br/>, ' ', <b>\u7528\u6237\u540d\uff1a</b>, ' #Rider# ', <br/>, <br/>, ' ', <b>\u6765\u81ea\u5730\u5740\uff1a</b>, ' #SourceAddress# ', <br/>, <br/>, ' ', <b>\u5730\u5740\uff1a</b>, ' #DestinationAddress# ', <br/>, <br/>, ' ', <b>\u9884\u8ba2\u65e5\u671f\uff1a</b>, ' #Rider# ', <br/>, <br/>, ' ', <b>\u53d6\u6d88\u539f\u56e0\uff1a</b>, ' #Driver# ', <br/>, <br/>, <br/>, ' ', <b>\u8c22\u8c22\uff01 #MailFooter#</b>]"}, {"language": "PT", "subject": "Reserva agendada cancelada pelo motorista", "body": "[' ', <b>Caro Admin,</b>, ' ', <br/>, <br/>, ' A reserva agendada foi cancelada pelo provedor. Abaixo est\u00e3o os detalhes. ', <br/>, <br/>, ' ', <b>Reservas # :</b>, ' #BookingNo# ', <br/>, <br/>, ' ', <b>Nome do provedor:</b>, ' #Driver# ', <br/>, <br/>, ' ', <b>Nome de usu\u00e1rio:</b>, ' #Rider# ', <br/>, <br/>, ' ', <b>Do endere\u00e7o:</b>, ' #SourceAddress# ', <br/>, <br/>, ' ', <b>Para endere\u00e7o:</b>, ' #DestinationAddress# ', <br/>, <br/>, ' ', <b>Data de reserva:</b>, ' #Rider# ', <br/>, <br/>, ' ', <b>Motivo do cancelamento:</b>, ' #Driver# ', <br/>, <br/>, <br/>, ' ', <b>Obrigado! #MailFooter#</b>]"}, {"language": "ZU", "subject": "Ukubhuka okuhleliwe kukhanseliwe ngumshayeli", "body": "[' ', <b>Ukuphatha Okuthandekayo,</b>, ' ', <br/>, <br/>, ' Ukubhuka okuhleliwe kukhanseliwe ngumhlinzeki. Ngezansi kukhona imininingwane. ', <br/>, <br/>, ' ', <b>Ukubhuka Akukho # :</b>, ' #BookingNo# ', <br/>, <br/>, ' ', <b>Igama lomhlinzeki:</b>, ' #Driver# ', <br/>, <br/>, ' ', <b>Igama lomsebenzisi:</b>, ' #Rider# ', <br/>, <br/>, ' ', <b>Kusuka ku-Ikheli:</b>, ' #SourceAddress# ', <br/>, <br/>, ' ', <b>Ukuze Uvakashele:</b>, ' #DestinationAddress# ', <br/>, <br/>, ' ', <b>Usuku Lokubhuka:</b>, ' #Rider# ', <br/>, <br/>, ' ', <b>Ukukhansela Isizathu:</b>, ' #Driver# ', <br/>, <br/>, <br/>, ' ', <b>Siyabonga! #MailFooter#</b>]"}, {"language": "SW", "subject": "Uhifadhi uliopangwa kufanyika kufutwa na dereva", "body": "[' ', <b>Wapenzi Admin,</b>, ' ', <br/>, <br/>, ' Uhifadhi uliopangwa umefutwa na mtoa huduma. Chini ni maelezo. ', <br/>, <br/>, ' ', <b>Uhifadhi # :</b>, ' #BookingNo# ', <b>Uhifadhi</b>, ' #BookingNo# ', <br/>, <br/>, ' ', <b>Jina la Mtoa huduma:</b>, ' #Driver# ', <br/>, <br/>, ' ', <b>Jina la mtumiaji:</b>, ' #Rider# ', <br/>, <br/>, ' ', <b>Kutoka kwenye Anwani:</b>, ' #SourceAddress# ', <br/>, <br/>, ' ', <b>Ili Kukabiliana na:</b>, ' #DestinationAddress# ', <br/>, <br/>, ' ', <b>Tarehe ya Marejeo:</b>, ' #Rider# ', <br/>, <br/>, ' ', <b>Sababu ya kufuta:</b>, ' #Driver# ', <br/>, <br/>, <br/>, ' ', <b>Asante! #MailFooter#</b>]"}, {"language": "KU", "subject": "Vebij\u00earandin\u00ea ji h\u00eala ajotin\u00ea ve hate qedexekirin", "body": "[' ', <b>Bir\u00eaz Bir\u00eaz Bir\u00eaz</b>, ' ', <br/>, <br/>, ' Vebij\u00earandin\u00ea ve\u015fart\u00ee ji aliy\u00ea p\u00ea\u015fk\u00ea\u015fkar\u00ea ve hat qedexe kirin. Li j\u00ear agahdar\u00ee hene. ', <br/>, <br/>, ' ', <b>Booking No. # :</b>, ' #BookingNo# ', <br/>, <br/>, ' ', <b>Provider Nav\u00ea:</b>, ' #Driver# ', <br/>, <br/>, ' ', <b>Nav\u00ea bikarh\u00eaner:</b>, ' #Rider# ', <br/>, <br/>, ' ', <b>Ji Navn\u00ee\u015fan\u00ea:</b>, ' #SourceAddress# ', <br/>, <br/>, ' ', <b>Navn\u00ee\u015fan:</b>, ' #DestinationAddress# ', <br/>, <br/>, ' ', <b>Booking Date:</b>, ' #Rider# ', <br/>, <br/>, ' ', <b>Reason:</b>, ' #Driver# ', <br/>, <br/>, <br/>, ' ', <b>Spas! #MailFooter#</b>]"}, {"language": "MS", "subject": "Tempahan terjadual dibatalkan oleh pemandu", "body": "[' ', <b>Pengurus yang dihormati,</b>, ' ', <br/>, <br/>, ' Tempahan yang dijadualkan telah dibatalkan oleh pembekal. Berikut adalah butirannya. ', <br/>, <br/>, ' ', <b>Tempahan No # :</b>, ' #BookingNo# ', <br/>, <br/>, ' ', <b>Nama Penyedia:</b>, ' #Driver# ', <br/>, <br/>, ' ', <b>Nama Pengguna:</b>, ' #Rider# ', <br/>, <br/>, ' ', <b>Daripada Alamat:</b>, ' #SourceAddress# ', <br/>, <br/>, ' ', <b>Untuk Alamat:</b>, ' #DestinationAddress# ', <br/>, <br/>, ' ', <b>Tarikh Tempahan:</b>, ' #Rider# ', <br/>, <br/>, ' ', <b>Alasan Pembatalan:</b>, ' #Driver# ', <br/>, <br/>, <br/>, ' ', <b>Terima kasih! #MailFooter#</b>]"}, {"language": "SI", "subject": "\u0dbb\u0dd2\u0dba\u0dd0\u0daf\u0dd4\u0dbb\u0dd4 \u0dc0\u0dd2\u0dc3\u0dd2\u0db1\u0dca \u0d85\u0dc0\u0dbd\u0d82\u0d9c\u0dd4 \u0d9a\u0dbb\u0db1 \u0dbd\u0daf \u0dc0\u0dd9\u0db1\u0dca\u0d9a\u0dbb \u0d9c\u0dad \u0dc4\u0dd0\u0d9a\u0dd2 \u0dc0\u0dd9\u0db1\u0dca \u0d9a\u0dd2\u0dbb\u0dd3\u0db8", "body": "[' ', <b>\u0dc4\u0dd2\u0dad\u0dc0\u0dad\u0dca \u0db4\u0dbb\u0dd2\u0db4\u0dcf\u0dbd\u0d9a,</b>, ' ', <br/>, <br/>, ' \u0d8b\u0db4\u0dbd\u0dda\u0d9b\u0db1\u0d9c\u0dad \u0dc0\u0dd9\u0db1\u0dca \u0d9a\u0dd2\u0dbb\u0dd3\u0db8\u0dca \u0dc3\u0dd0\u0db4\u0dba\u0dd4\u0db8\u0dca\u0d9a\u0dbb\u0dd4 \u0dc0\u0dd2\u0dc3\u0dd2\u0db1\u0dca \u0d85\u0dc0\u0dbd\u0d82\u0d9c\u0dd4 \u0d9a\u0dbb \u0d87\u0dad. \u0dc0\u0dd2\u0dc3\u0dca\u0dad\u0dbb \u0db4\u0dc4\u0dad \u0daf\u0dd0\u0d9a\u0dca\u0dc0\u0dda. ', <br/>, <br/>, ' ', <b>\u0d85\u0d82\u0d9a \u0db1\u0dd0\u0dad # :</b>, ' #BookingNo# ', <br/>, <br/>, ' ', <b>\u0dc3\u0dd0\u0db4\u0dba\u0dd4\u0db8\u0dca\u0d9a\u0dbb\u0dd4 \u0db1\u0db8:</b>, ' #Driver# ', <br/>, <br/>, ' ', <b>\u0db4\u0dbb\u0dd2\u0dc1\u0dd3\u0dbd\u0d9a \u0db1\u0dcf\u0db8\u0dba:</b>, ' #Rider# ', <br/>, <br/>, ' ', <b>\u0dbd\u0dd2\u0db4\u0dd2\u0db1\u0dba:</b>, ' #SourceAddress# ', <br/>, <br/>, ' ', <b>\u0dd9\u0db8\u0dbb\u0da7 \u0dbd\u0dd2\u0db4\u0dd2\u0db1\u0dba \u0d9a\u0dd2\u0dbb\u0dd3\u0db8 \u0dc3\u0db3\u0dc4\u0dcf:</b>, ' #DestinationAddress# ', <br/>, <br/>, ' ', <b>\u0dc0\u0dd9\u0db1\u0dca \u0dc0\u0dd9\u0db1\u0dca \u0daf\u0dd2\u0db1\u0dba:</b>, ' #Rider# ', <br/>, <br/>, ' ', <b>\u0d85\u0dc0\u0dbd\u0d82\u0d9c\u0dd4 \u0d9a\u0dd2\u0dbb\u0dd3\u0db8 \u0dc4\u0dda\u0dad\u0dd4\u0dc0:</b>, ' #Driver# ', <br/>, <br/>, <br/>, ' ', <b>\u0dc3\u0dca\u0dad\u0dd6\u0dad\u0dd2\u0dba\u0dd2! #MailFooter#</b>]"}, {"language": "TA", "subject": "\u0ba4\u0bbf\u0b9f\u0bcd\u0b9f\u0bae\u0bbf\u0b9f\u0baa\u0bcd\u0baa\u0b9f\u0bcd\u0b9f \u0bae\u0bc1\u0ba9\u0bcd\u0baa\u0ba4\u0bbf\u0bb5\u0bc1 \u0b87\u0baf\u0b95\u0bcd\u0b95\u0bbf \u0bae\u0bc2\u0bb2\u0bae\u0bcd \u0bb0\u0ba4\u0bcd\u0ba4\u0bc1 \u0b9a\u0bc6\u0baf\u0bcd\u0baf\u0baa\u0bcd\u0baa\u0b9f\u0bcd\u0b9f\u0ba4\u0bc1", "body": "[' ', <b>\u0b85\u0ba9\u0bcd\u0baa\u0bc1\u0bb3\u0bcd\u0bb3 \u0ba8\u0bbf\u0bb0\u0bcd\u0bb5\u0bbe\u0b95\u0bae\u0bcd,</b>, ' ', <br/>, <br/>, ' \u0ba4\u0bbf\u0b9f\u0bcd\u0b9f\u0bae\u0bbf\u0b9f\u0baa\u0bcd\u0baa\u0b9f\u0bcd\u0b9f \u0baa\u0bc1\u0b95\u0bcd\u0b95\u0bbf\u0b99\u0bcd \u0bb5\u0bb4\u0b99\u0bcd\u0b95\u0bc1\u0ba8\u0bb0\u0bbe\u0bb2\u0bcd \u0bb0\u0ba4\u0bcd\u0ba4\u0bc1 \u0b9a\u0bc6\u0baf\u0bcd\u0baf\u0baa\u0bcd\u0baa\u0b9f\u0bcd\u0b9f\u0ba4\u0bc1. \u0bb5\u0bbf\u0bb5\u0bb0\u0b99\u0bcd\u0b95\u0bb3\u0bcd \u0b95\u0bc0\u0bb4\u0bc7 \u0b89\u0bb3\u0bcd\u0bb3\u0ba9. ', <br/>, <br/>, ' ', <b>\u0bae\u0bc1\u0ba9\u0bcd\u0baa\u0ba4\u0bbf\u0bb5\u0bc1 \u0b87\u0bb2\u0bcd\u0bb2\u0bc8 # :</b>, ' #BookingNo# ', <br/>, <br/>, ' ', <b>\u0bb5\u0bb4\u0b99\u0bcd\u0b95\u0bc1\u0baa\u0bb5\u0bb0\u0bcd \u0baa\u0bc6\u0baf\u0bb0\u0bcd:</b>, ' #Driver# ', <br/>, <br/>, ' ', <b>\u0baa\u0baf\u0ba9\u0bb0\u0bcd \u0baa\u0bc6\u0baf\u0bb0\u0bcd:</b>, ' #Rider# ', <br/>, <br/>, ' ', <b>\u0bae\u0bc1\u0b95\u0bb5\u0bb0\u0bbf:</b>, ' #SourceAddress# ', <br/>, <br/>, ' ', <b>\u0bae\u0bc1\u0b95\u0bb5\u0bb0\u0bbf:</b>, ' #DestinationAddress# ', <br/>, <br/>, ' ', <b>\u0bae\u0bc1\u0ba9\u0bcd\u0baa\u0ba4\u0bbf\u0bb5\u0bc1 \u0ba4\u0bc7\u0ba4\u0bbf:</b>, ' #Rider# ', <br/>, <br/>, ' ', <b>\u0bb0\u0ba4\u0bcd\u0ba4\u0bc1 \u0b95\u0bbe\u0bb0\u0ba3\u0bae\u0bcd:</b>, ' #Driver# ', <br/>, <br/>, <br/>, ' ', <b>\u0ba8\u0ba9\u0bcd\u0bb1\u0bbf! #MailFooter#</b>]"}, {"language": "VI", "subject": "L\u1ecbch tr\u00ecnh \u0111\u1eb7t ph\u00f2ng b\u1ecb h\u1ee7y b\u1edfi l\u00e1i xe", "body": "[' ', <b>K\u00ednh g\u1eedi qu\u1ea3n tr\u1ecb vi\u00ean</b>, ' ', <br/>, <br/>, ' \u0110\u1eb7t ph\u00f2ng theo l\u1ecbch tr\u00ecnh \u0111\u00e3 b\u1ecb h\u1ee7y b\u1edfi nh\u00e0 cung c\u1ea5p. D\u01b0\u1edbi \u0111\u00e2y l\u00e0 c\u00e1c chi ti\u1ebft. ', <br/>, <br/>, ' ', <b>\u0110\u1eb7t ph\u00f2ng s\u1ed1 # :</b>, ' #BookingNo# ', <b>\u0110\u1eb7t ph\u00f2ng</b>, ' #BookingNo# ', <br/>, <br/>, ' ', <b>T\u00ean nh\u00e0 cung c\u1ea5p:</b>, ' #Driver# ', <br/>, <br/>, ' ', <b>T\u00ean ng\u01b0\u1eddi d\u00f9ng:</b>, ' #Rider# ', <br/>, <br/>, ' ', <b>T\u1eeb \u0111\u1ecba ch\u1ec9:</b>, ' #SourceAddress# ', <br/>, <br/>, ' ', <b>\u0110\u1ebfn \u0111\u1ecba ch\u1ec9:</b>, ' #DestinationAddress# ', <br/>, <br/>, ' ', <b>Ng\u00e0y \u0111\u1eb7t ph\u00f2ng:</b>, ' #Rider# ', <br/>, <br/>, ' ', <b>L\u00fd do h\u1ee7y:</b>, ' #Driver# ', <br/>, <br/>, <br/>, ' ', <b>C\u1ea3m \u01a1n! #MailFooter#</b>]"}, {"language": "TL", "subject": "Nakansela ang naka-iskedyul na booking sa pamamagitan ng driver", "body": "[' ', <b>Mahal na Admin,</b>, ' ', <br/>, <br/>, ' Nakansela ang naka-iskedyul na pagpapareserba ng provider. Nasa ibaba ang mga detalye. ', <br/>, <br/>, ' ', <b>Booking No # :</b>, ' #BookingNo# ', <br/>, <br/>, ' ', <b>Pangalan ng tagapagbigay:</b>, ' #Driver# ', <br/>, <br/>, ' ', <b>Pangalan ng User:</b>, ' #Rider# ', <br/>, <br/>, ' ', <b>Mula sa Address:</b>, ' #SourceAddress# ', <br/>, <br/>, ' ', <b>Upang Address:</b>, ' #DestinationAddress# ', <br/>, <br/>, ' ', <b>Petsa ng Pag-book:</b>, ' #Rider# ', <br/>, <br/>, ' ', <b>Dahilan sa Pagkansela:</b>, ' #Driver# ', <br/>, <br/>, <br/>, ' ', <b>Salamat! #MailFooter#</b>]"}, {"language": "KM", "subject": "\u178f\u17b6\u179a\u17b6\u1784\u178a\u17c2\u179b\u1794\u17b6\u1793\u1780\u17c6\u178e\u178f\u17cb\u1796\u17c1\u179b\u178f\u17d2\u179a\u17bc\u179c\u1794\u17b6\u1793\u179b\u17bb\u1794\u1785\u17c4\u179b\u178a\u17c4\u1799\u17a2\u17d2\u1793\u1780\u1794\u17be\u1780\u1794\u179a", "body": "[' ', <b>\u179f\u17bc\u1798\u1782\u17c4\u179a\u1796\u179a\u178a\u17d2\u178b\u1794\u17b6\u179b,</b>, ' ', <br/>, <br/>, ' \u1780\u17b6\u179a\u1780\u1780\u17cb\u178f\u17b6\u1798\u1780\u17b6\u179b\u179c\u17b7\u1797\u17b6\u1782\u178f\u17d2\u179a\u17bc\u179c\u1794\u17b6\u1793\u179b\u17bb\u1794\u1785\u17c4\u179b\u178a\u17c4\u1799\u17a2\u17d2\u1793\u1780\u1795\u17d2\u178f\u179b\u17cb\u179f\u17c1\u179c\u17b6\u1780\u1798\u17d2\u1798\u17d4 \u1781\u17b6\u1784\u1780\u17d2\u179a\u17c4\u1798\u1793\u17c1\u17c7\u1782\u17ba\u1787\u17b6\u1796\u17d0\u178f\u17cc\u1798\u17b6\u1793\u179b\u1798\u17d2\u17a2\u17b7\u178f\u17d4 ', <br/>, <br/>, ' ', <b>\u1780\u1780\u17cb\u179b\u17c1\u1781 # :</b>, ' #BookingNo# ', <br/>, <br/>, ' ', <b>\u1788\u17d2\u1798\u17c4\u17c7\u1780\u17d2\u179a\u17bb\u1798\u17a0\u17ca\u17bb\u1793\u1795\u17d2\u178a\u179b\u17cb:</b>, ' #Driver# ', <br/>, <br/>, ' ', <b>\u1788\u17d2\u1798\u17c4\u17c7\u17a2\u17d2\u1793\u1780\u1794\u17d2\u179a\u17be:</b>, ' #Rider# ', <br/>, <br/>, ' ', <b>\u1796\u17b8\u17a2\u17b6\u179f\u17d0\u1799\u178a\u17d2\u178b\u17b6\u1793:</b>, ' #SourceAddress# ', <br/>, <br/>, ' ', <b>\u1791\u17c5\u1780\u17b6\u1793\u17cb\u17a2\u17b6\u179f\u17d0\u1799\u178a\u17d2\u178b\u17b6\u1793:</b>, ' #DestinationAddress# ', <br/>, <br/>, ' ', <b>\u1780\u17b6\u179b\u1794\u179a\u17b7\u1785\u17d2\u1786\u17c1\u1791\u1780\u1780\u17cb:</b>, ' #Rider# ', <br/>, <br/>, ' ', <b>\u1798\u17bc\u179b\u17a0\u17c1\u178f\u17bb\u1793\u17c3\u1780\u17b6\u179a\u179b\u17bb\u1794\u1785\u17c4\u179b:</b>, ' #Driver# ', <br/>, <br/>, <br/>, ' ', <b>\u179f\u17bc\u1798\u17a2\u179a\u1782\u17bb\u178e! #MailFooter#</b>]"}, {"language": "BN", "subject": "\u09a8\u09bf\u09b0\u09cd\u09a7\u09be\u09b0\u09bf\u09a4 \u09ac\u09c1\u0995\u09bf\u0982 \u09a1\u09cd\u09b0\u09be\u0987\u09ad\u09be\u09b0 \u09a6\u09cd\u09ac\u09be\u09b0\u09be \u09ac\u09be\u09a4\u09bf\u09b2", "body": "[' ', <b>\u09aa\u09cd\u09b0\u09bf\u09af\u09bc \u0985\u09cd\u09af\u09be\u09a1\u09ae\u09bf\u09a8,</b>, ' ', <br/>, <br/>, ' \u09a8\u09bf\u09b0\u09cd\u09a7\u09be\u09b0\u09bf\u09a4 \u09ac\u09c1\u0995\u09bf\u0982 \u09aa\u09cd\u09b0\u09a6\u09be\u09a8\u0995\u09be\u09b0\u09c0 \u0995\u09b0\u09cd\u09a4\u09c3\u0995 \u09ac\u09be\u09a4\u09bf\u09b2 \u0995\u09b0\u09be \u09b9\u09af\u09bc\u09c7\u099b\u09c7\u0964 \u09a8\u09c0\u099a\u09c7 \u09ac\u09bf\u09b8\u09cd\u09a4\u09be\u09b0\u09bf\u09a4 \u0986\u099b\u09c7\u0964 ', <br/>, <br/>, ' ', <b>\u09ac\u09c1\u0995\u09bf\u0982 \u09a8\u0982 # :</b>, ' #BookingNo# ', <b>\u09ac\u09c1\u0995\u09bf\u0982 \u09a8\u09c7\u0987</b>, ' #BookingNo# ', <br/>, <br/>, ' ', <b>\u09b8\u09b0\u09ac\u09b0\u09be\u09b9\u0995\u09be\u09b0\u09c0 \u09a8\u09be\u09ae:</b>, ' #Driver# ', <br/>, <br/>, ' ', <b>\u09ac\u09cd\u09af\u09ac\u09b9\u09be\u09b0\u0995\u09be\u09b0\u09c0 \u09a8\u09be\u09ae:</b>, ' #Rider# ', <br/>, <br/>, ' ', <b>\u09a0\u09bf\u0995\u09be\u09a8\u09be \u09a5\u09c7\u0995\u09c7:</b>, ' #SourceAddress# ', <br/>, <br/>, ' ', <b>\u09a0\u09bf\u0995\u09be\u09a8\u09be:</b>, ' #DestinationAddress# ', <b>\u09a0\u09bf\u0995\u09be\u09a8\u09be</b>, ' #DestinationAddress# ', <br/>, <br/>, ' ', <b>\u09ac\u09c1\u0995\u09bf\u0982 \u09a4\u09be\u09b0\u09bf\u0996:</b>, ' #Rider# ', <br/>, <br/>, ' ', <b>\u09ac\u09be\u09a4\u09bf\u09b2\u0995\u09b0\u09a3 \u0995\u09be\u09b0\u09a3:</b>, ' #Driver# ', <br/>, <br/>, <br/>, ' ', <b>\u09a7\u09a8\u09cd\u09af\u09ac\u09be\u09a6! #MailFooter#</b>]"}, {"language": "JA", "subject": "\u904b\u8ee2\u624b\u306b\u3088\u308b\u4e88\u7d04\u30ad\u30e3\u30f3\u30bb\u30eb", "body": "[' ', <b>\u7ba1\u7406\u8005\u5404\u4f4d</b>, ' ', <br/>, <br/>, '\u30b9\u30b1\u30b8\u30e5\u30fc\u30eb\u3055\u308c\u305f\u4e88\u7d04\u306f\u30d7\u30ed\u30d0\u30a4\u30c0\u306b\u3088\u3063\u3066\u30ad\u30e3\u30f3\u30bb\u30eb\u3055\u308c\u307e\u3057\u305f\u3002\u8a73\u7d30\u306f\u4ee5\u4e0b\u306e\u901a\u308a\u3067\u3059\u3002 ', <br/>, <br/>, ' ', <b>\u4e88\u7d04\u756a\u53f7# \uff1a</b>, ' #BookingNo# ', <b>\u4e88\u7d04\u756a\u53f7</b>, ' #BookingNo# ', <br/>, <br/>, ' ', <b>\u30d7\u30ed\u30d0\u30a4\u30c0\u540d\uff1a</b>, ' #Driver# ', <br/>, <br/>, ' ', <b>\u30e6\u30fc\u30b6\u30fc\u540d\uff1a</b>, ' #Rider# ', <br/>, <br/>, ' ', <b>\u5dee\u51fa\u4eba\u30a2\u30c9\u30ec\u30b9\uff1a</b>, ' #SourceAddress# ', <br/>, <br/>, ' ', <b>\u5b9b\u5148\u30a2\u30c9\u30ec\u30b9\uff1a</b>, ' #DestinationAddress# ', <br/>, <br/>, ' ', <b>\u4e88\u7d04\u65e5\uff1a</b>, ' #Rider# ', <br/>, <br/>, ' ', <b>\u30ad\u30e3\u30f3\u30bb\u30eb\u7406\u7531\uff1a</b>, ' #Driver# ', <br/>, <br/>, <br/>, ' ', <b>\u3042\u308a\u304c\u3068\u3046\u3054\u3056\u3044\u307e\u3059\u3002 #MailFooter#</b>]"}, {"language": "KO", "subject": "\uc6b4\uc804\uc0ac\uac00 \uc608\uc815\ub41c \uc608\uc57d \ucde8\uc18c", "body": "[' ', <b>\uad00\ub9ac\uc790\ub2d8\uaed8,</b>, ' ', <br/>, <br/>, ' \uc608\uc57d \ub41c \uc608\uc57d\uc774 \uacf5\uae09\uc790\uc5d0 \uc758\ud574 \ucde8\uc18c\ub418\uc5c8\uc2b5\ub2c8\ub2e4. \ub2e4\uc74c\uc740 \uc138\ubd80 \uc0ac\ud56d\uc785\ub2c8\ub2e4. ', <br/>, <br/>, ' ', <b>\uc608\uc57d \ubc88\ud638 # :</b>, ' #BookingNo# ', <b>\uc608\uc57d \ubc88\ud638</b>, ' #BookingNo# ', <br/>, <br/>, ' ', <b>\uacf5\uae09\uc790 \uc774\ub984 :</b>, ' #Driver# ', <br/>, <br/>, ' ', <b>\uc0ac\uc6a9\uc790 \uc774\ub984 :</b>, ' #Rider# ', <br/>, <br/>, ' ', <b>\ubcf4\ub0b8 \uc0ac\ub78c \uc8fc\uc18c :</b>, ' #SourceAddress# ', <br/>, <br/>, ' ', <b>\ubc1b\ub294 \uc0ac\ub78c \uc8fc\uc18c :</b>, ' #DestinationAddress# ', <br/>, <br/>, ' ', <b>\uc608\uc57d \ub0a0\uc9dc :</b>, ' #Rider# ', <br/>, <br/>, ' ', <b>\ucde8\uc18c \uc0ac\uc720 :</b>, ' #Driver# ', <br/>, <br/>, <br/>, ' ', <b>\uac10\uc0ac! #MailFooter#</b>]"}, {"language": "YO", "subject": "Iwe iforukosile ti a ti pinnu ti fagile nipas\u1eb9 awak\u1ecd", "body": "[' ', <b>Eyin Alakoso,</b>, ' ', <br/>, <br/>, ' A ti fagile ifipam\u1ecd atun\u1e63e nipas\u1eb9 olupese. Aw\u1ecdn alaye ni isal\u1eb9. ', <br/>, <br/>, ' ', <b>Fowo si Ko si # :</b>, ' #BookingNo# ', <br/>, <br/>, ' ', <b>Olupese Olupese:</b>, ' #Driver# ', <br/>, <br/>, ' ', <b>Oruk\u1ecd olumulo:</b>, ' #Rider# ', <br/>, <br/>, ' ', <b>Lati Adir\u1eb9si:</b>, ' #SourceAddress# ', <br/>, <br/>, ' ', <b>Lati Adir\u1eb9si:</b>, ' #DestinationAddress# ', <br/>, <br/>, ' ', <b>\u1eccj\u1ecd Iwewewe:</b>, ' #Rider# ', <br/>, <br/>, ' ', <b>Idi Idiyele:</b>, ' #Driver# ', <br/>, <br/>, <br/>, ' ', <b>O \u1e63eun! #MailFooter#</b>]"}, {"language": "TR", "subject": "Tarifeli rezervasyon, s\u00fcr\u00fcc\u00fc taraf\u0131ndan iptal edildi", "body": "[' ', <b>Sevgili Y\u00f6netici,</b>, ' ', <br/>, <br/>, ' Planl\u0131 rezervasyon sa\u011flay\u0131c\u0131 taraf\u0131ndan iptal edildi. Detaylar a\u015fa\u011f\u0131da. ', <br/>, <br/>, ' ', <b>Rezervasyon No # :</b>, ' #BookingNo# ', <br/>, <br/>, ' ', <b>Sa\u011flay\u0131c\u0131 Ad\u0131:</b>, ' #Driver# ', <br/>, <br/>, ' ', <b>Kullan\u0131c\u0131 Ad\u0131:</b>, ' #Rider# ', <br/>, <br/>, ' #SourceAddress# ', <b>:</b>, ' #SourceAddress# ', <br/>, <br/>, ' ', <b>Adrese:</b>, ' #DestinationAddress# ', <br/>, <br/>, ' ', <b>Rezervasyon Tarihi:</b>, ' #Rider# ', <br/>, <br/>, ' ', <b>\u0130ptal Sebep:</b>, ' #Driver# ', <br/>, <br/>, <br/>, ' ', <b>Te\u015fekk\u00fcrler! #MailFooter#</b>]"}, {"language": "RU", "subject": "\u0417\u0430\u043f\u043b\u0430\u043d\u0438\u0440\u043e\u0432\u0430\u043d\u043d\u043e\u0435 \u0431\u0440\u043e\u043d\u0438\u0440\u043e\u0432\u0430\u043d\u0438\u0435 \u043e\u0442\u043c\u0435\u043d\u0435\u043d\u043e \u0432\u043e\u0434\u0438\u0442\u0435\u043b\u0435\u043c", "body": "[' ', <b>\u0423\u0432\u0430\u0436\u0430\u0435\u043c\u044b\u0439 \u0430\u0434\u043c\u0438\u043d,</b>, ' ', <br/>, <br/>, ' \u0417\u0430\u043f\u043b\u0430\u043d\u0438\u0440\u043e\u0432\u0430\u043d\u043d\u043e\u0435 \u0431\u0440\u043e\u043d\u0438\u0440\u043e\u0432\u0430\u043d\u0438\u0435 \u0431\u044b\u043b\u043e \u043e\u0442\u043c\u0435\u043d\u0435\u043d\u043e \u043f\u043e\u0441\u0442\u0430\u0432\u0449\u0438\u043a\u043e\u043c. \u041d\u0438\u0436\u0435 \u043f\u0440\u0438\u0432\u0435\u0434\u0435\u043d\u044b \u043f\u043e\u0434\u0440\u043e\u0431\u043d\u043e\u0441\u0442\u0438. ', <br/>, <br/>, ' ', <b>\u041d\u0435 \u0411\u0440\u043e\u043d\u0438\u0440\u0443\u044f \u041d\u0435\u0442 # :</b>, ' #BookingNo# ', <br/>, <br/>, ' ', <b>\u041d\u0430\u0437\u0432\u0430\u043d\u0438\u0435 \u043f\u0440\u043e\u0432\u0430\u0439\u0434\u0435\u0440\u0430:</b>, ' #Driver# ', <br/>, <br/>, ' ', <b>\u0418\u043c\u044f \u043f\u043e\u043b\u044c\u0437\u043e\u0432\u0430\u0442\u0435\u043b\u044f:</b>, ' #Rider# ', <br/>, <br/>, ' ', <b>\u0421 \u0430\u0434\u0440\u0435\u0441\u0430:</b>, ' #SourceAddress# ', <br/>, <br/>, ' ', <b>\u0414\u043b\u044f \u0430\u0434\u0440\u0435\u0441\u0430:</b>, ' #DestinationAddress# ', <br/>, <br/>, ' ', <b>\u0414\u0430\u0442\u0430 \u0431\u0440\u043e\u043d\u0438\u0440\u043e\u0432\u0430\u043d\u0438\u044f:</b>, ' #Rider# ', <br/>, <br/>, ' ', <b>\u041f\u0440\u0438\u0447\u0438\u043d\u0430 \u043e\u0442\u043c\u0435\u043d\u044b:</b>, ' #Driver# ', <br/>, <br/>, <br/>, ' ', <b>\u0421\u043f\u0430\u0441\u0438\u0431\u043e! #MailFooter#</b>]"}, {"language": "FA", "subject": "\u0631\u0632\u0631\u0648 \u0628\u0631\u0646\u0627\u0645\u0647 \u0631\u06cc\u0632\u06cc \u0634\u062f\u0647 \u062a\u0648\u0633\u0637 \u0631\u0627\u0646\u0646\u062f\u0647 \u0644\u063a\u0648 \u0634\u062f\u0647 \u0627\u0633\u062a", "body": "[' ', <b>\u0645\u062f\u06cc\u0631 \u0639\u0632\u06cc\u0632</b>, ' ', <br/>, <br/>, ' \u0631\u0632\u0631\u0648 \u0634\u062f\u0647 \u062a\u0648\u0633\u0637 \u0627\u0631\u0627\u0626\u0647 \u062f\u0647\u0646\u062f\u0647 \u0644\u063a\u0648 \u0634\u062f\u0647 \u0627\u0633\u062a. \u062f\u0631 \u0632\u06cc\u0631 \u062c\u0632\u0626\u06cc\u0627\u062a \u0627\u0633\u062a. ', <br/>, <br/>, ' ', <b>\u0631\u0632\u0631\u0648 \u0628\u062f\u0648\u0646 # :</b>, ' #BookingNo# ', <b>\u0631\u0632\u0631\u0648No</b>, ' #BookingNo# ', <br/>, <br/>, ' ', <b>\u0646\u0627\u0645 \u0627\u0631\u0627\u0626\u0647 \u062f\u0647\u0646\u062f\u0647:</b>, ' #Driver# ', <br/>, <br/>, ' ', <b>\u0646\u0627\u0645 \u06a9\u0627\u0631\u0628\u0631\u06cc:</b>, ' #Rider# ', <br/>, <br/>, ' ', <b>\u0627\u0632 \u0622\u062f\u0631\u0633:</b>, ' #SourceAddress# ', <br/>, <br/>, ' ', <b>\u0628\u0631\u0627\u06cc \u0622\u062f\u0631\u0633:</b>, ' #DestinationAddress# ', <br/>, <br/>, ' ', <b>\u062a\u0627\u0631\u06cc\u062e \u0631\u0632\u0631\u0648:</b>, ' #Rider# ', <br/>, <br/>, ' ', <b>\u0644\u063a\u0648 \u062f\u0644\u06cc\u0644:</b>, ' #Driver# ', <br/>, <br/>, <br/>, ' ', <b>\u0628\u0627 \u062a\u0634\u06a9\u0631! #MailFooter#</b>]"}, {"language": "MY", "subject": "\u101a\u102c\u1009\u103a\u1019\u1031\u102c\u1004\u103a\u1038\u1019\u103b\u102c\u1038\u1000\u1016\u103b\u1000\u103a\u101e\u102d\u1019\u103a\u1038 Scheduled \u1018\u103d\u1010\u103a\u1000\u1004\u103a", "body": "[' ', <b>\u1001\u103b\u1005\u103a\u1001\u1004\u103a\u101b\u1015\u102b\u101e\u1031\u102c\u1021\u1012\u103a\u1019\u1004\u103a,</b>, ' ', <br/>, <br/>, ' Scheduled \u1018\u103d\u1010\u103a\u1000\u1004\u103a\u1015\u1031\u1038\u1001\u103d\u1004\u103b\u1038\u1021\u102c\u1038\u1016\u103d\u1004\u103b\u1037\u1000\u102d\u102f\u1015\u101a\u103a\u1016\u103b\u1000\u103a\u101c\u102d\u102f\u1000\u103a\u1015\u102b\u101e\u100a\u103a\u104b \u1021\u1031\u102c\u1000\u103a\u1010\u103d\u1004\u103a\u1021\u101e\u1031\u1038\u1005\u102d\u1010\u103a\u1016\u103c\u1005\u103a\u1000\u103c\u101e\u100a\u103a\u104b ', <br/>, <br/>, ' ', <b>\u1021\u1018\u101a\u103a\u101e\u1030\u1019\u103b\u103e\u1019 booking # :</b>, ' #BookingNo# ', <br/>, <br/>, ' ', <b>provider \u1021\u1019\u100a\u103a:</b>, ' #Driver# ', <br/>, <br/>, ' ', <b>\u1021\u101e\u102f\u1036\u1038\u1015\u103c\u102f\u101e\u1030\u1021\u1019\u100a\u103a:</b>, ' #Rider# ', <br/>, <br/>, ' ', <b>\u101c\u102d\u1015\u103a\u1005\u102c\u1019\u103e:</b>, ' #SourceAddress# ', <br/>, <br/>, ' ', <b>\u1014\u1031\u101b\u1015\u103a\u101c\u102d\u1015\u103a\u1005\u102c\u101b\u1014\u103a:</b>, ' #DestinationAddress# ', <br/>, <br/>, ' ', <b>\u1018\u103d\u1010\u103a\u1000\u1004\u103a\u1014\u1031\u1037\u1005\u103d\u1032:</b>, ' #Rider# ', <br/>, <br/>, ' ', <b>\u1016\u103b\u1000\u103a\u101e\u102d\u1019\u103a\u1038\u1001\u103c\u1004\u103a\u1038\u1021\u1000\u103c\u1031\u102c\u1004\u103a\u1038\u101b\u1004\u103a\u1038:</b>, ' #Driver# ', <br/>, <br/>, <br/>, ' ', <b>\u1000\u103b\u1031\u1038\u1007\u1030\u1038\u1010\u1004\u103a\u1015\u102b\u1010\u101a\u103a! #MailFooter#</b>]"}, {"language": "HI", "subject": "\u0921\u094d\u0930\u093e\u0907\u0935\u0930 \u0926\u094d\u0935\u093e\u0930\u093e \u0928\u093f\u0930\u094d\u0927\u093e\u0930\u093f\u0924 \u092c\u0941\u0915\u093f\u0902\u0917 \u0930\u0926\u094d\u0926", "body": "[' ', <b>\u092a\u094d\u0930\u093f\u092f \u0935\u094d\u092f\u0935\u0938\u094d\u0925\u093e\u092a\u0915,</b>, ' ', <br/>, <br/>, ' \u092a\u094d\u0930\u0926\u093e\u0924\u093e \u0926\u094d\u0935\u093e\u0930\u093e \u0905\u0928\u0941\u0938\u0942\u091a\u093f\u0924 \u092c\u0941\u0915\u093f\u0902\u0917 \u0915\u094b \u0930\u0926\u094d\u0926 \u0915\u0930 \u0926\u093f\u092f\u093e \u0917\u092f\u093e \u0939\u0948\u0964 \u0928\u0940\u091a\u0947 \u0935\u093f\u0935\u0930\u0923 \u0939\u0948\u0902\u0964 ', <br/>, <br/>, ' ', <b>\u092c\u0941\u0915\u093f\u0902\u0917 \u0928\u0902 # :</b>, ' #BookingNo# ', <b>\u092c\u0941\u0915\u093f\u0902\u0917 \u0928\u094b</b>, ' #BookingNo# ', <br/>, <br/>, ' ', <b>\u092a\u094d\u0930\u0926\u093e\u0924\u093e \u0915\u093e \u0928\u093e\u092e:</b>, ' #Driver# ', <br/>, <br/>, ' ', <b>\u0909\u092a\u092f\u094b\u0917\u0915\u0930\u094d\u0924\u093e \u0928\u093e\u092e:</b>, ' #Rider# ', <br/>, <br/>, ' ', <b>\u092a\u0924\u0947 \u0938\u0947:</b>, ' #SourceAddress# ', <br/>, <br/>, ' ', <b>\u092a\u0924\u093e \u0915\u0930\u0928\u0947 \u0915\u0947 \u0932\u093f\u090f:</b>, ' #DestinationAddress# ', <br/>, <br/>, ' ', <b>\u092c\u0941\u0915\u093f\u0902\u0917 \u0915\u0940 \u0924\u093e\u0930\u0940\u0916:</b>, ' #Rider# ', <br/>, <br/>, ' ', <b>\u0930\u0926\u094d\u0926 \u0915\u0930\u0928\u0947 \u0915\u093e \u0915\u093e\u0930\u0923:</b>, ' #Driver# ', <br/>, <br/>, <br/>, ' ', <b>\u0927\u0928\u094d\u092f\u0935\u093e\u0926! #MailFooter#</b>]"}, {"language": "IW", "subject": "\u05d4\u05d4\u05d6\u05de\u05e0\u05d4 \u05d4\u05de\u05ea\u05d5\u05d6\u05de\u05e0\u05ea \u05d1\u05d5\u05d8\u05dc\u05d4 \u05e2\u05dc \u05d9\u05d3\u05d9 \u05de\u05e0\u05d4\u05dc \u05d4\u05d4\u05ea\u05e7\u05df", "body": "[' ', <b>\u05de\u05e0\u05d4\u05dc \u05d9\u05e7\u05e8,</b>, ' ', <br/>, <br/>, ' \u05d4\u05d4\u05d6\u05de\u05e0\u05d4 \u05d4\u05de\u05ea\u05d5\u05d6\u05de\u05e0\u05ea \u05d1\u05d5\u05d8\u05dc\u05d4 \u05e2\u05dc \u05d9\u05d3\u05d9 \u05d4\u05e1\u05e4\u05e7. \u05dc\u05d4\u05dc\u05df \u05d4\u05e4\u05e8\u05d8\u05d9\u05dd. ', <br/>, <br/>, ' ', <b>\u05d4\u05d6\u05de\u05e0\u05d4 # :</b>, ' #BookingNo# ', <br/>, <br/>, ' ', <b>\u05e9\u05dd \u05e1\u05e4\u05e7:</b>, ' #Driver# ', <br/>, <br/>, ' ', <b>\u05e9\u05dd \u05de\u05e9\u05ea\u05de\u05e9:</b>, ' #Rider# ', <br/>, <br/>, ' ', <b>\u05db\u05ea\u05d5\u05d1\u05ea:</b>, ' #SourceAddress# ', <br/>, <br/>, ' ', <b>\u05db\u05ea\u05d5\u05d1\u05ea:</b>, ' #DestinationAddress# ', <br/>, <br/>, ' ', <b>\u05ea\u05d0\u05e8\u05d9\u05da \u05d4\u05d4\u05d6\u05de\u05e0\u05d4:</b>, ' #Rider# ', <br/>, <br/>, ' ', <b>\u05e1\u05d9\u05d1\u05d4 \u05dc\u05d1\u05d9\u05d8\u05d5\u05dc:</b>, ' #Driver# ', <br/>, <br/>, <br/>, ' ', <b>\u05ea\u05d5\u05d3\u05d4! #MailFooter#</b>]"}, {"language": "FR", "subject": "R\u00e9servation planifi\u00e9e annul\u00e9e par le conducteur", "body": "[' ', <b>Cher administrateur,</b>, ' ', <br/>, <br/>, ' La r\u00e9servation programm\u00e9e a \u00e9t\u00e9 annul\u00e9e par le fournisseur. Voici les d\u00e9tails. ', <br/>, <br/>, ' ', <b>Pas # :</b>, ' #BookingNo# ', <br/>, <br/>, ' ', <b>Nom du fournisseur:</b>, ' #Driver# ', <br/>, <br/>, ' ', <b>Nom d'utilisateur:</b>, ' #Rider# ', <br/>, <br/>, ' ', <b>De l'adresse:</b>, ' #SourceAddress# ', <br/>, <br/>, ' ', <b>\u00c0 l'adresse:</b>, ' #DestinationAddress# ', <br/>, <br/>, ' ', <b>Date de r\u00e9servation:</b>, ' #Rider# ', <br/>, <br/>, ' ', <b>Motif de l'annulation:</b>, ' #Driver# ', <br/>, <br/>, <br/>, ' ', <b>Merci! #MailFooter#</b>]"}, {"language": "DA", "subject": "Planlagt booking annulleret af chauff\u00f8r", "body": "[' ', <b>K\u00e6re Admin,</b>, ' ', <br/>, <br/>, ' Planlagt booking er blevet annulleret af udbyderen. Nedenfor er detaljerne. ', <br/>, <br/>, ' ', <b>Booking nr. # :</b>, ' #BookingNo# ', <br/>, <br/>, ' ', <b>Navn p\u00e5 leverand\u00f8r:</b>, ' #Driver# ', <br/>, <br/>, ' ', <b>Brugernavn:</b>, ' #Rider# ', <br/>, <br/>, ' ', <b>Fra adresse:</b>, ' #SourceAddress# ', <br/>, <br/>, ' ', <b>At adresse:</b>, ' #DestinationAddress# ', <br/>, <br/>, ' ', <b>Booking Dato:</b>, ' #Rider# ', <br/>, <br/>, ' ', <b>Aflysning \u00c5rsag:</b>, ' #Driver# ', <br/>, <br/>, <br/>, ' ', <b>Tak! #MailFooter#</b>]"}]}