{"purpose": "", "templates": [{"language": "AF", "subject": "Jou reis- / posfaktuurbesonderhede", "body": "[' #details#']"}, {"language": "EN", "subject": "Your Trip/Job Invoice Details", "body": "[' #details#']"}, {"language": "TH", "subject": "\u0e23\u0e32\u0e22\u0e25\u0e30\u0e40\u0e2d\u0e35\u0e22\u0e14\u0e43\u0e1a\u0e41\u0e08\u0e49\u0e07\u0e2b\u0e19\u0e35\u0e49\u0e01\u0e32\u0e23\u0e40\u0e14\u0e34\u0e19\u0e17\u0e32\u0e07 / \u0e07\u0e32\u0e19\u0e02\u0e2d\u0e07\u0e04\u0e38\u0e13", "body": "[' #details#']"}, {"language": "ID", "subject": "Rincian Faktur Perjalanan / Pekerjaan Anda", "body": "[' #details#']"}, {"language": "DE", "subject": "Ihre Reise- / Jobrechnungsdetails", "body": "[' #details#']"}, {"language": "ES", "subject": "Detalles de su factura de viaje / trabajo", "body": "[' #details#']"}, {"language": "IT", "subject": "Il tuo viaggio / Dettagli della fattura di lavoro", "body": "[' #details#']"}, {"language": "AR", "subject": "\u0631\u062d\u0644\u062a\u0643 / \u062a\u0641\u0627\u0635\u064a\u0644 \u0641\u0627\u062a\u0648\u0631\u0629 \u0627\u0644\u0648\u0638\u064a\u0641\u0629", "body": "[' #details#']"}, {"language": "UR", "subject": "\u0622\u067e \u06a9\u0627 \u0633\u0641\u0631 / \u0645\u0644\u0627\u0632\u0645\u062a \u0627\u0646\u0648\u0627\u0626\u0633 \u062a\u0641\u0635\u06cc\u0644\u0627\u062a", "body": "[' #details#']"}, {"language": "AZ", "subject": "Sizin s\u0259f\u0259riniz / \u0130\u015f faktura m\u0259lumatlar\u0131", "body": "[' #details#']"}, {"language": "ZH", "subject": "\u60a8\u7684\u65c5\u884c/\u5de5\u4f5c\u53d1\u7968\u8be6\u7ec6\u4fe1\u606f", "body": "[' #details#']"}, {"language": "PT", "subject": "Seus detalhes da fatura da viagem / trabalho", "body": "[' #details#']"}, {"language": "ZU", "subject": "Imininingwane yakho ye-Trip / Job Invoice", "body": "[' #details#']"}, {"language": "SW", "subject": "Maelezo ya Safari yako / Ajira ya Ajira", "body": "[' #details#']"}, {"language": "KU", "subject": "Berfirehiya / Karta \u00cero Destp\u00eak", "body": "[' #details#']"}, {"language": "MS", "subject": "Butiran Perjalanan / Kerja Invois Anda", "body": "[' #details#']"}, {"language": "SI", "subject": "\u0d94\u0db6\u0d9c\u0dda \u0da0\u0dcf\u0dbb\u0dd2\u0d9a\u0dcf\u0dc0 / \u0dba\u0ddd\u0db1\u0dd2 \u0d89\u0db1\u0dca\u0dc0\u0dd9\u0db1\u0dca\u0dc2\u0db1\u0dca \u0dc0\u0dd2\u0dc3\u0dca\u0dad\u0dbb", "body": "[' #details#']"}, {"language": "TA", "subject": "\u0b89\u0b99\u0bcd\u0b95\u0bb3\u0bcd \u0baa\u0baf\u0ba3\u0bae\u0bcd / \u0bb5\u0bc7\u0bb2\u0bc8 \u0bb5\u0bbf\u0bb5\u0bb0\u0baa\u0bcd\u0baa\u0b9f\u0bcd\u0b9f\u0bbf\u0baf\u0bb2\u0bcd \u0bb5\u0bbf\u0bb5\u0bb0\u0b99\u0bcd\u0b95\u0bb3\u0bcd", "body": "[' #details#']"}, {"language": "VI", "subject": "Chi ti\u1ebft h\u00f3a \u0111\u01a1n chuy\u1ebfn \u0111i / c\u00f4ng vi\u1ec7c c\u1ee7a b\u1ea1n", "body": "[' #details#']"}, {"language": "TL", "subject": "Mga Detalye ng iyong Trip / Job Invoice", "body": "[' #details#']"}, {"language": "KM", "subject": "\u1796\u17d0\u178f\u17cc\u1798\u17b6\u1793\u179b\u17c6\u17a2\u17b7\u178f\u179c\u17b7\u1780\u17d2\u1780\u1799\u1794\u178f\u17d2\u179a\u1780\u17b6\u179a\u1784\u17b6\u179a / \u1780\u17b6\u179a\u1784\u17b6\u179a\u179a\u1794\u179f\u17cb\u17a2\u17d2\u1793\u1780", "body": "[' #details#']"}, {"language": "BN", "subject": "\u0986\u09aa\u09a8\u09be\u09b0 \u099f\u09cd\u09b0\u09bf\u09aa / \u0995\u09be\u099c\u09c7\u09b0 \u099a\u09be\u09b2\u09be\u09a8 \u09ac\u09bf\u09ac\u09b0\u09a3", "body": "[' #details#']"}, {"language": "JA", "subject": "\u3042\u306a\u305f\u306e\u65c5\u884c/\u4ed5\u4e8b\u306e\u8acb\u6c42\u66f8\u306e\u8a73\u7d30", "body": "[' #details#']"}, {"language": "KO", "subject": "\uc5ec\ud589 / \uc778\ubcf4\uc774\uc2a4 \uc138\ubd80 \uc815\ubcf4", "body": "[' #details#']"}, {"language": "YO", "subject": "Irin-ajo Irin ajo / Job Aw\u1ecdn alaye r\u1eb9", "body": "[' #details#']"}, {"language": "TR", "subject": "Yolculuk / \u0130\u015f Fatura Ayr\u0131nt\u0131lar\u0131n\u0131z", "body": "[' #details#']"}, {"language": "RU", "subject": "\u0418\u043d\u0444\u043e\u0440\u043c\u0430\u0446\u0438\u044f \u043e \u0432\u0430\u0448\u0435\u0439 \u043f\u043e\u0435\u0437\u0434\u043a\u0435 / \u0438\u043d\u0432\u043e\u0439\u0441\u0435", "body": "[' #details#']"}, {"language": "FA", "subject": "\u0627\u0637\u0644\u0627\u0639\u0627\u062a \u0645\u0631\u0628\u0648\u0637 \u0628\u0647 \u0633\u0641\u0631 / \u0634\u063a\u0644 \u0634\u0645\u0627", "body": "[' #details#']"}, {"language": "MY", "subject": "\u101e\u1004\u103a\u1037\u101b\u1032\u1037\u1001\u101b\u102e\u1038\u1005\u1009\u103a / \u101a\u1031\u102c\u1018\u1000\u102d\u102f\u1004\u103d\u1031\u1010\u1031\u102c\u1004\u103a\u1038\u1001\u1036\u101c\u103d\u103e\u102c\u1021\u101e\u1031\u1038\u1005\u102d\u1010\u103a", "body": "[' #details#']"}, {"language": "HI", "subject": "\u0906\u092a\u0915\u093e \u091f\u094d\u0930\u093f\u092a / \u091c\u0949\u092c \u0907\u0928\u0935\u0949\u0907\u0938 \u0935\u093f\u0935\u0930\u0923", "body": "[' #details#']"}, {"language": "IW", "subject": "\u05e4\u05e8\u05d8\u05d9 \u05d7\u05e9\u05d1\u05d5\u05e0\u05da \u05e2\u05dc \u05e0\u05e1\u05d9\u05e2\u05d4 / \u05e2\u05d1\u05d5\u05d3\u05d4", "body": "[' #details#']"}, {"language": "FR", "subject": "D\u00e9tails de votre voyage / facture d'emploi", "body": "[' #details#']"}, {"language": "DA", "subject": "Dine rejsetilpasningsoplysninger", "body": "[' #details#']"}]}