{"purpose": "", "templates": [{"language": "AF", "subject": "Geskeduleerde bespreking gekanselleer deur gebruiker op Cubejek", "body": "[' ', <b>Geagte</b>, ' #PROVIDERNAME# , ', <br/>, <br/>, ' Gebruiker #Rider# het die werk gekanselleer. ', <br/>, <br/>, ' Hieronder is die besonderhede. ', <br/>, <br/>, ' ', <b>Bespreking Nr # :</b>, ' #BOOKING_NUMBER# ', <br/>, <br/>, ' ', <b>Boekingsdatum:</b>, ' #Rider# ', <br/>, <br/>, ' ', <b>Dankie! #MailFooter#</b>]"}, {"language": "EN", "subject": "Scheduled booking cancelled by user on Cubejek", "body": "[' ', <b>Dear </b>, '#PROVIDERNAME#,', <br/>, '\\n', <br/>, '\\nUser #Rider# has cancelled the job.', <br/>, '\\n', <br/>, '\\nBelow are the details.', <br/>, '\\n', <br/>, '\\n', <b>Booking No#:</b>, ' #BOOKING_NUMBER#', <br/>, '\\n', <br/>, '\\n', <b>Booking Date:</b>, ' #Ddate#', <br/>, '\\n', <br/>, '\\n', <b>\nThanks!  #MailFooter#</b>]"}, {"language": "TH", "subject": "\u0e01\u0e32\u0e23\u0e08\u0e2d\u0e07\u0e15\u0e32\u0e21\u0e01\u0e33\u0e2b\u0e19\u0e14\u0e40\u0e27\u0e25\u0e32\u0e16\u0e39\u0e01\u0e22\u0e01\u0e40\u0e25\u0e34\u0e01\u0e42\u0e14\u0e22\u0e1c\u0e39\u0e49\u0e43\u0e0a\u0e49\u0e43\u0e19\u0e0a\u0e37\u0e48\u0e2d Cubejek", "body": "[' ', <b>\u0e40\u0e23\u0e35\u0e22\u0e19</b>, ' #PROVIDERNAME# ', <br/>, <br/>, ' \u0e1c\u0e39\u0e49\u0e43\u0e0a\u0e49 #Rider# \u0e44\u0e14\u0e49\u0e22\u0e01\u0e40\u0e25\u0e34\u0e01\u0e07\u0e32\u0e19 ', <br/>, <br/>, ' \u0e14\u0e49\u0e32\u0e19\u0e25\u0e48\u0e32\u0e07\u0e40\u0e1b\u0e47\u0e19\u0e23\u0e32\u0e22\u0e25\u0e30\u0e40\u0e2d\u0e35\u0e22\u0e14 ', <br/>, <br/>, ' ', <b>\u0e2b\u0e21\u0e32\u0e22\u0e40\u0e25\u0e02\u0e01\u0e32\u0e23\u0e08\u0e2d\u0e07 # :</b>, ' #BOOKING_NUMBER# ', <br/>, <br/>, ' ', <b>\u0e27\u0e31\u0e19\u0e17\u0e35\u0e48\u0e08\u0e2d\u0e07:</b>, ' #Rider# ', <br/>, <br/>, ' ', <b>\u0e02\u0e2d\u0e1a\u0e04\u0e38\u0e13! #MailFooter#</b>]"}, {"language": "ID", "subject": "Pemesanan terjadwal dibatalkan oleh pengguna di Cubejek", "body": "[' ', <b>Dear</b>, ' #PROVIDERNAME# , ', <br/>, <br/>, ' Pengguna #Rider# telah membatalkan pekerjaan. ', <br/>, <br/>, ' Di bawah ini adalah detailnya. ', <br/>, <br/>, ' ', <b>Nomor Pemesanan # :</b>, ' #BOOKING_NUMBER# ', <br/>, <br/>, ' ', <b>Tanggal Pemesanan:</b>, ' #Rider# ', <br/>, <br/>, ' ', <b>Terima kasih! #MailFooter#</b>]"}, {"language": "DE", "subject": "Die geplante Buchung wurde vom Benutzer unter Cubejek storniert", "body": "[' ', <b>Sehr geehrter</b>, ' #PROVIDERNAME# , ', <br/>, <br/>, ' Benutzer #Rider# hat den Job abgebrochen. ', <br/>, <br/>, ' Unten sind die Details. ', <br/>, <br/>, ' ', <b>Buchungsnummer # :</b>, ' #BOOKING_NUMBER# ', <br/>, <br/>, ' ', <b>Buchungsdatum:</b>, ' #Rider# ', <br/>, <br/>, ' ', <b>Vielen Dank! #MailFooter#</b>]"}, {"language": "ES", "subject": "Reserva programada cancelada por el usuario en Cubejek", "body": "[' ', <b>Estimado</b>, ' #PROVIDERNAME# , ', <br/>, <br/>, ' El usuario #Rider# ha cancelado el trabajo. ', <br/>, <br/>, ' A continuaci\u00f3n se presentan los detalles. ', <br/>, <br/>, ' ', <b>N\u00famero de reserva # :</b>, ' #BOOKING_NUMBER# ', <br/>, <br/>, ' ', <b>Fecha de reserva:</b>, ' #Rider# ', <br/>, <br/>, ' ', <b>\u00a1Gracias! #MailFooter#</b>]"}, {"language": "IT", "subject": "Prenotazione programmata annullata dall'utente su Cubejek", "body": "[' ', <b>Gentile</b>, ' #PROVIDERNAME# , ', <br/>, <br/>, \" L'utente #Rider# ha annullato il lavoro. \", <br/>, <br/>, ' Di seguito sono i dettagli. ', <br/>, <br/>, ' ', <b># prenotazione # :</b>, ' #BOOKING_NUMBER# ', <br/>, <br/>, ' ', <b>Data di prenotazione:</b>, ' #Rider# ', <br/>, <br/>, ' ', <b>Grazie! #MailFooter#</b>]"}, {"language": "AR", "subject": "\u062a\u0645 \u0625\u0644\u063a\u0627\u0621 \u0627\u0644\u062d\u062c\u0632 \u0627\u0644\u0645\u062c\u062f\u0648\u0644 \u0628\u0648\u0627\u0633\u0637\u0629 \u0627\u0644\u0645\u0633\u062a\u062e\u062f\u0645 \u0639\u0644\u0649 Cubejek", "body": "[' ', <b>\u0639\u0632\u064a\u0632\u064a</b>, ' #PROVIDERNAME# \u060c ', <br/>, <br/>, ' \u0642\u0627\u0645 \u0627\u0644\u0645\u0633\u062a\u062e\u062f\u0645 #Rider# \u0628\u0625\u0644\u063a\u0627\u0621 \u0627\u0644\u0648\u0638\u064a\u0641\u0629. ', <br/>, <br/>, ' \u0623\u062f\u0646\u0627\u0647 \u0647\u064a \u0627\u0644\u062a\u0641\u0627\u0635\u064a\u0644. ', <br/>, <br/>, ' ', <b>\u0627\u0644\u062d\u062c\u0632 \u0631\u0642\u0645 # :</b>, ' #BOOKING_NUMBER# ', <br/>, <br/>, ' ', <b>\u062a\u0627\u0631\u064a\u062e \u0627\u0644\u062d\u062c\u0632:</b>, ' #Rider# ', <br/>, <br/>, ' ', <b>\u0634\u0643\u0631! #MailFooter#</b>]"}, {"language": "UR", "subject": "\u0634\u06cc\u0688\u0648\u0644 \u0628\u06a9\u0646\u06af \u067e\u0631 \u0635\u0627\u0631\u0641 \u06a9\u06d2 \u0630\u0631\u06cc\u0639\u06c1 Cubejek \u0645\u0646\u0633\u0648\u062e \u06a9\u0631 \u062f\u06cc\u0627 \u06af\u06cc\u0627 \u06c1\u06d2", "body": "[' ', <b>\u0645\u062d\u062a\u0631\u0645</b>, ' #PROVIDERNAME# \u060c ', <br/>, <br/>, ' \u0635\u0627\u0631\u0641 #Rider# \u0646\u06d2 \u06a9\u0627\u0645 \u0645\u0646\u0633\u0648\u062e \u06a9\u0631 \u062f\u06cc\u0627 \u06c1\u06d2. ', <br/>, <br/>, ' \u0630\u06cc\u0644 \u0645\u06cc\u06ba \u062a\u0641\u0635\u06cc\u0644\u0627\u062a \u06c1\u06cc\u06ba. ', <br/>, <br/>, ' ', <b>\u0628\u06a9\u0646\u06af \u0646\u0645\u0628\u0631 # :</b>, ' #BOOKING_NUMBER# ', <br/>, <br/>, ' ', <b>\u0628\u06a9\u0646\u06af \u06a9\u06cc \u062a\u0627\u0631\u06cc\u062e:</b>, ' #Rider# ', <br/>, <br/>, ' ', <b>\u0634\u06a9\u0631\u06cc\u06c1! #MailFooter#</b>]"}, {"language": "AZ", "subject": "Planl\u0131 sifari\u015f, Cubejek t\u0259r\u0259find\u0259n istifad\u0259\u00e7i t\u0259r\u0259find\u0259n l\u0259\u011fv edildi", "body": "[' ', <b>H\u00f6rm\u0259tli</b>, ' #PROVIDERNAME# , ', <br/>, <br/>, ' User #Rider# i\u015fi l\u0259\u011fv etdi. ', <br/>, <br/>, ' A\u015fa\u011f\u0131dak\u0131 m\u0259lumatlar. ', <br/>, <br/>, ' ', <b>No Rezervasyon # :</b>, ' #BOOKING_NUMBER# ', <br/>, <br/>, ' ', <b>Rezervasyon tarixi:</b>, ' #Rider# ', <br/>, <br/>, ' ', <b>T\u0259\u015f\u0259kk\u00fcr edirik! #MailFooter#</b>]"}, {"language": "ZH", "subject": "\u7528\u6237\u5728Cubejek\u4e0a\u53d6\u6d88\u9884\u5b9a\u9884\u8ba2", "body": "[' ', <b>\u4eb2\u7231\u7684</b>, ' #PROVIDERNAME# \uff0c ', <br/>, <br/>, '\u7528\u6237#Rider#\u5df2\u53d6\u6d88\u8be5\u4f5c\u4e1a\u3002 ', <br/>, <br/>, '\u4ee5\u4e0b\u662f\u8be6\u7ec6\u4fe1\u606f\u3002 ', <br/>, <br/>, ' ', <b>\u9884\u8ba2\u5426# \uff1a</b>, ' #BOOKING_NUMBER# ', <br/>, <br/>, ' ', <b>\u9884\u8ba2\u65e5\u671f\uff1a</b>, ' #Rider# ', <br/>, <br/>, ' ', <b>\u8c22\u8c22\uff01 #MailFooter#</b>]"}, {"language": "PT", "subject": "Reserva agendada cancelada pelo usu\u00e1rio no Cubejek", "body": "[' ', <b>Caro</b>, ' #PROVIDERNAME# , ', <br/>, <br/>, ' O usu\u00e1rio #Rider# cancelou o trabalho. ', <br/>, <br/>, ' Abaixo est\u00e3o os detalhes. ', <br/>, <br/>, ' ', <b>N\u00ba de reserva # :</b>, ' #BOOKING_NUMBER# ', <br/>, <br/>, ' ', <b>Data de reserva:</b>, ' #Rider# ', <br/>, <br/>, ' ', <b>Obrigado! #MailFooter#</b>]"}, {"language": "ZU", "subject": "Ukubhuka okuhleliwe kukhanseliwe ngumsebenzisi ku- Cubejek", "body": "[' ', <b>Othandekayo</b>, ' #PROVIDERNAME# , ', <br/>, <br/>, ' Umsebenzisi #Rider# ukhansele umsebenzi. ', <br/>, <br/>, ' Ngezansi kukhona imininingwane. ', <br/>, <br/>, ' ', <b>Ukubhuka # :</b>, ' #BOOKING_NUMBER# ', <br/>, <br/>, ' ', <b>Usuku Lokubhuka:</b>, ' #Rider# ', <br/>, <br/>, ' ', <b>Siyabonga! #MailFooter#</b>]"}, {"language": "SW", "subject": "Cubejek uliopangwa kufanyika kufutwa na mtumiaji kwenye Cubejek", "body": "[' ', <b>Mpendwa</b>, ' #PROVIDERNAME# , ', <br/>, <br/>, ' Mtumiaji #Rider# amefuta kazi. ', <br/>, <br/>, ' Chini ni maelezo. ', <br/>, <br/>, ' ', <b>Uhifadhi No # :</b>, ' #BOOKING_NUMBER# ', <br/>, <br/>, ' ', <b>Tarehe ya Marejeo:</b>, ' #Rider# ', <br/>, <br/>, ' ', <b>Asante! #MailFooter#</b>]"}, {"language": "KU", "subject": "Cubejek Destn\u00ee\u015fankir\u00ee ji h\u00eala bikarh\u00eaner\u00ea ya Cubejek ve Cubejek betal kirin", "body": "[' ', <b>Dear</b>, ' #PROVIDERNAME# , ', <br/>, <br/>, ' Bikarh\u00eaner #Rider# betal kir. ', <br/>, <br/>, ' Li j\u00ear agahdar\u00ee hene. ', <br/>, <br/>, ' #BOOKING_NUMBER# ', <b>Na # :</b>, ' #BOOKING_NUMBER# ', <br/>, <br/>, ' ', <b>Booking Date:</b>, ' #Rider# ', <br/>, <br/>, ' ', <b>Spas! #MailFooter#</b>]"}, {"language": "MS", "subject": "Tempahan Cubejek dibatalkan oleh pengguna pada Cubejek", "body": "[' #PROVIDERNAME# ', <b>terhormat</b>, ' , ', <br/>, <br/>, ' Pengguna #Rider# telah membatalkan kerja. ', <br/>, <br/>, ' Berikut adalah butirannya. ', <br/>, <br/>, ' ', <b>Tempahan Tidak # :</b>, ' #BOOKING_NUMBER# ', <br/>, <br/>, ' ', <b>Tarikh Tempahan:</b>, ' #Rider# ', <br/>, <br/>, ' ', <b>Terima kasih! #MailFooter#</b>]"}, {"language": "SI", "subject": "Cubejek \u0db4\u0dbb\u0dd2\u0dc1\u0dd3\u0dbd\u0d9a\u0dba\u0dcf \u0dc0\u0dd2\u0dc3\u0dd2\u0db1\u0dca \u0d85\u0dc0\u0dbd\u0d82\u0d9c\u0dd4 \u0d9a\u0dbb\u0db1 \u0dbd\u0daf \u0dc0\u0dd9\u0db1\u0dca \u0d9a\u0dbb \u0d87\u0dad\u0dd2 \u0dc0\u0dd9\u0db1\u0dca \u0d9a\u0dd2\u0dbb\u0dd3\u0db8\u0dca \u0dc0\u0dd9\u0db1\u0dca \u0d9a\u0dbb \u0d87\u0dad", "body": "[' ', <b>\u0dc4\u0dd2\u0dad\u0dc0\u0dad\u0dca</b>, ' #PROVIDERNAME# , ', <br/>, <br/>, ' \u0db4\u0dbb\u0dd2\u0dc1\u0dd3\u0dbd\u0d9a #Rider# \u0db8\u0dd9\u0db8 \u0d9a\u0dcf\u0dbb\u0dca\u0dba\u0dba \u0d85\u0dc0\u0dbd\u0d82\u0d9c\u0dd4 \u0d9a\u0dbb \u0d87\u0dad. ', <br/>, <br/>, ' \u0dc0\u0dd2\u0dc3\u0dca\u0dad\u0dbb \u0db4\u0dc4\u0dad \u0daf\u0dd0\u0d9a\u0dca\u0dc0\u0dda. ', <br/>, <br/>, ' ', <b>\u0d85\u0d82\u0d9a \u0db1\u0dd0\u0dad # :</b>, ' #BOOKING_NUMBER# ', <br/>, <br/>, ' ', <b>\u0dc0\u0dd9\u0db1\u0dca \u0dc0\u0dd9\u0db1\u0dca \u0daf\u0dd2\u0db1\u0dba:</b>, ' #Rider# ', <br/>, <br/>, ' ', <b>\u0dc3\u0dca\u0dad\u0dd6\u0dad\u0dd2\u0dba\u0dd2! #MailFooter#</b>]"}, {"language": "TA", "subject": "\u0ba4\u0bbf\u0b9f\u0bcd\u0b9f\u0bae\u0bbf\u0b9f\u0baa\u0bcd\u0baa\u0b9f\u0bcd\u0b9f \u0bae\u0bc1\u0ba9\u0bcd\u0baa\u0ba4\u0bbf\u0bb5\u0bc1 Cubejek \u0baa\u0baf\u0ba9\u0bb0\u0bbe\u0bb2\u0bcd \u0bb0\u0ba4\u0bcd\u0ba4\u0bc1 \u0b9a\u0bc6\u0baf\u0bcd\u0baf\u0baa\u0bcd\u0baa\u0b9f\u0bcd\u0b9f\u0ba4\u0bc1", "body": "[' ', <b>\u0b85\u0ba9\u0bcd\u0baa\u0bc1\u0bb3\u0bcd\u0bb3</b>, ' #PROVIDERNAME# , ', <br/>, <br/>, ' \u0baa\u0baf\u0ba9\u0bb0\u0bcd #Rider# \u0baa\u0ba3\u0bbf \u0bb0\u0ba4\u0bcd\u0ba4\u0bc1 \u0b9a\u0bc6\u0baf\u0bcd\u0ba4\u0bc1\u0bb3\u0bcd\u0bb3\u0bbe\u0bb0\u0bcd. ', <br/>, <br/>, ' \u0bb5\u0bbf\u0bb5\u0bb0\u0b99\u0bcd\u0b95\u0bb3\u0bcd \u0b95\u0bc0\u0bb4\u0bc7 \u0b89\u0bb3\u0bcd\u0bb3\u0ba9. ', <br/>, <br/>, ' ', <b>\u0bae\u0bc1\u0ba9\u0bcd\u0baa\u0ba4\u0bbf\u0bb5\u0bc1 #</b>, ' #BOOKING_NUMBER# ', <br/>, <br/>, ' ', <b>\u0bae\u0bc1\u0ba9\u0bcd\u0baa\u0ba4\u0bbf\u0bb5\u0bc1 \u0ba4\u0bc7\u0ba4\u0bbf:</b>, ' #Rider# ', <br/>, <br/>, ' ', <b>\u0ba8\u0ba9\u0bcd\u0bb1\u0bbf! #MailFooter#</b>]"}, {"language": "VI", "subject": "\u0110\u1eb7t ph\u00f2ng theo l\u1ecbch tr\u00ecnh b\u1ecb h\u1ee7y b\u1edfi ng\u01b0\u1eddi d\u00f9ng tr\u00ean Cubejek", "body": "[' ', <b>K\u00ednh g\u1eedi</b>, ' #PROVIDERNAME# , ', <br/>, <br/>, ' Ng\u01b0\u1eddi d\u00f9ng #Rider# \u0111\u00e3 h\u1ee7y c\u00f4ng vi\u1ec7c. ', <br/>, <br/>, ' D\u01b0\u1edbi \u0111\u00e2y l\u00e0 c\u00e1c chi ti\u1ebft. ', <br/>, <br/>, ' ', <b>\u0110\u1eb7t ph\u00f2ng s\u1ed1 # :</b>, ' #BOOKING_NUMBER# ', <br/>, <br/>, ' ', <b>Ng\u00e0y \u0111\u1eb7t ph\u00f2ng:</b>, ' #Rider# ', <br/>, <br/>, ' ', <b>C\u1ea3m \u01a1n! #MailFooter#</b>]"}, {"language": "TL", "subject": "Kinansela ang naka-iskedyul na booking ng user sa Cubejek", "body": "[' ', <b>Mahal</b>, ' #PROVIDERNAME# , ', <br/>, <br/>, ' Kinansela ng User #Rider# ang trabaho. ', <br/>, <br/>, ' Nasa ibaba ang mga detalye. ', <br/>, <br/>, ' ', <b>Hindi Nag-book # :</b>, ' #BOOKING_NUMBER# ', <br/>, <br/>, ' ', <b>Petsa ng Pag-book:</b>, ' #Rider# ', <br/>, <br/>, ' ', <b>Salamat! #MailFooter#</b>]"}, {"language": "KM", "subject": "\u1794\u17b6\u1793\u1780\u17c6\u178e\u178f\u17cb\u1780\u17b6\u179b\u1794\u179a\u17b7\u1785\u17d2\u1786\u17c1\u1791\u178a\u17c2\u179b\u1794\u17b6\u1793\u1780\u17c6\u178e\u178f\u17cb\u178a\u17c4\u1799\u17a2\u17d2\u1793\u1780\u1794\u17d2\u179a\u17be\u179b\u17be Cubejek", "body": "[' ', <b>\u1787\u17bc\u1793\u1785\u17c6\u1796\u17c4\u17c7</b>, ' #PROVIDERNAME# , ', <br/>, <br/>, ' \u17a2\u17d2\u1793\u1780\u1794\u17d2\u179a\u17be #Rider# \u1794\u17b6\u1793\u1794\u17c4\u17c7\u1794\u1784\u17cb\u1780\u17b6\u179a\u1784\u17b6\u179a\u17d4 ', <br/>, <br/>, ' \u1781\u17b6\u1784\u1780\u17d2\u179a\u17c4\u1798\u1793\u17c1\u17c7\u1782\u17ba\u1787\u17b6\u1796\u17d0\u178f\u17cc\u1798\u17b6\u1793\u179b\u1798\u17d2\u17a2\u17b7\u178f\u17d4 ', <br/>, <br/>, ' ', <b>\u1780\u1780\u17cb\u179b\u17c1\u1781 # :</b>, ' #BOOKING_NUMBER# ', <br/>, <br/>, ' ', <b>\u1780\u17b6\u179b\u1794\u179a\u17b7\u1785\u17d2\u1786\u17c1\u1791\u1780\u1780\u17cb:</b>, ' #Rider# ', <br/>, <br/>, ' ', <b>\u179f\u17bc\u1798\u17a2\u179a\u1782\u17bb\u178e! #MailFooter#</b>]"}, {"language": "BN", "subject": "Scheduled \u09ac\u09c1\u0995\u09bf\u0982 Cubejek \u09ac\u09cd\u09af\u09ac\u09b9\u09be\u09b0\u0995\u09be\u09b0\u09c0 \u09a6\u09cd\u09ac\u09be\u09b0\u09be \u09ac\u09be\u09a4\u09bf\u09b2", "body": "[' ', <b>\u09aa\u09cd\u09b0\u09bf\u09af\u09bc</b>, ' #PROVIDERNAME# , ', <br/>, <br/>, ' \u09ac\u09cd\u09af\u09ac\u09b9\u09be\u09b0\u0995\u09be\u09b0\u09c0 #Rider# \u099a\u09be\u0995\u09b0\u09bf \u09ac\u09be\u09a4\u09bf\u09b2 \u0995\u09b0\u09c7\u099b\u09c7\u09a8\u0964 ', <br/>, <br/>, ' \u09a8\u09c0\u099a\u09c7 \u09ac\u09bf\u09b8\u09cd\u09a4\u09be\u09b0\u09bf\u09a4 \u0986\u099b\u09c7\u0964 ', <br/>, <br/>, ' ', <b>\u09ac\u09c1\u0995\u09bf\u0982 \u09a8\u09ae\u09cd\u09ac\u09b0 # :</b>, ' #BOOKING_NUMBER# ', <br/>, <br/>, ' ', <b>\u09ac\u09c1\u0995\u09bf\u0982 \u09a4\u09be\u09b0\u09bf\u0996:</b>, ' #Rider# ', <br/>, <br/>, ' ', <b>\u09a7\u09a8\u09cd\u09af\u09ac\u09be\u09a6! #MailFooter#</b>]"}, {"language": "JA", "subject": "Cubejek\u30b9\u30b1\u30b8\u30e5\u30fc\u30eb\u3055\u308c\u305f\u4e88\u7d04\u304c\u30e6\u30fc\u30b6\u30fc\u306b\u3088\u3063\u3066\u30ad\u30e3\u30f3\u30bb\u30eb\u3055\u308cCubejek", "body": "[' ', <b>\u89aa\u611b\u306a\u308b</b>, ' #PROVIDERNAME# \u3001 ', <br/>, <br/>, '\u30e6\u30fc\u30b6\u30fc#Rider#\u304c\u305d\u306e\u4ed5\u4e8b\u3092\u30ad\u30e3\u30f3\u30bb\u30eb\u3057\u307e\u3057\u305f\u3002 ', <br/>, <br/>, '\u8a73\u7d30\u306f\u4ee5\u4e0b\u306e\u901a\u308a\u3067\u3059\u3002 ', <br/>, <br/>, ' ', <b>\u4e88\u7d04\u756a\u53f7# \uff1a</b>, ' #BOOKING_NUMBER# ', <br/>, <br/>, ' ', <b>\u4e88\u7d04\u65e5\uff1a</b>, ' #Rider# ', <br/>, <br/>, ' ', <b>\u3042\u308a\u304c\u3068\u3046\u3054\u3056\u3044\u307e\u3059\u3002 #MailFooter#</b>]"}, {"language": "KO", "subject": "Cubejek \uc0ac\uc6a9\uc790\uac00 \uc608\uc57d\uc744 \ucde8\uc18c\ud588\uc2b5\ub2c8\ub2e4.", "body": "[' #PROVIDERNAME# ', <b>\ub2d8\uaed8</b>, ' , ', <br/>, <br/>, ' \uc0ac\uc6a9\uc790 #Rider# \uc774 \uc791\uc5c5\uc744 \ucde8\uc18c\ud588\uc2b5\ub2c8\ub2e4. ', <br/>, <br/>, ' \ub2e4\uc74c\uc740 \uc138\ubd80 \uc0ac\ud56d\uc785\ub2c8\ub2e4. ', <br/>, <br/>, ' ', <b>\uc608\uc57d \ubc88\ud638 # :</b>, ' #BOOKING_NUMBER# ', <br/>, <br/>, ' ', <b>\uc608\uc57d \ub0a0\uc9dc :</b>, ' #Rider# ', <br/>, <br/>, ' ', <b>\uac10\uc0ac! #MailFooter#</b>]"}, {"language": "YO", "subject": "Iwe fowo si eto ti a fagilee nipas\u1eb9 olumulo lori Cubejek", "body": "[' ', <b>O f\u1eb9</b>, ' #PROVIDERNAME# , ', <br/>, <br/>, ' Olumulo #Rider# ti fagilee ise naa. ', <br/>, <br/>, ' Aw\u1ecdn alaye ni isal\u1eb9. ', <br/>, <br/>, ' ', <b>Fowo si Ko si # :</b>, ' #BOOKING_NUMBER# ', <br/>, <br/>, ' ', <b>\u1eccj\u1ecd Iwewewe:</b>, ' #Rider# ', <br/>, <br/>, ' ', <b>O \u1e63eun! #MailFooter#</b>]"}, {"language": "TR", "subject": "Cubejek tarihinde Cubejek rezervasyon kullan\u0131c\u0131 taraf\u0131ndan iptal edildi", "body": "[' ', <b>Sevgili</b>, ' #PROVIDERNAME# , ', <br/>, <br/>, ' Kullan\u0131c\u0131 #Rider# i\u015fi iptal etti. ', <br/>, <br/>, ' Detaylar a\u015fa\u011f\u0131da. ', <br/>, <br/>, ' ', <b>Rezervasyon No # :</b>, ' #BOOKING_NUMBER# ', <br/>, <br/>, ' ', <b>Rezervasyon Tarihi:</b>, ' #Rider# ', <br/>, <br/>, ' ', <b>Te\u015fekk\u00fcrler! #MailFooter#</b>]"}, {"language": "RU", "subject": "\u0417\u0430\u043f\u043b\u0430\u043d\u0438\u0440\u043e\u0432\u0430\u043d\u043d\u043e\u0435 \u0431\u0440\u043e\u043d\u0438\u0440\u043e\u0432\u0430\u043d\u0438\u0435 \u043e\u0442\u043c\u0435\u043d\u0435\u043d\u043e \u043f\u043e\u043b\u044c\u0437\u043e\u0432\u0430\u0442\u0435\u043b\u0435\u043c \u043d\u0430 Cubejek", "body": "[' ', <b>\u0423\u0432\u0430\u0436\u0430\u0435\u043c\u044b\u0439</b>, ' #PROVIDERNAME# , ', <br/>, <br/>, ' \u041f\u043e\u043b\u044c\u0437\u043e\u0432\u0430\u0442\u0435\u043b\u044c #Rider# \u043e\u0442\u043c\u0435\u043d\u0438\u043b \u0440\u0430\u0431\u043e\u0442\u0443. ', <br/>, <br/>, ' \u041d\u0438\u0436\u0435 \u043f\u0440\u0438\u0432\u0435\u0434\u0435\u043d\u044b \u043f\u043e\u0434\u0440\u043e\u0431\u043d\u043e\u0441\u0442\u0438. ', <br/>, <br/>, ' ', <b>\u041d\u0435 \u0411\u0440\u043e\u043d\u0438\u0440\u0443\u044f \u041d\u0435\u0442 # :</b>, ' #BOOKING_NUMBER# ', <br/>, <br/>, ' ', <b>\u0414\u0430\u0442\u0430 \u0431\u0440\u043e\u043d\u0438\u0440\u043e\u0432\u0430\u043d\u0438\u044f:</b>, ' #Rider# ', <br/>, <br/>, ' ', <b>\u0421\u043f\u0430\u0441\u0438\u0431\u043e! #MailFooter#</b>]"}, {"language": "FA", "subject": "\u0631\u0632\u0631\u0648 \u0634\u062f\u0647 \u062a\u0648\u0633\u0637 \u06a9\u0627\u0631\u0628\u0631 \u062a\u0648\u0633\u0637 Cubejek \u0644\u063a\u0648 \u0634\u062f\u0647 \u0627\u0633\u062a", "body": "[' #PROVIDERNAME# ', <b>\u0639\u0632\u06cc\u0632</b>, ' ', <br/>, <br/>, ' User #Rider# \u0627\u06cc\u0646 \u06a9\u0627\u0631 \u0631\u0627 \u0644\u063a\u0648 \u06a9\u0631\u062f\u0647 \u0627\u0633\u062a. ', <br/>, <br/>, ' \u062f\u0631 \u0632\u06cc\u0631 \u062c\u0632\u0626\u06cc\u0627\u062a \u0627\u0633\u062a. ', <br/>, <br/>, ' ', <b>\u0631\u0632\u0631\u0648 \u0634\u0645\u0627\u0631\u0647 # :</b>, ' #BOOKING_NUMBER# ', <br/>, <br/>, ' ', <b>\u062a\u0627\u0631\u06cc\u062e \u0631\u0632\u0631\u0648:</b>, ' #Rider# ', <br/>, <br/>, ' ', <b>\u0628\u0627 \u062a\u0634\u06a9\u0631! #MailFooter#</b>]"}, {"language": "MY", "subject": "\u1021\u1015\u1031\u102b\u103a\u1021\u101e\u102f\u1036\u1038\u1015\u103c\u102f\u101e\u1030\u1016\u103b\u1000\u103a\u101e\u102d\u1019\u103a\u1038 Scheduled \u1018\u103d\u1010\u103a\u1000\u1004\u103a Cubejek", "body": "[' ', <b>\u1001\u103b\u1005\u103a\u1001\u1004\u103a\u101b\u1015\u102b\u101e\u1031\u102c</b>, ' #PROVIDERNAME# , ', <br/>, <br/>, ' \u1021\u101e\u102f\u1036\u1038\u1015\u103c\u102f\u101e\u1030 #Rider# \u1021\u101c\u102f\u1015\u103a\u1016\u103b\u1000\u103a\u101e\u102d\u1019\u103a\u1038\u1001\u1032\u1037\u101e\u100a\u103a\u104b ', <br/>, <br/>, ' \u1021\u1031\u102c\u1000\u103a\u1010\u103d\u1004\u103a\u1021\u101e\u1031\u1038\u1005\u102d\u1010\u103a\u1016\u103c\u1005\u103a\u1000\u103c\u101e\u100a\u103a\u104b ', <br/>, <br/>, ' ', <b>\u1021\u1018\u101a\u103a\u101e\u1030\u1019\u103b\u103e\u1019 booking # :</b>, ' #BOOKING_NUMBER# ', <br/>, <br/>, ' ', <b>\u1018\u103d\u1010\u103a\u1000\u1004\u103a\u1014\u1031\u1037\u1005\u103d\u1032:</b>, ' #Rider# ', <br/>, <br/>, ' ', <b>\u1000\u103b\u1031\u1038\u1007\u1030\u1038\u1010\u1004\u103a\u1015\u102b\u1010\u101a\u103a! #MailFooter#</b>]"}, {"language": "HI", "subject": "Cubejek \u092a\u0930 \u0909\u092a\u092f\u094b\u0917\u0915\u0930\u094d\u0924\u093e \u0926\u094d\u0935\u093e\u0930\u093e \u0905\u0928\u0941\u0938\u0942\u091a\u093f\u0924 \u092c\u0941\u0915\u093f\u0902\u0917 \u0930\u0926\u094d\u0926 \u0915\u0940 \u0917\u0908", "body": "[' ', <b>\u092a\u094d\u0930\u093f\u092f</b>, ' #PROVIDERNAME# , ', <br/>, <br/>, ' \u0909\u092a\u092f\u094b\u0917\u0915\u0930\u094d\u0924\u093e #Rider# \u0928\u0947 \u0915\u093e\u0930\u094d\u092f \u0930\u0926\u094d\u0926 \u0915\u0930 \u0926\u093f\u092f\u093e \u0939\u0948\u0964 ', <br/>, <br/>, ' \u0928\u0940\u091a\u0947 \u0935\u093f\u0935\u0930\u0923 \u0939\u0948\u0902\u0964 ', <br/>, <br/>, ' ', <b>\u092c\u0941\u0915\u093f\u0902\u0917 \u0928\u0902\u092c\u0930 # :</b>, ' #BOOKING_NUMBER# ', <br/>, <br/>, ' ', <b>\u092c\u0941\u0915\u093f\u0902\u0917 \u0915\u0940 \u0924\u093e\u0930\u0940\u0916:</b>, ' #Rider# ', <br/>, <br/>, ' ', <b>\u0927\u0928\u094d\u092f\u0935\u093e\u0926! #MailFooter#</b>]"}, {"language": "IW", "subject": "\u05d4\u05d4\u05d6\u05de\u05e0\u05d4 \u05d4\u05de\u05ea\u05d5\u05d6\u05de\u05e0\u05ea \u05d1\u05d5\u05d8\u05dc\u05d4 \u05e2\u05dc \u05d9\u05d3\u05d9 \u05d4\u05de\u05e9\u05ea\u05de\u05e9 \u05d1- Cubejek", "body": "[' #PROVIDERNAME# ', <b>\u05d4\u05d9\u05e7\u05e8</b>, ' , ', <br/>, <br/>, ' \u05de\u05e9\u05ea\u05de\u05e9 #Rider# \u05d1\u05d9\u05d8\u05dc \u05d0\u05ea \u05d4\u05e2\u05d1\u05d5\u05d3\u05d4. ', <br/>, <br/>, ' \u05dc\u05d4\u05dc\u05df \u05d4\u05e4\u05e8\u05d8\u05d9\u05dd. ', <br/>, <br/>, ' ', <b>\u05d4\u05d6\u05de\u05e0\u05d4 # :</b>, ' #BOOKING_NUMBER# ', <br/>, <br/>, ' ', <b>\u05ea\u05d0\u05e8\u05d9\u05da \u05d4\u05d4\u05d6\u05de\u05e0\u05d4:</b>, ' #Rider# ', <br/>, <br/>, ' ', <b>\u05ea\u05d5\u05d3\u05d4! #MailFooter#</b>]"}, {"language": "FR", "subject": "R\u00e9servation planifi\u00e9e annul\u00e9e par l'utilisateur sur Cubejek", "body": "[' ', <b>Cher</b>, ' #PROVIDERNAME# , ', <br/>, <br/>, \" L'utilisateur #Rider# a annul\u00e9 le travail. \", <br/>, <br/>, ' Voici les d\u00e9tails. ', <br/>, <br/>, ' ', <b># r\u00e9servation # :</b>, ' #BOOKING_NUMBER# ', <br/>, <br/>, ' ', <b>Date de r\u00e9servation:</b>, ' #Rider# ', <br/>, <br/>, ' ', <b>Merci! #MailFooter#</b>]"}, {"language": "DA", "subject": "Planlagt bestilling annulleret af bruger p\u00e5 Cubejek", "body": "[' ', <b>K\u00e6re</b>, ' #PROVIDERNAME# , ', <br/>, <br/>, ' Bruger #Rider# har annulleret jobbet. ', <br/>, <br/>, ' Nedenfor er detaljerne. ', <br/>, <br/>, ' ', <b>Booking nr. # :</b>, ' #BOOKING_NUMBER# ', <br/>, <br/>, ' ', <b>Booking Dato:</b>, ' #Rider# ', <br/>, <br/>, ' ', <b>Tak! #MailFooter#</b>]"}]}