{"purpose": "To Notify the store when it registers successfully", "templates": [{"language": "AF", "subject": "Baie geluk! Winkelregistrasie suksesvol. Welkom in die familie.", "body": "[' Liewe #NAME# , ', <br/>, <br/>, ' Welkom in die familie! Jy het suksesvol geregistreer. Jou inskrywing besonderhede is soos volg. ', <br/>, <br/>, ' E-pos: #EMAIL# ', <br/>, <br/>, ' #PASSWORD# ', <br/>, ' ', <br/>, ' #MAILFOOTER#']"}, {"language": "EN", "subject": "Congratulations! Store Registration successful. Welcome to the family.", "body": "[' Dear #NAME#,\\n', <br/>, '\\n', <br/>, 'Welcome to the Family! You have registered successfully. Your login details are as follows.\\n', <br/>, '\\n', <br/>, 'Email: #EMAIL#\\n', <br/>, '\\n', <br/>, '#PASSWORD#\\n', <br/>, '\\n', <br/>, '#MAILFOOTER#']"}, {"language": "TH", "subject": "\u0e02\u0e2d\u0e41\u0e2a\u0e14\u0e07\u0e04\u0e27\u0e32\u0e21\u0e22\u0e34\u0e19\u0e14\u0e35! \u0e01\u0e32\u0e23\u0e25\u0e07\u0e17\u0e30\u0e40\u0e1a\u0e35\u0e22\u0e19\u0e23\u0e49\u0e32\u0e19\u0e04\u0e49\u0e32\u0e2a\u0e33\u0e40\u0e23\u0e47\u0e08 \u0e22\u0e34\u0e19\u0e14\u0e35\u0e15\u0e49\u0e2d\u0e19\u0e23\u0e31\u0e1a\u0e2a\u0e39\u0e48\u0e04\u0e23\u0e2d\u0e1a\u0e04\u0e23\u0e31\u0e27.", "body": "[' \u0e40\u0e23\u0e35\u0e22\u0e19 #NAME# ', <br/>, <br/>, ' \u0e22\u0e34\u0e19\u0e14\u0e35\u0e15\u0e49\u0e2d\u0e19\u0e23\u0e31\u0e1a\u0e2a\u0e39\u0e48\u0e04\u0e23\u0e2d\u0e1a\u0e04\u0e23\u0e31\u0e27! \u0e04\u0e38\u0e13\u0e44\u0e14\u0e49\u0e25\u0e07\u0e17\u0e30\u0e40\u0e1a\u0e35\u0e22\u0e19\u0e40\u0e23\u0e35\u0e22\u0e1a\u0e23\u0e49\u0e2d\u0e22\u0e41\u0e25\u0e49\u0e27 \u0e23\u0e32\u0e22\u0e25\u0e30\u0e40\u0e2d\u0e35\u0e22\u0e14\u0e01\u0e32\u0e23\u0e40\u0e02\u0e49\u0e32\u0e2a\u0e39\u0e48\u0e23\u0e30\u0e1a\u0e1a\u0e02\u0e2d\u0e07\u0e04\u0e38\u0e13\u0e21\u0e35\u0e14\u0e31\u0e07\u0e19\u0e35\u0e49 ', <br/>, <br/>, ' \u0e2d\u0e35\u0e40\u0e21\u0e25: #EMAIL# ', <br/>, <br/>, ' #PASSWORD# ', <br/>, ' ', <br/>, ' #MAILFOOTER#']"}, {"language": "ID", "subject": "Selamat! Pendaftaran Toko berhasil. Selamat Datang di keluarga.", "body": "[' Dear #NAME# , ', <br/>, <br/>, ' Selamat Datang di keluarga! Anda telah berhasil mendaftar. Detail login Anda adalah sebagai berikut. ', <br/>, <br/>, ' Email: #EMAIL# ', <br/>, <br/>, ' #PASSWORD# ', <br/>, ' ', <br/>, ' #MAILFOOTER#']"}, {"language": "DE", "subject": "Herzliche Gl\u00fcckw\u00fcnsche! Registrierung erfolgreich abschlie\u00dfen Wilkommen in der Familie.", "body": "[' Lieber #NAME# , ', <br/>, <br/>, ' Wilkommen in der Familie! Du hast dich erfolgreich registriert. Ihre Zugangsdaten lauten wie folgt. ', <br/>, <br/>, ' E-Mail: #EMAIL# ', <br/>, <br/>, ' #PASSWORD# ', <br/>, ' ', <br/>, ' #MAILFOOTER#']"}, {"language": "ES", "subject": "\u00a1Felicidades! Registro de tienda exitoso. Bienvenido a la familia.", "body": "[' Estimado #NAME# , ', <br/>, <br/>, ' \u00a1Bienvenido a la familia! Te has registrado exitosamente. Sus datos de inicio de sesi\u00f3n son los siguientes. ', <br/>, <br/>, ' Correo electr\u00f3nico: #EMAIL# ', <br/>, <br/>, ' #PASSWORD# ', <br/>, ' ', <br/>, ' #MAILFOOTER#']"}, {"language": "IT", "subject": "Congratulazioni! Registrazione del negozio avvenuta con successo. Benvenuto in famiglia.", "body": "[' Gentile #NAME# , ', <br/>, <br/>, ' Benvenuto in famiglia! Hai completato la registrazione con successo. I tuoi dati di accesso sono i seguenti. ', <br/>, <br/>, ' Email: #EMAIL# ', <br/>, <br/>, ' #PASSWORD# ', <br/>, ' ', <br/>, ' #MAILFOOTER#']"}, {"language": "AR", "subject": "\u062a\u0647\u0627\u0646\u064a\u0646\u0627! \u062a\u0633\u062c\u064a\u0644 \u0627\u0644\u0645\u062a\u062c\u0631 \u0646\u0627\u062c\u062d. \u0627\u0647\u0644\u0627 \u0628\u0643 \u0641\u064a \u0627\u0644\u0639\u0627\u0626\u0644\u0629.", "body": "[' \u0639\u0632\u064a\u0632\u064a #NAME# \u060c ', <br/>, <br/>, ' \u0627\u0647\u0644\u0627 \u0628\u0643 \u0641\u064a \u0627\u0644\u0639\u0627\u0626\u0644\u0629! \u0644\u0642\u062f \u0633\u062c\u0644\u062a \u0628\u0646\u062c\u0627\u062d. \u062a\u0641\u0627\u0635\u064a\u0644 \u062a\u0633\u062c\u064a\u0644 \u0627\u0644\u062f\u062e\u0648\u0644 \u0627\u0644\u062e\u0627\u0635\u0629 \u0628\u0643 \u0647\u064a \u0639\u0644\u0649 \u0627\u0644\u0646\u062d\u0648 \u0627\u0644\u062a\u0627\u0644\u064a. ', <br/>, <br/>, ' \u0627\u0644\u0628\u0631\u064a\u062f \u0627\u0644\u0625\u0644\u0643\u062a\u0631\u0648\u0646\u064a: #EMAIL# ', <br/>, <br/>, ' #PASSWORD# ', <br/>, ' ', <br/>, ' #MAILFOOTER#']"}, {"language": "UR", "subject": "\u0645\u0628\u0627\u0631\u06a9 \u06c1\u0648! \u0627\u0633\u0679\u0648\u0631 \u0631\u062c\u0633\u0679\u0631\u06cc\u0634\u0646 \u06a9\u0627\u0645\u06cc\u0627\u0628 \u062e\u0627\u0646\u062f\u0627\u0646 \u0645\u06cc\u06ba \u062e\u0648\u0634 \u0622\u0645\u062f\u06cc\u062f.", "body": "[' \u0639\u0632\u06cc\u0632 #NAME# \u060c ', <br/>, <br/>, ' \u062e\u0627\u0646\u062f\u0627\u0646 \u0645\u06cc\u06ba \u062e\u0648\u0634 \u0622\u0645\u062f\u06cc\u062f! \u0622\u067e \u0646\u06d2 \u06a9\u0627\u0645\u06cc\u0627\u0628\u06cc \u0633\u06d2 \u062f\u0631\u062c \u06a9\u06cc\u0627 \u06c1\u06d2. \u0622\u067e \u06a9\u06d2 \u0644\u0627\u06af \u0627\u0646 \u06a9\u06cc \u062a\u0641\u0635\u06cc\u0644\u0627\u062a \u0645\u0646\u062f\u0631\u062c\u06c1 \u0630\u06cc\u0644 \u06c1\u06cc\u06ba. ', <br/>, <br/>, ' \u0627\u06cc \u0645\u06cc\u0644: #EMAIL# ', <br/>, <br/>, ' #PASSWORD# ', <br/>, ' ', <br/>, ' #MAILFOOTER#']"}, {"language": "AZ", "subject": "T\u0259brik edirik! Ma\u011faza qeydiyyat\u0131 u\u011furlu. Ail\u0259y\u0259 xo\u015f g\u0259lmis\u0259n.", "body": "[' H\u00f6rm\u0259tli #NAME# , ', <br/>, <br/>, ' Ail\u0259y\u0259 xo\u015f g\u0259lmis\u0259n! Siz u\u011furla qeydiyyatdan ke\u00e7diniz. Giri\u015f bilgileriniz a\u015fa\u011f\u0131dak\u0131lard\u0131r. ', <br/>, <br/>, ' E-po\u00e7t: #EMAIL# ', <br/>, <br/>, ' #PASSWORD# ', <br/>, ' ', <br/>, ' #MAILFOOTER#']"}, {"language": "ZH", "subject": "\u606d\u559c\uff01\u5546\u5e97\u6ce8\u518c\u6210\u529f\u3002\u6b22\u8fce\u6765\u5230\u8fd9\u4e2a\u5bb6\u5ead\u3002", "body": "[' \u4eb2\u7231\u7684#NAME# \uff0c ', <br/>, <br/>, '\u6b22\u8fce\u6765\u5230\u8fd9\u4e2a\u5bb6\u5ead\uff01\u60a8\u5df2\u6210\u529f\u6ce8\u518c\u3002\u60a8\u7684\u767b\u5f55\u8be6\u7ec6\u4fe1\u606f\u5982\u4e0b\u3002 ', <br/>, <br/>, '\u7535\u5b50\u90ae\u4ef6\uff1a #EMAIL# ', <br/>, <br/>, ' #PASSWORD# ', <br/>, ' ', <br/>, ' #MAILFOOTER#']"}, {"language": "PT", "subject": "Parab\u00e9ns! Registro de loja com sucesso. Bem-vindo \u00e0 fam\u00edlia.", "body": "[' Querido #NAME# , ', <br/>, <br/>, ' Bem-vindo \u00e0 fam\u00edlia! Voc\u00ea se registrou com sucesso. Seus detalhes de login s\u00e3o os seguintes. ', <br/>, <br/>, ' Email: #EMAIL# ', <br/>, <br/>, ' #PASSWORD# ', <br/>, ' ', <br/>, ' #MAILFOOTER#']"}, {"language": "ZU", "subject": "Siyakuhalalisela! Ukubhalisa ukugcina kuphumelele. Siyakwamukela emndenini.", "body": "[' Uthando #NAME# , ', <br/>, <br/>, ' Siyakwamukela kuMndeni! Ubhalisile ngempumelelo. Imininingwane yakho yokungena ngemvume kanje. ', <br/>, <br/>, ' Imeyili: #EMAIL# ', <br/>, <br/>, ' #PASSWORD# ', <br/>, ' ', <br/>, ' #MAILFOOTER#']"}, {"language": "SW", "subject": "Hongera! Hifadhi ya Usajili imefanikiwa. Karibu kwa familia.", "body": "[' Mpendwa #NAME# , ', <br/>, <br/>, ' Karibu kwenye Familia! Umeandikisha kwa ufanisi. Maelezo yako ya kuingia ni kama ifuatavyo. ', <br/>, <br/>, ' Barua pepe: #EMAIL# ', <br/>, <br/>, ' #PASSWORD# ', <br/>, ' ', <br/>, ' #MAILFOOTER#']"}, {"language": "KU", "subject": "P\u00eeroz be! Serkeftin\u00ea tomar kir. Bi malbata te hat\u00ee.", "body": "[' Bir\u00eaz #NAME# , ', <br/>, <br/>, ' Bi malbata te re! Te bi serkeft\u00ee qeydkir\u00ee ye. Agahdariy\u00ean hesab\u00ea we wiha ye. ', <br/>, <br/>, ' E-mail: #EMAIL# ', <br/>, <br/>, ' #PASSWORD# ', <br/>, ' ', <br/>, ' #MAILFOOTER#']"}, {"language": "MS", "subject": "Tahniah! Pendaftaran Kedai berjaya. Selamat datang kepada keluarga.", "body": "[' Dear #NAME# , ', <br/>, <br/>, ' Selamat datang ke Keluarga! Anda telah berjaya mendaftar. Butiran log masuk anda adalah seperti berikut. ', <br/>, <br/>, ' E-mel: #EMAIL# ', <br/>, <br/>, ' #PASSWORD# ', <br/>, ' ', <br/>, ' #MAILFOOTER#']"}, {"language": "SI", "subject": "\u0dc3\u0dd4\u0db6\u0db4\u0dd0\u0dad\u0dd4\u0db8\u0dca! \u0dbd\u0dd2\u0dba\u0dcf\u0db4\u0daf\u0dd2\u0d82\u0da0\u0dd2\u0dba \u0dc3\u0dcf\u0dbb\u0dca\u0dae\u0d9a\u0dba\u0dd2. \u0db4\u0dc0\u0dd4\u0dbd\u0da7 \u0dc3\u0dcf\u0daf\u0dbb\u0dba\u0dd9\u0db1\u0dca \u0db4\u0dd2\u0dc5\u0dd2\u0d9c\u0db1\u0dd2\u0db8\u0dd4.", "body": "[' \u0dc4\u0dd2\u0dad\u0dc0\u0dad\u0dca #NAME# , ', <br/>, <br/>, ' \u0db4\u0dc0\u0dd4\u0dbd\u0da7 \u0dc3\u0dcf\u0daf\u0dbb\u0dba\u0dd9\u0db1\u0dca \u0db4\u0dd2\u0dc5\u0dd2\u0d9c\u0db1\u0dd2\u0db8\u0dd4! \u0d94\u0db6 \u0dc3\u0dcf\u0dbb\u0dca\u0dae\u0d9a\u0dc0 \u0dbd\u0dd2\u0dba\u0dcf\u0db4\u0daf\u0dd2\u0d82\u0da0\u0dd2 \u0dc0\u0dd3 \u0d87\u0dad. \u0d94\u0db6\u0d9c\u0dda \u0db4\u0dd2\u0dc0\u0dd2\u0dc3\u0dd4\u0db8\u0dca \u0dc0\u0dd2\u0dc3\u0dca\u0dad\u0dbb \u0db4\u0dc4\u0dad \u0db4\u0dbb\u0dd2\u0daf\u0dd2 \u0dc0\u0dda. ', <br/>, <br/>, ' \u0dc0\u0dd2\u0daf\u0dca\u0dba\u0dd4\u0dad\u0dca \u0dad\u0dd0\u0db4\u0dd1\u0dbd: #EMAIL# \u0d8a\u0db8\u0dda\u0dbd\u0dca #EMAIL# ', <br/>, <br/>, ' #PASSWORD# ', <br/>, ' ', <br/>, ' #MAILFOOTER#']"}, {"language": "TA", "subject": "\u0bb5\u0bbe\u0bb4\u0bcd\u0ba4\u0bcd\u0ba4\u0bc1\u0b95\u0bcd\u0b95\u0bb3\u0bcd! \u0b95\u0b9f\u0bc8 \u0baa\u0ba4\u0bbf\u0bb5\u0bc1 \u0bb5\u0bc6\u0bb1\u0bcd\u0bb1\u0bbf\u0b95\u0bb0\u0bae\u0bbe\u0b95. \u0b95\u0bc1\u0b9f\u0bc1\u0bae\u0bcd\u0baa\u0ba4\u0bcd\u0ba4\u0bbf\u0bb1\u0bcd\u0b95\u0bc1 \u0bb5\u0bb0\u0bb5\u0bc7\u0bb1\u0bcd\u0b95\u0bbf\u0bb1\u0bcb\u0bae\u0bcd.", "body": "[' \u0b85\u0ba9\u0bcd\u0baa\u0bc7 #NAME# , ', <br/>, <br/>, ' \u0b95\u0bc1\u0b9f\u0bc1\u0bae\u0bcd\u0baa\u0ba4\u0bcd\u0ba4\u0bbf\u0bb1\u0bcd\u0b95\u0bc1 \u0bb5\u0bb0\u0bb5\u0bc7\u0bb1\u0bcd\u0b95\u0bbf\u0bb1\u0bcb\u0bae\u0bcd! \u0bb5\u0bc6\u0bb1\u0bcd\u0bb1\u0bbf\u0b95\u0bb0\u0bae\u0bbe\u0b95 \u0baa\u0ba4\u0bbf\u0bb5\u0bc1 \u0b9a\u0bc6\u0baf\u0bcd\u0ba4\u0bc1\u0bb3\u0bcd\u0bb3\u0bc0\u0bb0\u0bcd\u0b95\u0bb3\u0bcd. \u0b89\u0b99\u0bcd\u0b95\u0bb3\u0bcd \u0b89\u0bb3\u0bcd\u0ba8\u0bc1\u0bb4\u0bc8\u0bb5\u0bc1 \u0bb5\u0bbf\u0bb5\u0bb0\u0b99\u0bcd\u0b95\u0bb3\u0bcd \u0baa\u0bbf\u0ba9\u0bcd\u0bb5\u0bb0\u0bc1\u0bae\u0bbe\u0bb1\u0bc1. ', <br/>, <br/>, ' \u0bae\u0bbf\u0ba9\u0bcd\u0ba9\u0b9e\u0bcd\u0b9a\u0bb2\u0bcd: #EMAIL# ', <br/>, <br/>, ' #PASSWORD# ', <br/>, ' ', <br/>, ' #MAILFOOTER#']"}, {"language": "VI", "subject": "Xin ch\u00fac m\u1eebng! \u0110\u0103ng k\u00fd c\u1eeda h\u00e0ng th\u00e0nh c\u00f4ng. Ch\u00e0o m\u1eebng \u0111\u1ebfn v\u1edbi gia \u0111\u00ecnh.", "body": "[' K\u00ednh g\u1eedi #NAME# , ', <br/>, <br/>, ' Ch\u00e0o m\u1eebng \u0111\u1ebfn v\u1edbi gia \u0111\u00ecnh! B\u1ea1n \u0111\u00e3 \u0111\u0103ng k\u00fd th\u00e0nh c\u00f4ng. Chi ti\u1ebft \u0111\u0103ng nh\u1eadp c\u1ee7a b\u1ea1n nh\u01b0 sau. ', <br/>, <br/>, ' Email: #EMAIL# ', <br/>, <br/>, ' #PASSWORD# ', <br/>, ' ', <br/>, ' #MAILFOOTER#']"}, {"language": "TL", "subject": "Binabati kita! Matagumpay ang Pag-rehistro ng Store Maligayang pagdating sa pamilya.", "body": "[' Mahal na #NAME# , ', <br/>, <br/>, ' Maligayang Pagdating sa Pamilya! Matagumpay kang nakarehistro. Ang iyong mga detalye sa pag-login ay ang mga sumusunod. ', <br/>, <br/>, ' Email: #EMAIL# ', <br/>, <br/>, ' #PASSWORD# ', <br/>, ' ', <br/>, ' #MAILFOOTER#']"}, {"language": "KM", "subject": "\u17a2\u1794\u17a2\u179a\u179f\u17b6\u1791\u179a! \u179a\u1780\u17d2\u179f\u17b6\u1791\u17bb\u1780\u1780\u17b6\u179a\u1785\u17bb\u17c7\u1788\u17d2\u1798\u17c4\u17c7\u1791\u1791\u17bd\u179b\u1794\u17b6\u1793\u1787\u17c4\u1782\u1787\u17d0\u1799\u17d4 \u179f\u17d2\u179c\u17b6\u1782\u1798\u1793\u17cd\u1782\u17d2\u179a\u17bd\u179f\u17b6\u179a\u17d4", "body": "[' \u1787\u17bc\u1793\u1785\u17c6\u1796\u17c4\u17c7 #NAME# , ', <br/>, <br/>, ' \u179f\u17d2\u179c\u17b6\u1782\u1798\u1793\u17cd\u1798\u1780\u1780\u17b6\u1793\u17cb\u1780\u17d2\u179a\u17bb\u1798\u1782\u17d2\u179a\u17bd\u179f\u17b6\u179a! \u17a2\u17d2\u1793\u1780\u1794\u17b6\u1793\u1785\u17bb\u17c7\u1788\u17d2\u1798\u17c4\u17c7\u178a\u17c4\u1799\u1787\u17c4\u1782\u1787\u17d0\u1799\u17d4 \u1796\u178f\u17cc\u1798\u17b6\u1793\u179b\u17c6\u17a2\u17b7\u178f\u1780\u17b6\u179a\u1785\u17bc\u179b\u179a\u1794\u179f\u17cb\u17a2\u17d2\u1793\u1780\u1798\u17b6\u1793\u178a\u17bc\u1785\u1781\u17b6\u1784\u1780\u17d2\u179a\u17c4\u1798\u17d4 ', <br/>, <br/>, ' \u17a2\u17ca\u17b8\u1798\u17c2\u179b: #EMAIL# ', <br/>, <br/>, ' #PASSWORD# ', <br/>, ' ', <br/>, ' #MAILFOOTER#']"}, {"language": "BN", "subject": "\u0985\u09ad\u09bf\u09a8\u09a8\u09cd\u09a6\u09a8! \u09b8\u09cd\u099f\u09cb\u09b0 \u09a8\u09bf\u09ac\u09a8\u09cd\u09a7\u09a8 \u09b8\u09ab\u09b2\u0964 \u09aa\u09b0\u09bf\u09ac\u09be\u09b0\u09c7 \u09b8\u09cd\u09ac\u09be\u0997\u09a4\u09ae.", "body": "[' \u09aa\u09cd\u09b0\u09bf\u09af\u09bc #NAME# , ', <br/>, <br/>, ' \u09aa\u09b0\u09bf\u09ac\u09be\u09b0\u09c7 \u09b8\u09cd\u09ac\u09be\u0997\u09a4\u09ae! \u0986\u09aa\u09a8\u09bf \u09b8\u09ab\u09b2\u09ad\u09be\u09ac\u09c7 \u09a8\u09bf\u09ac\u09a8\u09cd\u09a7\u09bf\u09a4 \u09b9\u09af\u09bc\u09c7\u099b\u09c7\u0964 \u09a8\u09bf\u09ae\u09cd\u09a8\u09b0\u09c2\u09aa \u0986\u09aa\u09a8\u09be\u09b0 \u09b2\u0997\u0987\u09a8 \u09ac\u09bf\u09ac\u09b0\u09a3\u0964 ', <br/>, <br/>, ' \u0987\u09ae\u09c7\u09b2: #EMAIL# ', <br/>, <br/>, ' #PASSWORD# ', <br/>, ' ', <br/>, ' #MAILFOOTER#']"}, {"language": "JA", "subject": "\u304a\u3081\u3067\u3068\u3046\u3054\u3056\u3044\u307e\u3059\u3002\u30b9\u30c8\u30a2\u767b\u9332\u304c\u6210\u529f\u3057\u307e\u3057\u305f\u3002\u5bb6\u65cf\u306b\u3088\u3046\u3053\u305d\u3002", "body": "[' #NAME# ', <br/>, <br/>, '\u5bb6\u65cf\u306b\u3088\u3046\u3053\u305d\uff01\u3042\u306a\u305f\u304c\u6b63\u5e38\u306b\u767b\u9332\u3055\u308c\u3066\u3044\u307e\u3059\u3002\u3042\u306a\u305f\u306e\u30ed\u30b0\u30a4\u30f3\u306e\u8a73\u7d30\u306f\u4ee5\u4e0b\u306e\u901a\u308a\u3067\u3059\u3002 ', <br/>, <br/>, '\u30e1\u30fc\u30eb#EMAIL# \uff1a #EMAIL# ', <br/>, <br/>, ' #PASSWORD# ', <br/>, ' ', <br/>, ' #MAILFOOTER#']"}, {"language": "KO", "subject": "\ucd95\ud558\ud574! \uc0c1\uc810 \ub4f1\ub85d\uc5d0 \uc131\uacf5\ud588\uc2b5\ub2c8\ub2e4. \uac00\uc871\uc774 \ub41c\uac83\uc744 \ud658\uc601 \ud574.", "body": "[' #NAME# , ', <br/>, <br/>, ' \uac00\uc871\uc774 \ub41c\uac83\uc744 \ud658\uc601 \ud574! \uadc0\ud558\ub294 \uc131\uacf5\uc801\uc73c\ub85c \ub4f1\ub85d\ud588\uc2b5\ub2c8\ub2e4. \ub85c\uadf8\uc778 \uc138\ubd80 \uc815\ubcf4\ub294 \ub2e4\uc74c\uacfc \uac19\uc2b5\ub2c8\ub2e4. ', <br/>, <br/>, ' \uc774\uba54\uc77c : #EMAIL# ', <br/>, <br/>, ' #PASSWORD# ', <br/>, ' ', <br/>, ' #MAILFOOTER#']"}, {"language": "YO", "subject": "Oriire! Iforuk\u1ecd Iforuk\u1ecd sil\u1eb9. Kaabo si \u1eb9bi.", "body": "[' Eyin #NAME# , ', <br/>, <br/>, ' Kaabo si \u1eb8bi! O ti fi aami sil\u1eb9 daradara. Aw\u1ecdn alaye wiw\u1ecdle r\u1eb9 ni aw\u1ecdn w\u1ecdnyi. ', <br/>, <br/>, ' Imeeli: #EMAIL# ', <br/>, <br/>, ' #PASSWORD# ', <br/>, ' ', <br/>, ' #MAILFOOTER#']"}, {"language": "TR", "subject": "Tebrikler! Ma\u011faza Kayd\u0131 ba\u015far\u0131l\u0131. Ailesine ho\u015f geldiniz.", "body": "[' Sevgili #NAME# , ', <br/>, <br/>, ' Ailesine ho\u015f geldiniz! Ba\u015far\u0131yla kaydoldunuz. Giri\u015f bilgileriniz a\u015fa\u011f\u0131daki gibidir. ', <br/>, <br/>, ' E-posta: #EMAIL# ', <br/>, <br/>, ' #PASSWORD# ', <br/>, ' ', <br/>, ' #MAILFOOTER#']"}, {"language": "RU", "subject": "\u041f\u043e\u0437\u0434\u0440\u0430\u0432\u043b\u044f\u0435\u043c! \u0420\u0435\u0433\u0438\u0441\u0442\u0440\u0430\u0446\u0438\u044f \u043c\u0430\u0433\u0430\u0437\u0438\u043d\u0430 \u043f\u0440\u043e\u0448\u043b\u0430 \u0443\u0441\u043f\u0435\u0448\u043d\u043e. \u0414\u043e\u0431\u0440\u043e \u043f\u043e\u0436\u0430\u043b\u043e\u0432\u0430\u0442\u044c \u0432 \u0441\u0435\u043c\u044c\u044e.", "body": "[' \u0423\u0432\u0430\u0436\u0430\u0435\u043c\u044b\u0439 #NAME# , ', <br/>, <br/>, ' \u0414\u043e\u0431\u0440\u043e \u043f\u043e\u0436\u0430\u043b\u043e\u0432\u0430\u0442\u044c \u0432 \u0441\u0435\u043c\u044c\u044e! \u0412\u044b \u0443\u0441\u043f\u0435\u0448\u043d\u043e \u0437\u0430\u0440\u0435\u0433\u0438\u0441\u0442\u0440\u0438\u0440\u043e\u0432\u0430\u043b\u0438\u0441\u044c. \u0412\u0430\u0448\u0438 \u0434\u0430\u043d\u043d\u044b\u0435 \u0434\u043b\u044f \u0432\u0445\u043e\u0434\u0430 \u0432 \u0441\u0438\u0441\u0442\u0435\u043c\u0443 \u0441\u043b\u0435\u0434\u0443\u044e\u0449\u0438\u0435. ', <br/>, <br/>, ' Email: #EMAIL# ', <br/>, <br/>, ' #PASSWORD# ', <br/>, ' ', <br/>, ' #MAILFOOTER#']"}, {"language": "FA", "subject": "\u062a\u0628\u0631\u06cc\u06a9 \u0645\u06cc \u06af\u0648\u06cc\u0645! \u0641\u0631\u0648\u0634\u06af\u0627\u0647 \u062b\u0628\u062a \u0646\u0627\u0645 \u0645\u0648\u0641\u0642 \u0634\u062f. \u0628\u0647 \u062e\u0627\u0646\u0648\u0627\u062f\u0647 \u062e\u0648\u0634 \u0622\u0645\u062f\u06cc\u062f.", "body": "[' \u0639\u0632\u06cc\u0632 #NAME# ', <br/>, <br/>, ' \u0628\u0647 \u062e\u0627\u0646\u0648\u0627\u062f\u0647 \u062e\u0648\u0634 \u0622\u0645\u062f\u06cc\u062f! \u0634\u0645\u0627 \u0628\u0627 \u0645\u0648\u0641\u0642\u06cc\u062a \u062b\u0628\u062a \u0646\u0627\u0645 \u06a9\u0631\u062f\u06cc\u062f. \u0627\u0637\u0644\u0627\u0639\u0627\u062a \u0648\u0631\u0648\u062f \u0634\u0645\u0627 \u0628\u0647 \u0634\u0631\u062d \u0632\u06cc\u0631 \u0627\u0633\u062a. ', <br/>, <br/>, ' \u0627\u06cc\u0645\u06cc\u0644: #EMAIL# ', <br/>, <br/>, ' #PASSWORD# ', <br/>, ' ', <br/>, ' #MAILFOOTER#']"}, {"language": "MY", "subject": "\u1002\u102f\u100f\u103a\u101a\u1030\u1015\u102b\u1010\u101a\u103a! \u1021\u1031\u102c\u1004\u103a\u1019\u103c\u1004\u103a\u101e\u1031\u102c Store \u1000\u102d\u102f\u1019\u103e\u1010\u103a\u1015\u102f\u1036\u1010\u1004\u103a\u1001\u103c\u1004\u103a\u1038\u104b \u1019\u102d\u101e\u102c\u1038\u1005\u102f\u1019\u103e\u101c\u103e\u102d\u102f\u1000\u103a\u101c\u103e\u1032\u1005\u103d\u102c\u1000\u103c\u102d\u102f\u1006\u102d\u102f\u1015\u102b\u101e\u100a\u103a\u104b", "body": "[' \u1001\u103b\u1005\u103a\u1001\u1004\u103a\u101b\u1015\u102b\u101e\u1031\u102c #NAME# , ', <br/>, <br/>, ' \u1019\u102d\u101e\u102c\u1038\u1005\u102f\u1019\u103e\u1000\u103c\u102d\u102f\u1006\u102d\u102f\u1015\u102b\u101e\u100a\u103a! \u101e\u1004\u103b\u101e\u100a\u103b\u1000\u102d\u102f\u1021\u1031\u102c\u1004\u103a\u1019\u103c\u1004\u103a\u1005\u103d\u102c\u1019\u103e\u1010\u103a\u1015\u102f\u1036\u1010\u1004\u103a\u1015\u103c\u102e\u1038\u1015\u102b\u1015\u103c\u102e\u104b \u1021\u1031\u102c\u1000\u103a\u1019\u103e\u102c\u1016\u1031\u102c\u103a\u1015\u103c\u1011\u102c\u1038\u1010\u1032\u1037\u1021\u1010\u102d\u102f\u1004\u103a\u1038\u101e\u1004\u103a\u1037\u101b\u1032\u1037 login \u1021\u101e\u1031\u1038\u1005\u102d\u1010\u103a\u1016\u103c\u1005\u103a\u1000\u103c\u101e\u100a\u103a\u104b ', <br/>, <br/>, ' \u1021\u102e\u1038\u1019\u1031\u1038\u101c\u103a: #EMAIL# ', <br/>, <br/>, ' #PASSWORD# ', <br/>, ' ', <br/>, ' #MAILFOOTER#']"}, {"language": "HI", "subject": "\u092c\u0927\u093e\u0908 \u0939\u094b! \u0938\u094d\u091f\u094b\u0930 \u092a\u0902\u091c\u0940\u0915\u0930\u0923 \u0938\u092b\u0932\u0964 \u092a\u0930\u093f\u0935\u093e\u0930 \u092e\u0947\u0902 \u0906\u092a\u0915\u093e \u0938\u094d\u0935\u093e\u0917\u0924 \u0939\u0948\u0964", "body": "[' \u092a\u094d\u0930\u093f\u092f #NAME# , ', <br/>, <br/>, ' \u092a\u0930\u093f\u0935\u093e\u0930 \u092e\u0947\u0902 \u0906\u092a\u0915\u093e \u0938\u094d\u0935\u093e\u0917\u0924 \u0939\u0948! \u0906\u092a\u0928\u0947 \u0938\u092b\u0932\u0924\u093e\u092a\u0942\u0930\u094d\u0935\u0915 \u092a\u0902\u091c\u0940\u0915\u0930\u0923 \u0915\u0930 \u0932\u093f\u092f\u093e \u0939\u0948\u0964 \u0906\u092a\u0915\u0947 \u0932\u0949\u0917\u093f\u0928 \u0935\u093f\u0935\u0930\u0923 \u0907\u0938 \u092a\u094d\u0930\u0915\u093e\u0930 \u0939\u0948\u0902\u0964 ', <br/>, <br/>, ' \u0908\u092e\u0947\u0932: #EMAIL# ', <br/>, <br/>, ' #PASSWORD# ', <br/>, ' ', <br/>, ' #MAILFOOTER#']"}, {"language": "IW", "subject": "\u05de\u05d6\u05dc \u05d8\u05d5\u05d1! \u05e8\u05d9\u05e9\u05d5\u05dd \u05d4\u05e8\u05e9\u05de\u05d4 \u05de\u05d5\u05e6\u05dc\u05d7. \u05d1\u05e8\u05d5\u05da \u05d4\u05d1\u05d0 \u05dc\u05de\u05e9\u05e4\u05d7\u05d4.", "body": "[' \u05e9\u05dc\u05d5\u05dd #NAME# , ', <br/>, <br/>, ' \u05d1\u05e8\u05d5\u05da \u05d4\u05d1\u05d0 \u05dc\u05de\u05e9\u05e4\u05d7\u05d4! \u05e0\u05e8\u05e9\u05de\u05ea \u05d1\u05d4\u05e6\u05dc\u05d7\u05d4. \u05e4\u05e8\u05d8\u05d9 \u05d4\u05db\u05e0\u05d9\u05e1\u05d4 \u05e9\u05dc\u05da \u05d4\u05dd \u05db\u05d3\u05dc\u05e7\u05de\u05df. ', <br/>, <br/>, ' \u05d3\u05d5\u05d0\"\u05dc: #EMAIL# ', <br/>, <br/>, ' #PASSWORD# ', <br/>, ' ', <br/>, ' #MAILFOOTER#']"}, {"language": "FR", "subject": "Toutes nos f\u00e9licitations! Enregistrement en magasin r\u00e9ussi. Bienvenue \u00e0 la famille.", "body": "[' Cher #NAME# , ', <br/>, <br/>, ' Bienvenue \u00e0 la famille! Vous vous \u00eates bien inscrit. Vos identifiants de connexion sont les suivants. ', <br/>, <br/>, ' Email: #EMAIL# ', <br/>, <br/>, ' #PASSWORD# ', <br/>, ' ', <br/>, ' #MAILFOOTER#']"}, {"language": "DA", "subject": "Tillykke! Store Registrering succesfuld. Velkommen til familien.", "body": "[' K\u00e6re #NAME# , ', <br/>, <br/>, ' Velkommen til familien! Du har registreret dig. Dine loginoplysninger er som f\u00f8lger. ', <br/>, <br/>, ' Email: #EMAIL# ', <br/>, <br/>, ' #PASSWORD# ', <br/>, ' ', <br/>, ' #MAILFOOTER#']"}]}