{"purpose": "Notify Rider when new  scheduled booking", "templates": [{"language": "AF", "subject": "Manuele besprekingsbesonderhede", "body": "[' ', <b>Liewe</b>, ' #Rider# , ', <br/>, <br/>, ' U bespreking is geskeduleer. ', <br/>, <br/>, ' Hieronder is die besonderhede. ', <br/>, <br/>, ' ', <b>Besprekingsnommer:</b>, ' #BookingNo# ', <br/>, <br/>, ' ', <b>Van Adres:</b>, ' #SourceAddress# ', <br/>, <br/>, ' ', <b>Om te adresseer:</b>, ' #DestinationAddress# ', <br/>, <br/>, ' ', <b>Boekingsdatum:</b>, ' #Rider# ', <br/>, <br/>, <br/>, ' ', <b>Dankie! #MailFooter#</b>]"}, {"language": "EN", "subject": "Manual Booking Details", "body": "[' ', <b>Dear </b>, '#Rider#,', <br/>, '\\n', <br/>, '\\nYour booking is scheduled.', <br/>, '\\n', <br/>, '\\nBelow are the details.', <br/>, '\\n', <br/>, '\\n', <b>Booking No:</b>, ' #BookingNo#', <br/>, '\\n', <br/>, '\\n', <b>From Address:</b>, ' #SourceAddress#', <br/>, '\\n', <br/>, '\\n', <b>To Address:</b>, ' #DestinationAddress#', <br/>, '\\n', <br/>, '\\n', <b>Booking Date:</b>, ' #Ddate#', <br/>, '\\n', <br/>, '\\n', <br/>, '\\n', <b>\nThanks!  #MailFooter#</b>]"}, {"language": "TH", "subject": "\u0e23\u0e32\u0e22\u0e25\u0e30\u0e40\u0e2d\u0e35\u0e22\u0e14\u0e01\u0e32\u0e23\u0e08\u0e2d\u0e07\u0e14\u0e49\u0e27\u0e22\u0e15\u0e19\u0e40\u0e2d\u0e07", "body": "[' ', <b>\u0e40\u0e23\u0e35\u0e22\u0e19</b>, ' #Rider# ', <br/>, <br/>, ' \u0e01\u0e33\u0e2b\u0e19\u0e14\u0e01\u0e32\u0e23\u0e08\u0e2d\u0e07\u0e02\u0e2d\u0e07\u0e04\u0e38\u0e13 ', <br/>, <br/>, ' \u0e14\u0e49\u0e32\u0e19\u0e25\u0e48\u0e32\u0e07\u0e40\u0e1b\u0e47\u0e19\u0e23\u0e32\u0e22\u0e25\u0e30\u0e40\u0e2d\u0e35\u0e22\u0e14 ', <br/>, <br/>, ' ', <b>\u0e2b\u0e21\u0e32\u0e22\u0e40\u0e25\u0e02\u0e01\u0e32\u0e23\u0e08\u0e2d\u0e07:</b>, ' #BookingNo# ', <br/>, <br/>, ' ', <b>\u0e08\u0e32\u0e01\u0e17\u0e35\u0e48\u0e2d\u0e22\u0e39\u0e48:</b>, ' #SourceAddress# ', <br/>, <br/>, ' ', <b>\u0e44\u0e1b\u0e22\u0e31\u0e07\u0e17\u0e35\u0e48\u0e2d\u0e22\u0e39\u0e48:</b>, ' #DestinationAddress# ', <br/>, <br/>, ' ', <b>\u0e27\u0e31\u0e19\u0e17\u0e35\u0e48\u0e08\u0e2d\u0e07:</b>, ' #Rider# ', <br/>, <br/>, <br/>, ' ', <b>\u0e02\u0e2d\u0e1a\u0e04\u0e38\u0e13! #MailFooter#</b>]"}, {"language": "ID", "subject": "Rincian Pemesanan Manual", "body": "[' ', <b>Dear</b>, ' #Rider# , ', <br/>, <br/>, ' Pemesanan Anda dijadwalkan. ', <br/>, <br/>, ' Di bawah ini adalah detailnya. ', <br/>, <br/>, ' ', <b>Nomor Pemesanan:</b>, ' #BookingNo# ', <b>PemesananTidak Ada</b>, ' #BookingNo# ', <br/>, <br/>, ' ', <b>Dari Alamat:</b>, ' #SourceAddress# ', <br/>, <br/>, ' ', <b>Ke Alamat:</b>, ' #DestinationAddress# ', <br/>, <br/>, ' ', <b>Tanggal Pemesanan:</b>, ' #Rider# ', <br/>, <br/>, <br/>, ' ', <b>Terima kasih! #MailFooter#</b>]"}, {"language": "DE", "subject": "Manuelle Buchungsdetails", "body": "[' ', <b>Sehr geehrter</b>, ' #Rider# , ', <br/>, <br/>, ' Ihre Buchung ist geplant. ', <br/>, <br/>, ' Unten sind die Details. ', <br/>, <br/>, ' ', <b>Buchungsnummer:</b>, ' #BookingNo# ', <br/>, <br/>, ' ', <b>Von der Adresse:</b>, ' #SourceAddress# ', <br/>, <br/>, ' ', <b>An Adresse:</b>, ' #DestinationAddress# ', <br/>, <br/>, ' ', <b>Buchungsdatum:</b>, ' #Rider# ', <br/>, <br/>, <br/>, ' ', <b>Vielen Dank! #MailFooter#</b>]"}, {"language": "ES", "subject": "Detalles de reserva manual", "body": "[' ', <b>Estimado</b>, ' #Rider# , ', <br/>, <br/>, ' Su reserva est\u00e1 programada. ', <br/>, <br/>, ' A continuaci\u00f3n se presentan los detalles. ', <br/>, <br/>, ' ', <b>Reservaci\u00f3n No:</b>, ' #BookingNo# ', <br/>, <br/>, ' ', <b>Desde Direcci\u00f3n:</b>, ' #SourceAddress# ', <br/>, <br/>, ' ', <b>Direcci\u00f3n:</b>, ' #DestinationAddress# ', <br/>, <br/>, ' ', <b>Fecha de reserva:</b>, ' #Rider# ', <br/>, <br/>, <br/>, ' ', <b>\u00a1Gracias! #MailFooter#</b>]"}, {"language": "IT", "subject": "Dettagli di prenotazione manuale", "body": "[' ', <b>Caro</b>, ' #Rider# , ', <br/>, <br/>, ' La tua prenotazione \u00e8 programmata. ', <br/>, <br/>, ' Di seguito sono i dettagli. ', <br/>, <br/>, ' #BookingNo# ', <b>prenotazione:</b>, ' #BookingNo# ', <br/>, <br/>, ' ', <b>Dall'indirizzo:</b>, ' #SourceAddress# ', <br/>, <br/>, ' ', <b>Indirizzo:</b>, ' #DestinationAddress# ', <br/>, <br/>, ' ', <b>Data di prenotazione:</b>, ' #Rider# ', <br/>, <br/>, <br/>, ' ', <b>Grazie! #MailFooter#</b>]"}, {"language": "AR", "subject": "\u062a\u0641\u0627\u0635\u064a\u0644 \u0627\u0644\u062d\u062c\u0632 \u0627\u0644\u064a\u062f\u0648\u064a", "body": "[' ', <b>\u0639\u0632\u064a\u0632\u064a</b>, ' #Rider# \u060c ', <br/>, <br/>, ' \u0645\u0646 \u0627\u0644\u0645\u0642\u0631\u0631 \u062d\u062c\u0632\u0643. ', <br/>, <br/>, ' \u0623\u062f\u0646\u0627\u0647 \u0647\u064a \u0627\u0644\u062a\u0641\u0627\u0635\u064a\u0644. ', <br/>, <br/>, ' ', <b>\u0631\u0642\u0645 \u0627\u0644\u062d\u062c\u0632:</b>, ' #BookingNo# ', <br/>, <br/>, ' ', <b>\u0645\u0646 \u0627\u0644\u0639\u0646\u0648\u0627\u0646:</b>, ' #SourceAddress# ', <br/>, <br/>, ' ', <b>\u0625\u0644\u0649 \u0627\u0644\u0639\u0646\u0648\u0627\u0646:</b>, ' #DestinationAddress# ', <br/>, <br/>, ' ', <b>\u062a\u0627\u0631\u064a\u062e \u0627\u0644\u062d\u062c\u0632:</b>, ' #Rider# ', <br/>, <br/>, <br/>, ' ', <b>\u0634\u0643\u0631! #MailFooter#</b>]"}, {"language": "UR", "subject": "\u062f\u0633\u062a\u06cc \u06a9\u062a\u0627\u0628\u0686\u06c1 \u06a9\u06cc \u062a\u0641\u0635\u06cc\u0644\u0627\u062a", "body": "[' ', <b>\u0639\u0632\u06cc\u0632</b>, ' #Rider# ', <br/>, <br/>, ' \u0622\u067e \u06a9\u0627 \u0628\u06a9\u0646\u06af \u0645\u0642\u0631\u0631 \u06a9\u06cc\u0627 \u06af\u06cc\u0627 \u06c1\u06d2. ', <br/>, <br/>, ' \u0630\u06cc\u0644 \u0645\u06cc\u06ba \u062a\u0641\u0635\u06cc\u0644\u0627\u062a \u06c1\u06cc\u06ba. ', <br/>, <br/>, ' ', <b>\u0628\u06a9\u0646\u06af \u0646\u0645\u0628\u0631:</b>, ' #BookingNo# ', <b>\u0628\u06a9\u0646\u06af \u06a9\u0648\u0626\u06cc</b>, ' #BookingNo# ', <br/>, <br/>, ' ', <b>\u0627\u06cc\u0688\u0631\u06cc\u0633 \u0633\u06d2:</b>, ' #SourceAddress# ', <br/>, <br/>, ' ', <b>\u0627\u06cc\u0688\u0631\u06cc\u0633 \u06a9\u0631\u0646\u06d2 \u06a9\u06d2 \u0644\u0626\u06d2:</b>, ' #DestinationAddress# ', <b>\u067e\u062a\u06c1</b>, ' #DestinationAddress# ', <br/>, <br/>, ' ', <b>\u0628\u06a9\u0646\u06af \u06a9\u06cc \u062a\u0627\u0631\u06cc\u062e:</b>, ' #Rider# ', <br/>, <br/>, <br/>, ' ', <b>\u0634\u06a9\u0631\u06cc\u06c1! #MailFooter#</b>]"}, {"language": "AZ", "subject": "\u018flaq\u0259dar sifari\u015f m\u0259lumatlar\u0131", "body": "[' ', <b>H\u00f6rm\u0259tli</b>, ' #Rider# , ', <br/>, <br/>, ' Rezervasyonunuz planla\u015fd\u0131r\u0131l\u0131r. ', <br/>, <br/>, ' A\u015fa\u011f\u0131dak\u0131 m\u0259lumatlar. ', <br/>, <br/>, ' ', <b>Rezervasyon No:</b>, ' #BookingNo# ', <b>RezervasyonNo</b>, ' #BookingNo# ', <br/>, <br/>, ' ', <b>\u00dcnvan:</b>, ' #SourceAddress# ', <br/>, <br/>, ' ', <b>\u00dcnvan:</b>, ' #DestinationAddress# ', <br/>, <br/>, ' ', <b>Rezervasyon tarixi:</b>, ' #Rider# ', <br/>, <br/>, <br/>, ' ', <b>T\u0259\u015f\u0259kk\u00fcr edirik! #MailFooter#</b>]"}, {"language": "ZH", "subject": "\u624b\u52a8\u9884\u8ba2\u8be6\u60c5", "body": "[' ', <b>\u4eb2\u7231\u7684</b>, ' #Rider# \uff0c ', <br/>, <br/>, '\u60a8\u7684\u9884\u8ba2\u5df2\u5b89\u6392\u597d\u3002 ', <br/>, <br/>, '\u4ee5\u4e0b\u662f\u8be6\u7ec6\u4fe1\u606f\u3002 ', <br/>, <br/>, ' ', <b>\u9884\u8ba2\u53f7\u7801\uff1a</b>, ' #BookingNo# ', <br/>, <br/>, ' ', <b>\u6765\u81ea\u5730\u5740\uff1a</b>, ' #SourceAddress# ', <br/>, <br/>, ' ', <b>\u5730\u5740\uff1a</b>, ' #DestinationAddress# ', <br/>, <br/>, ' ', <b>\u9884\u8ba2\u65e5\u671f\uff1a</b>, ' #Rider# ', <br/>, <br/>, <br/>, ' ', <b>\u8c22\u8c22\uff01 #MailFooter#</b>]"}, {"language": "PT", "subject": "Detalhes da Reserva Manual", "body": "[' ', <b>Caro</b>, ' #Rider# , ', <br/>, <br/>, ' Sua reserva est\u00e1 agendada. ', <br/>, <br/>, ' Abaixo est\u00e3o os detalhes. ', <br/>, <br/>, ' ', <b>Reservas N\u00e3o:</b>, ' #BookingNo# ', <br/>, <br/>, ' ', <b>Do endere\u00e7o:</b>, ' #SourceAddress# ', <br/>, <br/>, ' ', <b>Para endere\u00e7o:</b>, ' #DestinationAddress# ', <br/>, <br/>, ' ', <b>Data de reserva:</b>, ' #Rider# ', <br/>, <br/>, <br/>, ' ', <b>Obrigado! #MailFooter#</b>]"}, {"language": "ZU", "subject": "Imininingwane yokubhuka ngesandla", "body": "[' ', <b>Ngomunye</b>, ' #Rider# , ', <br/>, <br/>, ' Ukubhuka kwakho kuhlelelwe. ', <br/>, <br/>, ' Ngezansi kukhona imininingwane. ', <br/>, <br/>, ' ', <b>Ukubhuka No:</b>, ' #BookingNo# ', <br/>, <br/>, ' ', <b>Kusuka ku-Ikheli:</b>, ' #SourceAddress# ', <br/>, <br/>, ' ', <b>Ukuze Uvakashele:</b>, ' #DestinationAddress# ', <br/>, <br/>, ' ', <b>Usuku Lokubhuka:</b>, ' #Rider# ', <br/>, <br/>, <br/>, ' ', <b>Siyabonga! #MailFooter#</b>]"}, {"language": "SW", "subject": "Maelezo ya Mwongozo wa Mwongozo", "body": "[' ', <b>Mpendwa</b>, ' #Rider# , ', <br/>, <br/>, ' Uhifadhi wako umepangwa. ', <br/>, <br/>, ' Chini ni maelezo. ', <br/>, <br/>, ' ', <b>Booking No:</b>, ' #BookingNo# ', <br/>, <br/>, ' ', <b>Kutoka kwenye Anwani:</b>, ' #SourceAddress# ', <br/>, <br/>, ' ', <b>Ili Kukabiliana na:</b>, ' #DestinationAddress# ', <br/>, <br/>, ' ', <b>Tarehe ya Marejeo:</b>, ' #Rider# ', <br/>, <br/>, <br/>, ' ', <b>Asante! #MailFooter#</b>]"}, {"language": "KU", "subject": "Agahdariy\u00ean R\u00eaveberiy\u00ea", "body": "[' ', <b>Dear</b>, ' #Rider# , ', <br/>, <br/>, ' Kir\u00eadana we destn\u00ee\u015fan dike. ', <br/>, <br/>, ' Li j\u00ear agahdar\u00ee hene. ', <br/>, <br/>, ' #BookingNo# ', <b>:</b>, ' #BookingNo# ', <br/>, <br/>, ' ', <b>Ji Navn\u00ee\u015fan\u00ea:</b>, ' #SourceAddress# ', <br/>, <br/>, ' ', <b>Navn\u00ee\u015fan:</b>, ' #DestinationAddress# ', <br/>, <br/>, ' ', <b>Booking Date:</b>, ' #Rider# ', <br/>, <br/>, <br/>, ' ', <b>Spas! #MailFooter#</b>]"}, {"language": "MS", "subject": "Butiran Tempahan Manual", "body": "[' ', <b>Dear</b>, ' #Rider# , ', <br/>, <br/>, ' Tempahan anda dijadualkan. ', <br/>, <br/>, ' Berikut adalah butirannya. ', <br/>, <br/>, ' ', <b>Tempahan No:</b>, ' #BookingNo# ', <br/>, <br/>, ' ', <b>Daripada Alamat:</b>, ' #SourceAddress# ', <br/>, <br/>, ' ', <b>Untuk Alamat:</b>, ' #DestinationAddress# ', <br/>, <br/>, ' ', <b>Tarikh Tempahan:</b>, ' #Rider# ', <br/>, <br/>, <br/>, ' ', <b>Terima kasih! #MailFooter#</b>]"}, {"language": "SI", "subject": "\u0dbb\u0da0\u0db1 \u0d87\u0dab\u0dc0\u0dd4\u0db8\u0dca \u0dc0\u0dd2\u0dc3\u0dca\u0dad\u0dbb", "body": "[' ', <b>\u0da9\u0dda\u0dc0\u0dd2\u0da9\u0dca</b>, ' #Rider# ', <br/>, <br/>, ' \u0d94\u0db6\u0d9c\u0dda \u0dc0\u0dd9\u0db1\u0dca \u0d9a\u0dd2\u0dbb\u0dd3\u0db8 \u0db1\u0dd2\u0dba\u0db8\u0dd2\u0dad \u0dc0\u0dda. ', <br/>, <br/>, ' \u0dc0\u0dd2\u0dc3\u0dca\u0dad\u0dbb \u0db4\u0dc4\u0dad \u0daf\u0dd0\u0d9a\u0dca\u0dc0\u0dda. ', <br/>, <br/>, ' ', <b>\u0d85\u0d82\u0d9a:</b>, ' #BookingNo# ', <br/>, <br/>, ' ', <b>\u0dbd\u0dd2\u0db4\u0dd2\u0db1\u0dba:</b>, ' #SourceAddress# ', <br/>, <br/>, ' ', <b>\u0dd9\u0db8\u0dbb\u0da7 \u0dbd\u0dd2\u0db4\u0dd2\u0db1\u0dba \u0d9a\u0dd2\u0dbb\u0dd3\u0db8 \u0dc3\u0db3\u0dc4\u0dcf:</b>, ' #DestinationAddress# ', <br/>, <br/>, ' ', <b>\u0dc0\u0dd9\u0db1\u0dca \u0dc0\u0dd9\u0db1\u0dca \u0daf\u0dd2\u0db1\u0dba:</b>, ' #Rider# ', <br/>, <br/>, <br/>, ' ', <b>\u0dc3\u0dca\u0dad\u0dd6\u0dad\u0dd2\u0dba\u0dd2! #MailFooter#</b>]"}, {"language": "TA", "subject": "\u0b95\u0bc8\u0baf\u0bc7\u0b9f\u0bc1 \u0bae\u0bc1\u0ba9\u0bcd\u0baa\u0ba4\u0bbf\u0bb5\u0bc1 \u0bb5\u0bbf\u0bb5\u0bb0\u0b99\u0bcd\u0b95\u0bb3\u0bcd", "body": "[' ', <b>\u0b85\u0ba9\u0bcd\u0baa\u0bc7</b>, ' #Rider# , ', <br/>, <br/>, ' \u0b89\u0b99\u0bcd\u0b95\u0bb3\u0bcd \u0bae\u0bc1\u0ba9\u0bcd\u0baa\u0ba4\u0bbf\u0bb5\u0bc1 \u0ba4\u0bbf\u0b9f\u0bcd\u0b9f\u0bae\u0bbf\u0b9f\u0baa\u0bcd\u0baa\u0b9f\u0bcd\u0b9f\u0bc1\u0bb3\u0bcd\u0bb3\u0ba4\u0bc1. ', <br/>, <br/>, ' \u0bb5\u0bbf\u0bb5\u0bb0\u0b99\u0bcd\u0b95\u0bb3\u0bcd \u0b95\u0bc0\u0bb4\u0bc7 \u0b89\u0bb3\u0bcd\u0bb3\u0ba9. ', <br/>, <br/>, ' ', <b>\u0bae\u0bc1\u0ba9\u0bcd\u0baa\u0ba4\u0bbf\u0bb5\u0bc1 \u0b87\u0bb2\u0bcd\u0bb2\u0bc8:</b>, ' #BookingNo# ', <b>\u0bae\u0bc1\u0ba9\u0bcd\u0baa\u0ba4\u0bbf\u0bb5\u0bc1</b>, ' #BookingNo# ', <br/>, <br/>, ' ', <b>\u0bae\u0bc1\u0b95\u0bb5\u0bb0\u0bbf:</b>, ' #SourceAddress# ', <br/>, <br/>, ' ', <b>\u0bae\u0bc1\u0b95\u0bb5\u0bb0\u0bbf:</b>, ' #DestinationAddress# ', <br/>, <br/>, ' ', <b>\u0bae\u0bc1\u0ba9\u0bcd\u0baa\u0ba4\u0bbf\u0bb5\u0bc1 \u0ba4\u0bc7\u0ba4\u0bbf:</b>, ' #Rider# ', <br/>, <br/>, <br/>, ' ', <b>\u0ba8\u0ba9\u0bcd\u0bb1\u0bbf! #MailFooter#</b>]"}, {"language": "VI", "subject": "Chi ti\u1ebft \u0111\u1eb7t ph\u00f2ng th\u1ee7 c\u00f4ng", "body": "[' ', <b>K\u00ednh g\u1eedi</b>, ' #Rider# , ', <br/>, <br/>, ' \u0110\u1eb7t ph\u00f2ng c\u1ee7a b\u1ea1n \u0111\u01b0\u1ee3c l\u00ean l\u1ecbch. ', <br/>, <br/>, ' D\u01b0\u1edbi \u0111\u00e2y l\u00e0 c\u00e1c chi ti\u1ebft. ', <br/>, <br/>, ' ', <b>\u0110\u1eb7t ph\u00f2ng s\u1ed1:</b>, ' #BookingNo# ', <b>\u0110\u1eb7t ph\u00f2ng</b>, ' #BookingNo# ', <br/>, <br/>, ' ', <b>T\u1eeb \u0111\u1ecba ch\u1ec9:</b>, ' #SourceAddress# ', <br/>, <br/>, ' ', <b>\u0110\u1ebfn \u0111\u1ecba ch\u1ec9:</b>, ' #DestinationAddress# ', <br/>, <br/>, ' ', <b>Ng\u00e0y \u0111\u1eb7t ph\u00f2ng:</b>, ' #Rider# ', <br/>, <br/>, <br/>, ' ', <b>C\u1ea3m \u01a1n! #MailFooter#</b>]"}, {"language": "TL", "subject": "Mga Detalye ng Manwal na Pag-book", "body": "[' ', <b>Mahal</b>, ' #Rider# , ', <br/>, <br/>, ' Naka-iskedyul ang iyong booking. ', <br/>, <br/>, ' Nasa ibaba ang mga detalye. ', <br/>, <br/>, ' ', <b>Booking No:</b>, ' #BookingNo# ', <br/>, <br/>, ' ', <b>Mula sa Address:</b>, ' #SourceAddress# ', <br/>, <br/>, ' ', <b>Upang Address:</b>, ' #DestinationAddress# ', <br/>, <br/>, ' ', <b>Petsa ng Pag-book:</b>, ' #Rider# ', <br/>, <br/>, <br/>, ' ', <b>Salamat! #MailFooter#</b>]"}, {"language": "KM", "subject": "\u1796\u17d0\u178f\u17cc\u1798\u17b6\u1793\u179b\u17c6\u17a2\u17b7\u178f\u17a2\u17c6\u1796\u17b8\u1780\u17b6\u179a\u1780\u1780\u17cb\u178a\u17c4\u1799\u178a\u17c3", "body": "[' ', <b>\u1787\u17bc\u1793\u1785\u17c6\u1796\u17c4\u17c7</b>, ' #Rider# ', <br/>, <br/>, ' \u1780\u17b6\u179a\u1780\u1780\u17cb\u179a\u1794\u179f\u17cb\u17a2\u17d2\u1793\u1780\u178f\u17d2\u179a\u17bc\u179c\u1794\u17b6\u1793\u1780\u17c6\u178e\u178f\u17cb\u1796\u17c1\u179b\u17d4 ', <br/>, <br/>, ' \u1781\u17b6\u1784\u1780\u17d2\u179a\u17c4\u1798\u1793\u17c1\u17c7\u1782\u17ba\u1787\u17b6\u1796\u17d0\u178f\u17cc\u1798\u17b6\u1793\u179b\u1798\u17d2\u17a2\u17b7\u178f\u17d4 ', <br/>, <br/>, ' ', <b>\u179b\u17c1\u1781\u1780\u1780\u17cb:</b>, ' #BookingNo# ', <br/>, <br/>, ' ', <b>\u1796\u17b8\u17a2\u17b6\u179f\u17d0\u1799\u178a\u17d2\u178b\u17b6\u1793:</b>, ' #SourceAddress# ', <br/>, <br/>, ' ', <b>\u1791\u17c5\u1780\u17b6\u1793\u17cb\u17a2\u17b6\u179f\u17d0\u1799\u178a\u17d2\u178b\u17b6\u1793:</b>, ' #DestinationAddress# ', <br/>, <br/>, ' ', <b>\u1780\u17b6\u179b\u1794\u179a\u17b7\u1785\u17d2\u1786\u17c1\u1791\u1780\u1780\u17cb:</b>, ' #Rider# ', <br/>, <br/>, <br/>, ' ', <b>\u179f\u17bc\u1798\u17a2\u179a\u1782\u17bb\u178e! #MailFooter#</b>]"}, {"language": "BN", "subject": "\u09ae\u09cd\u09af\u09be\u09a8\u09c1\u09af\u09bc\u09be\u09b2 \u09ac\u09c1\u0995\u09bf\u0982 \u09ac\u09bf\u09ac\u09b0\u09a3", "body": "[' ', <b>\u09aa\u09cd\u09b0\u09bf\u09af\u09bc</b>, ' #Rider# , ', <br/>, <br/>, ' \u0986\u09aa\u09a8\u09be\u09b0 \u09ac\u09c1\u0995\u09bf\u0982 \u09a8\u09bf\u09b0\u09cd\u09a7\u09be\u09b0\u09bf\u09a4 \u09b9\u09af\u09bc\u0964 ', <br/>, <br/>, ' \u09a8\u09c0\u099a\u09c7 \u09ac\u09bf\u09b8\u09cd\u09a4\u09be\u09b0\u09bf\u09a4 \u0986\u099b\u09c7\u0964 ', <br/>, <br/>, ' ', <b>\u09ac\u09c1\u0995\u09bf\u0982 \u09a8\u0982:</b>, ' #BookingNo# ', <b>\u09ac\u09c1\u0995\u09bf\u0982 \u09a8\u09c7\u0987</b>, ' #BookingNo# ', <br/>, <br/>, ' ', <b>\u09a0\u09bf\u0995\u09be\u09a8\u09be \u09a5\u09c7\u0995\u09c7:</b>, ' #SourceAddress# ', <br/>, <br/>, ' ', <b>\u09a0\u09bf\u0995\u09be\u09a8\u09be:</b>, ' #DestinationAddress# ', <b>\u09a0\u09bf\u0995\u09be\u09a8\u09be</b>, ' #DestinationAddress# ', <br/>, <br/>, ' ', <b>\u09ac\u09c1\u0995\u09bf\u0982 \u09a4\u09be\u09b0\u09bf\u0996:</b>, ' #Rider# ', <br/>, <br/>, <br/>, ' ', <b>\u09a7\u09a8\u09cd\u09af\u09ac\u09be\u09a6! #MailFooter#</b>]"}, {"language": "JA", "subject": "\u624b\u52d5\u4e88\u7d04\u306e\u8a73\u7d30", "body": "[' ', <b>\u89aa\u611b\u306a\u308b</b>, ' #Rider# \u3001 ', <br/>, <br/>, '\u3042\u306a\u305f\u306e\u4e88\u7d04\u306f\u4e88\u5b9a\u3055\u308c\u3066\u3044\u307e\u3059\u3002 ', <br/>, <br/>, '\u8a73\u7d30\u306f\u4ee5\u4e0b\u306e\u901a\u308a\u3067\u3059\u3002 ', <br/>, <br/>, ' ', <b>\u4e88\u7d04\u756a\u53f7\uff1a</b>, ' #BookingNo# ', <b>\u4e88\u7d04\u756a\u53f7</b>, ' #BookingNo# ', <br/>, <br/>, ' ', <b>\u5dee\u51fa\u4eba\u30a2\u30c9\u30ec\u30b9\uff1a</b>, ' #SourceAddress# ', <br/>, <br/>, ' ', <b>\u5b9b\u5148\u30a2\u30c9\u30ec\u30b9\uff1a</b>, ' #DestinationAddress# ', <br/>, <br/>, ' ', <b>\u4e88\u7d04\u65e5\uff1a</b>, ' #Rider# ', <br/>, <br/>, <br/>, ' ', <b>\u3042\u308a\u304c\u3068\u3046\u3054\u3056\u3044\u307e\u3059\u3002 #MailFooter#</b>]"}, {"language": "KO", "subject": "\uc218\ub3d9 \uc608\uc57d \uc815\ubcf4", "body": "[' ', <b>\uce5c\uc560\ud558\ub294</b>, ' #Rider# ', <br/>, <br/>, ' \uc608\uc57d\uc774 \uc608\uc57d\ub418\uc5c8\uc2b5\ub2c8\ub2e4. ', <br/>, <br/>, ' \ub2e4\uc74c\uc740 \uc138\ubd80 \uc0ac\ud56d\uc785\ub2c8\ub2e4. ', <br/>, <br/>, ' ', <b>\uc608\uc57d \ubc88\ud638 :</b>, ' #BookingNo# ', <b>\uc608\uc57d \ubc88\ud638</b>, ' #BookingNo# ', <br/>, <br/>, ' ', <b>\ubcf4\ub0b8 \uc0ac\ub78c \uc8fc\uc18c :</b>, ' #SourceAddress# ', <br/>, <br/>, ' ', <b>\ubc1b\ub294 \uc0ac\ub78c \uc8fc\uc18c :</b>, ' #DestinationAddress# ', <br/>, <br/>, ' ', <b>\uc608\uc57d \ub0a0\uc9dc :</b>, ' #Rider# ', <br/>, <br/>, <br/>, ' ', <b>\uac10\uc0ac! #MailFooter#</b>]"}, {"language": "YO", "subject": "Aw\u1ecdn alaye It\u1ecdnis\u1ecdna Afowoyi", "body": "[' ', <b>Eyin</b>, ' #Rider# , ', <br/>, <br/>, ' A ti \u1e63eto ipinnu r\u1eb9 sil\u1eb9. ', <br/>, <br/>, ' Aw\u1ecdn alaye ni isal\u1eb9. ', <br/>, <br/>, ' ', <b>Fowo si Ko si:</b>, ' #BookingNo# ', <br/>, <br/>, ' ', <b>Lati Adir\u1eb9si:</b>, ' #SourceAddress# ', <br/>, <br/>, ' ', <b>Lati Adir\u1eb9si:</b>, ' #DestinationAddress# ', <br/>, <br/>, ' ', <b>\u1eccj\u1ecd Iwewewe:</b>, ' #Rider# ', <br/>, <br/>, <br/>, ' ', <b>O \u1e63eun! #MailFooter#</b>]"}, {"language": "TR", "subject": "Manuel Rezervasyon Detaylar\u0131", "body": "[' ', <b>Sevgili</b>, ' #Rider# , ', <br/>, <br/>, ' Rezervasyonunuz planland\u0131. ', <br/>, <br/>, ' Detaylar a\u015fa\u011f\u0131da. ', <br/>, <br/>, ' ', <b>Rezervasyon No:</b>, ' #BookingNo# ', <br/>, <br/>, ' #SourceAddress# ', <b>:</b>, ' #SourceAddress# ', <br/>, <br/>, ' ', <b>Adrese:</b>, ' #DestinationAddress# ', <br/>, <br/>, ' ', <b>Rezervasyon Tarihi:</b>, ' #Rider# ', <br/>, <br/>, <br/>, ' ', <b>Te\u015fekk\u00fcrler! #MailFooter#</b>]"}, {"language": "RU", "subject": "\u0414\u0435\u0442\u0430\u043b\u0438 \u0431\u0440\u043e\u043d\u0438\u0440\u043e\u0432\u0430\u043d\u0438\u044f \u0432\u0440\u0443\u0447\u043d\u0443\u044e", "body": "[' ', <b>\u0423\u0432\u0430\u0436\u0430\u0435\u043c\u044b\u0439</b>, ' #Rider# , ', <br/>, <br/>, ' \u0412\u0430\u0448\u0435 \u0431\u0440\u043e\u043d\u0438\u0440\u043e\u0432\u0430\u043d\u0438\u0435 \u0437\u0430\u043f\u043b\u0430\u043d\u0438\u0440\u043e\u0432\u0430\u043d\u043e. ', <br/>, <br/>, ' \u041d\u0438\u0436\u0435 \u043f\u0440\u0438\u0432\u0435\u0434\u0435\u043d\u044b \u043f\u043e\u0434\u0440\u043e\u0431\u043d\u043e\u0441\u0442\u0438. ', <br/>, <br/>, ' ', <b>\u0411\u0440\u043e\u043d\u0438\u0440\u043e\u0432\u0430\u043d\u0438\u0435 \u2116:</b>, ' #BookingNo# ', <br/>, <br/>, ' ', <b>\u0421 \u0430\u0434\u0440\u0435\u0441\u0430:</b>, ' #SourceAddress# ', <br/>, <br/>, ' ', <b>\u0414\u043b\u044f \u0430\u0434\u0440\u0435\u0441\u0430:</b>, ' #DestinationAddress# ', <br/>, <br/>, ' ', <b>\u0414\u0430\u0442\u0430 \u0431\u0440\u043e\u043d\u0438\u0440\u043e\u0432\u0430\u043d\u0438\u044f:</b>, ' #Rider# ', <br/>, <br/>, <br/>, ' ', <b>\u0421\u043f\u0430\u0441\u0438\u0431\u043e! #MailFooter#</b>]"}, {"language": "FA", "subject": "\u0627\u0637\u0644\u0627\u0639\u0627\u062a \u06a9\u062a\u0627\u0628\u0686\u0647 \u0631\u0627\u0647\u0646\u0645\u0627\u06cc \u06a9\u0627\u0631\u0628\u0631", "body": "[' ', <b>\u0639\u0632\u06cc\u0632</b>, ' #Rider# ', <br/>, <br/>, ' \u0631\u0632\u0631\u0648 \u0634\u0645\u0627 \u0628\u0631\u0646\u0627\u0645\u0647 \u0631\u06cc\u0632\u06cc \u0634\u062f\u0647 \u0627\u0633\u062a ', <br/>, <br/>, ' \u062f\u0631 \u0632\u06cc\u0631 \u062c\u0632\u0626\u06cc\u0627\u062a \u0627\u0633\u062a. ', <br/>, <br/>, ' ', <b>\u0631\u0632\u0631\u0648 \u0628\u062f\u0648\u0646:</b>, ' #BookingNo# ', <b>\u0631\u0632\u0631\u0648No</b>, ' #BookingNo# ', <br/>, <br/>, ' ', <b>\u0627\u0632 \u0622\u062f\u0631\u0633:</b>, ' #SourceAddress# ', <br/>, <br/>, ' ', <b>\u0628\u0631\u0627\u06cc \u0622\u062f\u0631\u0633:</b>, ' #DestinationAddress# ', <br/>, <br/>, ' ', <b>\u062a\u0627\u0631\u06cc\u062e \u0631\u0632\u0631\u0648:</b>, ' #Rider# ', <br/>, <br/>, <br/>, ' ', <b>\u0628\u0627 \u062a\u0634\u06a9\u0631! #MailFooter#</b>]"}, {"language": "MY", "subject": "\u101c\u1000\u103a\u1005\u103d\u1032 book \u1021\u101e\u1031\u1038\u1005\u102d\u1010\u103a", "body": "[' ', <b>\u1001\u103b\u1005\u103a\u1001\u1004\u103a\u101b\u1015\u102b\u101e\u1031\u102c</b>, ' #Rider# , ', <br/>, <br/>, ' \u101e\u1004\u103a\u1037\u101b\u1032\u1037\u1018\u103d\u1010\u103a\u1000\u1004\u103a\u1005\u102e\u1005\u1009\u103a\u1011\u102c\u1038\u101e\u100a\u103a\u104b ', <br/>, <br/>, ' \u1021\u1031\u102c\u1000\u103a\u1010\u103d\u1004\u103a\u1021\u101e\u1031\u1038\u1005\u102d\u1010\u103a\u1016\u103c\u1005\u103a\u1000\u103c\u101e\u100a\u103a\u104b ', <br/>, <br/>, ' ', <b>\u1021\u1018\u101a\u103a\u101e\u1030\u1019\u103b\u103e\u1019 booking:</b>, ' #BookingNo# ', <br/>, <br/>, ' ', <b>\u101c\u102d\u1015\u103a\u1005\u102c\u1019\u103e:</b>, ' #SourceAddress# ', <br/>, <br/>, ' ', <b>\u1014\u1031\u101b\u1015\u103a\u101c\u102d\u1015\u103a\u1005\u102c\u101b\u1014\u103a:</b>, ' #DestinationAddress# ', <br/>, <br/>, ' ', <b>\u1018\u103d\u1010\u103a\u1000\u1004\u103a\u1014\u1031\u1037\u1005\u103d\u1032:</b>, ' #Rider# ', <br/>, <br/>, <br/>, ' ', <b>\u1000\u103b\u1031\u1038\u1007\u1030\u1038\u1010\u1004\u103a\u1015\u102b\u1010\u101a\u103a! #MailFooter#</b>]"}, {"language": "HI", "subject": "\u092e\u0948\u0928\u0941\u0905\u0932 \u092c\u0941\u0915\u093f\u0902\u0917 \u0935\u093f\u0935\u0930\u0923", "body": "[' ', <b>\u092a\u094d\u0930\u093f\u092f</b>, ' #Rider# , ', <br/>, <br/>, ' \u0906\u092a\u0915\u0940 \u092c\u0941\u0915\u093f\u0902\u0917 \u0928\u093f\u0930\u094d\u0927\u093e\u0930\u093f\u0924 \u0939\u0948\u0964 ', <br/>, <br/>, ' \u0928\u0940\u091a\u0947 \u0935\u093f\u0935\u0930\u0923 \u0939\u0948\u0902\u0964 ', <br/>, <br/>, ' ', <b>\u092c\u0941\u0915\u093f\u0902\u0917 \u0928\u0902\u092c\u0930:</b>, ' #BookingNo# ', <br/>, <br/>, ' ', <b>\u092a\u0924\u0947 \u0938\u0947:</b>, ' #SourceAddress# ', <br/>, <br/>, ' ', <b>\u092a\u0924\u093e \u0915\u0930\u0928\u0947 \u0915\u0947 \u0932\u093f\u090f:</b>, ' #DestinationAddress# ', <br/>, <br/>, ' ', <b>\u092c\u0941\u0915\u093f\u0902\u0917 \u0915\u0940 \u0924\u093e\u0930\u0940\u0916:</b>, ' #Rider# ', <br/>, <br/>, <br/>, ' ', <b>\u0927\u0928\u094d\u092f\u0935\u093e\u0926! #MailFooter#</b>]"}, {"language": "IW", "subject": "\u05e4\u05e8\u05d8\u05d9 \u05d4\u05d6\u05de\u05e0\u05d4 \u05d9\u05d3\u05e0\u05d9\u05d9\u05dd", "body": "[' ', <b>\u05d9\u05e7\u05e8</b>, ' #Rider# , ', <br/>, <br/>, ' \u05d4\u05d6\u05de\u05e0\u05ea\u05da \u05de\u05ea\u05d5\u05db\u05e0\u05e0\u05ea. ', <br/>, <br/>, ' \u05dc\u05d4\u05dc\u05df \u05d4\u05e4\u05e8\u05d8\u05d9\u05dd. ', <br/>, <br/>, ' ', <b>\u05de\u05e1\u05e4\u05e8 \u05d4\u05d4\u05d6\u05de\u05e0\u05d4:</b>, ' #BookingNo# ', <br/>, <br/>, ' ', <b>\u05db\u05ea\u05d5\u05d1\u05ea:</b>, ' #SourceAddress# ', <br/>, <br/>, ' ', <b>\u05db\u05ea\u05d5\u05d1\u05ea:</b>, ' #DestinationAddress# ', <br/>, <br/>, ' ', <b>\u05ea\u05d0\u05e8\u05d9\u05da \u05d4\u05d4\u05d6\u05de\u05e0\u05d4:</b>, ' #Rider# ', <br/>, <br/>, <br/>, ' ', <b>\u05ea\u05d5\u05d3\u05d4! #MailFooter#</b>]"}, {"language": "FR", "subject": "D\u00e9tails de la r\u00e9servation manuelle", "body": "[' ', <b>Cher</b>, ' #Rider# , ', <br/>, <br/>, ' Votre r\u00e9servation est pr\u00e9vue. ', <br/>, <br/>, ' Voici les d\u00e9tails. ', <br/>, <br/>, ' #BookingNo# ', <b>r\u00e9servation:</b>, ' #BookingNo# ', <br/>, <br/>, ' ', <b>De l'adresse:</b>, ' #SourceAddress# ', <br/>, <br/>, ' ', <b>\u00c0 l'adresse:</b>, ' #DestinationAddress# ', <br/>, <br/>, ' ', <b>Date de r\u00e9servation:</b>, ' #Rider# ', <br/>, <br/>, <br/>, ' ', <b>Merci! #MailFooter#</b>]"}, {"language": "DA", "subject": "Manuelle reservationsdetaljer", "body": "[' ', <b>K\u00e6re</b>, ' #Rider# , ', <br/>, <br/>, ' Din reservation er planlagt. ', <br/>, <br/>, ' Nedenfor er detaljerne. ', <br/>, <br/>, ' ', <b>Booking nr .:</b>, ' #BookingNo# ', <br/>, <br/>, ' ', <b>Fra adresse:</b>, ' #SourceAddress# ', <br/>, <br/>, ' ', <b>At adresse:</b>, ' #DestinationAddress# ', <br/>, <br/>, ' ', <b>Booking Dato:</b>, ' #Rider# ', <br/>, <br/>, <br/>, ' ', <b>Tak! #MailFooter#</b>]"}]}