{"purpose": "Notify rider when admin cancel schedule booking", "templates": [{"language": "AF", "subject": "Geskeduleerde bespreking gekanselleer deur admin", "body": "[' ', <b>Liewe</b>, ' #Rider# , ', <br/>, <br/>, ' Jou bespreking #BookingNo# op #Rider# is gekanselleer deur Administrateur. Kontak asseblief Administarator as u enige navraag het. ', <br/>, <br/>, ' ', <b>Dankie! #MailFooter#</b>]"}, {"language": "EN", "subject": "Scheduled booking cancelled by admin", "body": "[' ', <b>Dear </b>, '#Rider#,', <br/>, <br/>, 'Your booking #BookingNo# on #Ddate# has been cancelled by Administrator. Please Contact Administarator if you have any query.', <br/>, <br/>, <b>Thanks! #MailFooter#</b>]"}, {"language": "TH", "subject": "\u0e01\u0e32\u0e23\u0e08\u0e2d\u0e07\u0e15\u0e32\u0e21\u0e01\u0e33\u0e2b\u0e19\u0e14\u0e40\u0e27\u0e25\u0e32\u0e16\u0e39\u0e01\u0e22\u0e01\u0e40\u0e25\u0e34\u0e01\u0e42\u0e14\u0e22\u0e1c\u0e39\u0e49\u0e14\u0e39\u0e41\u0e25\u0e23\u0e30\u0e1a\u0e1a", "body": "[' ', <b>\u0e40\u0e23\u0e35\u0e22\u0e19</b>, ' #Rider# ', <br/>, <br/>, ' \u0e01\u0e32\u0e23\u0e08\u0e2d\u0e07 #BookingNo# \u0e1a\u0e19 #Rider# \u0e16\u0e39\u0e01\u0e22\u0e01\u0e40\u0e25\u0e34\u0e01\u0e42\u0e14\u0e22\u0e1c\u0e39\u0e49\u0e14\u0e39\u0e41\u0e25\u0e23\u0e30\u0e1a\u0e1a \u0e01\u0e23\u0e38\u0e13\u0e32\u0e15\u0e34\u0e14\u0e15\u0e48\u0e2d\u0e1c\u0e39\u0e49\u0e14\u0e39\u0e41\u0e25\u0e23\u0e30\u0e1a\u0e1a\u0e2b\u0e32\u0e01\u0e04\u0e38\u0e13\u0e21\u0e35\u0e02\u0e49\u0e2d\u0e2a\u0e07\u0e2a\u0e31\u0e22\u0e43\u0e14 \u0e46 ', <br/>, <br/>, ' ', <b>\u0e02\u0e2d\u0e1a\u0e04\u0e38\u0e13! #MailFooter#</b>]"}, {"language": "ID", "subject": "Pemesanan terjadwal dibatalkan oleh admin", "body": "[' ', <b>Dear</b>, ' #Rider# , ', <br/>, <br/>, ' Pemesanan Anda #BookingNo# on #Rider# telah dibatalkan oleh Administrator. Silakan Hubungi Administarator jika Anda memiliki pertanyaan. ', <br/>, <br/>, ' ', <b>Terima kasih! #MailFooter#</b>]"}, {"language": "DE", "subject": "Terminbuchung von Admin storniert", "body": "[' ', <b>Sehr geehrter</b>, ' #Rider# , ', <br/>, <br/>, ' Ihre Buchung #BookingNo# on #Rider# wurde vom Administrator abgebrochen. Bitte wenden Sie sich an Administarator, wenn Sie Fragen haben. ', <br/>, <br/>, ' ', <b>Vielen Dank! #MailFooter#</b>]"}, {"language": "ES", "subject": "Reserva programada cancelada por el administrador", "body": "[' ', <b>Estimado</b>, ' #Rider# , ', <br/>, <br/>, ' Su reserva #BookingNo# en #Rider# ha sido cancelada por el Administrador. Por favor, p\u00f3ngase en contacto con el administrador si tiene alguna consulta. ', <br/>, <br/>, ' ', <b>\u00a1Gracias! #MailFooter#</b>]"}, {"language": "IT", "subject": "Prenotazione programmata annullata dall'admin", "body": "[' ', <b>Caro</b>, ' #Rider# , ', <br/>, <br/>, \" La tua prenotazione #BookingNo# on #Rider# \u00e8 stata annullata dall'amministratore. Si prega di contattare Administarator se avete qualche domanda. \", <br/>, <br/>, ' ', <b>Grazie! #MailFooter#</b>]"}, {"language": "AR", "subject": "\u062a\u0645 \u0625\u0644\u063a\u0627\u0621 \u0627\u0644\u062d\u062c\u0632 \u0627\u0644\u0645\u0642\u0631\u0631 \u0628\u0648\u0627\u0633\u0637\u0629 \u0627\u0644\u0645\u0634\u0631\u0641", "body": "[' ', <b>\u0639\u0632\u064a\u0632\u064a</b>, ' #Rider# \u060c ', <br/>, <br/>, ' \u062a\u0645 \u0625\u0644\u063a\u0627\u0621 \u0627\u0644\u062d\u062c\u0632 \u0627\u0644\u062e\u0627\u0635 \u0628\u0643 #BookingNo# on #Rider# \u0628\u0648\u0627\u0633\u0637\u0629 \u0627\u0644\u0645\u0633\u0624\u0648\u0644. \u064a\u0631\u062c\u0649 \u0627\u0644\u0627\u062a\u0635\u0627\u0644 \u0628\u0645\u0633\u0624\u0648\u0644 \u0625\u0630\u0627 \u0643\u0627\u0646 \u0644\u062f\u064a\u0643 \u0623\u064a \u0627\u0633\u062a\u0641\u0633\u0627\u0631. ', <br/>, <br/>, ' ', <b>\u0634\u0643\u0631! #MailFooter#</b>]"}, {"language": "UR", "subject": "\u0634\u06cc\u0688\u0648\u0644 \u0634\u062f\u06c1 \u0628\u06a9\u0646\u06af \u0645\u0646\u062a\u0638\u0645 \u06a9\u06cc \u0637\u0631\u0641 \u0633\u06d2 \u0645\u0646\u0633\u0648\u062e \u06a9\u0631 \u062f\u06cc\u0627 \u06af\u06cc\u0627", "body": "[' ', <b>\u0639\u0632\u06cc\u0632</b>, ' #Rider# ', <br/>, <br/>, ' \u0622\u067e \u06a9\u0627 \u0628\u06a9\u0646\u06af #BookingNo# \u0628\u06a9\u0646\u06af #BookingNo# #Rider# \u067e\u0631 \u0627\u06cc\u0688\u0645\u0646\u0633\u0679\u0631\u06cc\u0679\u0631 \u06a9\u06cc \u0637\u0631\u0641 \u0633\u06d2 \u0645\u0646\u0633\u0648\u062e \u06a9\u0631 \u062f\u06cc\u0627 \u06af\u06cc\u0627 \u06c1\u06d2. \u0627\u06af\u0631 \u0622\u067e \u06a9\u06d2 \u067e\u0627\u0633 \u06a9\u0648\u0626\u06cc \u0633\u0648\u0627\u0644 \u06c1\u06d2 \u062a\u0648 \u0628\u0631\u0627\u06c1 \u06a9\u0631\u0645 \u0627\u06cc\u0688\u0645\u0646\u0633\u0679\u0631\u06cc\u0679\u0631 \u0633\u06d2 \u0631\u0627\u0628\u0637\u06c1 \u06a9\u0631\u06cc\u06ba. ', <br/>, <br/>, ' ', <b>\u0634\u06a9\u0631\u06cc\u06c1! #MailFooter#</b>]"}, {"language": "AZ", "subject": "Planla\u015fd\u0131r\u0131lan sifari\u015f admin t\u0259r\u0259find\u0259n l\u0259\u011fv edildi", "body": "[' ', <b>H\u00f6rm\u0259tli</b>, ' #Rider# , ', <br/>, <br/>, ' Rezervasyonunuz #BookingNo# Rezervasyon #BookingNo# #Rider# Administrator t\u0259r\u0259find\u0259n l\u0259\u011fv edildi. H\u0259r hans\u0131 bir sor\u011funuz varsa, administratorla \u0259laq\u0259 saxlay\u0131n. ', <br/>, <br/>, ' ', <b>T\u0259\u015f\u0259kk\u00fcr edirik! #MailFooter#</b>]"}, {"language": "ZH", "subject": "\u9884\u5b9a\u7684\u9884\u8ba2\u7531\u7ba1\u7406\u5458\u53d6\u6d88", "body": "[' ', <b>\u4eb2\u7231\u7684</b>, ' #Rider# \uff0c ', <br/>, <br/>, '\u60a8\u7684\u9884\u8ba2#BookingNo# on #Rider#\u5df2\u88ab\u7ba1\u7406\u5458\u53d6\u6d88\u3002\u5982\u679c\u60a8\u6709\u4efb\u4f55\u7591\u95ee\uff0c\u8bf7\u8054\u7cfb\u7ba1\u7406\u5458\u3002 ', <br/>, <br/>, ' ', <b>\u8c22\u8c22\uff01 #MailFooter#</b>]"}, {"language": "PT", "subject": "Reserva agendada cancelada pelo administrador", "body": "[' ', <b>Caro</b>, ' #Rider# , ', <br/>, <br/>, ' Sua reserva #BookingNo# on #Rider# foi cancelada pelo Administrador. Entre em contato com o Administarator se voc\u00ea tiver alguma d\u00favida. ', <br/>, <br/>, ' ', <b>Obrigado! #MailFooter#</b>]"}, {"language": "ZU", "subject": "Ukubhuka okuhleliwe kukhanseliwe ngumqondisi", "body": "[' ', <b>Ngomunye</b>, ' #Rider# , ', <br/>, <br/>, ' Ukubhuka kwakho #BookingNo# ukubhukaNo #BookingNo# ku #Rider# kukhanseliwe ngu-Administrator. Sicela Xhumana ne-Administarator uma unemibuzo. ', <br/>, <br/>, ' ', <b>Siyabonga! #MailFooter#</b>]"}, {"language": "SW", "subject": "Uhifadhi uliopangwa kufanyika kufutwa na admin", "body": "[' ', <b>Mpendwa</b>, ' #Rider# , ', <br/>, <br/>, ' #BookingNo# wako wa #BookingNo# juu ya #Rider# imefutwa na Msimamizi. Tafadhali wasiliana na Msimamizi ikiwa una swali lolote. ', <br/>, <br/>, ' ', <b>Asante! #MailFooter#</b>]"}, {"language": "KU", "subject": "Vebijandin\u00ea Destn\u00ee\u015fankirin ji h\u00eala r\u00eaveberiy\u00ea ve hat\u00ee \u015fandin", "body": "[' ', <b>Dear</b>, ' #Rider# , ', <br/>, <br/>, ' #BookingNo# Li #BookingNo# li #Rider# ji h\u00eala R\u00eavebir\u00ea ve hat betal kirin. Ji kerema xwe re pirsek heye heger Bir\u00eaveber\u00ea Agahdariya T\u00eakil\u00ee. ', <br/>, <br/>, ' ', <b>Spas! #MailFooter#</b>]"}, {"language": "MS", "subject": "Tempahan terjadual dibatalkan oleh admin", "body": "[' ', <b>Dear</b>, ' #Rider# , ', <br/>, <br/>, ' Tempahan #BookingNo# Tempahan #BookingNo# di #Rider# telah dibatalkan oleh Pentadbir. Sila hubungi Administarator jika anda mempunyai sebarang pertanyaan. ', <br/>, <br/>, ' ', <b>Terima kasih! #MailFooter#</b>]"}, {"language": "SI", "subject": "\u0db4\u0dbb\u0dd2\u0db4\u0dcf\u0dbd\u0d9a \u0dc0\u0dd2\u0dc3\u0dd2\u0db1\u0dca \u0d85\u0dc0\u0dbd\u0d82\u0d9c\u0dd4 \u0d9a\u0dbb\u0db1 \u0dbd\u0daf \u0dc0\u0dd9\u0db1\u0dca \u0d9a\u0dbb \u0d87\u0dad\u0dd2 \u0dc0\u0dd9\u0db1\u0dca \u0d9a\u0dd2\u0dbb\u0dd3\u0db8\u0dca", "body": "[' ', <b>\u0da9\u0dda\u0dc0\u0dd2\u0da9\u0dca</b>, ' #Rider# ', <br/>, <br/>, ' \u0d94\u0db6\u0dda \u0dc0\u0dd9\u0db1\u0dca\u0d9a\u0dbb \u0d9c\u0dd0\u0db1\u0dd3\u0db8 #BookingNo# on #Rider# \u0db4\u0dbb\u0dd2\u0db4\u0dcf\u0dbd\u0d9a\u0dba\u0dcf \u0dc0\u0dd2\u0dc3\u0dd2\u0db1\u0dca \u0d85\u0dc0\u0dbd\u0d82\u0d9c\u0dd4 \u0d9a\u0dbb \u0d87\u0dad. \u0d94\u0db6\u0da7 \u0d9a\u0dd2\u0dc3\u0dd2\u0dba\u0db8\u0dca \u0dc0\u0dd2\u0db8\u0dc3\u0dd4\u0db8\u0d9a\u0dca \u0d87\u0dad\u0dca\u0db1\u0db8\u0dca \u0d9a\u0dbb\u0dd4\u0dab\u0dcf\u0d9a\u0dbb \u0dc3\u0db8\u0dca\u0db6\u0db1\u0dca\u0db0 \u0d9a\u0dbb \u0d9c\u0db1\u0dca\u0db1. ', <br/>, <br/>, ' ', <b>\u0dc3\u0dca\u0dad\u0dd6\u0dad\u0dd2\u0dba\u0dd2! #MailFooter#</b>]"}, {"language": "TA", "subject": "\u0ba4\u0bbf\u0b9f\u0bcd\u0b9f\u0bae\u0bbf\u0b9f\u0baa\u0bcd\u0baa\u0b9f\u0bcd\u0b9f \u0bae\u0bc1\u0ba9\u0bcd\u0baa\u0ba4\u0bbf\u0bb5\u0bc1 \u0ba8\u0bbf\u0bb0\u0bcd\u0bb5\u0bbe\u0b95\u0bae\u0bcd \u0bb0\u0ba4\u0bcd\u0ba4\u0bc1\u0b9a\u0bc6\u0baf\u0bcd\u0ba4\u0ba4\u0bc1", "body": "[' ', <b>\u0b85\u0ba9\u0bcd\u0baa\u0bc7</b>, ' #Rider# , ', <br/>, <br/>, ' \u0b89\u0b99\u0bcd\u0b95\u0bb3\u0bcd \u0bae\u0bc1\u0ba9\u0bcd\u0baa\u0ba4\u0bbf\u0bb5\u0bc1 #BookingNo# \u0bae\u0bc1\u0ba9\u0bcd\u0baa\u0ba4\u0bbf\u0bb5\u0bc1 #BookingNo# \u0b87\u0bb2\u0bcd #Rider# \u0ba8\u0bbf\u0bb0\u0bcd\u0bb5\u0bbe\u0b95\u0bbf \u0bb0\u0ba4\u0bcd\u0ba4\u0bc1 \u0b9a\u0bc6\u0baf\u0bcd\u0baf\u0baa\u0bcd\u0baa\u0b9f\u0bcd\u0b9f\u0ba4\u0bc1. \u0b89\u0b99\u0bcd\u0b95\u0bb3\u0bbf\u0b9f\u0bae\u0bcd \u0b8f\u0ba4\u0bc7\u0ba9\u0bc1\u0bae\u0bcd \u0b95\u0bc7\u0bb3\u0bcd\u0bb5\u0bbf \u0b87\u0bb0\u0bc1\u0ba8\u0bcd\u0ba4\u0bbe\u0bb2\u0bcd, \u0ba8\u0bbf\u0bb0\u0bcd\u0bb5\u0bbe\u0b95\u0bbf\u0b95\u0bcd\u0b95\u0bc1 \u0ba4\u0bca\u0b9f\u0bb0\u0bcd\u0baa\u0bc1 \u0b95\u0bca\u0bb3\u0bcd\u0bb3\u0bb5\u0bc1\u0bae\u0bcd. ', <br/>, <br/>, ' ', <b>\u0ba8\u0ba9\u0bcd\u0bb1\u0bbf! #MailFooter#</b>]"}, {"language": "VI", "subject": "\u0110\u1eb7t ph\u00f2ng theo l\u1ecbch tr\u00ecnh b\u1ecb h\u1ee7y b\u1edfi qu\u1ea3n tr\u1ecb vi\u00ean", "body": "[' ', <b>K\u00ednh g\u1eedi</b>, ' #Rider# , ', <br/>, <br/>, ' \u0110\u1eb7t ch\u1ed7 c\u1ee7a b\u1ea1n #BookingNo# \u0110\u1eb7t ph\u00f2ng #BookingNo# tr\u00ean #Rider# \u0111\u00e3 b\u1ecb Qu\u1ea3n tr\u1ecb vi\u00ean h\u1ee7y. Vui l\u00f2ng li\u00ean h\u1ec7 v\u1edbi Qu\u1ea3n tr\u1ecb vi\u00ean n\u1ebfu b\u1ea1n c\u00f3 b\u1ea5t k\u1ef3 c\u00e2u h\u1ecfi n\u00e0o. ', <br/>, <br/>, ' ', <b>C\u1ea3m \u01a1n! #MailFooter#</b>]"}, {"language": "TL", "subject": "Nakansela ang naka-iskedyul na booking sa pamamagitan ng admin", "body": "[' ', <b>Mahal</b>, ' #Rider# , ', <br/>, <br/>, ' Ang iyong booking #BookingNo# sa #Rider# ay nakansela ng Administrator. Mangyaring Makipag-ugnay sa Administarator kung mayroon kang anumang query. ', <br/>, <br/>, ' ', <b>Salamat! #MailFooter#</b>]"}, {"language": "KM", "subject": "\u179f\u17c0\u179c\u1797\u17c5\u178a\u17c2\u179b\u1794\u17b6\u1793\u1780\u17c6\u178e\u178f\u17cb\u1796\u17c1\u179b\u1794\u17b6\u1793\u179b\u17bb\u1794\u1785\u17c4\u179b\u178a\u17c4\u1799\u17a2\u17d2\u1793\u1780\u1782\u17d2\u179a\u1794\u17cb\u1782\u17d2\u179a\u1784", "body": "[' ', <b>\u1787\u17bc\u1793\u1785\u17c6\u1796\u17c4\u17c7</b>, ' #Rider# ', <br/>, <br/>, ' \u179f\u17c0\u179c\u1797\u17c5\u179a\u1794\u179f\u17cb\u17a2\u17d2\u1793\u1780 #BookingNo# \u1793\u17c5\u179b\u17be #Rider# \u178f\u17d2\u179a\u17bc\u179c\u1794\u17b6\u1793\u179b\u17bb\u1794\u1785\u17c4\u179b\u178a\u17c4\u1799\u17a2\u17d2\u1793\u1780\u1782\u17d2\u179a\u1794\u17cb\u1782\u17d2\u179a\u1784\u17d4 \u179f\u17bc\u1798\u1791\u17b6\u1780\u17cb\u1791\u1784\u17a2\u17d2\u1793\u1780\u1782\u17d2\u179a\u1794\u17cb\u1782\u17d2\u179a\u1784\u1794\u17d2\u179a\u179f\u17b7\u1793\u1794\u17be\u17a2\u17d2\u1793\u1780\u1798\u17b6\u1793\u179f\u17c6\u178e\u17bd\u179a\u17d4 ', <br/>, <br/>, ' ', <b>\u179f\u17bc\u1798\u17a2\u179a\u1782\u17bb\u178e! #MailFooter#</b>]"}, {"language": "BN", "subject": "\u0985\u09cd\u09af\u09be\u09a1\u09ae\u09bf\u09a8 \u09a6\u09cd\u09ac\u09be\u09b0\u09be \u09a8\u09bf\u09b0\u09cd\u09a7\u09be\u09b0\u09bf\u09a4 \u09a8\u09bf\u09b0\u09cd\u09a7\u09be\u09b0\u09bf\u09a4 \u09ac\u09c1\u0995\u09bf\u0982", "body": "[' ', <b>\u09aa\u09cd\u09b0\u09bf\u09af\u09bc</b>, ' #Rider# , ', <br/>, <br/>, ' \u0986\u09aa\u09a8\u09be\u09b0 \u09ac\u09c1\u0995\u09bf\u0982 #BookingNo# \u09ac\u09c1\u0995\u09bf\u0982 #BookingNo# #Rider# \u09aa\u09cd\u09b0\u09b6\u09be\u09b8\u0995 \u09a6\u09cd\u09ac\u09be\u09b0\u09be \u09ac\u09be\u09a4\u09bf\u09b2 \u0995\u09b0\u09be \u09b9\u09af\u09bc\u09c7\u099b\u09c7\u0964 \u09af\u09a6\u09bf \u0986\u09aa\u09a8\u09be\u09b0 \u0995\u09cb\u09a8 \u09aa\u09cd\u09b0\u09b6\u09cd\u09a8 \u09a5\u09be\u0995\u09c7 \u09a4\u09be\u09b9\u09b2\u09c7 \u09aa\u09cd\u09b0\u09b6\u09be\u09b8\u0995 \u09af\u09cb\u0997\u09be\u09af\u09cb\u0997 \u0995\u09b0\u09c1\u09a8\u0964 ', <br/>, <br/>, ' ', <b>\u09a7\u09a8\u09cd\u09af\u09ac\u09be\u09a6! #MailFooter#</b>]"}, {"language": "JA", "subject": "\u30b9\u30b1\u30b8\u30e5\u30fc\u30eb\u3055\u308c\u305f\u4e88\u7d04\u306fadmin\u306b\u3088\u3063\u3066\u30ad\u30e3\u30f3\u30bb\u30eb\u3055\u308c\u307e\u3057\u305f", "body": "[' ', <b>\u89aa\u611b\u306a\u308b</b>, ' #Rider# \u3001 ', <br/>, <br/>, ' #Rider#\u3042\u306a\u305f\u306e\u4e88\u7d04#BookingNo#\u306f\u7ba1\u7406\u8005\u306b\u3088\u3063\u3066\u30ad\u30e3\u30f3\u30bb\u30eb\u3055\u308c\u307e\u3057\u305f\u3002\u8cea\u554f\u304c\u3042\u308b\u5834\u5408\u306f\u3001\u7ba1\u7406\u8005\u306b\u9023\u7d61\u3057\u3066\u304f\u3060\u3055\u3044\u3002 ', <br/>, <br/>, ' ', <b>\u3042\u308a\u304c\u3068\u3046\u3054\u3056\u3044\u307e\u3059\u3002 #MailFooter#</b>]"}, {"language": "KO", "subject": "\uc608\uc57d \ub41c \uc608\uc57d\uc774 \uad00\ub9ac\uc790\uc5d0 \uc758\ud574 \ucde8\uc18c\ub418\uc5c8\uc2b5\ub2c8\ub2e4.", "body": "[' ', <b>\uce5c\uc560\ud558\ub294</b>, ' #Rider# ', <br/>, <br/>, ' #BookingNo# #Rider# #BookingNo# \uc5d0 \ub300\ud55c #Rider# \uc608\uc57d #BookingNo# \uac00 \uad00\ub9ac\uc790\uc5d0 \uc758\ud574 \ucde8\uc18c\ub418\uc5c8\uc2b5\ub2c8\ub2e4. \ubb38\uc758 \uc0ac\ud56d\uc774 \uc788\uc73c\uc2dc\uba74 \uad00\ub9ac\uc790\uc5d0\uac8c \ubb38\uc758\ud558\uc2ed\uc2dc\uc624. ', <br/>, <br/>, ' ', <b>\uac10\uc0ac! #MailFooter#</b>]"}, {"language": "YO", "subject": "Iwe fowo si eto ti a fagile nipas\u1eb9 abojuto", "body": "[' ', <b>Eyin</b>, ' #Rider# , ', <br/>, <br/>, ' #BookingNo# on #Rider# ti paar\u1eb9 nipas\u1eb9 Oluk\u1ecdni. J\u1ecdw\u1ecd kan si alakoso igbim\u1ecd ti o ba ni eyikeyi ibeere. ', <br/>, <br/>, ' ', <b>O \u1e63eun! #MailFooter#</b>]"}, {"language": "TR", "subject": "Tarifeli rezervasyon, y\u00f6netici taraf\u0131ndan iptal edildi", "body": "[' ', <b>Sevgili</b>, ' #Rider# , ', <br/>, <br/>, ' Rezervasyonunuz #BookingNo# on #Rider# rezervasyonunuz Y\u00f6netici taraf\u0131ndan iptal edildi. Herhangi bir sorunuz varsa l\u00fctfen Y\u00f6netici ile ileti\u015fime ge\u00e7in. ', <br/>, <br/>, ' ', <b>Te\u015fekk\u00fcrler! #MailFooter#</b>]"}, {"language": "RU", "subject": "\u0417\u0430\u043f\u043b\u0430\u043d\u0438\u0440\u043e\u0432\u0430\u043d\u043d\u043e\u0435 \u0431\u0440\u043e\u043d\u0438\u0440\u043e\u0432\u0430\u043d\u0438\u0435 \u043e\u0442\u043c\u0435\u043d\u0435\u043d\u043e \u0430\u0434\u043c\u0438\u043d\u0438\u0441\u0442\u0440\u0430\u0442\u043e\u0440\u043e\u043c", "body": "[' ', <b>\u0423\u0432\u0430\u0436\u0430\u0435\u043c\u044b\u0439</b>, ' #Rider# , ', <br/>, <br/>, ' \u0412\u0430\u0448\u0435 \u0431\u0440\u043e\u043d\u0438\u0440\u043e\u0432\u0430\u043d\u0438\u0435 #BookingNo# \u043d\u0430 #Rider# \u0431\u044b\u043b\u043e \u043e\u0442\u043c\u0435\u043d\u0435\u043d\u043e \u0430\u0434\u043c\u0438\u043d\u0438\u0441\u0442\u0440\u0430\u0442\u043e\u0440\u043e\u043c. \u041f\u043e\u0436\u0430\u043b\u0443\u0439\u0441\u0442\u0430, \u0441\u0432\u044f\u0436\u0438\u0442\u0435\u0441\u044c \u0441 \u0430\u0434\u043c\u0438\u043d\u0438\u0441\u0442\u0440\u0430\u0442\u043e\u0440\u043e\u043c, \u0435\u0441\u043b\u0438 \u0443 \u0432\u0430\u0441 \u0435\u0441\u0442\u044c \u043a\u0430\u043a\u0438\u0435-\u043b\u0438\u0431\u043e \u0432\u043e\u043f\u0440\u043e\u0441\u044b. ', <br/>, <br/>, ' ', <b>\u0421\u043f\u0430\u0441\u0438\u0431\u043e! #MailFooter#</b>]"}, {"language": "FA", "subject": "\u0631\u0632\u0631\u0648 \u0634\u062f\u0647 \u062a\u0648\u0633\u0637 \u0645\u062f\u06cc\u0631 \u0644\u063a\u0648 \u0634\u062f", "body": "[' ', <b>\u0639\u0632\u06cc\u0632</b>, ' #Rider# ', <br/>, <br/>, ' \u0631\u0632\u0631\u0648 \u0634\u0645\u0627 #BookingNo# \u0631\u0632\u0631\u0648 #BookingNo# \u062f\u0631 #Rider# \u062a\u0648\u0633\u0637 \u0645\u062f\u06cc\u0631 \u0644\u063a\u0648 \u0634\u062f\u0647 \u0627\u0633\u062a. \u0644\u0637\u0641\u0627 \u062f\u0631 \u0635\u0648\u0631\u062a \u062f\u0631\u062e\u0648\u0627\u0633\u062a \u0647\u0631\u06af\u0648\u0646\u0647 \u0645\u0634\u06a9\u0644\u06cc \u0628\u0627 Administrator \u062a\u0645\u0627\u0633 \u0628\u06af\u06cc\u0631\u06cc\u062f. ', <br/>, <br/>, ' ', <b>\u0628\u0627 \u062a\u0634\u06a9\u0631! #MailFooter#</b>]"}, {"language": "MY", "subject": "admin \u101b\u1032\u1037\u1021\u102c\u1038\u1016\u103c\u1004\u103a\u1037\u1016\u103b\u1000\u103a\u101e\u102d\u1019\u103a\u1038 Scheduled \u1018\u103d\u1010\u103a\u1000\u1004\u103a", "body": "[' ', <b>\u1001\u103b\u1005\u103a\u1001\u1004\u103a\u101b\u1015\u102b\u101e\u1031\u102c</b>, ' #Rider# , ', <br/>, <br/>, ' \u101e\u1004\u103a\u1037\u101b\u1032\u1037\u1018\u103d\u1010\u103a\u1000\u1004\u103a #BookingNo# \u1021\u1015\u1031\u102b\u103a #Rider# \u1021\u102f\u1015\u103a\u1001\u103b\u102f\u1015\u103a\u101b\u1031\u1038\u1019\u103e\u1030\u1038\u1021\u102c\u1038\u1016\u103c\u1004\u103a\u1037\u1016\u103b\u1000\u103a\u101e\u102d\u1019\u103a\u1038\u1001\u1032\u1037\u1010\u102c\u1016\u103c\u1005\u103a\u1015\u102b\u1010\u101a\u103a\u104b \u101e\u1004\u103a\u101e\u100a\u103a\u1019\u100a\u103a\u101e\u100a\u1037\u103a\u1005\u102f\u1036\u1005\u1019\u103a\u1038\u1019\u103e\u102f\u101b\u103e\u102d\u1015\u102b\u1000 Administarator \u1000\u102d\u102f\u1006\u1000\u103a\u101e\u103d\u101a\u103a\u1015\u102b\u104b ', <br/>, <br/>, ' ', <b>\u1000\u103b\u1031\u1038\u1007\u1030\u1038\u1010\u1004\u103a\u1015\u102b\u1010\u101a\u103a! #MailFooter#</b>]"}, {"language": "HI", "subject": "\u0935\u094d\u092f\u0935\u0938\u094d\u0925\u093e\u092a\u0915 \u0926\u094d\u0935\u093e\u0930\u093e \u0930\u0926\u094d\u0926 \u0915\u0940 \u0917\u0908 \u0905\u0928\u0941\u0938\u0942\u091a\u093f\u0924 \u092c\u0941\u0915\u093f\u0902\u0917", "body": "[' ', <b>\u092a\u094d\u0930\u093f\u092f</b>, ' #Rider# , ', <br/>, <br/>, ' \u0906\u092a\u0915\u0940 \u092c\u0941\u0915\u093f\u0902\u0917 #BookingNo# \u092c\u0941\u0915\u093f\u0902\u0917 #BookingNo# #Rider# \u092a\u0930 #Rider# \u092a\u094d\u0930\u0936\u093e\u0938\u0915 \u0926\u094d\u0935\u093e\u0930\u093e \u0930\u0926\u094d\u0926 \u0915\u0930 \u0926\u0940 \u0917\u0908 \u0939\u0948\u0964 \u092f\u0926\u093f \u0906\u092a\u0915\u0947 \u092a\u093e\u0938 \u0915\u094b\u0908 \u092a\u094d\u0930\u0936\u094d\u0928 \u0939\u0948, \u0924\u094b \u0915\u0943\u092a\u092f\u093e \u092a\u094d\u0930\u0936\u093e\u0938\u0915 \u0938\u0947 \u0938\u0902\u092a\u0930\u094d\u0915 \u0915\u0930\u0947\u0902\u0964 ', <br/>, <br/>, ' ', <b>\u0927\u0928\u094d\u092f\u0935\u093e\u0926! #MailFooter#</b>]"}, {"language": "IW", "subject": "\u05d4\u05d4\u05d6\u05de\u05e0\u05d4 \u05d4\u05de\u05ea\u05d5\u05d6\u05de\u05e0\u05ea \u05d1\u05d5\u05d8\u05dc\u05d4 \u05e2\u05dc \u05d9\u05d3\u05d9 \u05de\u05e0\u05d4\u05dc \u05d4\u05de\u05e2\u05e8\u05db\u05ea", "body": "[' ', <b>\u05d9\u05e7\u05e8</b>, ' #Rider# , ', <br/>, <br/>, ' \u05d4\u05d4\u05d6\u05de\u05e0\u05d4 \u05e9\u05dc\u05da #BookingNo# on #Rider# \u05d1\u05d5\u05d8\u05dc\u05d4 \u05e2\u05dc \u05d9\u05d3\u05d9 \u05de\u05e0\u05d4\u05dc \u05d4\u05de\u05e2\u05e8\u05db\u05ea. \u05d0\u05e0\u05d0 \u05e6\u05d5\u05e8 \u05e7\u05e9\u05e8 \u05e2\u05dd Administarator \u05d0\u05dd \u05d9\u05e9 \u05dc\u05da \u05e9\u05d0\u05d9\u05dc\u05ea\u05d4. ', <br/>, <br/>, ' ', <b>\u05ea\u05d5\u05d3\u05d4! #MailFooter#</b>]"}, {"language": "FR", "subject": "R\u00e9servation planifi\u00e9e annul\u00e9e par l'administrateur", "body": "[' ', <b>Cher</b>, ' #Rider# , ', <br/>, <br/>, \" Votre r\u00e9servation #BookingNo# on #Rider# a \u00e9t\u00e9 annul\u00e9e par l'administrateur. S'il vous pla\u00eet contacter l'administrateur si vous avez une requ\u00eate. \", <br/>, <br/>, ' ', <b>Merci! #MailFooter#</b>]"}, {"language": "DA", "subject": "Planlagt booking annulleret af admin", "body": "[' ', <b>K\u00e6re</b>, ' #Rider# , ', <br/>, <br/>, ' Din reservation #BookingNo# p\u00e5 #Rider# er blevet annulleret af Administrator. Kontakt venligst Administarator, hvis du har nogen foresp\u00f8rgsel. ', <br/>, <br/>, ' ', <b>Tak! #MailFooter#</b>]"}]}