{"purpose": "Document Expired", "templates": [{"language": "AF", "subject": "Waarskuwing! Dokumentuitval in 7 dae!", "body": "[' ', <span><br/> Let asseblief daarop dat die volgende dokumente binne sewe dae verval #details# <br/></span>]"}, {"language": "EN", "subject": "Warning! Document Expiry in 7 days!", "body": "[' ', <span><br/>Please note that the following Documents will expire in seven days #details#</span>, <br/>]"}, {"language": "TH", "subject": "\u0e04\u0e33\u0e40\u0e15\u0e37\u0e2d\u0e19! \u0e40\u0e2d\u0e01\u0e2a\u0e32\u0e23\u0e2b\u0e21\u0e14\u0e2d\u0e32\u0e22\u0e38\u0e43\u0e19 7 \u0e27\u0e31\u0e19!", "body": "[' ', <span><br/> \u0e42\u0e1b\u0e23\u0e14\u0e17\u0e23\u0e32\u0e1a\u0e27\u0e48\u0e32\u0e40\u0e2d\u0e01\u0e2a\u0e32\u0e23\u0e15\u0e48\u0e2d\u0e44\u0e1b\u0e19\u0e35\u0e49\u0e08\u0e30\u0e2b\u0e21\u0e14\u0e2d\u0e32\u0e22\u0e38\u0e43\u0e19\u0e40\u0e08\u0e47\u0e14\u0e27\u0e31\u0e19 #details# <br/></span>]"}, {"language": "ID", "subject": "Peringatan! Dokument Kedaluwarsa dalam 7 hari!", "body": "[' ', <span><br/> Harap dicatat bahwa Dokumen berikut akan kedaluwarsa dalam tujuh hari #details# <br/></span>]"}, {"language": "DE", "subject": "Warnung! Dokumentenablauf in 7 Tagen!", "body": "[' ', <span><br/> Bitte beachten Sie, dass die folgenden Dokumente in sieben Tagen ablaufen. #details# <br/></span>]"}, {"language": "ES", "subject": "\u00a1Advertencia! Documento Vencido en 7 d\u00edas!", "body": "[' ', <span><br/> Tenga en cuenta que los siguientes documentos caducar\u00e1n en siete d\u00edas #details# <br/></span>]"}, {"language": "IT", "subject": "Avvertimento! Scadenza del documento in 7 giorni!", "body": "[' ', <span><br/> Si prega di notare che i seguenti documenti scadranno tra sette giorni #details# <br/></span>]"}, {"language": "AR", "subject": "\u062a\u062d\u0630\u064a\u0631! \u0627\u0646\u062a\u0647\u0627\u0621 \u0635\u0644\u0627\u062d\u064a\u0629 \u0627\u0644\u0645\u0633\u062a\u0646\u062f \u0641\u064a 7 \u0623\u064a\u0627\u0645!", "body": "[' ', <span><br/> \u064a\u0631\u062c\u0649 \u0645\u0644\u0627\u062d\u0638\u0629 \u0623\u0646 \u0627\u0644\u0648\u062b\u0627\u0626\u0642 \u0627\u0644\u062a\u0627\u0644\u064a\u0629 \u0633\u062a\u0646\u062a\u0647\u064a \u0641\u064a \u0633\u0628\u0639\u0629 \u0623\u064a\u0627\u0645 #details# <br/></span>]"}, {"language": "UR", "subject": "\u0627\u0646\u062a\u0628\u0627\u06c1! \u062f\u0633\u062a\u0627\u0648\u06cc\u0632 7 \u062f\u0646 \u0645\u06cc\u06ba \u062e\u062a\u0645 \u06c1\u0648 \u06af\u06cc\u0627 \u06c1\u06d2!", "body": "[' ', <span><br/> \u0628\u0631\u0627\u0626\u06d2 \u0645\u06c1\u0631\u0628\u0627\u0646\u06cc \u0646\u0648\u0679 \u06a9\u0631\u06cc\u06ba \u06a9\u06c1 \u0645\u0646\u062f\u0631\u062c\u06c1 \u0630\u06cc\u0644 \u062f\u0633\u062a\u0627\u0648\u06cc\u0632\u0627\u062a \u0633\u0627\u062a \u062f\u0646\u0648\u06ba \u0645\u06cc\u06ba \u062e\u062a\u0645 \u06c1\u0648\u06ba \u06af\u06d2 #details# <br/></span>]"}, {"language": "AZ", "subject": "X\u0259b\u0259rdarl\u0131q! S\u0259n\u0259din 7 g\u00fcnd\u0259 bitm\u0259si!", "body": "[' ', <span><br/> Qeyd ed\u0259k ki, a\u015fa\u011f\u0131dak\u0131 s\u0259n\u0259dl\u0259r yeddi g\u00fcn \u0259rzind\u0259 sona \u00e7atacaqd\u0131r #details# <br/></span>]"}, {"language": "ZH", "subject": "\u8b66\u544a\uff01\u6587\u4ef6\u5230\u671f7\u5929\uff01", "body": "[' ', <span><br/>\u8bf7\u6ce8\u610f\uff0c\u4ee5\u4e0b\u6587\u4ef6\u5c06\u5728\u4e03\u5929\u540e\u5230\u671f#details# <br/></span>]"}, {"language": "PT", "subject": "Aviso! Expira\u00e7\u00e3o do documento em 7 dias!", "body": "[' ', <span><br/> Por favor, note que os seguintes documentos ir\u00e3o expirar em sete dias #details# <br/></span>]"}, {"language": "ZU", "subject": "Isexwayiso! Idokhumenti yokuphela kwesikhathi ezinsukwini ezingu-7!", "body": "[' ', <span><br/> Sicela wazi ukuthi Amadokhumenti alandelayo azophelelwa yisikhathi ezinsukwini eziyisikhombisa #details# <br/></span>]"}, {"language": "SW", "subject": "Onyo! Mwisho wa Hati katika siku 7!", "body": "[' ', <span><br/> Tafadhali kumbuka kuwa Nyaraka zifuatazo zitakufa katika siku saba #details# <br/></span>]"}, {"language": "KU", "subject": "Gaz\u00ee! Di 7 rojan de D\u00eeroka Daxuyaniy\u00ea!", "body": "[' ', <span><br/> Ji kerema xwe re bib\u00eajin ku belgey\u00ean j\u00ear\u00een di heft rojan de #details# <br/></span>]"}, {"language": "MS", "subject": "Amaran! Dokumen Tamat tempoh dalam 7 hari!", "body": "[' ', <span><br/> Sila ambil perhatian bahawa Dokumen berikut akan tamat tempoh dalam tujuh hari #details# <br/></span>]"}, {"language": "SI", "subject": "\u0d85\u0db1\u0dad\u0dd4\u0dbb\u0dd4 \u0d87\u0d9f\u0dc0\u0dd3\u0db8! \u0dbd\u0dda\u0d9b\u0db1\u0dba \u0daf\u0dd2\u0db1 7 \u0d9a\u0dd2\u0db1\u0dca \u0d9a\u0dbd\u0dca\u0d89\u0d9a\u0dd4\u0dad\u0dca \u0dc0\u0dda!", "body": "[' ', <span><br/> \u0db4\u0dc4\u0dad \u0dc3\u0db3\u0dc4\u0db1\u0dca \u0dbd\u0dd2\u0db4\u0dd2 \u0dbd\u0dda\u0d9b\u0db1 \u0daf\u0dd2\u0db1 \u0dc4\u0dad\u0d9a\u0dca \u0d9a\u0dbd\u0dca \u0d89\u0d9a\u0dd4\u0dad\u0dca\u0dc0\u0db1\u0dd4 \u0d87\u0dad \u0db6\u0dc0 \u0d9a\u0dbb\u0dd4\u0dab\u0dcf\u0dc0\u0dd9\u0db1\u0dca \u0dc3\u0dbd\u0d9a\u0db1\u0dca\u0db1 #details# <br/></span>]"}, {"language": "TA", "subject": "\u0b8e\u0b9a\u0bcd\u0b9a\u0bb0\u0bbf\u0b95\u0bcd\u0b95\u0bc8! 7 \u0ba8\u0bbe\u0b9f\u0bcd\u0b95\u0bb3\u0bbf\u0bb2\u0bcd \u0b86\u0bb5\u0ba3 \u0b95\u0bbe\u0bb2\u0bbe\u0bb5\u0ba4\u0bbf!", "body": "[' ', <span><br/> \u0baa\u0bbf\u0ba9\u0bcd\u0bb5\u0bb0\u0bc1\u0bae\u0bcd \u0b86\u0bb5\u0ba3\u0b99\u0bcd\u0b95\u0bb3\u0bcd \u0b8f\u0bb4\u0bc1 \u0ba8\u0bbe\u0b9f\u0bcd\u0b95\u0bb3\u0bbf\u0bb2\u0bcd \u0b95\u0bbe\u0bb2\u0bbe\u0bb5\u0ba4\u0bbf\u0baf\u0bbe\u0b95\u0bbf\u0bb5\u0bbf\u0b9f\u0bc1\u0bae\u0bcd #details# <br/></span>]"}, {"language": "VI", "subject": "C\u1ea3nh b\u00e1o! T\u00e0i li\u1ec7u h\u1ebft h\u1ea1n trong 7 ng\u00e0y!", "body": "[' ', <span><br/> Xin l\u01b0u \u00fd r\u1eb1ng c\u00e1c T\u00e0i li\u1ec7u sau s\u1ebd h\u1ebft h\u1ea1n sau b\u1ea3y ng\u00e0y #details# <br/></span>]"}, {"language": "TL", "subject": "Babala! Mag-expire ng Dokumento sa loob ng 7 araw!", "body": "[' ', <span><br/> Mangyaring tandaan na ang mga sumusunod na Dokumento ay mawawalan ng bisa sa pitong araw #details# <br/></span>]"}, {"language": "KM", "subject": "\u1780\u17b6\u179a\u1796\u17d2\u179a\u1798\u17b6\u1793! \u1795\u17bb\u178f\u1780\u17c6\u178e\u178f\u17cb\u17af\u1780\u179f\u17b6\u179a\u1780\u17d2\u1793\u17bb\u1784\u179a\u1799\u17c8\u1796\u17c1\u179b 7 \u1790\u17d2\u1784\u17c3!", "body": "[' ', <span><br/> \u179f\u17bc\u1798\u1785\u17c6\u178e\u17b6\u17c6\u1790\u17b6\u17af\u1780\u179f\u17b6\u179a\u1781\u17b6\u1784\u1780\u17d2\u179a\u17c4\u1798\u1793\u17b9\u1784\u1795\u17bb\u178f\u1780\u17c6\u178e\u178f\u17cb\u1780\u17d2\u1793\u17bb\u1784\u179a\u1799\u17c8\u1796\u17c1\u179b 7 \u1790\u17d2\u1784\u17c3 #details# <br/></span>]"}, {"language": "BN", "subject": "\u09b8\u09a4\u09b0\u09cd\u0995\u09ac\u09be\u09a3\u09c0! 7 \u09a6\u09bf\u09a8\u09c7\u09b0 \u09ae\u09a7\u09cd\u09af\u09c7 \u09a1\u0995\u09c1\u09ae\u09c7\u09a8\u09cd\u099f \u09ae\u09c7\u09af\u09bc\u09be\u09a6 \u09b6\u09c7\u09b7!", "body": "[' ', <span><br/> \u09a6\u09af\u09bc\u09be \u0995\u09b0\u09c7 \u09a8\u09cb\u099f \u0995\u09b0\u09c1\u09a8 \u09af\u09c7 \u09a8\u09bf\u09ae\u09cd\u09a8\u09cb\u0995\u09cd\u09a4 \u09a8\u09a5\u09bf \u09b8\u09be\u09a4 \u09a6\u09bf\u09a8\u09c7\u09b0 \u09ae\u09a7\u09cd\u09af\u09c7 \u09ae\u09c7\u09af\u09bc\u09be\u09a6 \u09b6\u09c7\u09b7 \u09b9\u09ac\u09c7 #details# <br/></span>]"}, {"language": "JA", "subject": "\u8b66\u544a\uff01 7\u65e5\u3067\u671f\u9650\u5207\u308c\u306b\u306a\u308b", "body": "[' ', <span><br/>\u4ee5\u4e0b\u306e\u30c9\u30ad\u30e5\u30e1\u30f3\u30c8\u306f\u30017\u65e5\u3067\u671f\u9650\u5207\u308c\u3068\u306a\u308a\u307e\u3059\u306e\u3067\u3054\u6ce8\u610f\u304f\u3060\u3055\u3044#details# <br/></span>]"}, {"language": "KO", "subject": "\uacbd\uace0! 7 \uc77c \ub9cc\uc5d0 \ubb38\uc11c \ub9cc\ub8cc!", "body": "[' ', <span><br/> \ub2e4\uc74c \ubb38\uc11c\ub294 7 \uc77c \ud6c4\uc5d0 \ub9cc\ub8cc\ub429\ub2c8\ub2e4. #details# <br/></span>]"}, {"language": "YO", "subject": "Ikilo! Iwe ipil\u1eb9 iwe ni \u1ecdj\u1ecd meje!", "body": "[' ', <span><br/> J\u1ecdw\u1ecd \u1e63e akiyesi pe aw\u1ecdn Ak\u1ecd\u1e63il\u1eb9 iwe w\u1ecdnyi yoo pari ni \u1ecdj\u1ecd meje #details# <br/></span>]"}, {"language": "TR", "subject": "Uyar\u0131! 7 g\u00fcn i\u00e7inde evrak sona", "body": "[' ', <span><br/> L\u00fctfen a\u015fa\u011f\u0131daki Belgelerin yedi g\u00fcn i\u00e7inde sona erece\u011fini unutmay\u0131n #details# <br/></span>]"}, {"language": "RU", "subject": "\u041f\u0440\u0435\u0434\u0443\u043f\u0440\u0435\u0436\u0434\u0435\u043d\u0438\u0435! \u0421\u0440\u043e\u043a \u0434\u0435\u0439\u0441\u0442\u0432\u0438\u044f \u0434\u043e\u043a\u0443\u043c\u0435\u043d\u0442\u0430 - 7 \u0434\u043d\u0435\u0439!", "body": "[' ', <span><br/> \u041e\u0431\u0440\u0430\u0442\u0438\u0442\u0435 \u0432\u043d\u0438\u043c\u0430\u043d\u0438\u0435 , <span>\u0447\u0442\u043e \u0441\u043b\u0435\u0434\u0443\u044e\u0449\u0438\u0435 \u0434\u043e\u043a\u0443\u043c\u0435\u043d\u0442\u044b \u0438\u0441\u0442\u0435\u043a\u0430\u0435\u0442 \u0447\u0435\u0440\u0435\u0437 \u0441\u0435\u043c\u044c \u0434\u043d\u0435\u0439 #details# <br/></span></span>]"}, {"language": "FA", "subject": "\u0647\u0634\u062f\u0627\u0631! \u0633\u0646\u062f \u0627\u0646\u0642\u0636\u0627 \u062f\u0631 7 \u0631\u0648\u0632!", "body": "[' ', <span><br/> \u0644\u0637\u0641\u0627 \u062a\u0648\u062c\u0647 \u062f\u0627\u0634\u062a\u0647 \u0628\u0627\u0634\u06cc\u062f \u06a9\u0647 \u0627\u0633\u0646\u0627\u062f \u0632\u06cc\u0631 \u062f\u0631 \u0647\u0641\u062a \u0631\u0648\u0632 \u0645\u0646\u0642\u0636\u06cc \u062e\u0648\u0627\u0647\u062f \u0634\u062f #details# <br/></span>]"}, {"language": "MY", "subject": "\u101e\u1010\u102d\u1015\u1031\u1038\u1001\u103c\u1004\u103a\u1038! 7 \u101b\u1000\u103a\u1021\u1010\u103d\u1004\u103a\u1038\u1021\u1010\u103d\u1000\u103a\u1005\u102c\u101b\u103d\u1000\u103a\u1005\u102c\u1010\u1019\u103a\u1038\u101e\u1000\u103a\u1010\u1019\u103a\u1038\u1000\u102f\u1014\u103a\u1006\u102f\u1036\u1038!", "body": "[' ', <span><br/> \u1021\u1031\u102c\u1000\u103a\u1015\u102b\u1005\u102c\u101b\u103d\u1000\u103a\u1005\u102c\u1010\u1019\u103a\u1038\u1019\u103b\u102c\u1038\u1001\u102f\u1014\u1005\u103a\u101b\u1000\u103a\u1015\u1010\u103a\u101c\u102f\u1036\u1038\u101e\u1000\u103a\u1010\u1019\u103a\u1038\u1000\u102f\u1014\u103a\u1019\u100a\u103a\u1000\u102d\u102f \u1000\u103b\u1031\u1038\u1007\u1030\u1038\u1015\u103c\u102f. \u101e\u1010\u102d\u1015\u103c\u102f\u1015\u102b #details# <br/></span>]"}, {"language": "HI", "subject": "\u091a\u0947\u0924\u093e\u0935\u0928\u0940! 7 \u0926\u093f\u0928\u094b\u0902 \u092e\u0947\u0902 \u0926\u0938\u094d\u0924\u093e\u0935\u0947\u091c\u093c \u0915\u0940 \u0938\u092e\u093e\u092a\u094d\u0924\u093f!", "body": "[' ', <span><br/> \u0915\u0943\u092a\u092f\u093e \u0927\u094d\u092f\u093e\u0928 \u0926\u0947\u0902 \u0915\u093f \u0928\u093f\u092e\u094d\u0928\u0932\u093f\u0916\u093f\u0924 \u0926\u0938\u094d\u0924\u093e\u0935\u0947\u091c \u0938\u093e\u0924 \u0926\u093f\u0928\u094b\u0902 \u092e\u0947\u0902 \u0938\u092e\u093e\u092a\u094d\u0924 \u0939\u094b \u091c\u093e\u090f\u0902\u0917\u0947 #details# <br/></span>]"}, {"language": "IW", "subject": "\u05d0\u05d6\u05d4\u05e8\u05d4! \u05e4\u05d2 \u05ea\u05d5\u05e7\u05e3 \u05de\u05e1\u05de\u05da \u05ea\u05d5\u05da 7 \u05d9\u05de\u05d9\u05dd!", "body": "[' ', <span><br/> \u05e9\u05d9\u05dd \u05dc\u05d1 \u05db\u05d9 \u05d4\u05de\u05e1\u05de\u05db\u05d9\u05dd \u05d4\u05d1\u05d0\u05d9\u05dd \u05d9\u05e4\u05d5\u05d2 \u05d1\u05e2\u05d5\u05d3 \u05e9\u05d1\u05e2\u05d4 \u05d9\u05de\u05d9\u05dd #details# <br/></span>]"}, {"language": "FR", "subject": "Attention! Expiration du document dans 7 jours!", "body": "[' ', <span><br/> Veuillez noter que les documents suivants expireront dans sept jours #details# <br/></span>]"}, {"language": "DA", "subject": "Advarsel! Dokumentets udl\u00f8b om 7 dage!", "body": "[' ', <span><br/> Bem\u00e6rk venligst at f\u00f8lgende dokumenter udl\u00f8ber om syv dage #details# <br/></span>]"}]}