{"purpose": "To notify Rider of the \u201cride later\u201d booking from app", "templates": [{"language": "AF", "subject": "Ry later geskeduleer", "body": "[' ', <span><br/> Liewe #Rider# , <br/><br/> Jou reis is geskeduleer. Toegewysde bestuurder sal jou plek bereik. Geniet jou reis. <br/><br/> Hier is die besprekingsbesonderhede. <br/><br/> Besprekingsnommer: #BookingNo# <br/><br/> Adres: #SourceAddress# <br/><br/> Boekingsdatum: #Rider# <br/><br/> Dankie! #MailFooter# <br/></span>]"}, {"language": "EN", "subject": "Ride Later Scheduled", "body": "[' ', <span><br/>Dear #Rider#, \n<br/>\n<br/>Your Trip has been scheduled. Assigned driver will reach your location. Enjoy your Trip.\n<br/>\n<br/>Below are the booking details.\n<br/>\n<br/>Booking No: #BookingNo#\n<br/>\n<br/>Address: #SourceAddress#\n<br/>\n<br/>Booking Date: #Ddate#\n<br/>\n<br/>Thanks!  #MailFooter#</span>, <br/>]"}, {"language": "TH", "subject": "\u0e08\u0e31\u0e14\u0e15\u0e32\u0e23\u0e32\u0e07\u0e40\u0e27\u0e25\u0e32\u0e20\u0e32\u0e22\u0e2b\u0e25\u0e31\u0e07", "body": "[' ', <span><br/> \u0e40\u0e23\u0e35\u0e22\u0e19 #Rider# <br/><br/> \u0e01\u0e33\u0e2b\u0e19\u0e14\u0e01\u0e32\u0e23\u0e40\u0e14\u0e34\u0e19\u0e17\u0e32\u0e07\u0e02\u0e2d\u0e07\u0e04\u0e38\u0e13 \u0e04\u0e19\u0e02\u0e31\u0e1a\u0e17\u0e35\u0e48\u0e44\u0e14\u0e49\u0e23\u0e31\u0e1a\u0e21\u0e2d\u0e1a\u0e2b\u0e21\u0e32\u0e22\u0e08\u0e30\u0e44\u0e1b\u0e16\u0e36\u0e07\u0e17\u0e35\u0e48\u0e15\u0e31\u0e49\u0e07\u0e02\u0e2d\u0e07\u0e04\u0e38\u0e13 \u0e40\u0e1e\u0e25\u0e34\u0e14\u0e40\u0e1e\u0e25\u0e34\u0e19\u0e44\u0e1b\u0e01\u0e31\u0e1a\u0e01\u0e32\u0e23\u0e40\u0e14\u0e34\u0e19\u0e17\u0e32\u0e07\u0e02\u0e2d\u0e07\u0e04\u0e38\u0e13. <br/><br/> \u0e14\u0e49\u0e32\u0e19\u0e25\u0e48\u0e32\u0e07\u0e19\u0e35\u0e49\u0e04\u0e37\u0e2d\u0e23\u0e32\u0e22\u0e25\u0e30\u0e40\u0e2d\u0e35\u0e22\u0e14\u0e01\u0e32\u0e23\u0e08\u0e2d\u0e07 <br/><br/> \u0e2b\u0e21\u0e32\u0e22\u0e40\u0e25\u0e02\u0e01\u0e32\u0e23\u0e08\u0e2d\u0e07: #BookingNo# <br/><br/> \u0e17\u0e35\u0e48\u0e2d\u0e22\u0e39\u0e48: #SourceAddress# <br/><br/> \u0e27\u0e31\u0e19\u0e17\u0e35\u0e48\u0e08\u0e2d\u0e07: #Rider# <br/><br/> \u0e02\u0e2d\u0e1a\u0e04\u0e38\u0e13! #MailFooter# <br/></span>]"}, {"language": "ID", "subject": "Naik nanti Dijadwalkan", "body": "[' ', <span><br/> Dear #Rider# , <br/><br/> Perjalanan Anda telah dijadwalkan. Pengemudi yang ditugaskan akan mencapai lokasi Anda. Nikmati perjalanan Anda. <br/><br/> Di bawah ini adalah rincian pemesanan. <br/><br/> Nomor Pemesanan: #BookingNo# PemesananTidak Ada #BookingNo# <br/><br/> Alamat: #SourceAddress# <br/><br/> Tanggal Pemesanan: #Rider# <br/><br/> Terima kasih! #MailFooter# <br/></span>]"}, {"language": "DE", "subject": "Fahrt sp\u00e4ter geplant", "body": "[' ', <span><br/> Sehr geehrter #Rider# , <br/><br/> Ihre Reise wurde geplant. Der zugewiesene Treiber wird Ihren Standort erreichen. Genie\u00dfe deine Reise. <br/><br/> Nachfolgend finden Sie die Buchungsdetails. <br/><br/> Buchungsnummer: #BookingNo# <br/><br/> Adresse: #SourceAddress# <br/><br/> Buchungsdatum: #Rider# <br/><br/> Vielen Dank! #MailFooter# <br/></span>]"}, {"language": "ES", "subject": "Paseo m\u00e1s tarde programado", "body": "[' ', <span><br/> Estimado #Rider# , <br/><br/> Su viaje ha sido programado. Conductor asignado llegar\u00e1 a su ubicaci\u00f3n. Disfruta tu viaje. <br/><br/> A continuaci\u00f3n se muestran los detalles de la reserva. <br/><br/> Reservaci\u00f3n No: #BookingNo# <br/><br/> Direcci\u00f3n: #SourceAddress# <br/><br/> Fecha de reserva: #Rider# <br/><br/> \u00a1Gracias! #MailFooter# <br/></span>]"}, {"language": "IT", "subject": "Ride in ritardo programmato", "body": "[' ', <span><br/> Caro #Rider# , <br/><br/> Il tuo viaggio \u00e8 stato programmato. L'autista assegnato raggiunger\u00e0 la tua posizione. Godetevi il viaggio. <br/><br/> Di seguito sono riportati i dettagli della prenotazione. <br/><br/> #BookingNo# prenotazione: #BookingNo# <br/><br/> Indirizzo: #SourceAddress# <br/><br/> Data di prenotazione: #Rider# <br/><br/> Grazie! #MailFooter# <br/></span>]"}, {"language": "AR", "subject": "\u0631\u0643\u0648\u0628 \u0641\u064a \u0648\u0642\u062a \u0644\u0627\u062d\u0642 \u0627\u0644\u0645\u0642\u0631\u0631", "body": "[' ', <span><br/> \u0639\u0632\u064a\u0632\u064a #Rider# \u060c <br/><br/> \u062a\u0645 \u062c\u062f\u0648\u0644\u0629 \u0631\u062d\u0644\u062a\u0643. \u0633\u0648\u0641 \u0633\u0627\u0626\u0642 \u0645\u0639\u064a\u0646 \u062a\u0635\u0644 \u0625\u0644\u0649 \u0645\u0648\u0642\u0639\u0643. \u0627\u0633\u062a\u0645\u062a\u0639 \u0628\u0631\u062d\u0644\u062a\u0643. <br/><br/> \u0641\u064a\u0645\u0627 \u064a\u0644\u064a \u062a\u0641\u0627\u0635\u064a\u0644 \u0627\u0644\u062d\u062c\u0632. <br/><br/> \u0631\u0642\u0645 \u0627\u0644\u062d\u062c\u0632: #BookingNo# <br/><br/> \u0627\u0644\u0639\u0646\u0648\u0627\u0646: #SourceAddress# <br/><br/> \u062a\u0627\u0631\u064a\u062e \u0627\u0644\u062d\u062c\u0632: #Rider# <br/><br/> \u0634\u0643\u0631! #MailFooter# <br/></span>]"}, {"language": "UR", "subject": "\u0628\u0639\u062f \u0645\u06cc\u06ba \u0634\u06cc\u0688\u0648\u0644 \u06a9\u0631\u062f\u06c1 \u0633\u0648\u0627\u0631\u06cc", "body": "[' ', <span><br/> \u0639\u0632\u06cc\u0632 #Rider# <br/><br/> \u0622\u067e \u06a9\u0627 \u062f\u0648\u0631\u06c1 \u0637\u06d2 \u06a9\u06cc\u0627 \u06af\u06cc\u0627 \u06c1\u06d2. \u0645\u0642\u0631\u0631 \u06a9\u0631\u062f\u06c1 \u0688\u0631\u0627\u0626\u06cc\u0648\u0631 \u0622\u067e \u06a9\u06d2 \u0645\u0642\u0627\u0645 \u062a\u06a9 \u067e\u06c1\u0646\u0686 \u062c\u0627\u0626\u06d2 \u06af\u0627. \u0627\u067e\u0646\u06d2 \u0633\u0641\u0631 \u0633\u06d2 \u0644\u0637\u0641 \u0627\u0646\u062f\u0631\u0648\u0632 \u06c1\u0648\u06ba. <br/><br/> \u0630\u06cc\u0644 \u0645\u06cc\u06ba \u0628\u06a9\u0646\u06af \u06a9\u06cc \u062a\u0641\u0635\u06cc\u0644\u0627\u062a \u06c1\u06cc\u06ba. <br/><br/> \u0628\u06a9\u0646\u06af \u0646\u0645\u0628\u0631: #BookingNo# \u0628\u06a9\u0646\u06af \u06a9\u0648\u0626\u06cc #BookingNo# <br/><br/> \u0627\u06cc\u0688\u0631\u06cc\u0633: #SourceAddress# <br/><br/> \u0628\u06a9\u0646\u06af \u06a9\u06cc \u062a\u0627\u0631\u06cc\u062e: #Rider# <br/><br/> \u0634\u06a9\u0631\u06cc\u06c1! #MailFooter# <br/></span>]"}, {"language": "AZ", "subject": "Daha sonra Ride Planla\u015fd\u0131r\u0131l\u0131r", "body": "[' ', <span><br/> H\u00f6rm\u0259tli #Rider# , <br/><br/> Sizin s\u0259f\u0259riniz planla\u015fd\u0131r\u0131l\u0131b. T\u0259yin edilmi\u015f s\u00fcr\u00fcc\u00fc yeriniz\u0259 \u00e7atacaq. Gezinizi keyfinize. <br/><br/> A\u015fa\u011f\u0131dak\u0131 sifari\u015f m\u0259lumatlar\u0131. <br/><br/> Rezervasyon No: #BookingNo# RezervasyonNo #BookingNo# <br/><br/> \u00dcnvan: #SourceAddress# <br/><br/> Rezervasyon tarixi: #Rider# <br/><br/> T\u0259\u015f\u0259kk\u00fcr edirik! #MailFooter# <br/></span>]"}, {"language": "ZH", "subject": "\u4e4b\u540e\u8ba1\u5212\u9a91\u884c", "body": "[' ', <span><br/>\u4eb2\u7231\u7684#Rider# \uff0c <br/><br/>\u4f60\u7684\u65c5\u884c\u5df2\u7ecf\u5b89\u6392\u597d\u4e86\u3002\u6307\u5b9a\u7684\u53f8\u673a\u5c06\u5230\u8fbe\u60a8\u7684\u4f4d\u7f6e\u3002\u795d\u4f60\u65c5\u9014\u6109\u5feb\u3002 <br/><br/>\u4ee5\u4e0b\u662f\u9884\u8ba2\u8be6\u60c5\u3002 <br/><br/>\u9884\u8ba2\u53f7\u7801\uff1a #BookingNo# <br/><br/>\u5730\u5740\uff1a #SourceAddress# <br/><br/>\u9884\u8ba2\u65e5\u671f\uff1a #Rider# <br/><br/>\u8c22\u8c22\uff01 #MailFooter# <br/></span>]"}, {"language": "PT", "subject": "Ride Later Scheduled", "body": "[' ', <span><br/> Caro #Rider# , <br/><br/> Sua viagem foi agendada. O motorista designado alcan\u00e7ar\u00e1 sua localiza\u00e7\u00e3o. Aproveite sua viagem. <br/><br/> Abaixo est\u00e3o os detalhes da reserva. <br/><br/> Reservas N\u00e3o: #BookingNo# <br/><br/> Endere\u00e7o: #SourceAddress# <br/><br/> Data de reserva: #Rider# <br/><br/> Obrigado! #MailFooter# <br/></span>]"}, {"language": "ZU", "subject": "Hamba ngokuhamba kwesikhathi kuhleliwe", "body": "[' ', <span><br/> Ngomunye #Rider# , <br/><br/> Uhambo lwakho luhlelelwe. Umshayeli ozobekwa uzofinyelela endaweni yakho. Jabulela uhambo lwakho. <br/><br/> Ngezansi imininingwane yokubhuka. <br/><br/> Ukubhuka No: #BookingNo# <br/><br/> Ikheli: #SourceAddress# <br/><br/> Usuku Lokubhuka: #Rider# <br/><br/> Siyabonga! #MailFooter# <br/></span>]"}, {"language": "SW", "subject": "Panda baadaye Iliyopangwa", "body": "[' ', <span><br/> Mpendwa #Rider# , <br/><br/> Safari yako imepangwa. Dereva aliyewekwa atafikia eneo lako. Furahia Safari yako. <br/><br/> Chini ni maelezo ya uhifadhi. <br/><br/> Booking No: #BookingNo# <br/><br/> Anwani: #SourceAddress# <br/><br/> Tarehe ya Marejeo: #Rider# <br/><br/> Asante! #MailFooter# <br/></span>]"}, {"language": "KU", "subject": "P\u00eaw\u00eeste P\u00ea\u015fdibistan\u00ea", "body": "[' ', <span><br/> Dear #Rider# , <br/><br/> R\u00eaw\u00eeteya we ya vekir\u00ee ye. Guherterek destn\u00ee\u015fankir\u00ee \u00ea w\u00ea di\u00e7e cih\u00ea xwe. Bi\u00e7e Serdana xwe. <br/><br/> Li j\u00ear agahiy\u00ean dan\u00fbstendin\u00ea ne. <br/><br/> #BookingNo# : #BookingNo# <br/><br/> Navn\u00ee\u015fan: #SourceAddress# <br/><br/> Booking Date: #Rider# <br/><br/> Spas! #MailFooter# <br/></span>]"}, {"language": "MS", "subject": "Ride Nanti Dijadualkan", "body": "[' ', <span><br/> Dear #Rider# , <br/><br/> Perjalanan anda telah dijadualkan. Pemandu yang diberikan akan sampai ke lokasi anda. Nikmati lawatan anda. <br/><br/> Berikut adalah butiran tempahan. <br/><br/> Tempahan No: #BookingNo# <br/><br/> Alamat: #SourceAddress# <br/><br/> Tarikh Tempahan: #Rider# <br/><br/> Terima kasih! #MailFooter# <br/></span>]"}, {"language": "SI", "subject": "\u0db4\u0dc3\u0dd4\u0daf\u0dcf \u0dc3\u0dd0\u0dbd\u0dc3\u0dd4\u0db8\u0dca \u0d9a\u0dbb \u0d87\u0dad", "body": "[' ', <span><br/> \u0da9\u0dda\u0dc0\u0dd2\u0da9\u0dca #Rider# <br/><br/> \u0d94\u0db6\u0d9c\u0dda \u0dc3\u0d82\u0da0\u0dcf\u0dbb\u0dba \u0dc3\u0dd0\u0dbd\u0dc3\u0dd4\u0db8\u0dca \u0d9a\u0dbb \u0d87\u0dad. \u0dad\u0ddd\u0dbb\u0dcf\u0d9c\u0dad\u0dca \u0dbb\u0dd2\u0dba\u0dd0\u0daf\u0dd4\u0dbb\u0dcf \u0d94\u0db6\u0dda \u0dc3\u0dca\u0dae\u0dcf\u0db1\u0dba\u0da7 \u0dc5\u0d9f\u0dcf \u0dc0\u0db1\u0dd4 \u0d87\u0dad. \u0d94\u0db6\u0dda \u0dc3\u0d82\u0da0\u0dcf\u0dbb\u0dba \u0dc3\u0dad\u0dd4\u0da7\u0dd2\u0db1\u0dca. <br/><br/> \u0db4\u0dc4\u0dad \u0dc3\u0db3\u0dc4\u0db1\u0dca \u0db4\u0dbb\u0dd2\u0daf\u0dd2 \u0dc0\u0dd9\u0db1\u0dca \u0dc0\u0dd9\u0db1\u0dca \u0dc0\u0dd2\u0dc3\u0dca\u0dad\u0dbb. <br/><br/> \u0d85\u0d82\u0d9a: #BookingNo# <br/><br/> \u0dbd\u0dd2\u0db4\u0dd2\u0db1\u0dba: #SourceAddress# \u0dbd\u0dd2\u0db4\u0dd2\u0db1\u0dba <br/><br/> \u0dc0\u0dd9\u0db1\u0dca \u0dc0\u0dd9\u0db1\u0dca \u0daf\u0dd2\u0db1\u0dba: #Rider# <br/><br/> \u0dc3\u0dca\u0dad\u0dd6\u0dad\u0dd2\u0dba\u0dd2! #MailFooter# <br/></span>]"}, {"language": "TA", "subject": "\u0baa\u0bbf\u0ba9\u0bcd\u0ba9\u0bb0\u0bcd \u0bb0\u0bc8\u0b9f\u0bc1 \u0ba4\u0bbf\u0b9f\u0bcd\u0b9f\u0bae\u0bbf\u0b9f\u0baa\u0bcd\u0baa\u0b9f\u0bcd\u0b9f\u0ba4\u0bc1", "body": "[' ', <span><br/> \u0b85\u0ba9\u0bcd\u0baa\u0bc7 #Rider# , <br/><br/> \u0b89\u0b99\u0bcd\u0b95\u0bb3\u0bcd \u0baa\u0baf\u0ba3\u0bae\u0bcd \u0ba4\u0bbf\u0b9f\u0bcd\u0b9f\u0bae\u0bbf\u0b9f\u0baa\u0bcd\u0baa\u0b9f\u0bcd\u0b9f\u0bc1\u0bb3\u0bcd\u0bb3\u0ba4\u0bc1. \u0b92\u0ba4\u0bc1\u0b95\u0bcd\u0b95\u0baa\u0bcd\u0baa\u0b9f\u0bcd\u0b9f \u0b87\u0baf\u0b95\u0bcd\u0b95\u0bbf \u0b89\u0b99\u0bcd\u0b95\u0bb3\u0bcd \u0b87\u0bb0\u0bc1\u0baa\u0bcd\u0baa\u0bbf\u0b9f\u0ba4\u0bcd\u0ba4\u0bc8 \u0b8e\u0b9f\u0bcd\u0b9f\u0bc1\u0bae\u0bcd. \u0b89\u0b99\u0bcd\u0b95\u0bb3\u0bcd \u0baa\u0baf\u0ba3\u0bae\u0bcd \u0bae\u0b95\u0bbf\u0bb4\u0bc1\u0b99\u0bcd\u0b95\u0bb3\u0bcd. <br/><br/> \u0baa\u0bc1\u0b95\u0bcd\u0b95\u0bbf\u0b99\u0bcd \u0bb5\u0bbf\u0bb5\u0bb0\u0b99\u0bcd\u0b95\u0bb3\u0bcd \u0b95\u0bc0\u0bb4\u0bc7 \u0b89\u0bb3\u0bcd\u0bb3\u0ba9. <br/><br/> \u0bae\u0bc1\u0ba9\u0bcd\u0baa\u0ba4\u0bbf\u0bb5\u0bc1 \u0b87\u0bb2\u0bcd\u0bb2\u0bc8: #BookingNo# \u0bae\u0bc1\u0ba9\u0bcd\u0baa\u0ba4\u0bbf\u0bb5\u0bc1 #BookingNo# <br/><br/> \u0bae\u0bc1\u0b95\u0bb5\u0bb0\u0bbf: #SourceAddress# \u0bae\u0bc1\u0b95\u0bb5\u0bb0\u0bbf #SourceAddress# <br/><br/> \u0bae\u0bc1\u0ba9\u0bcd\u0baa\u0ba4\u0bbf\u0bb5\u0bc1 \u0ba4\u0bc7\u0ba4\u0bbf: #Rider# <br/><br/> \u0ba8\u0ba9\u0bcd\u0bb1\u0bbf! #MailFooter# <br/></span>]"}, {"language": "VI", "subject": "\u0110i xe sau", "body": "[' ', <span><br/> K\u00ednh g\u1eedi #Rider# , <br/><br/> Chuy\u1ebfn \u0111i c\u1ee7a b\u1ea1n \u0111\u00e3 \u0111\u01b0\u1ee3c l\u00ean l\u1ecbch. Tr\u00ecnh \u0111i\u1ec1u khi\u1ec3n \u0111\u01b0\u1ee3c ph\u00e2n c\u00f4ng s\u1ebd \u0111\u1ebfn v\u1ecb tr\u00ed c\u1ee7a b\u1ea1n. T\u1eadn h\u01b0\u1edfng chuy\u1ebfn \u0111i nh\u00e9. <br/><br/> D\u01b0\u1edbi \u0111\u00e2y l\u00e0 chi ti\u1ebft \u0111\u1eb7t ph\u00f2ng. <br/><br/> \u0110\u1eb7t ph\u00f2ng s\u1ed1: #BookingNo# \u0110\u1eb7t ph\u00f2ng #BookingNo# <br/><br/> \u0110\u1ecba ch\u1ec9: #SourceAddress# <br/><br/> Ng\u00e0y \u0111\u1eb7t ph\u00f2ng: #Rider# <br/><br/> C\u1ea3m \u01a1n! #MailFooter# <br/></span>]"}, {"language": "TL", "subject": "Nakasakay sa Ibang Oras", "body": "[' ', <span><br/> Mahal #Rider# , <br/><br/> Naka-iskedyul ang iyong Trip. Ang nakatalagang driver ay maabot ang iyong lokasyon. Masiyahan sa iyong Trip. <br/><br/> Nasa ibaba ang mga detalye ng booking. <br/><br/> Booking No: #BookingNo# <br/><br/> Tirahan: #SourceAddress# <br/><br/> Petsa ng Pag-book: #Rider# <br/><br/> Salamat! #MailFooter# <br/></span>]"}, {"language": "KM", "subject": "\u1787\u17b7\u17c7\u1780\u17d2\u179a\u17c4\u1799\u1796\u17c1\u179b\u1780\u17c6\u178e\u178f\u17cb", "body": "[' ', <span><br/> \u1787\u17bc\u1793\u1785\u17c6\u1796\u17c4\u17c7 #Rider# <br/><br/> \u1780\u17b6\u179a\u1792\u17d2\u179c\u17be\u178a\u17c6\u178e\u17be\u179a\u179a\u1794\u179f\u17cb\u17a2\u17d2\u1793\u1780\u178f\u17d2\u179a\u17bc\u179c\u1794\u17b6\u1793\u1780\u17c6\u178e\u178f\u17cb\u1796\u17c1\u179b\u17d4 \u1780\u1798\u17d2\u1798\u179c\u17b7\u1792\u17b8\u1794\u1789\u17d2\u1787\u17b6\u178a\u17c2\u179b\u1794\u17b6\u1793\u1780\u17c6\u178e\u178f\u17cb\u1793\u17b9\u1784\u1791\u17c5\u178a\u179b\u17cb\u1791\u17b8\u178f\u17b6\u17c6\u1784\u179a\u1794\u179f\u17cb\u17a2\u17d2\u1793\u1780\u17d4 \u179a\u17b8\u1780\u179a\u17b6\u1799\u200b\u1780\u17b6\u179a\u200b\u1792\u17d2\u179c\u17be\u178a\u17c6\u178e\u17be\u179a\u200b\u1780\u17c6\u179f\u17b6\u1793\u17d2\u178f\u200b\u179a\u1794\u179f\u17cb\u200b\u17a2\u17d2\u1793\u1780\u17d4 <br/><br/> \u1781\u17b6\u1784\u1780\u17d2\u179a\u17c4\u1798\u1793\u17c1\u17c7\u1787\u17b6\u1796\u17d0\u178f\u17cc\u1798\u17b6\u1793\u179b\u17c6\u17a2\u17b7\u178f\u17a2\u17c6\u1796\u17b8\u1780\u17b6\u179a\u1780\u1780\u17cb\u17d4 <br/><br/> \u179b\u17c1\u1781\u1780\u1780\u17cb: #BookingNo# <br/><br/> \u17a2\u17b6\u179f\u17d0\u1799\u178a\u17d2\u178b\u17b6\u1793: #SourceAddress# <br/><br/> \u1780\u17b6\u179b\u1794\u179a\u17b7\u1785\u17d2\u1786\u17c1\u1791\u1780\u1780\u17cb: #Rider# <br/><br/> \u179f\u17bc\u1798\u17a2\u179a\u1782\u17bb\u178e! #MailFooter# <br/></span>]"}, {"language": "BN", "subject": "\u09aa\u09b0\u09c7 \u09af\u09be\u09a4\u09cd\u09b0\u09be\u09af\u09bc \u09a8\u09bf\u09b0\u09cd\u09a7\u09be\u09b0\u09bf\u09a4", "body": "[' ', <span><br/> \u09aa\u09cd\u09b0\u09bf\u09af\u09bc #Rider# , <br/><br/> \u0986\u09aa\u09a8\u09be\u09b0 \u099f\u09cd\u09b0\u09bf\u09aa \u09a8\u09bf\u09b0\u09cd\u09a7\u09be\u09b0\u09bf\u09a4 \u09b9\u09af\u09bc\u09c7\u099b\u09c7\u0964 \u09a8\u09bf\u09b0\u09cd\u09a7\u09be\u09b0\u09bf\u09a4 \u09a1\u09cd\u09b0\u09be\u0987\u09ad\u09be\u09b0 \u0986\u09aa\u09a8\u09be\u09b0 \u0985\u09ac\u09b8\u09cd\u09a5\u09be\u09a8 \u09aa\u09cc\u0981\u099b\u09be\u09a4\u09c7 \u09b9\u09ac\u09c7\u0964 \u09a4\u09cb\u09ae\u09be\u09b0 \u09ad\u09cd\u09b0\u09ae\u09a8 \u0989\u09aa\u09ad\u09cb\u0997 \u0995\u09b0. <br/><br/> \u09a8\u09c0\u099a\u09c7 \u09ac\u09c1\u0995\u09bf\u0982 \u09ac\u09bf\u09ac\u09b0\u09a3\u0964 <br/><br/> \u09ac\u09c1\u0995\u09bf\u0982 \u09a8\u0982: #BookingNo# \u09ac\u09c1\u0995\u09bf\u0982 \u09a8\u09c7\u0987 #BookingNo# <br/><br/> \u09a0\u09bf\u0995\u09be\u09a8\u09be: #SourceAddress# <br/><br/> \u09ac\u09c1\u0995\u09bf\u0982 \u09a4\u09be\u09b0\u09bf\u0996: #Rider# <br/><br/> \u09a7\u09a8\u09cd\u09af\u09ac\u09be\u09a6! #MailFooter# <br/></span>]"}, {"language": "JA", "subject": "\u5f8c\u3067\u4e88\u5b9a\u306b\u4e57\u308b", "body": "[' ', <span><br/> #Rider# <br/><br/>\u3042\u306a\u305f\u306e\u65c5\u306f\u4e88\u5b9a\u3055\u308c\u3066\u3044\u307e\u3059\u3002\u5272\u308a\u5f53\u3066\u3089\u308c\u305f\u904b\u8ee2\u624b\u304c\u3042\u306a\u305f\u306e\u5834\u6240\u306b\u5230\u7740\u3057\u307e\u3059\u3002\u3042\u306a\u305f\u306e\u65c5\u3092\u697d\u3057\u3093\u3067\u304f\u3060\u3055\u3044\u3002 <br/><br/>\u4ee5\u4e0b\u306f\u4e88\u7d04\u306e\u8a73\u7d30\u3067\u3059\u3002 <br/><br/>\u4e88\u7d04\u756a\u53f7\uff1a #BookingNo#\u4e88\u7d04\u756a\u53f7#BookingNo# <br/><br/>\u30a2\u30c9\u30ec\u30b9\uff1a #SourceAddress# <br/><br/>\u4e88\u7d04\u65e5\uff1a #Rider# <br/><br/>\u3042\u308a\u304c\u3068\u3046\u3054\u3056\u3044\u307e\u3059\u3002 #MailFooter# <br/></span>]"}, {"language": "KO", "subject": "\ub098\uc911\uc5d0 \uc608\uc815 \ub428", "body": "[' ', <span><br/> \uce5c\uc560\ud558\ub294 #Rider# <br/><br/> \uc5ec\ud589 \uc77c\uc815\uc774 \uc815\ud574\uc84c\uc2b5\ub2c8\ub2e4. \ud560\ub2f9 \ub41c \ub4dc\ub77c\uc774\ubc84\uac00 \uc0ac\uc6a9\uc790\uc758 \uc704\uce58\uc5d0 \ub3c4\ub2ec\ud569\ub2c8\ub2e4. \ub2f9\uc2e0\uc758 \uc5ec\ud589\uc744 \uc990\uae38 \uc218. <br/><br/> \uc544\ub798\ub294 \uc608\uc57d \ub0b4\uc6a9\uc785\ub2c8\ub2e4. <br/><br/> \uc608\uc57d \ubc88\ud638 : #BookingNo# \uc608\uc57d \ubc88\ud638 #BookingNo# <br/><br/> \uc8fc\uc18c : #SourceAddress# <br/><br/> \uc608\uc57d \ub0a0\uc9dc : #Rider# <br/><br/> \uac10\uc0ac! #MailFooter# <br/></span>]"}, {"language": "YO", "subject": "Ride Nigbamii ti a gbekal\u1eb9", "body": "[' ', <span><br/> Eyin #Rider# , <br/><br/> A ti \u1e63e eto Ikun irin ajo r\u1eb9. \u1eb8r\u1ecd ti a y\u00e0n ni yoo de ipo r\u1eb9. Gbadun Irin ajo r\u1eb9. <br/><br/> Ni isal\u1eb9 ni aw\u1ecdn alaye atunk\u1ecd. <br/><br/> Fowo si Ko si: #BookingNo# <br/><br/> Adir\u1eb9si: #SourceAddress# <br/><br/> \u1eccj\u1ecd Iwewewe: #Rider# <br/><br/> O \u1e63eun! #MailFooter# <br/></span>]"}, {"language": "TR", "subject": "Planlanan Zaman Yolculu\u011fu", "body": "[' ', <span><br/> Sevgili #Rider# , <br/><br/> Yolculu\u011funuz planland\u0131. Atanan s\u00fcr\u00fcc\u00fc konumunuza ula\u015facakt\u0131r. Yolculu\u011fun tad\u0131n\u0131 \u00e7\u0131kar. <br/><br/> A\u015fa\u011f\u0131da rezervasyon detaylar\u0131 verilmi\u015ftir. <br/><br/> Rezervasyon No: #BookingNo# <br/><br/> Adres: #SourceAddress# <br/><br/> Rezervasyon Tarihi: #Rider# <br/><br/> Te\u015fekk\u00fcrler! #MailFooter# <br/></span>]"}, {"language": "RU", "subject": "\u041f\u043e\u0435\u0437\u0434\u043a\u0430 \u043f\u043e\u0437\u0436\u0435 \u0437\u0430\u043f\u043b\u0430\u043d\u0438\u0440\u043e\u0432\u0430\u043d\u043d\u043e\u0433\u043e", "body": "[' ', <span><br/> \u0423\u0432\u0430\u0436\u0430\u0435\u043c\u044b\u0439 #Rider# , <br/><br/> \u0412\u0430\u0448\u0430 \u043f\u043e\u0435\u0437\u0434\u043a\u0430 \u0431\u044b\u043b\u0430 \u0437\u0430\u043f\u043b\u0430\u043d\u0438\u0440\u043e\u0432\u0430\u043d\u0430. \u041d\u0430\u0437\u043d\u0430\u0447\u0435\u043d\u043d\u044b\u0439 \u0432\u043e\u0434\u0438\u0442\u0435\u043b\u044c \u0434\u043e\u0441\u0442\u0438\u0433\u043d\u0435\u0442 \u0432\u0430\u0448\u0435\u0433\u043e \u043c\u0435\u0441\u0442\u043e\u043f\u043e\u043b\u043e\u0436\u0435\u043d\u0438\u044f. \u041d\u0430\u0441\u043b\u0430\u0436\u0434\u0430\u0439\u0442\u0435\u0441\u044c \u043f\u0443\u0442\u0435\u0448\u0435\u0441\u0442\u0432\u0438\u0435\u043c. <br/><br/> \u041d\u0438\u0436\u0435 \u043f\u0440\u0438\u0432\u0435\u0434\u0435\u043d\u044b \u0434\u0435\u0442\u0430\u043b\u0438 \u0431\u0440\u043e\u043d\u0438\u0440\u043e\u0432\u0430\u043d\u0438\u044f. <br/><br/> \u0411\u0440\u043e\u043d\u0438\u0440\u043e\u0432\u0430\u043d\u0438\u0435 \u2116: #BookingNo# <br/><br/> \u0410\u0434\u0440\u0435\u0441: #SourceAddress# <br/><br/> \u0414\u0430\u0442\u0430 \u0431\u0440\u043e\u043d\u0438\u0440\u043e\u0432\u0430\u043d\u0438\u044f: #Rider# <br/><br/> \u0421\u043f\u0430\u0441\u0438\u0431\u043e! #MailFooter# <br/></span>]"}, {"language": "FA", "subject": "\u0633\u0648\u0627\u0631 \u0628\u0639\u062f\u06cc \u0628\u0631\u0646\u0627\u0645\u0647 \u0631\u06cc\u0632\u06cc \u0634\u062f\u0647", "body": "[' ', <span><br/> \u0639\u0632\u06cc\u0632 #Rider# <br/><br/> \u0633\u0641\u0631 \u0634\u0645\u0627 \u0628\u0631\u0646\u0627\u0645\u0647 \u0631\u06cc\u0632\u06cc \u0634\u062f\u0647 \u0627\u0633\u062a. \u0631\u0627\u0646\u0646\u062f\u0647 \u0627\u062e\u062a\u0635\u0627\u0635 \u06cc\u0627\u0641\u062a\u0647 \u0628\u0647 \u0645\u062d\u0644 \u0634\u0645\u0627 \u0628\u0631\u0633\u062f. \u0627\u0632 \u0633\u0641\u0631\u062a \u0644\u0630\u062a \u0628\u0628\u0631. <br/><br/> \u062f\u0631 \u0632\u06cc\u0631 \u062c\u0632\u0626\u06cc\u0627\u062a \u0631\u0632\u0631\u0648. <br/><br/> \u0631\u0632\u0631\u0648 \u0628\u062f\u0648\u0646: #BookingNo# \u0631\u0632\u0631\u0648No #BookingNo# <br/><br/> \u0622\u062f\u0631\u0633: #SourceAddress# <br/><br/> \u062a\u0627\u0631\u06cc\u062e \u0631\u0632\u0631\u0648: #Rider# <br/><br/> \u0628\u0627 \u062a\u0634\u06a9\u0631! #MailFooter# <br/></span>]"}, {"language": "MY", "subject": "\u1005\u102e\u1038\u1014\u1004\u103a\u1038\u1014\u1031\u102c\u1000\u103a\u1015\u102d\u102f\u1004\u103a\u1038\u1010\u103d\u1004\u103a Scheduled", "body": "[' ', <span><br/> \u1001\u103b\u1005\u103a\u1001\u1004\u103a\u101b\u1015\u102b\u101e\u1031\u102c #Rider# , <br/><br/> \u101e\u1004\u103a\u1037\u101b\u1032\u1037\u1001\u101b\u102e\u1038\u1005\u1009\u103a\u1005\u102e\u1005\u1009\u103a\u1011\u102c\u1038\u1001\u1032\u1037\u1010\u102c\u1016\u103c\u1005\u103a\u1015\u102b\u1010\u101a\u103a\u104b \u1010\u102c\u101d\u1014\u103a\u1015\u1031\u1038\u1000\u102c\u1038\u1019\u1031\u102c\u1004\u103a\u1038\u101e\u1030\u101e\u1004\u103a\u1037\u1010\u100a\u103a\u1014\u1031\u101b\u102c\u1000\u102d\u102f\u101b\u1031\u102c\u1000\u103a\u101b\u103e\u102d\u1015\u102b\u101c\u102d\u1019\u103a\u1037\u1019\u101a\u103a\u104b \u101e\u1004\u103a\u1037\u101b\u1032\u1037\u1001\u101b\u102e\u1038\u1005\u1009\u103a\u1001\u1036\u1005\u102c\u1038\u1015\u102b\u104b <br/><br/> \u1021\u1031\u102c\u1000\u103a\u1000\u1018\u103d\u1010\u103a\u1000\u1004\u103a\u1021\u101e\u1031\u1038\u1005\u102d\u1010\u103b\u1016\u103c\u1005\u103a\u1000\u103c\u101e\u100a\u103a\u104b <br/><br/> \u1021\u1018\u101a\u103a\u101e\u1030\u1019\u103b\u103e\u1019 booking: #BookingNo# <br/><br/> \u1014\u1031\u101b\u1015\u103a\u101c\u102d\u1015\u103a\u1005\u102c: #SourceAddress# <br/><br/> \u1018\u103d\u1010\u103a\u1000\u1004\u103a\u1014\u1031\u1037\u1005\u103d\u1032: #Rider# <br/><br/> \u1000\u103b\u1031\u1038\u1007\u1030\u1038\u1010\u1004\u103a\u1015\u102b\u1010\u101a\u103a! #MailFooter# <br/></span>]"}, {"language": "HI", "subject": "\u0938\u0935\u093e\u0930\u0940 \u092c\u093e\u0926 \u092e\u0947\u0902 \u0905\u0928\u0941\u0938\u0942\u091a\u093f\u0924", "body": "[' ', <span><br/> \u092a\u094d\u0930\u093f\u092f #Rider# , <br/><br/> \u0906\u092a\u0915\u093e \u091f\u094d\u0930\u093f\u092a \u0936\u0947\u0921\u094d\u092f\u0942\u0932 \u0915\u093f\u092f\u093e \u0917\u092f\u093e \u0939\u0948\u0964 \u0905\u0938\u093e\u0907\u0928 \u0915\u093f\u092f\u093e \u0917\u092f\u093e \u0921\u094d\u0930\u093e\u0907\u0935\u0930 \u0906\u092a\u0915\u0947 \u0938\u094d\u0925\u093e\u0928 \u092a\u0930 \u092a\u0939\u0941\u0902\u091a \u091c\u093e\u090f\u0917\u093e\u0964 \u0905\u092a\u0928\u0940 \u092f\u093e\u0924\u094d\u0930\u093e \u0915\u093e \u0906\u0928\u0902\u0926 \u0932\u0947\u0902\u0964 <br/><br/> \u0928\u0940\u091a\u0947 \u092c\u0941\u0915\u093f\u0902\u0917 \u0935\u093f\u0935\u0930\u0923 \u0939\u0948\u0902\u0964 <br/><br/> \u092c\u0941\u0915\u093f\u0902\u0917 \u0928\u0902\u092c\u0930: #BookingNo# <br/><br/> \u092a\u0924\u093e: #SourceAddress# <br/><br/> \u092c\u0941\u0915\u093f\u0902\u0917 \u0915\u0940 \u0924\u093e\u0930\u0940\u0916: #Rider# <br/><br/> \u0927\u0928\u094d\u092f\u0935\u093e\u0926! #MailFooter# <br/></span>]"}, {"language": "IW", "subject": "\u05e0\u05e1\u05d9\u05e2\u05d4 \u05de\u05d0\u05d5\u05d7\u05e8 \u05d9\u05d5\u05ea\u05e8", "body": "[' ', <span><br/> \u05d9\u05e7\u05e8 #Rider# , <br/><br/> \u05d4\u05e0\u05e1\u05d9\u05e2\u05d4 \u05e9\u05dc\u05da \u05ea\u05d5\u05d6\u05de\u05e0\u05d4. \u05de\u05e0\u05d4\u05dc \u05d4\u05d4\u05ea\u05e7\u05df \u05e9\u05d4\u05d5\u05e7\u05e6\u05d4 \u05d9\u05d2\u05d9\u05e2 \u05dc\u05de\u05d9\u05e7\u05d5\u05dd \u05e9\u05dc\u05da. \u05ea\u05d4\u05e0\u05d4 \u05d1\u05d8\u05d9\u05d5\u05dc. <br/><br/> \u05dc\u05d4\u05dc\u05df \u05e4\u05e8\u05d8\u05d9 \u05d4\u05d4\u05d6\u05de\u05e0\u05d4. <br/><br/> \u05de\u05e1\u05e4\u05e8 \u05d4\u05d4\u05d6\u05de\u05e0\u05d4: #BookingNo# <br/><br/> \u05db\u05ea\u05d5\u05d1\u05ea: #SourceAddress# <br/><br/> \u05ea\u05d0\u05e8\u05d9\u05da \u05d4\u05d4\u05d6\u05de\u05e0\u05d4: #Rider# <br/><br/> \u05ea\u05d5\u05d3\u05d4! #MailFooter# <br/></span>]"}, {"language": "FR", "subject": "Monter plus tard pr\u00e9vu", "body": "[' ', <span><br/> Cher #Rider# , <br/><br/> Votre voyage a \u00e9t\u00e9 programm\u00e9. Le conducteur assign\u00e9 atteindra votre emplacement. Profitez de votre voyage. <br/><br/> Ci-dessous les d\u00e9tails de la r\u00e9servation. <br/><br/> #BookingNo# r\u00e9servation: #BookingNo# <br/><br/> Adresse: #SourceAddress# <br/><br/> Date de r\u00e9servation: #Rider# <br/><br/> Merci! #MailFooter# <br/></span>]"}, {"language": "DA", "subject": "Ride senere planlagt", "body": "[' ', <span><br/> K\u00e6re #Rider# , <br/><br/> Din tur er planlagt. Tilordnet chauff\u00f8r vil n\u00e5 din placering. Nyd din tur. <br/><br/> Nedenfor er reservationsoplysningerne. <br/><br/> Booking nr .: #BookingNo# <br/><br/> Adresse: #SourceAddress# <br/><br/> Booking Dato: #Rider# <br/><br/> Tak! #MailFooter# <br/></span>]"}]}