{"purpose": "Notify Admin when A New Organization Registers", "templates": [{"language": "AF", "subject": "'N Nuwe organisasie het op jou program geregistreer!", "body": "[' ', <span>Geagte Administrateur, <br/><br/> 'N Nuwe organisasie het suksesvol op jou program geregistreer. Registrasie besonderhede is soos volg. <br/><br/> Naam: #NAME# <br/><br/> E-pos: #EMAIL# <br/><br/> Dankie! <br/> #MAILFOOTER# <span><br/></span></span>]"}, {"language": "EN", "subject": "A New Organization has Registered on your App!", "body": "[' ', <span>Dear Administrator, <br/><br/>A New Organization has successfully registered on your app. Registration details are as follows. <br/><br/>Name: #NAME#<br/><br/>Email: #EMAIL# <br/><br/>Thanks! <br/>#MAILFOOTER#</span>, <span><br/>\n</span>]"}, {"language": "TH", "subject": "\u0e2d\u0e07\u0e04\u0e4c\u0e01\u0e23\u0e43\u0e2b\u0e21\u0e48\u0e25\u0e07\u0e17\u0e30\u0e40\u0e1a\u0e35\u0e22\u0e19\u0e43\u0e19\u0e41\u0e2d\u0e1b\u0e02\u0e2d\u0e07\u0e04\u0e38\u0e13\u0e41\u0e25\u0e49\u0e27", "body": "[' ', <span>\u0e40\u0e23\u0e35\u0e22\u0e19\u0e1c\u0e39\u0e49\u0e14\u0e39\u0e41\u0e25\u0e23\u0e30\u0e1a\u0e1a <br/><br/> \u0e2d\u0e07\u0e04\u0e4c\u0e01\u0e23\u0e43\u0e2b\u0e21\u0e48\u0e25\u0e07\u0e17\u0e30\u0e40\u0e1a\u0e35\u0e22\u0e19\u0e43\u0e19\u0e41\u0e2d\u0e1b\u0e02\u0e2d\u0e07\u0e04\u0e38\u0e13\u0e2a\u0e33\u0e40\u0e23\u0e47\u0e08\u0e41\u0e25\u0e49\u0e27 \u0e23\u0e32\u0e22\u0e25\u0e30\u0e40\u0e2d\u0e35\u0e22\u0e14\u0e01\u0e32\u0e23\u0e25\u0e07\u0e17\u0e30\u0e40\u0e1a\u0e35\u0e22\u0e19\u0e21\u0e35\u0e14\u0e31\u0e07\u0e19\u0e35\u0e49 <br/><br/> \u0e0a\u0e37\u0e48\u0e2d: #NAME# <br/><br/> \u0e2d\u0e35\u0e40\u0e21\u0e25: #EMAIL# <br/><br/> \u0e02\u0e2d\u0e1a\u0e04\u0e38\u0e13! <br/> #MAILFOOTER# <span><br/></span></span>]"}, {"language": "ID", "subject": "Organisasi Baru telah Mendaftar di Aplikasi Anda!", "body": "[' ', <span>Administrator yang terhormat, <br/><br/> Organisasi Baru telah berhasil mendaftar di aplikasi Anda. Rincian pendaftaran adalah sebagai berikut. <br/><br/> Nama: #NAME# <br/><br/> Email: #EMAIL# <br/><br/> Terima kasih! <br/> #MAILFOOTER# <span><br/></span></span>]"}, {"language": "DE", "subject": "Eine neue Organisation wurde in Ihrer App registriert!", "body": "[' ', <span>Sehr geehrter Administrator, <br/><br/> Eine neue Organisation wurde erfolgreich in Ihrer App registriert. Registrierungsdetails sind wie folgt. <br/><br/> Name: #NAME# <br/><br/> E-Mail: #EMAIL# <br/><br/> Vielen Dank! <br/> #MAILFOOTER# <span><br/></span></span>]"}, {"language": "ES", "subject": "\u00a1Una nueva organizaci\u00f3n se ha registrado en tu aplicaci\u00f3n!", "body": "[' ', <span>Estimado Administrador, <br/><br/> Una nueva organizaci\u00f3n se ha registrado con \u00e9xito en su aplicaci\u00f3n. Los detalles de registro son los siguientes. <br/><br/> Nombre: #NAME# <br/><br/> Correo electr\u00f3nico: #EMAIL# <br/><br/> \u00a1Gracias! <br/> #MAILFOOTER# <span><br/></span></span>]"}, {"language": "IT", "subject": "Una nuova organizzazione \u00e8 registrata sulla tua app!", "body": "[' ', <span>Caro Amministratore, <br/><br/> Una nuova organizzazione \u00e8 stata registrata con successo nella tua app. I dettagli della registrazione sono i seguenti. <br/><br/> Nome: #NAME# <br/><br/> Email: #EMAIL# <br/><br/> Grazie! <br/> #MAILFOOTER# <span><br/></span></span>]"}, {"language": "AR", "subject": "\u0633\u062c\u0644\u062a \u0645\u0646\u0638\u0645\u0629 \u062c\u062f\u064a\u062f\u0629 \u0639\u0644\u0649 \u0627\u0644\u062a\u0637\u0628\u064a\u0642 \u0627\u0644\u062e\u0627\u0635 \u0628\u0643!", "body": "[' ', <span>\u0639\u0632\u064a\u0632\u064a \u0627\u0644\u0645\u0633\u0624\u0648\u0644 \u060c <br/><br/> \u0644\u0642\u062f \u0633\u062c\u0644\u062a \u0645\u0646\u0638\u0645\u0629 \u062c\u062f\u064a\u062f\u0629 \u0628\u0646\u062c\u0627\u062d \u0639\u0644\u0649 \u062a\u0637\u0628\u064a\u0642\u0643. \u062a\u0641\u0627\u0635\u064a\u0644 \u0627\u0644\u062a\u0633\u062c\u064a\u0644 \u0647\u064a \u0639\u0644\u0649 \u0627\u0644\u0646\u062d\u0648 \u0627\u0644\u062a\u0627\u0644\u064a. <br/><br/> \u0627\u0644\u0627\u0633\u0645: #NAME# <br/><br/> \u0627\u0644\u0628\u0631\u064a\u062f \u0627\u0644\u0625\u0644\u0643\u062a\u0631\u0648\u0646\u064a: #EMAIL# <br/><br/> \u0634\u0643\u0631! <br/> #MAILFOOTER# <span><br/></span></span>]"}, {"language": "UR", "subject": "\u0622\u067e \u06a9\u06cc \u0627\u06cc\u067e \u067e\u0631 \u0627\u06cc\u06a9 \u0646\u06cc\u0627 \u062a\u0646\u0638\u06cc\u0645 \u0631\u062c\u0633\u0679\u0631\u0688 \u06c1\u06d2!", "body": "[' ', <span>\u0639\u0632\u06cc\u0632 \u0627\u06cc\u0688\u0645\u0646\u0633\u0679\u0631\u06cc\u0679\u0631\u060c <br/><br/> \u0622\u067e \u06a9\u06cc \u0627\u06cc\u067e \u067e\u0631 \u0627\u06cc\u06a9 \u0646\u0626\u06cc \u062a\u0646\u0638\u06cc\u0645 \u06a9\u0627\u0645\u06cc\u0627\u0628\u06cc \u0633\u06d2 \u0631\u062c\u0633\u0679\u0631\u0688 \u06c1\u0648\u06af\u0626\u06cc \u06c1\u06d2. \u0631\u062c\u0633\u0679\u0631\u06cc\u0634\u0646 \u06a9\u06cc \u062a\u0641\u0635\u06cc\u0644\u0627\u062a \u0645\u0646\u062f\u0631\u062c\u06c1 \u0630\u06cc\u0644 \u06c1\u06cc\u06ba. <br/><br/> \u0646\u0627\u0645: #NAME# <br/><br/> \u0627\u06cc \u0645\u06cc\u0644: #EMAIL# <br/><br/> \u0634\u06a9\u0631\u06cc\u06c1! <br/> #MAILFOOTER# <span><br/></span></span>]"}, {"language": "AZ", "subject": "Yeni T\u0259\u015fkilat Appinizd\u0259 qeydiyyatdan ke\u00e7di!", "body": "[' ', <span>\u018fziz Administrator, <br/><br/> Yeni T\u0259\u015fkilat, t\u0259tbiqinizd\u0259 u\u011furla qeydiyyatdan ke\u00e7di. Qeydiyyat\u0131n detallar\u0131 a\u015fa\u011f\u0131dak\u0131 kimidir. <br/><br/> Ad: #NAME# <br/><br/> E-po\u00e7t: #EMAIL# <br/><br/> T\u0259\u015f\u0259kk\u00fcr edirik! <br/> #MAILFOOTER# <span><br/></span></span>]"}, {"language": "ZH", "subject": "\u65b0\u7ec4\u7ec7\u5df2\u5728\u60a8\u7684\u5e94\u7528\u7a0b\u5e8f\u4e0a\u6ce8\u518c\uff01", "body": "[' ', <span>\u4eb2\u7231\u7684\u7ba1\u7406\u5458\uff0c <br/><br/>\u65b0\u7ec4\u7ec7\u5df2\u5728\u60a8\u7684\u5e94\u7528\u4e0a\u6210\u529f\u6ce8\u518c\u3002\u6ce8\u518c\u8be6\u60c5\u5982\u4e0b\u3002 <br/><br/>\u540d\u79f0\uff1a #NAME# <br/><br/>\u7535\u5b50\u90ae\u4ef6\uff1a #EMAIL# <br/><br/>\u8c22\u8c22\uff01 <br/> #MAILFOOTER# <span><br/></span></span>]"}, {"language": "PT", "subject": "Uma nova organiza\u00e7\u00e3o foi registrada no seu aplicativo!", "body": "[' ', <span>Prezado Administrador <br/><br/> Uma nova organiza\u00e7\u00e3o foi registrada com sucesso no seu aplicativo. Os detalhes do registro s\u00e3o os seguintes. <br/><br/> Nome: #NAME# <br/><br/> Email: #EMAIL# <br/><br/> Obrigado! <br/> #MAILFOOTER# <span><br/></span></span>]"}, {"language": "ZU", "subject": "Inhlangano Entsha ibhalisiwe ku-App yakho!", "body": "[' ', <span>Umqondisi othandekayo, <br/><br/> Inhlangano Entsha ibhaliswe ngempumelelo kuhlelo lwakho lokusebenza. Imininingwane yokubhalisa kanje. <br/><br/> Igama: #NAME# <br/><br/> Imeyili: #EMAIL# <br/><br/> Siyabonga! <br/> #MAILFOOTER# <span><br/></span></span>]"}, {"language": "SW", "subject": "Shirika Jipya limeandikishwa kwenye App yako!", "body": "[' ', <span>Msimamizi Mheshimiwa, <br/><br/> Shirika Jipya limeandikishwa kwa ufanisi kwenye programu yako. Maelezo ya usajili ni kama ifuatavyo. <br/><br/> Jina: #NAME# <br/><br/> Barua pepe: #EMAIL# <br/><br/> Asante! <br/> #MAILFOOTER# <span><br/></span></span>]"}, {"language": "KU", "subject": "R\u00eaxistineke n\u00fb ya li ser App App qeydkir\u00ee ye!", "body": "[' ', <span>Bir\u00eaz Bir\u00eaz Bir\u00eaz <br/><br/> R\u00eaxistineke n\u00fb ya serkeft\u00ee li ser ser\u00eel\u00eadana xwe qeydkir\u00ee ye. Agahdariy\u00ean qeydkir\u00ee wiha ye. <br/><br/> Nav: #NAME# <br/><br/> E-mail: #EMAIL# <br/><br/> Spas! <br/> #MAILFOOTER# <span><br/></span></span>]"}, {"language": "MS", "subject": "Organisasi Baru Telah Didaftarkan di App anda!", "body": "[' ', <span>Pentadbir yang dihormati, <br/><br/> Sebuah Organisasi Baru telah berjaya didaftarkan di aplikasi anda. Butiran pendaftaran adalah seperti berikut. <br/><br/> Nama: #NAME# <br/><br/> E-mel: #EMAIL# <br/><br/> Terima kasih! <br/> #MAILFOOTER# <span><br/></span></span>]"}, {"language": "SI", "subject": "\u0db1\u0dc0 \u0dc3\u0d82\u0dc0\u0dd2\u0db0\u0dcf\u0db1\u0dba\u0d9a\u0dca \u0d94\u0db6\u0dda \u0d87\u0db4\u0dca \u0d91\u0d9a\u0dda \u0dbd\u0dd2\u0dba\u0dcf\u0db4\u0daf\u0dd2\u0d82\u0da0\u0dd2 \u0dc0\u0dd3 \u0d87\u0dad!", "body": "[' ', <span>\u0d86\u0daf\u0dbb\u0dab\u0dd3\u0dba \u0db4\u0dbb\u0dd2\u0db4\u0dcf\u0dbd\u0d9a, <br/><br/> \u0db1\u0dc0 \u0d86\u0dba\u0dad\u0db1\u0dba\u0d9a\u0dca \u0d94\u0db6\u0d9c\u0dda \u0dba\u0dd9\u0daf\u0dd4\u0db8 \u0dc3\u0dcf\u0dbb\u0dca\u0dae\u0d9a\u0dc0 \u0dbd\u0dd2\u0dba\u0dcf\u0db4\u0daf\u0dd2\u0d82\u0da0\u0dd2 \u0d9a\u0dbb \u0d87\u0dad. \u0dbd\u0dd2\u0dba\u0dcf\u0db4\u0daf\u0dd2\u0d82\u0da0\u0dd2 \u0dc0\u0dd2\u0dc3\u0dca\u0dad\u0dbb \u0db4\u0dc4\u0dad \u0daf\u0dd0\u0d9a\u0dca\u0dc0\u0dda. <br/><br/> \u0db1\u0db8: #NAME# <br/><br/> \u0dc0\u0dd2\u0daf\u0dca\u0dba\u0dd4\u0dad\u0dca \u0dad\u0dd0\u0db4\u0dd1\u0dbd: #EMAIL# \u0d8a\u0db8\u0dda\u0dbd\u0dca #EMAIL# <br/><br/> \u0dc3\u0dca\u0dad\u0dd6\u0dad\u0dd2\u0dba\u0dd2! <br/> #MAILFOOTER# <span><br/></span></span>]"}, {"language": "TA", "subject": "\u0b92\u0bb0\u0bc1 \u0baa\u0bc1\u0ba4\u0bbf\u0baf \u0b85\u0bae\u0bc8\u0baa\u0bcd\u0baa\u0bc1 \u0b89\u0b99\u0bcd\u0b95\u0bb3\u0bcd \u0baa\u0baf\u0ba9\u0bcd\u0baa\u0bbe\u0b9f\u0bcd\u0b9f\u0bbf\u0bb2\u0bcd \u0baa\u0ba4\u0bbf\u0bb5\u0bc1 \u0b9a\u0bc6\u0baf\u0bcd\u0baf\u0baa\u0bcd\u0baa\u0b9f\u0bcd\u0b9f\u0bc1\u0bb3\u0bcd\u0bb3\u0ba4\u0bc1!", "body": "[' ', <span>\u0b85\u0ba9\u0bcd\u0baa\u0bc1\u0bb3\u0bcd\u0bb3 \u0ba8\u0bbf\u0bb0\u0bcd\u0bb5\u0bbe\u0b95\u0bbf, <br/><br/> \u0b89\u0b99\u0bcd\u0b95\u0bb3\u0bcd \u0baa\u0baf\u0ba9\u0bcd\u0baa\u0bbe\u0b9f\u0bcd\u0b9f\u0bbf\u0bb2\u0bcd \u0b92\u0bb0\u0bc1 \u0baa\u0bc1\u0ba4\u0bbf\u0baf \u0ba8\u0bbf\u0bb1\u0bc1\u0bb5\u0ba9\u0bae\u0bcd \u0bb5\u0bc6\u0bb1\u0bcd\u0bb1\u0bbf\u0b95\u0bb0\u0bae\u0bbe\u0b95 \u0baa\u0ba4\u0bbf\u0bb5\u0bc1 \u0b9a\u0bc6\u0baf\u0bcd\u0ba4\u0bc1\u0bb3\u0bcd\u0bb3\u0ba4\u0bc1. \u0baa\u0ba4\u0bbf\u0bb5\u0bc1 \u0bb5\u0bbf\u0bb5\u0bb0\u0b99\u0bcd\u0b95\u0bb3\u0bcd \u0baa\u0bbf\u0ba9\u0bcd\u0bb5\u0bb0\u0bc1\u0bae\u0bbe\u0bb1\u0bc1. <br/><br/> \u0baa\u0bc6\u0baf\u0bb0\u0bcd: #NAME# <br/><br/> \u0bae\u0bbf\u0ba9\u0bcd\u0ba9\u0b9e\u0bcd\u0b9a\u0bb2\u0bcd: #EMAIL# <br/><br/> \u0ba8\u0ba9\u0bcd\u0bb1\u0bbf! <br/> #MAILFOOTER# <span><br/></span></span>]"}, {"language": "VI", "subject": "M\u1ed9t t\u1ed5 ch\u1ee9c m\u1edbi \u0111\u00e3 \u0111\u0103ng k\u00fd tr\u00ean \u1ee9ng d\u1ee5ng c\u1ee7a b\u1ea1n!", "body": "[' ', <span>K\u00ednh g\u1eedi Qu\u1ea3n tr\u1ecb vi\u00ean, <br/><br/> M\u1ed9t t\u1ed5 ch\u1ee9c m\u1edbi \u0111\u00e3 \u0111\u0103ng k\u00fd th\u00e0nh c\u00f4ng tr\u00ean \u1ee9ng d\u1ee5ng c\u1ee7a b\u1ea1n. Chi ti\u1ebft \u0111\u0103ng k\u00fd nh\u01b0 sau. <br/><br/> T\u00ean: #NAME# <br/><br/> Email: #EMAIL# <br/><br/> C\u1ea3m \u01a1n! <br/> #MAILFOOTER# <span><br/></span></span>]"}, {"language": "TL", "subject": "Nakarehistro ang isang Bagong Samahan sa iyong App!", "body": "[' ', <span>Mahal na Tagapangasiwa, <br/><br/> Matagumpay na nakarehistro ang isang Bagong Samahan sa iyong app. Ang mga detalye ng pagpaparehistro ay ang mga sumusunod. <br/><br/> Pangalan: #NAME# <br/><br/> Email: #EMAIL# <br/><br/> Salamat! <br/> #MAILFOOTER# <span><br/></span></span>]"}, {"language": "KM", "subject": "\u17a2\u1784\u17d2\u1782\u1780\u17b6\u179a\u1790\u17d2\u1798\u17b8\u1794\u17b6\u1793\u1785\u17bb\u17c7\u1788\u17d2\u1798\u17c4\u17c7\u179b\u17be\u1780\u1798\u17d2\u1798\u179c\u17b7\u1792\u17b8\u179a\u1794\u179f\u17cb\u17a2\u17d2\u1793\u1780!", "body": "[' ', <span>\u179f\u17bc\u1798\u1782\u17c4\u179a\u1796\u17a2\u17d2\u1793\u1780\u1782\u17d2\u179a\u1794\u17cb\u1782\u17d2\u179a\u1784, <br/><br/> \u17a2\u1784\u17d2\u1782\u1780\u17b6\u179a\u1790\u17d2\u1798\u17b8\u1794\u17b6\u1793\u1785\u17bb\u17c7\u1794\u1789\u17d2\u1787\u17b8\u178a\u17c4\u1799\u1787\u17c4\u1782\u1787\u17d0\u1799\u179b\u17be\u1780\u1798\u17d2\u1798\u179c\u17b7\u1792\u17b8\u179a\u1794\u179f\u17cb\u17a2\u17d2\u1793\u1780\u17d4 \u1796\u17d0\u178f\u17cc\u1798\u17b6\u1793\u179b\u17c6\u17a2\u17b7\u178f\u1793\u17c3\u1780\u17b6\u179a\u1785\u17bb\u17c7\u1788\u17d2\u1798\u17c4\u17c7\u1782\u17ba\u1798\u17b6\u1793\u178a\u17bc\u1785\u1781\u17b6\u1784\u1780\u17d2\u179a\u17c4\u1798\u17d4 <br/><br/> \u1788\u17d2\u1798\u17c4\u17c7: #NAME# <br/><br/> \u17a2\u17ca\u17b8\u1798\u17c2\u179b: #EMAIL# <br/><br/> \u179f\u17bc\u1798\u17a2\u179a\u1782\u17bb\u178e! <br/> #MAILFOOTER# <span><br/></span></span>]"}, {"language": "BN", "subject": "\u098f\u0995\u099f\u09bf \u09a8\u09a4\u09c1\u09a8 \u09aa\u09cd\u09b0\u09a4\u09bf\u09b7\u09cd\u09a0\u09be\u09a8 \u0986\u09aa\u09a8\u09be\u09b0 \u0985\u09cd\u09af\u09be\u09aa \u09a8\u09bf\u09ac\u09a8\u09cd\u09a7\u09a8 \u0995\u09b0\u09c7\u099b\u09c7!", "body": "[' ', <span>\u09aa\u09cd\u09b0\u09bf\u09af\u09bc \u09aa\u09cd\u09b0\u09b6\u09be\u09b8\u0995, <br/><br/> \u098f\u0995\u099f\u09bf \u09a8\u09a4\u09c1\u09a8 \u09b8\u0982\u09b8\u09cd\u09a5\u09be \u0986\u09aa\u09a8\u09be\u09b0 \u0985\u09cd\u09af\u09be\u09aa\u09cd\u09b2\u09bf\u0995\u09c7\u09b6\u09a8 \u09b8\u09ab\u09b2\u09ad\u09be\u09ac\u09c7 \u09a8\u09bf\u09ac\u09a8\u09cd\u09a7\u09bf\u09a4 \u09b9\u09af\u09bc\u09c7\u099b\u09c7\u0964 \u09a8\u09bf\u09ae\u09cd\u09a8\u09b0\u09c2\u09aa \u09a8\u09bf\u09ac\u09a8\u09cd\u09a7\u09a8 \u09ac\u09bf\u09ac\u09b0\u09a3\u0964 <br/><br/> \u09a8\u09be\u09ae: #NAME# <br/><br/> \u0987\u09ae\u09c7\u09b2: #EMAIL# <br/><br/> \u09a7\u09a8\u09cd\u09af\u09ac\u09be\u09a6! <br/> #MAILFOOTER# <span><br/></span></span>]"}, {"language": "JA", "subject": "\u65b0\u3057\u3044\u7d44\u7e54\u304c\u3042\u306a\u305f\u306e\u30a2\u30d7\u30ea\u306b\u767b\u9332\u3057\u307e\u3057\u305f\uff01", "body": "[' ', <span>\u7ba1\u7406\u8005\u5404\u4f4d<br/><br/>\u65b0\u3057\u3044\u7d44\u7e54\u304c\u3042\u306a\u305f\u306e\u30a2\u30d7\u30ea\u306b\u6b63\u5e38\u306b\u767b\u9332\u3055\u308c\u307e\u3057\u305f\u3002\u767b\u9332\u5185\u5bb9\u306f\u4ee5\u4e0b\u306e\u901a\u308a\u3067\u3059\u3002 <br/><br/>\u540d\u524d\uff1a #NAME# <br/><br/>\u30e1\u30fc\u30eb#EMAIL# \uff1a #EMAIL# <br/><br/>\u3042\u308a\u304c\u3068\u3046\u3054\u3056\u3044\u307e\u3059\u3002 <br/> #MAILFOOTER# <span><br/></span></span>]"}, {"language": "KO", "subject": "\uc0c8\ub85c\uc6b4 \uc870\uc9c1\uc774 \uadc0\ud558\uc758 \uc571\uc5d0 \ub4f1\ub85d\ub418\uc5c8\uc2b5\ub2c8\ub2e4!", "body": "[' ', <span>\uce5c\uc560\ud558\ub294 \uad00\ub9ac\uc790, <br/><br/> \uc0c8 \uc870\uc9c1\uc774 \uc571\uc5d0 \ub4f1\ub85d\ub418\uc5c8\uc2b5\ub2c8\ub2e4. \ub4f1\ub85d \uc138\ubd80 \uc0ac\ud56d\uc740 \ub2e4\uc74c\uacfc \uac19\uc2b5\ub2c8\ub2e4. <br/><br/> \uc774\ub984 : #NAME# <br/><br/> \uc774\uba54\uc77c : #EMAIL# <br/><br/> \uac10\uc0ac! <br/> #MAILFOOTER# <span><br/></span></span>]"}, {"language": "YO", "subject": "A\u1e63\u1eb9 tuntun kan ti ni aami lori App!", "body": "[' ', <span>Oluk\u1ecdni, <br/><br/> A\u1e63\u1eb9 tuntun ti ni iforuk\u1ecdsil\u1eb9 ti ni i\u1e63akoso lori app r\u1eb9. Aw\u1ecdn alaye iforuk\u1ecdsil\u1eb9 j\u1eb9 bi at\u1eb9le. <br/><br/> Oruk\u1ecd: #NAME# <br/><br/> Imeeli: #EMAIL# <br/><br/> O \u1e63eun! <br/> #MAILFOOTER# <span><br/></span></span>]"}, {"language": "TR", "subject": "Ba\u015fvurunuzda Yeni Bir Kurulu\u015f Tescillendi!", "body": "[' ', <span>Sevgili Y\u00f6netici <br/><br/> Yeni Bir Kurulu\u015f uygulaman\u0131za ba\u015far\u0131yla kay\u0131t oldu. Kay\u0131t detaylar\u0131 a\u015fa\u011f\u0131daki gibidir. <br/><br/> \u0130sim: #NAME# <br/><br/> E-posta: #EMAIL# <br/><br/> Te\u015fekk\u00fcrler! <br/> #MAILFOOTER# <span><br/></span></span>]"}, {"language": "RU", "subject": "\u041d\u043e\u0432\u0430\u044f \u043e\u0440\u0433\u0430\u043d\u0438\u0437\u0430\u0446\u0438\u044f \u0437\u0430\u0440\u0435\u0433\u0438\u0441\u0442\u0440\u0438\u0440\u043e\u0432\u0430\u043d\u0430 \u0432 \u0432\u0430\u0448\u0435\u043c \u043f\u0440\u0438\u043b\u043e\u0436\u0435\u043d\u0438\u0438!", "body": "[' ', <span>\u0423\u0432\u0430\u0436\u0430\u0435\u043c\u044b\u0439 \u0410\u0434\u043c\u0438\u043d\u0438\u0441\u0442\u0440\u0430\u0442\u043e\u0440, <br/><br/> \u041d\u043e\u0432\u0430\u044f \u043e\u0440\u0433\u0430\u043d\u0438\u0437\u0430\u0446\u0438\u044f \u0443\u0441\u043f\u0435\u0448\u043d\u043e \u0437\u0430\u0440\u0435\u0433\u0438\u0441\u0442\u0440\u0438\u0440\u043e\u0432\u0430\u043d\u0430 \u0432 \u0432\u0430\u0448\u0435\u043c \u043f\u0440\u0438\u043b\u043e\u0436\u0435\u043d\u0438\u0438. \u0414\u0435\u0442\u0430\u043b\u0438 \u0440\u0435\u0433\u0438\u0441\u0442\u0440\u0430\u0446\u0438\u0438 \u0441\u043b\u0435\u0434\u0443\u044e\u0449\u0438\u0435. <br/><br/> \u0418\u043c\u044f: #NAME# <br/><br/> Email: #EMAIL# <br/><br/> \u0421\u043f\u0430\u0441\u0438\u0431\u043e! <br/> #MAILFOOTER# <span><br/></span></span>]"}, {"language": "FA", "subject": "\u06cc\u06a9 \u0633\u0627\u0632\u0645\u0627\u0646 \u062c\u062f\u06cc\u062f \u062f\u0631 \u0628\u0631\u0646\u0627\u0645\u0647 \u0634\u0645\u0627 \u062b\u0628\u062a \u0634\u062f\u0647 \u0627\u0633\u062a!", "body": "[' ', <span>\u0645\u062f\u06cc\u0631 \u0639\u0632\u06cc\u0632 <br/><br/> \u06cc\u06a9 \u0633\u0627\u0632\u0645\u0627\u0646 \u062c\u062f\u06cc\u062f \u0628\u0627 \u0645\u0648\u0641\u0642\u06cc\u062a \u062f\u0631 \u0628\u0631\u0646\u0627\u0645\u0647 \u0634\u0645\u0627 \u062b\u0628\u062a \u0634\u062f\u0647 \u0627\u0633\u062a. \u062c\u0632\u0626\u06cc\u0627\u062a \u062b\u0628\u062a \u0646\u0627\u0645 \u0628\u0647 \u0634\u0631\u062d \u0632\u06cc\u0631 \u0627\u0633\u062a. <br/><br/> \u0646\u0627\u0645: #NAME# <br/><br/> \u0627\u06cc\u0645\u06cc\u0644: #EMAIL# <br/><br/> \u0628\u0627 \u062a\u0634\u06a9\u0631! <br/> #MAILFOOTER# <span><br/></span></span>]"}, {"language": "MY", "subject": "\u1010\u1005\u103a\u1025\u102e\u1038\u1000\u1014\u101a\u1030\u1038\u1021\u1016\u103d\u1032\u1037\u101e\u1004\u103a\u1037\u101b\u1032\u1037 App \u1000\u102d\u102f\u1021\u1015\u1031\u102b\u103a\u1019\u103e\u1010\u103a\u1015\u102f\u1036\u1010\u1004\u103a\u1001\u1032\u1037\u101e\u100a\u103a!", "body": "[' ', <span>\u1001\u103b\u1005\u103a\u1001\u1004\u103a\u101b\u1015\u102b\u101e\u1031\u102c\u1021\u102f\u1015\u103a\u1001\u103b\u102f\u1015\u103a\u101b\u1031\u1038\u1019\u103e\u1030\u1038, <br/><br/> \u1010\u1005\u103a\u1025\u102e\u1038\u1000\u1014\u101a\u1030\u1038\u1021\u1016\u103d\u1032\u1037\u1021\u1005\u100a\u103a\u1038\u1000\u102d\u102f\u1021\u1031\u102c\u1004\u103a\u1019\u103c\u1004\u103a\u1005\u103d\u102c\u101e\u1004\u103a\u1037\u101b\u1032\u1037 app \u1000\u102d\u102f\u1021\u1015\u1031\u102b\u103a\u1019\u103e\u1010\u103a\u1015\u102f\u1036\u1010\u1004\u103a\u1001\u1032\u1037\u101e\u100a\u103a\u104b \u1021\u1031\u102c\u1000\u103a\u1019\u103e\u102c\u1016\u1031\u102b\u103a\u1015\u103c\u1010\u1032\u1037\u1021\u1010\u102d\u102f\u1004\u103a\u1038\u1019\u103e\u1010\u103a\u1015\u102f\u1036\u1010\u1004\u103a\u1001\u103c\u1004\u103a\u1038\u1021\u101e\u1031\u1038\u1005\u102d\u1010\u103a\u1000\u102d\u102f\u1016\u103c\u1005\u103a\u1000\u103c\u101e\u100a\u103a\u104b <br/><br/> \u1021\u1019\u100a\u103a: #NAME# <br/><br/> \u1021\u102e\u1038\u1019\u1031\u1038\u101c\u103a: #EMAIL# <br/><br/> \u1000\u103b\u1031\u1038\u1007\u1030\u1038\u1010\u1004\u103a\u1015\u102b\u1010\u101a\u103a! <br/> #MAILFOOTER# <span><br/></span></span>]"}, {"language": "HI", "subject": "\u090f\u0915 \u0928\u092f\u093e \u0938\u0902\u0917\u0920\u0928 \u0906\u092a\u0915\u0947 \u0910\u092a \u092a\u0930 \u092a\u0902\u091c\u0940\u0915\u0943\u0924 \u0939\u0948!", "body": "[' ', <span>\u092a\u094d\u0930\u093f\u092f \u092a\u094d\u0930\u0936\u093e\u0938\u0915, <br/><br/> \u090f\u0915 \u0928\u092f\u093e \u0938\u0902\u0917\u0920\u0928 \u0906\u092a\u0915\u0947 \u0910\u092a \u092a\u0930 \u0938\u092b\u0932\u0924\u093e\u092a\u0942\u0930\u094d\u0935\u0915 \u092a\u0902\u091c\u0940\u0915\u0943\u0924 \u0939\u094b \u0917\u092f\u093e \u0939\u0948\u0964 \u092a\u0902\u091c\u0940\u0915\u0930\u0923 \u0935\u093f\u0935\u0930\u0923 \u0907\u0938 \u092a\u094d\u0930\u0915\u093e\u0930 \u0939\u0948\u0902\u0964 <br/><br/> \u0928\u093e\u092e: #NAME# <br/><br/> \u0908\u092e\u0947\u0932: #EMAIL# <br/><br/> \u0927\u0928\u094d\u092f\u0935\u093e\u0926! <br/> #MAILFOOTER# <span><br/></span></span>]"}, {"language": "IW", "subject": "\u05d0\u05e8\u05d2\u05d5\u05df \u05d7\u05d3\u05e9 \u05e0\u05e8\u05e9\u05dd \u05d1\u05d9\u05d9\u05e9\u05d5\u05dd \u05e9\u05dc\u05da!", "body": "[' ', <span>\u05de\u05e0\u05d4\u05dc \u05d9\u05e7\u05e8, <br/><br/> \u05d0\u05e8\u05d2\u05d5\u05df \u05d7\u05d3\u05e9 \u05e0\u05e8\u05e9\u05dd \u05d1\u05d4\u05e6\u05dc\u05d7\u05d4 \u05d1\u05d0\u05e4\u05dc\u05d9\u05e7\u05e6\u05d9\u05d4 \u05e9\u05dc\u05da. \u05e4\u05e8\u05d8\u05d9 \u05d4\u05e8\u05d9\u05e9\u05d5\u05dd \u05d4\u05dd \u05db\u05d3\u05dc\u05e7\u05de\u05df. <br/><br/> \u05e9\u05dd: #NAME# <br/><br/> \u05d3\u05d5\u05d0\"\u05dc: #EMAIL# <br/><br/> \u05ea\u05d5\u05d3\u05d4! <br/> #MAILFOOTER# <span><br/></span></span>]"}, {"language": "FR", "subject": "Une nouvelle organisation s'est inscrite sur votre application!", "body": "[' ', <span>Cher administrateur, <br/><br/> Une nouvelle organisation s'est inscrite avec succ\u00e8s sur votre application. Les d\u00e9tails de l'inscription sont les suivants. <br/><br/> Nom: #NAME# <br/><br/> Email: #EMAIL# <br/><br/> Merci! <br/> #MAILFOOTER# <span><br/></span></span>]"}, {"language": "DA", "subject": "En ny organisation har registreret p\u00e5 din app!", "body": "[' ', <span>K\u00e6re Administrator, <br/><br/> En ny organisation er med succes registreret p\u00e5 din app. Registrerings detaljer er som f\u00f8lger. <br/><br/> Navn: #NAME# <br/><br/> Email: #EMAIL# <br/><br/> Tak! <br/> #MAILFOOTER# <span><br/></span></span>]"}]}