{"purpose": "To Send Restaurant When Order Cancelled by Admin", "templates": [{"language": "AF", "subject": "Bespreking gekanselleer deur admin", "body": "[' ', <div> <b>Liewe</b> #Company# , <br/><br/> Bespreking #BookingNo# Bespreking #BookingNo# is gekanselleer. Kontak asseblief Administrateur as u enige navraag het. <br/><br/> <b>Dankie! #MailFooter#</b> <br/></div>]"}, {"language": "EN", "subject": "Booking cancelled by admin", "body": "[' ', <div><b>Dear </b>#Company#,<br/><br/>Booking #BookingNo# has been cancelled . Please Contact Administrator if you have any query.<br/><br/><b>Thanks! #MailFooter#</b><br/></div>]"}, {"language": "TH", "subject": "\u0e01\u0e32\u0e23\u0e08\u0e2d\u0e07\u0e16\u0e39\u0e01\u0e22\u0e01\u0e40\u0e25\u0e34\u0e01\u0e42\u0e14\u0e22\u0e1c\u0e39\u0e49\u0e14\u0e39\u0e41\u0e25\u0e23\u0e30\u0e1a\u0e1a", "body": "[' ', <div> <b>\u0e40\u0e23\u0e35\u0e22\u0e19</b> #Company# , <br/><br/> \u0e01\u0e32\u0e23\u0e08\u0e2d\u0e07 #BookingNo# \u0e16\u0e39\u0e01\u0e22\u0e01\u0e40\u0e25\u0e34\u0e01 \u0e01\u0e23\u0e38\u0e13\u0e32\u0e15\u0e34\u0e14\u0e15\u0e48\u0e2d\u0e1c\u0e39\u0e49\u0e14\u0e39\u0e41\u0e25\u0e23\u0e30\u0e1a\u0e1a\u0e2b\u0e32\u0e01\u0e04\u0e38\u0e13\u0e21\u0e35\u0e02\u0e49\u0e2d\u0e2a\u0e07\u0e2a\u0e31\u0e22\u0e43\u0e14 \u0e46 <br/><br/> <b>\u0e02\u0e2d\u0e1a\u0e04\u0e38\u0e13! #MailFooter#</b> <br/></div>]"}, {"language": "ID", "subject": "Pemesanan dibatalkan oleh admin", "body": "[' ', <div> <b>Yang terhormat</b> #Company# , <br/><br/> Pemesanan #BookingNo# PemesananNo #BookingNo# telah dibatalkan. Silakan Hubungi Administrator jika Anda memiliki pertanyaan. <br/><br/> <b>Terima kasih! #MailFooter#</b> <br/></div>]"}, {"language": "DE", "subject": "Buchung von admin storniert", "body": "[' ', <div> <b>Liebe</b> #Company# , <br/><br/> Buchung #BookingNo# wurde storniert. Bitte wenden Sie sich an den Administrator, wenn Sie Fragen haben. <br/><br/> <b>Vielen Dank! #MailFooter#</b> <br/></div>]"}, {"language": "ES", "subject": "Reserva cancelada por admin", "body": "[' ', <div> <b>Estimado</b> #Company# , <br/><br/> Reservando #BookingNo# ha sido cancelado. Por favor, p\u00f3ngase en contacto con el administrador si tiene alguna consulta. <br/><br/> <b>\u00a1Gracias! #MailFooter#</b> <br/></div>]"}, {"language": "IT", "subject": "Prenotazione annullata dall'admin", "body": "[' ', <div> <b>Gentile</b> #Company# , <br/><br/> La prenotazione #BookingNo# \u00e8 stata cancellata. Si prega di contattare l'amministratore se avete qualche domanda. <br/><br/> <b>Grazie! #MailFooter#</b> <br/></div>]"}, {"language": "AR", "subject": "\u062a\u0645 \u0625\u0644\u063a\u0627\u0621 \u0627\u0644\u062d\u062c\u0632 \u0628\u0648\u0627\u0633\u0637\u0629 \u0627\u0644\u0645\u0634\u0631\u0641", "body": "[' ', <div style=\";text-align:right;direction:rtl\"> <b>\u0639\u0632\u064a\u0632\u064a</b> #Company# \u060c <br/><br/> \u062a\u0645 \u0625\u0644\u063a\u0627\u0621 \u0627\u0644\u062d\u062c\u0632 #BookingNo# \u0627\u0644\u062d\u062c\u0632. \u064a\u0631\u062c\u0649 \u0627\u0644\u0627\u062a\u0635\u0627\u0644 \u0628\u0627\u0644\u0645\u0633\u0624\u0648\u0644 \u0625\u0630\u0627 \u0643\u0627\u0646 \u0644\u062f\u064a\u0643 \u0623\u064a \u0627\u0633\u062a\u0641\u0633\u0627\u0631. <br/><br/> <b>\u0634\u0643\u0631! #MailFooter#</b> <br/></div>]"}, {"language": "UR", "subject": "\u0627\u06cc\u0688\u0645\u0646\u0633\u0679\u0631\u06cc\u0634\u0646 \u06a9\u06cc \u0637\u0631\u0641 \u0633\u06d2 \u0645\u0646\u0633\u0648\u062e \u06a9\u0631 \u062f\u06cc\u0627 \u06af\u06cc\u0627", "body": "[' ', <div style=\";text-align:right;direction:rtl\"> <b>\u0645\u062d\u062a\u0631\u0645</b> #Company# \u060c <br/><br/> \u0628\u06a9\u0646\u06af #BookingNo# \u0628\u06a9\u0646\u06af \u06a9\u0648\u0626\u06cc #BookingNo# \u0645\u0646\u0633\u0648\u062e \u06a9\u0631 \u062f\u06cc\u0627 \u06af\u06cc\u0627 \u06c1\u06d2. \u0627\u06af\u0631 \u0622\u067e \u06a9\u06d2 \u067e\u0627\u0633 \u06a9\u0648\u0626\u06cc \u0633\u0648\u0627\u0644 \u06c1\u06d2 \u062a\u0648 \u0628\u0631\u0627\u06c1 \u06a9\u0631\u0645 \u0627\u06cc\u0688\u0645\u0646\u0633\u0679\u0631\u06cc\u0679\u0631 \u0633\u06d2 \u0631\u0627\u0628\u0637\u06c1 \u06a9\u0631\u06cc\u06ba. <br/><br/> <b>\u0634\u06a9\u0631\u06cc\u06c1! #MailFooter#</b> <br/></div>]"}, {"language": "AZ", "subject": "Rezervasyon admin t\u0259r\u0259find\u0259n l\u0259\u011fv edildi", "body": "[' ', <div> <b>H\u00f6rm\u0259tli</b> #Company# , <br/><br/> Rezervasyon #BookingNo# l\u0259\u011fv edildi. H\u0259r hans\u0131 bir sor\u011funuz varsa, Administratorla \u0259laq\u0259 saxlay\u0131n. <br/><br/> <b>T\u0259\u015f\u0259kk\u00fcr edirik! #MailFooter#</b> <br/></div>]"}, {"language": "ZH", "subject": "\u7531admin\u53d6\u6d88\u9884\u8ba2", "body": "[' ', <div> <b>\u4eb2\u7231\u7684</b> #Company# \uff0c <br/><br/>\u9884\u8ba2#BookingNo#\u5df2\u88ab\u53d6\u6d88\u3002\u5982\u679c\u60a8\u6709\u4efb\u4f55\u7591\u95ee\uff0c\u8bf7\u8054\u7cfb\u7ba1\u7406\u5458\u3002 <br/><br/> <b>\u8c22\u8c22\uff01 #MailFooter#</b> <br/></div>]"}, {"language": "PT", "subject": "Reserva cancelada pelo administrador", "body": "[' ', <div> <b>Dear</b> #Company# , <br/><br/> Reserva #BookingNo# foi cancelado. Por favor, entre em contato com o Administrador se voc\u00ea tiver alguma d\u00favida. <br/><br/> <b>Obrigado! #MailFooter#</b> <br/></div>]"}, {"language": "ZU", "subject": "Ukubhuka kukhanseliwe ngumqondisi", "body": "[' ', <div> <b>Othandekayo</b> #Company# , <br/><br/> Ukubhuka #BookingNo# kukhanseliwe. Sicela Xhumana nomphathi uma unemibuzo. <br/><br/> <b>Siyabonga! #MailFooter#</b> <br/></div>]"}, {"language": "SW", "subject": "Uhifadhi ulifutwa na admin", "body": "[' ', <div> <b>Mpendwa</b> #Company# , <br/><br/> Booking ya #BookingNo# yamefutwa. Tafadhali wasiliana na Msimamizi ikiwa una swali lolote. <br/><br/> <b>Asante! #MailFooter#</b> <br/></div>]"}, {"language": "KU", "subject": "Pirt\u00fbka ji h\u00eala r\u00eaveberiy\u00ea betal kir", "body": "[' ', <div style=\";text-align:right;direction:rtl\"> <b>Dear</b> #Company# <br/><br/> Booking #BookingNo# hat betal kirin. Ji kerema xwe re bir\u00eaveber\u00ea T\u00eakil\u00ee t\u00eakil\u00ee bik\u00ee heger pirsek we heye <br/><br/> <b>Spas! #MailFooter#</b> <br/></div>]"}, {"language": "MS", "subject": "Tempahan dibatalkan oleh admin", "body": "[' ', <div> <b>Dear</b> #Company# , <br/><br/> Booking #BookingNo# telah dibatalkan. Sila hubungi Administrator jika anda mempunyai pertanyaan. <br/><br/> <b>Terima kasih! #MailFooter#</b> <br/></div>]"}, {"language": "SI", "subject": "\u0db4\u0dbb\u0dd2\u0db4\u0dcf\u0dbd\u0d9a \u0dc0\u0dd2\u0dc3\u0dd2\u0db1\u0dca \u0d85\u0dc0\u0dbd\u0d82\u0d9c\u0dd4 \u0d9a\u0dbb\u0db1 \u0dbd\u0daf \u0db6\u0da9\u0dd4", "body": "[' ', <div> <b>\u0dc4\u0dd2\u0dad\u0dc0\u0dad\u0dca</b> #Company# <br/><br/> \u0dc0\u0dd9\u0db1\u0dca\u0d9a\u0dbb \u0d9c\u0dd0\u0db1\u0dd3\u0db8 #BookingNo# \u0d85\u0dc0\u0dbd\u0d82\u0d9c\u0dd4 \u0d9a\u0dbb \u0d87\u0dad. \u0d94\u0db6\u0da7 \u0d9a\u0dd2\u0dc3\u0dd2\u0dba\u0db8\u0dca \u0dc0\u0dd2\u0db8\u0dc3\u0dd4\u0db8\u0d9a\u0dca \u0d87\u0dad\u0dca\u0db1\u0db8\u0dca \u0d9a\u0dbb\u0dd4\u0dab\u0dcf\u0d9a\u0dbb \u0dc3\u0db8\u0dca\u0db6\u0db1\u0dca\u0db0 \u0d9a\u0dbb \u0d9c\u0db1\u0dca\u0db1. <br/><br/> <b>\u0dc3\u0dca\u0dad\u0dd6\u0dad\u0dd2\u0dba\u0dd2! #MailFooter#</b> <br/></div>]"}, {"language": "TA", "subject": "\u0bae\u0bc1\u0ba9\u0bcd\u0baa\u0ba4\u0bbf\u0bb5\u0bc1 \u0ba8\u0bbf\u0bb0\u0bcd\u0bb5\u0bbe\u0b95\u0bbf \u0bb0\u0ba4\u0bcd\u0ba4\u0bc1\u0b9a\u0bc6\u0baf\u0bcd\u0ba4\u0bbe\u0bb0\u0bcd", "body": "[' ', <div> <b>\u0b85\u0ba9\u0bcd\u0baa\u0bc7</b> #Company# , <br/><br/> \u0bae\u0bc1\u0ba9\u0bcd\u0baa\u0ba4\u0bbf\u0bb5\u0bc1 #BookingNo# \u0bae\u0bc1\u0ba9\u0bcd\u0baa\u0ba4\u0bbf\u0bb5\u0bc1 #BookingNo# \u0bb0\u0ba4\u0bcd\u0ba4\u0bc1\u0b9a\u0bc6\u0baf\u0bcd\u0baf\u0baa\u0bcd\u0baa\u0b9f\u0bcd\u0b9f\u0ba4\u0bc1. \u0b89\u0b99\u0bcd\u0b95\u0bb3\u0bbf\u0b9f\u0bae\u0bcd \u0b8f\u0ba4\u0bc7\u0ba9\u0bc1\u0bae\u0bcd \u0b95\u0bc7\u0bb3\u0bcd\u0bb5\u0bbf \u0b87\u0bb0\u0bc1\u0ba8\u0bcd\u0ba4\u0bbe\u0bb2\u0bcd \u0ba4\u0baf\u0bb5\u0bc1\u0b9a\u0bc6\u0baf\u0bcd\u0ba4\u0bc1 \u0ba8\u0bbf\u0bb0\u0bcd\u0bb5\u0bbe\u0b95\u0bbf\u0baf\u0bc8 \u0ba4\u0bca\u0b9f\u0bb0\u0bcd\u0baa\u0bc1\u0b95\u0bca\u0bb3\u0bcd\u0bb3\u0bb5\u0bc1\u0bae\u0bcd. <br/><br/> <b>\u0ba8\u0ba9\u0bcd\u0bb1\u0bbf! #MailFooter#</b> <br/></div>]"}, {"language": "VI", "subject": "H\u1ee7y \u0111\u1eb7t ph\u00f2ng b\u1edfi qu\u1ea3n tr\u1ecb vi\u00ean", "body": "[' ', <div> <b>K\u00ednh g\u1eedi</b> #Company# , <br/><br/> \u0110\u1eb7t ph\u00f2ng #BookingNo# \u0110\u1eb7t ph\u00f2ng #BookingNo# \u0111\u00e3 b\u1ecb h\u1ee7y. Vui l\u00f2ng li\u00ean h\u1ec7 v\u1edbi Qu\u1ea3n tr\u1ecb vi\u00ean n\u1ebfu b\u1ea1n c\u00f3 b\u1ea5t k\u1ef3 c\u00e2u h\u1ecfi n\u00e0o. <br/><br/> <b>C\u1ea3m \u01a1n! #MailFooter#</b> <br/></div>]"}, {"language": "TL", "subject": "Kinansela ang pag-book sa pamamagitan ng admin", "body": "[' ', <div> <b>Mahal</b> #Company# , <br/><br/> Ang pag-book ng #BookingNo# ay nakansela. Mangyaring Makipag-ugnay sa Administrator kung mayroon kang anumang query. <br/><br/> <b>Salamat! #MailFooter#</b> <br/></div>]"}, {"language": "KM", "subject": "\u1794\u17b6\u1793\u179b\u17bb\u1794\u1785\u17c4\u179b\u1780\u17b6\u179a\u1780\u1780\u17cb\u178a\u17c4\u1799\u17a2\u17d2\u1793\u1780\u1782\u17d2\u179a\u1794\u17cb\u1782\u17d2\u179a\u1784", "body": "[' ', <div> <b>\u179f\u17bc\u1798\u1782\u17c4\u179a\u1796</b> #Company# , <br/><br/> \u1780\u17b6\u179a\u1780\u1780\u17cb #BookingNo# \u1780\u1780\u17cb\u178f\u17d2\u179a\u17bc\u179c\u1794\u17b6\u1793\u179b\u17bb\u1794\u1785\u17c4\u179b\u17d4 \u179f\u17bc\u1798\u1791\u17b6\u1780\u17cb\u1791\u1784\u17a2\u17d2\u1793\u1780\u1782\u17d2\u179a\u1794\u17cb\u1782\u17d2\u179a\u1784\u1794\u17d2\u179a\u179f\u17b7\u1793\u1794\u17be\u17a2\u17d2\u1793\u1780\u1798\u17b6\u1793\u179f\u17c6\u178e\u17bd\u179a\u17d4 <br/><br/> <b>\u179f\u17bc\u1798\u17a2\u179a\u1782\u17bb\u178e! #MailFooter#</b> <br/></div>]"}, {"language": "BN", "subject": "\u09ac\u09c1\u0995\u09bf\u0982 \u0985\u09cd\u09af\u09be\u09a1\u09ae\u09bf\u09a8 \u09a6\u09cd\u09ac\u09be\u09b0\u09be \u09ac\u09be\u09a4\u09bf\u09b2", "body": "[' ', <div> <b>\u09aa\u09cd\u09b0\u09bf\u09af\u09bc</b> #Company# , <br/><br/> \u09ac\u09c1\u0995\u09bf\u0982 #BookingNo# \u09ac\u09c1\u0995\u09bf\u0982 \u09a8\u09c7\u0987 #BookingNo# \u09ac\u09be\u09a4\u09bf\u09b2 \u0995\u09b0\u09be \u09b9\u09af\u09bc\u09c7\u099b\u09c7\u0964 \u09af\u09a6\u09bf \u0986\u09aa\u09a8\u09be\u09b0 \u0995\u09cb\u09a8 \u09aa\u09cd\u09b0\u09b6\u09cd\u09a8 \u09a5\u09be\u0995\u09c7 \u09a4\u09be\u09b9\u09b2\u09c7 \u09aa\u09cd\u09b0\u09b6\u09be\u09b8\u0995 \u09af\u09cb\u0997\u09be\u09af\u09cb\u0997 \u0995\u09b0\u09c1\u09a8\u0964 <br/><br/> <b>\u09a7\u09a8\u09cd\u09af\u09ac\u09be\u09a6! #MailFooter#</b> <br/></div>]"}, {"language": "JA", "subject": "\u4e88\u7d04\u304c\u7ba1\u7406\u8005\u306b\u3088\u3063\u3066\u30ad\u30e3\u30f3\u30bb\u30eb\u3055\u308c\u307e\u3057\u305f", "body": "[' ', <div> <b>\u89aa\u611b\u306a\u308b</b> #Company# \u3001 <br/><br/> Booking #BookingNo#\u306f\u30ad\u30e3\u30f3\u30bb\u30eb\u3055\u308c\u307e\u3057\u305f\u3002\u8cea\u554f\u304c\u3042\u308b\u5834\u5408\u306f\u3001\u7ba1\u7406\u8005\u306b\u9023\u7d61\u3057\u3066\u304f\u3060\u3055\u3044\u3002 <br/><br/> <b>\u3042\u308a\u304c\u3068\u3046\u3054\u3056\u3044\u307e\u3059\u3002 #MailFooter#</b> <br/></div>]"}, {"language": "KO", "subject": "\uc608\uc57d \ucde8\uc18c \uad00\ub9ac\uc790", "body": "[' ', <div> <b>\uce5c\uc560\ud558\ub294</b> #Company# <br/><br/> \uc608\uc57d #BookingNo# \uac00 \ucde8\uc18c\ub418\uc5c8\uc2b5\ub2c8\ub2e4. \ubb38\uc758 \uc0ac\ud56d\uc774 \uc788\uc73c\uba74 \uad00\ub9ac\uc790\uc5d0\uac8c \ubb38\uc758\ud558\uc2ed\uc2dc\uc624. <br/><br/> <b>\uac10\uc0ac! #MailFooter#</b> <br/></div>]"}, {"language": "YO", "subject": "Ifawe si pawonre nipas\u1eb9 abojuto", "body": "[' ', <div> <b>Eyin</b> #Company# , <br/><br/> Fowo si #BookingNo# ti paar\u1eb9. J\u1ecdw\u1ecd kan si Alakoso ti o ba ni eyikeyi ibeere. <br/><br/> <b>O \u1e63eun! #MailFooter#</b> <br/></div>]"}, {"language": "TR", "subject": "Rezervasyon admin taraf\u0131ndan iptal edildi", "body": "[' ', <div> <b>Sevgili</b> #Company# , <br/><br/> Rezervasyon #BookingNo# iptal edildi. Herhangi bir sorunuz varsa l\u00fctfen Y\u00f6netici ile ileti\u015fime ge\u00e7in. <br/><br/> <b>Te\u015fekk\u00fcrler! #MailFooter#</b> <br/></div>]"}, {"language": "RU", "subject": "\u0411\u0440\u043e\u043d\u0438\u0440\u043e\u0432\u0430\u043d\u0438\u0435 \u043e\u0442\u043c\u0435\u043d\u0435\u043d\u043e \u0430\u0434\u043c\u0438\u043d\u0438\u0441\u0442\u0440\u0430\u0442\u043e\u0440\u043e\u043c", "body": "[' ', <div> <b>\u0423\u0432\u0430\u0436\u0430\u0435\u043c\u044b\u0439</b> #Company# , <br/><br/> \u0411\u0440\u043e\u043d\u0438\u0440\u043e\u0432\u0430\u043d\u0438\u0435 #BookingNo# \u0431\u044b\u043b\u043e \u043e\u0442\u043c\u0435\u043d\u0435\u043d\u043e. \u041f\u043e\u0436\u0430\u043b\u0443\u0439\u0441\u0442\u0430, \u0441\u0432\u044f\u0436\u0438\u0442\u0435\u0441\u044c \u0441 \u0430\u0434\u043c\u0438\u043d\u0438\u0441\u0442\u0440\u0430\u0442\u043e\u0440\u043e\u043c, \u0435\u0441\u043b\u0438 \u0443 \u0432\u0430\u0441 \u0435\u0441\u0442\u044c \u0437\u0430\u043f\u0440\u043e\u0441. <br/><br/> <b>\u0421\u043f\u0430\u0441\u0438\u0431\u043e! #MailFooter#</b> <br/></div>]"}, {"language": "FA", "subject": "\u0631\u0632\u0631\u0648 \u062a\u0648\u0633\u0637 \u0645\u062f\u06cc\u0631 \u0644\u063a\u0648 \u0634\u062f", "body": "[' ', <div style=\";text-align:right;direction:rtl\"> <b>\u0639\u0632\u06cc\u0632</b> #Company# \u060c <br/><br/> \u0631\u0632\u0631\u0648 #BookingNo# \u0631\u0632\u0631\u0648 \u0646\u0634\u062f\u0647 \u0644\u063a\u0648 \u0634\u062f\u0647 \u0627\u0633\u062a \u0644\u0637\u0641\u0627 \u062f\u0631 \u0635\u0648\u0631\u062a \u062f\u0631\u062e\u0648\u0627\u0633\u062a \u067e\u0631\u0633\u0634\u06cc\u060c \u0628\u0627 \u0645\u062f\u06cc\u0631 \u062a\u0645\u0627\u0633 \u0628\u06af\u06cc\u0631\u06cc\u062f <br/><br/> <b>\u0628\u0627 \u062a\u0634\u06a9\u0631! #MailFooter#</b> <br/></div>]"}, {"language": "MY", "subject": "admin \u101b\u1032\u1037\u1021\u102c\u1038\u1016\u103c\u1004\u103a\u1037\u1016\u103b\u1000\u103a\u101e\u102d\u1019\u103a\u1038 booking", "body": "[' ', <div> <b>\u1001\u103b\u1005\u103a\u1001\u1004\u103a\u101b\u1015\u102b\u101e\u1031\u102c</b> #Company# , <br/><br/> booking #BookingNo# \u1016\u103b\u1000\u103a\u101e\u102d\u1019\u103a\u1038\u1001\u1032\u1037\u1010\u102c\u1016\u103c\u1005\u103a\u1015\u102b\u1010\u101a\u103a\u104b \u101e\u1004\u103a\u101e\u100a\u103a\u1019\u100a\u103a\u101e\u100a\u1037\u103a\u1005\u102f\u1036\u1005\u1019\u103a\u1038\u1019\u103e\u102f\u101b\u103e\u102d\u1015\u102b\u1000\u1021\u102f\u1015\u103a\u1001\u103b\u102f\u1015\u103a\u101b\u1031\u1038\u1019\u103e\u1030\u1038\u1000\u102d\u102f\u1006\u1000\u103a\u101e\u103d\u101a\u103a\u1015\u102b\u104b <br/><br/> <b>\u1000\u103b\u1031\u1038\u1007\u1030\u1038\u1010\u1004\u103a\u1015\u102b\u1010\u101a\u103a! #MailFooter#</b> <br/></div>]"}, {"language": "HI", "subject": "\u090f\u0921\u092e\u093f\u0928 \u0926\u094d\u0935\u093e\u0930\u093e \u092c\u0941\u0915\u093f\u0902\u0917 \u0930\u0926\u094d\u0926", "body": "[' ', <div> <b>\u092a\u094d\u0930\u093f\u092f</b> #Company# , <br/><br/> #BookingNo# \u092c\u0941\u0915\u093f\u0902\u0917 \u0915\u0930\u0928\u093e #BookingNo# \u0930\u0926\u094d\u0926 \u0915\u0930 \u0926\u093f\u092f\u093e \u0917\u092f\u093e \u0939\u0948\u0964 \u092f\u0926\u093f \u0906\u092a\u0915\u0947 \u092a\u093e\u0938 \u0915\u094b\u0908 \u092a\u094d\u0930\u0936\u094d\u0928 \u0939\u0948, \u0924\u094b \u0915\u0943\u092a\u092f\u093e \u092a\u094d\u0930\u0936\u093e\u0938\u0915 \u0938\u0947 \u0938\u0902\u092a\u0930\u094d\u0915 \u0915\u0930\u0947\u0902\u0964 <br/><br/> <b>\u0927\u0928\u094d\u092f\u0935\u093e\u0926! #MailFooter#</b> <br/></div>]"}, {"language": "IW", "subject": "\u05d4\u05d4\u05d6\u05de\u05e0\u05d4 \u05d1\u05d5\u05d8\u05dc\u05d4 \u05e2\u05dc \u05d9\u05d3\u05d9 \u05de\u05e0\u05d4\u05dc \u05d4\u05de\u05e2\u05e8\u05db\u05ea", "body": "[' ', <div style=\";text-align:right;direction:rtl\"> <b>Dear</b> #Company# , <br/><br/> \u05d4\u05d4\u05d6\u05de\u05e0\u05d4 #BookingNo# \u05d1\u05d5\u05d8\u05dc\u05d4. \u05e6\u05d5\u05e8 \u05e7\u05e9\u05e8 \u05e2\u05dd \u05de\u05e0\u05d4\u05dc \u05d4\u05de\u05e2\u05e8\u05db\u05ea \u05d0\u05dd \u05d9\u05e9 \u05dc\u05da \u05e9\u05d0\u05d9\u05dc\u05ea\u05d4. <br/><br/> <b>\u05ea\u05d5\u05d3\u05d4! #MailFooter#</b> <br/></div>]"}, {"language": "FR", "subject": "R\u00e9servation annul\u00e9e par l'administrateur", "body": "[' ', <div> <b>Cher</b> #Company# , <br/><br/> Booking #BookingNo# a \u00e9t\u00e9 annul\u00e9. S'il vous pla\u00eet contacter l'administrateur si vous avez une requ\u00eate. <br/><br/> <b>Merci! #MailFooter#</b> <br/></div>]"}, {"language": "DA", "subject": "Booking aflyst af admin", "body": "[' ', <div> <b>K\u00e6re</b> #Company# , <br/><br/> Booking #BookingNo# er blevet annulleret. Kontakt venligst Administrator, hvis du har nogen foresp\u00f8rgsel. <br/><br/> <b>Tak! #MailFooter#</b> <br/></div>]"}]}