{"purpose": "Informing the Admin when the\u201cContact Us\u201dform is Filled ", "templates": [{"language": "AF", "subject": "Kontak ons Vorm Gevul", "body": "[' ', <span>Geagte Administrateur, <br/><br/> #Contact_Name# het die kontakvorm ingevul. <br/><br/> Hieronder is die besonderhede. <br/><br/> Naam: #Contact_Name# <br/> Telefoon: #Contact_Phone# <br/> E-pos: #Contact_Phone# <br/> Onderwerp: #Contact_Subject# <br/> Boodskap: #Contact_Subject# <br/><br/> Dankie! #MailFooter#</span>]"}, {"language": "EN", "subject": "Contact Us Form Filled", "body": "[' ', <span>Dear Administrator,\n<br/>\n<br/>#Contact_Name# has filled up the contact us form.\n<br/>\n<br/>Below are the details.\n<br/>\n<br/>Name: #Contact_Name#\n<br/>Phone: #Contact_Phone#\n<br/>Email: #Contact_Email#\n<br/>Subject: #Contact_Subject#\n<br/>Message: #Contact_Message#\n<br/>\n<br/>Thanks!  #MailFooter#</span>]"}, {"language": "TH", "subject": "\u0e41\u0e1a\u0e1a\u0e1f\u0e2d\u0e23\u0e4c\u0e21\u0e15\u0e34\u0e14\u0e15\u0e48\u0e2d\u0e40\u0e23\u0e32", "body": "[' ', <span>\u0e40\u0e23\u0e35\u0e22\u0e19\u0e1c\u0e39\u0e49\u0e14\u0e39\u0e41\u0e25\u0e23\u0e30\u0e1a\u0e1a <br/><br/> #Contact_Name# \u0e01\u0e23\u0e2d\u0e01\u0e41\u0e1a\u0e1a\u0e1f\u0e2d\u0e23\u0e4c\u0e21\u0e15\u0e34\u0e14\u0e15\u0e48\u0e2d\u0e40\u0e23\u0e32 <br/><br/> \u0e14\u0e49\u0e32\u0e19\u0e25\u0e48\u0e32\u0e07\u0e40\u0e1b\u0e47\u0e19\u0e23\u0e32\u0e22\u0e25\u0e30\u0e40\u0e2d\u0e35\u0e22\u0e14 <br/><br/> \u0e0a\u0e37\u0e48\u0e2d: #Contact_Name# <br/> \u0e42\u0e17\u0e23\u0e28\u0e31\u0e1e\u0e17\u0e4c: #Contact_Phone# <br/> \u0e2d\u0e35\u0e40\u0e21\u0e25: #Contact_Phone# <br/> \u0e40\u0e23\u0e37\u0e48\u0e2d\u0e07: #Contact_Subject# <br/> \u0e02\u0e49\u0e2d\u0e04\u0e27\u0e32\u0e21: #Contact_Subject# <br/><br/> \u0e02\u0e2d\u0e1a\u0e04\u0e38\u0e13! #MailFooter#</span>]"}, {"language": "ID", "subject": "Formulir Hubungi Kami Diisi", "body": "[' ', <span>Administrator yang terhormat, <br/><br/> #Contact_Name# telah mengisi formulir hubungi kami. <br/><br/> Di bawah ini adalah detailnya. <br/><br/> Nama: #Contact_Name# <br/> Telepon: #Contact_Phone# <br/> Email: #Contact_Phone# <br/> Subjek: #Contact_Subject# <br/> Pesan: #Contact_Subject# <br/><br/> Terima kasih! #MailFooter#</span>]"}, {"language": "DE", "subject": "Kontaktformular ausgef\u00fcllt", "body": "[' ', <span>Sehr geehrter Administrator, <br/><br/> #Contact_Name# hat das Kontaktformular ausgef\u00fcllt. <br/><br/> Unten sind die Details. <br/><br/> Name: #Contact_Name# <br/> Telefon: #Contact_Phone# <br/> E-Mail: #Contact_Phone# <br/> Betreff: #Contact_Subject# <br/> Nachricht: #Contact_Subject# <br/><br/> Vielen Dank! #MailFooter#</span>]"}, {"language": "ES", "subject": "Cont\u00e1ctenos Formulario Rellenado", "body": "[' ', <span>Estimado Administrador, <br/><br/> #Contact_Name# ha llenado el formulario de contacto. <br/><br/> A continuaci\u00f3n se presentan los detalles. <br/><br/> Nombre: #Contact_Name# <br/> Tel\u00e9fono: #Contact_Phone# <br/> Correo electr\u00f3nico: #Contact_Phone# <br/> Asunto: #Contact_Subject# <br/> Mensaje: #Contact_Subject# <br/><br/> \u00a1Gracias! #MailFooter#</span>]"}, {"language": "IT", "subject": "Contattaci Form Filled", "body": "[' ', <span>Caro Amministratore, <br/><br/> #Contact_Name# ha riempito il modulo di contatto. <br/><br/> Di seguito sono i dettagli. <br/><br/> Nome: #Contact_Name# <br/> Telefono: #Contact_Phone# <br/> Email: #Contact_Phone# <br/> Oggetto: #Contact_Subject# <br/> Messaggio: #Contact_Subject# <br/><br/> Grazie! #MailFooter#</span>]"}, {"language": "AR", "subject": "\u0627\u062a\u0635\u0644 \u0628\u0646\u0627", "body": "[' ', <span>\u0639\u0632\u064a\u0632\u064a \u0627\u0644\u0645\u0633\u0624\u0648\u0644 \u060c <br/><br/> #Contact_Name# \u0645\u0644\u0623 \u0646\u0645\u0648\u0630\u062c \u0627\u0644\u0627\u062a\u0635\u0627\u0644 \u0628\u0646\u0627. <br/><br/> \u0623\u062f\u0646\u0627\u0647 \u0647\u064a \u0627\u0644\u062a\u0641\u0627\u0635\u064a\u0644. <br/><br/> \u0627\u0644\u0627\u0633\u0645: #Contact_Name# <br/> #Contact_Phone# \u0627\u0644\u0647\u0627\u062a\u0641: #Contact_Phone# <br/> \u0627\u0644\u0628\u0631\u064a\u062f \u0627\u0644\u0625\u0644\u0643\u062a\u0631\u0648\u0646\u064a: #Contact_Phone# <br/> \u0627\u0644\u0645\u0648\u0636\u0648\u0639: #Contact_Subject# <br/> \u0627\u0644\u0631\u0633\u0627\u0644\u0629: #Contact_Subject# <br/><br/> \u0634\u0643\u0631! #MailFooter#</span>]"}, {"language": "UR", "subject": "\u06c1\u0645 \u0633\u06d2 \u0631\u0627\u0628\u0637\u06c1 \u0641\u0627\u0631\u0645 \u0628\u06be\u0631\u0646\u06d2 \u0633\u06d2 \u0631\u0627\u0628\u0637\u06c1 \u06a9\u0631\u06cc\u06ba", "body": "[' ', <span>\u0639\u0632\u06cc\u0632 \u0627\u06cc\u0688\u0645\u0646\u0633\u0679\u0631\u06cc\u0679\u0631\u060c <br/><br/> #Contact_Name# \u0646\u06d2 \u06c1\u0645 \u0633\u06d2 \u0641\u0627\u0631\u0645 \u0633\u06d2 \u0631\u0627\u0628\u0637\u06c1 \u06a9\u06cc\u0627 \u06c1\u06d2. <br/><br/> \u0630\u06cc\u0644 \u0645\u06cc\u06ba \u062a\u0641\u0635\u06cc\u0644\u0627\u062a \u06c1\u06cc\u06ba. <br/><br/> \u0646\u0627\u0645: #Contact_Name# <br/> \u0641\u0648\u0646: #Contact_Phone# <br/> \u0627\u06cc \u0645\u06cc\u0644: #Contact_Phone# <br/> \u0645\u0648\u0636\u0648\u0639: #Contact_Subject# <br/> \u067e\u06cc\u063a\u0627\u0645: #Contact_Subject# <br/><br/> \u0634\u06a9\u0631\u06cc\u06c1! #MailFooter#</span>]"}, {"language": "AZ", "subject": "\u018flaq\u0259 Formu doldurulmu\u015fdur", "body": "[' ', <span>\u018fziz Administrator, <br/><br/> #Contact_Name# \u0259laq\u0259 formas\u0131n\u0131 doldurdu. <br/><br/> A\u015fa\u011f\u0131dak\u0131 m\u0259lumatlar. <br/><br/> Ad\u0131: #Contact_Name# <br/> Telefon: #Contact_Phone# <br/> E-po\u00e7t: #Contact_Phone# <br/> M\u00f6vzu: #Contact_Subject# <br/> Mesaj: #Contact_Subject# <br/><br/> T\u0259\u015f\u0259kk\u00fcr edirik! #MailFooter#</span>]"}, {"language": "ZH", "subject": "\u8054\u7cfb\u6211\u4eec\u8868\u683c\u586b\u5199", "body": "[' ', <span>\u4eb2\u7231\u7684\u7ba1\u7406\u5458\uff0c <br/><br/> #Contact_Name#\u586b\u5199\u4e86\u8054\u7cfb\u6211\u4eec\u8868\u683c\u3002 <br/><br/>\u4ee5\u4e0b\u662f\u8be6\u7ec6\u4fe1\u606f\u3002 <br/><br/>\u540d\u79f0\uff1a #Contact_Name# <br/>\u7535\u8bdd\uff1a #Contact_Phone# <br/>\u7535\u5b50\u90ae\u4ef6\uff1a #Contact_Phone# <br/>\u4e3b\u9898\uff1a #Contact_Subject# <br/>\u6d88\u606f\uff1a #Contact_Subject# <br/><br/>\u8c22\u8c22\uff01 #MailFooter#</span>]"}, {"language": "PT", "subject": "Entre em contato conosco Formul\u00e1rio preenchido", "body": "[' ', <span>Prezado Administrador <br/><br/> #Contact_Name# preencheu o formul\u00e1rio de contato. <br/><br/> Abaixo est\u00e3o os detalhes. <br/><br/> Nome: #Contact_Name# <br/> Telefone: #Contact_Phone# <br/> Email: #Contact_Phone# <br/> Assunto: #Contact_Subject# <br/> Mensagem: #Contact_Subject# <br/><br/> Obrigado! #MailFooter#</span>]"}, {"language": "ZU", "subject": "Xhumana Nathi Ifomu Eligcwalisiwe", "body": "[' ', <span>Umqondisi othandekayo, <br/><br/> #Contact_Name# igcwalise ifomu lethu lokuxhumana. <br/><br/> Ngezansi kukhona imininingwane. <br/><br/> Igama: #Contact_Name# Igama #Contact_Name# <br/> Ifoni: #Contact_Phone# <br/> Imeyili: #Contact_Phone# <br/> Isihloko: #Contact_Subject# <br/> Umlayezo: #Contact_Subject# <br/><br/> Siyabonga! #MailFooter#</span>]"}, {"language": "SW", "subject": "Wasiliana Nasi Fomu Imejazwa", "body": "[' ', <span>Msimamizi Mheshimiwa, <br/><br/> #Contact_Name# imejaza fomu yetu ya kuwasiliana. <br/><br/> Chini ni maelezo. <br/><br/> Jina: #Contact_Name# <br/> Simu: #Contact_Phone# <br/> Barua pepe: #Contact_Phone# <br/> Somo: #Contact_Subject# <br/> Ujumbe: #Contact_Subject# <br/><br/> Asante! #MailFooter#</span>]"}, {"language": "KU", "subject": "Forma T\u00eakil\u00ee Forma T\u00eakil\u00ee T\u00eate", "body": "[' ', <span>Bir\u00eaz Bir\u00eaz Bir\u00eaz <br/><br/> #Contact_Name# forma me t\u00eakil\u00ee tije kir. <br/><br/> Li j\u00ear agahdar\u00ee hene. <br/><br/> Nav: #Contact_Name# <br/> Telefon: #Contact_Phone# <br/> Email: #Contact_Phone# <br/> Sernav: #Contact_Subject# <br/> Peyam: #Contact_Subject# <br/><br/> Spas! #MailFooter#</span>]"}, {"language": "MS", "subject": "Hubungi Kami Borang yang Diisi", "body": "[' ', <span>Pentadbir yang dihormati, <br/><br/> #Contact_Name# telah mengisi borang kenalan kami. <br/><br/> Berikut adalah butirannya. <br/><br/> Nama: #Contact_Name# <br/> Telefon: #Contact_Phone# <br/> E-mel: #Contact_Phone# <br/> Subjek: #Contact_Subject# <br/> Mesej: #Contact_Subject# <br/><br/> Terima kasih! #MailFooter#</span>]"}, {"language": "SI", "subject": "\u0dc3\u0db8\u0dca\u0db4\u0dd6\u0dbb\u0dca\u0dab \u0d9a\u0dbb\u0db1 \u0dbd\u0daf \u0d85\u0dba\u0daf\u0dd4\u0db8\u0dca\u0db4\u0dad \u0d85\u0db8\u0dad\u0db1\u0dca\u0db1", "body": "[' ', <span>\u0d86\u0daf\u0dbb\u0dab\u0dd3\u0dba \u0db4\u0dbb\u0dd2\u0db4\u0dcf\u0dbd\u0d9a, <br/><br/> #Contact_Name# \u0d85\u0db4 \u0d85\u0db8\u0dad\u0db1\u0dca\u0db1 \u0d85\u0db4\u0dc0 \u0d85\u0db8\u0dad\u0db1\u0dca\u0db1. <br/><br/> \u0dc0\u0dd2\u0dc3\u0dca\u0dad\u0dbb \u0db4\u0dc4\u0dad \u0daf\u0dd0\u0d9a\u0dca\u0dc0\u0dda. <br/><br/> \u0db1\u0db8: #Contact_Name# <br/> \u0daf\u0dd4\u0dbb\u0d9a\u0dae\u0db1: #Contact_Phone# <br/> \u0dc0\u0dd2\u0daf\u0dca\u0dba\u0dd4\u0dad\u0dca \u0dad\u0dd0\u0db4\u0dd1\u0dbd: #Contact_Phone# <br/> \u0db8\u0dcf\u0dad\u0dd8\u0d9a\u0dcf\u0dc0: #Contact_Subject# <br/> \u0db4\u0dab\u0dd2\u0dc0\u0dd2\u0da9\u0dba: #Contact_Subject# <br/><br/> \u0dc3\u0dca\u0dad\u0dd6\u0dad\u0dd2\u0dba\u0dd2! #MailFooter#</span>]"}, {"language": "TA", "subject": "\u0b8e\u0b99\u0bcd\u0b95\u0bb3\u0bc8 \u0ba4\u0bca\u0b9f\u0bb0\u0bcd\u0baa\u0bc1 \u0baa\u0b9f\u0bbf\u0bb5\u0bae\u0bcd \u0baa\u0bc2\u0bb0\u0bcd\u0ba4\u0bcd\u0ba4\u0bbf", "body": "[' ', <span>\u0b85\u0ba9\u0bcd\u0baa\u0bc1\u0bb3\u0bcd\u0bb3 \u0ba8\u0bbf\u0bb0\u0bcd\u0bb5\u0bbe\u0b95\u0bbf, <br/><br/> #Contact_Name# \u0b8e\u0b99\u0bcd\u0b95\u0bb3\u0bc8\u0ba4\u0bcd \u0ba4\u0bca\u0b9f\u0bb0\u0bcd\u0baa\u0bc1\u0baa\u0b9f\u0bc1\u0ba4\u0bcd\u0ba4\u0bbf\u0baf\u0bc1\u0bb3\u0bcd\u0bb3\u0bbe\u0bb0\u0bcd. <br/><br/> \u0bb5\u0bbf\u0bb5\u0bb0\u0b99\u0bcd\u0b95\u0bb3\u0bcd \u0b95\u0bc0\u0bb4\u0bc7 \u0b89\u0bb3\u0bcd\u0bb3\u0ba9. <br/><br/> \u0baa\u0bc6\u0baf\u0bb0\u0bcd: #Contact_Name# <br/> \u0ba4\u0bca\u0bb2\u0bc8\u0baa\u0bc7\u0b9a\u0bbf: #Contact_Phone# <br/> \u0bae\u0bbf\u0ba9\u0bcd\u0ba9\u0b9e\u0bcd\u0b9a\u0bb2\u0bcd: #Contact_Phone# <br/> \u0baa\u0bca\u0bb0\u0bc1\u0bb3\u0bcd: #Contact_Subject# <br/> \u0b9a\u0bc6\u0baf\u0bcd\u0ba4\u0bbf: #Contact_Subject# <br/><br/> \u0ba8\u0ba9\u0bcd\u0bb1\u0bbf! #MailFooter#</span>]"}, {"language": "VI", "subject": "Li\u00ean h\u1ec7 v\u1edbi ch\u00fang t\u00f4i M\u1eabu \u0111i\u1ec1n", "body": "[' ', <span>K\u00ednh g\u1eedi Qu\u1ea3n tr\u1ecb vi\u00ean, <br/><br/> #Contact_Name# \u0111\u00e3 \u0111i\u1ec1n v\u00e0o m\u1eabu li\u00ean h\u1ec7 v\u1edbi ch\u00fang t\u00f4i. <br/><br/> D\u01b0\u1edbi \u0111\u00e2y l\u00e0 c\u00e1c chi ti\u1ebft. <br/><br/> T\u00ean: #Contact_Name# <br/> \u0110i\u1ec7n tho\u1ea1i: #Contact_Phone# <br/> Email: #Contact_Phone# <br/> Ch\u1ee7 \u0111\u1ec1: #Contact_Subject# <br/> Tin nh\u1eafn: #Contact_Subject# <br/><br/> C\u1ea3m \u01a1n! #MailFooter#</span>]"}, {"language": "TL", "subject": "Makipag-ugnay sa Amin Form Napuno", "body": "[' ', <span>Mahal na Tagapangasiwa, <br/><br/> #Contact_Name# ang contact form sa amin. <br/><br/> Nasa ibaba ang mga detalye. <br/><br/> Pangalan: #Contact_Name# <br/> Telepono: #Contact_Phone# <br/> Email: #Contact_Phone# <br/> Paksa: #Contact_Subject# <br/> Mensahe: #Contact_Subject# <br/><br/> Salamat! #MailFooter#</span>]"}, {"language": "KM", "subject": "\u1791\u17c6\u1793\u17b6\u1780\u17cb\u1791\u17c6\u1793\u1784\u1798\u1780\u1799\u17be\u1784\u1794\u17c6\u1796\u17c1\u1789\u179f\u17c6\u178e\u17bb\u17c6\u1794\u17c2\u1794\u1794\u1791", "body": "[' ', <span>\u179f\u17bc\u1798\u1782\u17c4\u179a\u1796\u17a2\u17d2\u1793\u1780\u1782\u17d2\u179a\u1794\u17cb\u1782\u17d2\u179a\u1784, <br/><br/> #Contact_Name# \u1794\u17b6\u1793\u1794\u17c6\u1796\u17c1\u1789\u1791\u17c6\u179a\u1784\u17cb\u1791\u17c6\u1793\u17b6\u1780\u17cb\u1791\u17c6\u1793\u1784\u1798\u1780\u1780\u17b6\u1793\u17cb\u1799\u17be\u1784\u17d4 <br/><br/> \u1781\u17b6\u1784\u1780\u17d2\u179a\u17c4\u1798\u1793\u17c1\u17c7\u1782\u17ba\u1787\u17b6\u1796\u17d0\u178f\u17cc\u1798\u17b6\u1793\u179b\u1798\u17d2\u17a2\u17b7\u178f\u17d4 <br/><br/> \u1788\u17d2\u1798\u17c4\u17c7: #Contact_Name# <br/> \u1791\u17bc\u179a\u179f\u17d0\u1796\u17d2\u1791: #Contact_Phone# <br/> \u17a2\u17ca\u17b8\u1798\u17c9\u17c2\u179b: #Contact_Phone# <br/> \u1794\u17d2\u179a\u1792\u17b6\u1793\u1794\u1791: #Contact_Subject# <br/> \u179f\u17b6\u179a: #Contact_Subject# <br/><br/> \u179f\u17bc\u1798\u17a2\u179a\u1782\u17bb\u178e! #MailFooter#</span>]"}, {"language": "BN", "subject": "\u0986\u09ae\u09be\u09a6\u09c7\u09b0 \u09aa\u09c2\u09b0\u09a3 \u09ab\u09b0\u09cd\u09ae \u09aa\u09c2\u09b0\u09a3 \u0995\u09b0\u09c1\u09a8", "body": "[' ', <span>\u09aa\u09cd\u09b0\u09bf\u09af\u09bc \u09aa\u09cd\u09b0\u09b6\u09be\u09b8\u0995, <br/><br/> #Contact_Name# \u0986\u09ae\u09be\u09a6\u09c7\u09b0 \u09ab\u09b0\u09cd\u09ae\u099f\u09bf \u09aa\u09c2\u09b0\u09a3 \u0995\u09b0\u09c7\u099b\u09c7\u0964 <br/><br/> \u09a8\u09c0\u099a\u09c7 \u09ac\u09bf\u09b8\u09cd\u09a4\u09be\u09b0\u09bf\u09a4 \u0986\u099b\u09c7\u0964 <br/><br/> \u09a8\u09be\u09ae: #Contact_Name# <br/> \u09ab\u09cb\u09a8: #Contact_Phone# <br/> \u0987\u09ae\u09c7\u0987\u09b2: #Contact_Phone# <br/> \u09ac\u09bf\u09b7\u09af\u09bc: #Contact_Subject# <br/> \u09ac\u09be\u09b0\u09cd\u09a4\u09be: #Contact_Subject# <br/><br/> \u09a7\u09a8\u09cd\u09af\u09ac\u09be\u09a6! #MailFooter#</span>]"}, {"language": "JA", "subject": "\u8a18\u5165\u30d5\u30a9\u30fc\u30e0", "body": "[' ', <span>\u7ba1\u7406\u8005\u5404\u4f4d<br/><br/> #Contact_Name#\u304c\u304a\u554f\u3044\u5408\u308f\u305b\u30d5\u30a9\u30fc\u30e0\u306b\u8a18\u5165\u3057\u307e\u3057\u305f\u3002 <br/><br/>\u8a73\u7d30\u306f\u4ee5\u4e0b\u306e\u901a\u308a\u3067\u3059\u3002 <br/><br/>\u304a\u540d\u524d\uff1a #Contact_Name# <br/>\u96fb\u8a71\u756a\u53f7\uff1a #Contact_Phone#\u96fb\u8a71\u756a\u53f7#Contact_Phone# <br/> E\u30e1\u30fc\u30eb\uff1a #Contact_Phone# <br/>\u4ef6\u540d\uff1a #Contact_Subject# <br/>\u30e1\u30c3\u30bb\u30fc\u30b8\uff1a #Contact_Subject# <br/><br/>\u3042\u308a\u304c\u3068\u3046\u3054\u3056\u3044\u307e\u3059\u3002 #MailFooter#</span>]"}, {"language": "KO", "subject": "\ubb38\uc758 \uc591\uc2dd \uc791\uc131 \ub428", "body": "[' ', <span>\uce5c\uc560\ud558\ub294 \uad00\ub9ac\uc790, <br/><br/> #Contact_Name# \uc774 (\uac00) \ubb38\uc758 \uc591\uc2dd\uc744 \uc791\uc131\ud588\uc2b5\ub2c8\ub2e4. <br/><br/> \ub2e4\uc74c\uc740 \uc138\ubd80 \uc0ac\ud56d\uc785\ub2c8\ub2e4. <br/><br/> \uc774\ub984 : #Contact_Name# <br/> \uc804\ud654 #Contact_Phone# : #Contact_Phone# <br/> \uc774\uba54\uc77c : #Contact_Phone# <br/> \uc81c\ubaa9 : #Contact_Subject# <br/> \uba54\uc2dc\uc9c0 : #Contact_Subject# <br/><br/> \uac10\uc0ac! #MailFooter#</span>]"}, {"language": "YO", "subject": "Kan si F\u1ecd\u1ecdm\u00f9 F\u1ecd\u1ecdmu F\u00fan", "body": "[' ', <span>Oluk\u1ecdni, <br/><br/> #Contact_Name# ti kun f\u1ecd\u1ecdmu olubas\u1ecdr\u1ecd wa. <br/><br/> Aw\u1ecdn alaye ni isal\u1eb9. <br/><br/> Oruk\u1ecd: #Contact_Name# <br/> Foonu: #Contact_Phone# <br/> Imeeli: #Contact_Phone# <br/> Koko-\u1ecdr\u1ecd: #Contact_Subject# <br/> Ifiran\u1e63\u1eb9: #Contact_Subject# <br/><br/> O \u1e63eun! #MailFooter#</span>]"}, {"language": "TR", "subject": "\u0130leti\u015fim Formu Doldurulmu\u015f", "body": "[' ', <span>Sevgili Y\u00f6netici <br/><br/> #Contact_Name# bize ula\u015f\u0131n formunu doldurdu. <br/><br/> Detaylar a\u015fa\u011f\u0131da. <br/><br/> Ad: #Contact_Name# <br/> Telefon: #Contact_Phone# <br/> E-posta: #Contact_Phone# <br/> Konu: #Contact_Subject# <br/> Mesaj: #Contact_Subject# <br/><br/> Te\u015fekk\u00fcrler! #MailFooter#</span>]"}, {"language": "RU", "subject": "\u0421\u0432\u044f\u0436\u0438\u0442\u0435\u0441\u044c \u0441 \u043d\u0430\u043c\u0438 \u0424\u043e\u0440\u043c\u0430 \u0437\u0430\u043f\u043e\u043b\u043d\u0435\u043d\u0430", "body": "[' ', <span>\u0423\u0432\u0430\u0436\u0430\u0435\u043c\u044b\u0439 \u0410\u0434\u043c\u0438\u043d\u0438\u0441\u0442\u0440\u0430\u0442\u043e\u0440, <br/><br/> #Contact_Name# \u0437\u0430\u043f\u043e\u043b\u043d\u0438\u043b \u0444\u043e\u0440\u043c\u0443 #Contact_Name# \u0441\u0432\u044f\u0437\u0438. <br/><br/> \u041d\u0438\u0436\u0435 \u043f\u0440\u0438\u0432\u0435\u0434\u0435\u043d\u044b \u043f\u043e\u0434\u0440\u043e\u0431\u043d\u043e\u0441\u0442\u0438. <br/><br/> \u0418\u043c\u044f: #Contact_Name# <br/> \u0422\u0435\u043b\u0435\u0444\u043e\u043d: #Contact_Phone# <br/> Email: #Contact_Phone# <br/> \u0422\u0435\u043c\u0430: #Contact_Subject# <br/> \u0421\u043e\u043e\u0431\u0449\u0435\u043d\u0438\u0435: #Contact_Subject# <br/><br/> \u0421\u043f\u0430\u0441\u0438\u0431\u043e! #MailFooter#</span>]"}, {"language": "FA", "subject": "\u062a\u0645\u0627\u0633 \u0628\u0627 \u0645\u0627 \u0641\u0631\u0645 \u067e\u0631 \u0634\u062f\u0647 \u0627\u0633\u062a", "body": "[' ', <span>\u0645\u062f\u06cc\u0631 \u0639\u0632\u06cc\u0632 <br/><br/> #Contact_Name# \u0641\u0631\u0645 \u062a\u0645\u0627\u0633 \u0628\u0627 \u0645\u0627 \u0631\u0627 \u067e\u0631 \u06a9\u0631\u062f\u0647 \u0627\u0633\u062a <br/><br/> \u062f\u0631 \u0632\u06cc\u0631 \u062c\u0632\u0626\u06cc\u0627\u062a \u0627\u0633\u062a. <br/><br/> \u0646\u0627\u0645: #Contact_Name# \u0646\u0627\u0645 #Contact_Name# <br/> \u062a\u0644\u0641\u0646: #Contact_Phone# <br/> \u0627\u06cc\u0645\u06cc\u0644: #Contact_Phone# <br/> \u0645\u0648\u0636\u0648\u0639: #Contact_Subject# <br/> \u067e\u06cc\u0627\u0645: #Contact_Subject# <br/><br/> \u0628\u0627 \u062a\u0634\u06a9\u0631! #MailFooter#</span>]"}, {"language": "MY", "subject": "\u1000\u103c\u103e\u1014\u103b\u102f\u1015\u103b\u1010\u102d\u102f\u1037\u1000\u102d\u102f Form \u1000\u102d\u102f\u1016\u103c\u100a\u1037\u103a\u1015\u103c\u102e\u1038\u1015\u103c\u102e\u1000\u102d\u102f\u1006\u1000\u103a\u101e\u103d\u101a\u103a\u1015\u102b", "body": "[' ', <span>\u1001\u103b\u1005\u103a\u1001\u1004\u103a\u101b\u1015\u102b\u101e\u1031\u102c\u1021\u102f\u1015\u103a\u1001\u103b\u102f\u1015\u103a\u101b\u1031\u1038\u1019\u103e\u1030\u1038, <br/><br/> #Contact_Name# \u1000\u103b\u103d\u1014\u103a\u1010\u1031\u102c\u103a\u1010\u102d\u102f\u1037\u1000\u102d\u102f\u1016\u103d\u1032\u1037\u1005\u100a\u103a\u1038\u101b\u1014\u103a\u1006\u1000\u103a\u101e\u103d\u101a\u103a\u1010\u1000\u103a\u1016\u103c\u100a\u1037\u103a\u1011\u102c\u1038\u101e\u100a\u103a\u104b <br/><br/> \u1021\u1031\u102c\u1000\u103a\u1010\u103d\u1004\u103a\u1021\u101e\u1031\u1038\u1005\u102d\u1010\u103a\u1016\u103c\u1005\u103a\u1000\u103c\u101e\u100a\u103a\u104b <br/><br/> \u1021\u1019\u100a\u103a: #Contact_Name# <br/> \u1016\u102f\u1014\u103a\u1038\u1014\u1036\u1015\u102b\u1010\u103a: #Contact_Phone# <br/> \u1021\u102e\u1038\u1019\u1031\u1038\u101c\u103a: #Contact_Phone# <br/> subject: #Contact_Subject# <br/> \u1005\u102c: #Contact_Subject# <br/><br/> \u1000\u103b\u1031\u1038\u1007\u1030\u1038\u1010\u1004\u103a\u1015\u102b\u1010\u101a\u103a! #MailFooter#</span>]"}, {"language": "HI", "subject": "\u0939\u092e\u0938\u0947 \u0938\u0902\u092a\u0930\u094d\u0915 \u0915\u0930\u0947\u0902 \u092b\u093e\u0930\u094d\u092e \u092d\u0930\u093e", "body": "[' ', <span>\u092a\u094d\u0930\u093f\u092f \u092a\u094d\u0930\u0936\u093e\u0938\u0915, <br/><br/> #Contact_Name# \u0928\u0947 \u0939\u092e\u0938\u0947 \u0938\u0902\u092a\u0930\u094d\u0915 \u092b\u093c\u0949\u0930\u094d\u092e \u092d\u0930 \u0926\u093f\u092f\u093e \u0939\u0948\u0964 <br/><br/> \u0928\u0940\u091a\u0947 \u0935\u093f\u0935\u0930\u0923 \u0939\u0948\u0902\u0964 <br/><br/> \u0928\u093e\u092e: #Contact_Name# <br/> \u092b\u093c\u094b\u0928: #Contact_Phone# <br/> \u0908\u092e\u0947\u0932: #Contact_Phone# <br/> \u0935\u093f\u0937\u092f: #Contact_Subject# <br/> \u0938\u0902\u0926\u0947\u0936: #Contact_Subject# <br/><br/> \u0927\u0928\u094d\u092f\u0935\u093e\u0926! #MailFooter#</span>]"}, {"language": "IW", "subject": "\u05e6\u05d5\u05e8 \u05e7\u05e9\u05e8 \u05d8\u05d5\u05e4\u05e1 \u05de\u05d9\u05dc\u05d5\u05d9", "body": "[' ', <span>\u05de\u05e0\u05d4\u05dc \u05d9\u05e7\u05e8, <br/><br/> #Contact_Name# \u05de\u05d9\u05dc\u05d0 \u05d0\u05ea \u05d4\u05d8\u05d5\u05e4\u05e1 \u05dc\u05d9\u05e6\u05d9\u05e8\u05ea \u05e7\u05e9\u05e8. <br/><br/> \u05dc\u05d4\u05dc\u05df \u05d4\u05e4\u05e8\u05d8\u05d9\u05dd. <br/><br/> \u05e9\u05dd: #Contact_Name# <br/> \u05d8\u05dc\u05e4\u05d5\u05df: #Contact_Phone# <br/> \u05d3\u05d5\u05d0\"\u05dc: #Contact_Phone# <br/> \u05e0\u05d5\u05e9\u05d0: #Contact_Subject# <br/> \u05d4\u05d5\u05d3\u05e2\u05d4: #Contact_Subject# <br/><br/> \u05ea\u05d5\u05d3\u05d4! #MailFooter#</span>]"}, {"language": "FR", "subject": "Contactez-nous formulaire rempli", "body": "[' ', <span>Cher administrateur, <br/><br/> #Contact_Name# a rempli le formulaire de contact avec nous. <br/><br/> Voici les d\u00e9tails. <br/><br/> Nom: #Contact_Name# <br/> T\u00e9l\u00e9phone: #Contact_Phone# <br/> Email: #Contact_Phone# <br/> Sujet: #Contact_Subject# <br/> Message: #Contact_Subject# <br/><br/> Merci! #MailFooter#</span>]"}, {"language": "DA", "subject": "Kontakt os p\u00e5fyldt formular", "body": "[' ', <span>K\u00e6re Administrator, <br/><br/> #Contact_Name# har udfyldt kontaktformularen. <br/><br/> Nedenfor er detaljerne. <br/><br/> Navn: #Contact_Name# <br/> Telefon: #Contact_Phone# <br/> Email: #Contact_Phone# <br/> Emne: #Contact_Subject# <br/> Besked: #Contact_Subject# <br/><br/> Tak! #MailFooter#</span>]"}]}