{"purpose": "User's account is credited for referral amount", "templates": [{"language": "AF", "subject": "Baie geluk ! U het verwysingsvoordeel op CubeJekShark", "body": "[' ', <div> <b>Hallo #USER_NAME# ,</b> <br/><br/></div>, <div> Jy het verwysingshoeveelheid verdien omdat jou vriend #TRIP_USER_NAME# sy / haar eerste reis op #COMPANY_NAME# Nou is die besonderhede. <br/><br/> <b>Verwysingsbedrag:</b> #AMOUNT# <br/><br/> <b>Dankie! #MailFooter#</b> <br/></div>]"}, {"language": "EN", "subject": "Congratulations ! You have earn referral benefit on CubeJekShark", "body": "[' ', <div><b>Hello #USER_NAME#,</b><br/><br/></div>, <div>You have earn referral amount because your friend #TRIP_USER_NAME# has completed his/her first trip on #COMPANY_NAME# .Below are the details.<br/><br/><b>Referral Amount:</b> #AMOUNT#<br/><br/><b>Thanks! #MailFooter#</b><br/></div>]"}, {"language": "TH", "subject": "\u0e02\u0e2d\u0e41\u0e2a\u0e14\u0e07\u0e04\u0e27\u0e32\u0e21\u0e22\u0e34\u0e19\u0e14\u0e35\u0e14\u0e49\u0e27\u0e22! \u0e04\u0e38\u0e13\u0e44\u0e14\u0e49\u0e23\u0e31\u0e1a\u0e1c\u0e25\u0e1b\u0e23\u0e30\u0e42\u0e22\u0e0a\u0e19\u0e4c\u0e01\u0e32\u0e23\u0e2d\u0e49\u0e32\u0e07\u0e2d\u0e34\u0e07\u0e43\u0e19 CubeJekShark", "body": "[' ', <div> <b>\u0e2a\u0e27\u0e31\u0e2a\u0e14\u0e35 #USER_NAME#</b> <br/><br/></div>, <div> \u0e04\u0e38\u0e13\u0e44\u0e14\u0e49\u0e23\u0e31\u0e1a\u0e08\u0e33\u0e19\u0e27\u0e19\u0e1c\u0e39\u0e49\u0e41\u0e19\u0e30\u0e19\u0e33\u0e40\u0e19\u0e37\u0e48\u0e2d\u0e07\u0e08\u0e32\u0e01\u0e40\u0e1e\u0e37\u0e48\u0e2d\u0e19 #TRIP_USER_NAME# \u0e44\u0e14\u0e49\u0e40\u0e14\u0e34\u0e19\u0e17\u0e32\u0e07\u0e04\u0e23\u0e31\u0e49\u0e07\u0e41\u0e23\u0e01\u0e43\u0e19 #COMPANY_NAME# \u0e41\u0e25\u0e49\u0e27\u0e40\u0e2a\u0e23\u0e47\u0e08 <br/><br/> <b>\u0e08\u0e33\u0e19\u0e27\u0e19\u0e1c\u0e39\u0e49\u0e2d\u0e49\u0e32\u0e07\u0e2d\u0e34\u0e07:</b> #AMOUNT# <br/><br/> <b>\u0e02\u0e2d\u0e1a\u0e04\u0e38\u0e13! #MailFooter#</b> <br/></div>]"}, {"language": "ID", "subject": "Selamat! Anda mendapatkan keuntungan referensi di CubeJekShark", "body": "[' ', <div> <b>Halo #USER_NAME# ,</b> <br/><br/></div>, <div> Anda telah mendapatkan jumlah referensi karena teman Anda #TRIP_USER_NAME# telah menyelesaikan perjalanan pertamanya di #COMPANY_NAME# Berikut adalah detailnya. <br/><br/> <b>Jumlah Referensi:</b> #AMOUNT# <br/><br/> <b>Terima kasih! #MailFooter#</b> <br/></div>]"}, {"language": "DE", "subject": "Herzliche Gl\u00fcckw\u00fcnsche ! Sie haben eine Empfehlungsleistung f\u00fcr CubeJekShark", "body": "[' ', <div> <b>Hallo #USER_NAME# ,</b> <br/><br/></div>, <div> Sie haben einen Empfehlungsbetrag verdient, da Ihr Freund #TRIP_USER_NAME# seine erste Reise auf #COMPANY_NAME# abgeschlossen hat. Die Details sind angegeben. <br/><br/> #AMOUNT# <b>:</b> #AMOUNT# <br/><br/> <b>Vielen Dank! #MailFooter#</b> <br/></div>]"}, {"language": "ES", "subject": "Felicidades ! Usted ha ganado beneficio de referencia en CubeJekShark", "body": "[' ', <div> <b>Hola #USER_NAME# ,</b> <br/><br/></div>, <div> Has ganado el monto de la referencia porque tu amigo #TRIP_USER_NAME# ha completado su primer viaje en #COMPANY_NAME# continuaci\u00f3n se muestran los detalles. <br/><br/> <b>Cantidad de referencia:</b> #AMOUNT# <br/><br/> <b>\u00a1Gracias! #MailFooter#</b> <br/></div>]"}, {"language": "IT", "subject": "Congratulazioni! Hai ottenuto un vantaggio di riferimento su CubeJekShark", "body": "[' ', <div> <b>Ciao #USER_NAME# ,</b> <br/><br/></div>, <div> Hai accumulato un importo di riferimento perch\u00e9 il tuo amico #TRIP_USER_NAME# ha completato il suo primo viaggio su #COMPANY_NAME# basso sono riportati i dettagli. <br/><br/> <b>Quantit\u00e0 di referral:</b> #AMOUNT# <br/><br/> <b>Grazie! #MailFooter#</b> <br/></div>]"}, {"language": "AR", "subject": "\u062a\u0647\u0627\u0646\u064a\u0646\u0627 ! \u0644\u0642\u062f \u0631\u0628\u062d\u062a \u0641\u0627\u0626\u062f\u0629 \u0627\u0644\u0625\u062d\u0627\u0644\u0629 \u0639\u0644\u0649 CubeJekShark", "body": "[' ', <div style=\";text-align:right;direction:rtl\"> <b>\u0645\u0631\u062d\u0628\u064b\u0627 #USER_NAME# \u060c</b> <br/><br/></div>, <div style=\";text-align:right;direction:rtl\"> \u0644\u0642\u062f #TRIP_USER_NAME# \u0645\u0628\u0644\u063a \u0627\u0644\u0625\u062d\u0627\u0644\u0629 \u0644\u0623\u0646 \u0635\u062f\u064a\u0642\u0643 #TRIP_USER_NAME# \u0623\u0643\u0645\u0644 \u0631\u062d\u0644\u062a\u0647 / \u0631\u062d\u0644\u062a\u0647\u0627 \u0627\u0644\u0623\u0648\u0644\u0649 \u0639\u0644\u0649 #COMPANY_NAME# . \u0623\u062f\u0646\u0627\u0647 \u0647\u064a \u0627\u0644\u062a\u0641\u0627\u0635\u064a\u0644. <br/><br/> <b>\u0645\u0628\u0644\u063a \u0627\u0644\u0625\u062d\u0627\u0644\u0629:</b> #AMOUNT# <br/><br/> <b>\u0634\u0643\u0631! #MailFooter#</b> <br/></div>]"}, {"language": "UR", "subject": "\u0645\u0628\u0627\u0631\u06a9 \u06c1\u0648! \u0622\u067e CubeJekShark \u067e\u0631 \u0631\u06cc\u0641\u0631\u0644 \u0641\u0648\u0627\u0626\u062f \u062d\u0627\u0635\u0644 \u06a9\u0631 \u0686\u06a9\u06d2 \u06c1\u06cc\u06ba", "body": "[' ', <div style=\";text-align:right;direction:rtl\"> <b>\u06c1\u06cc\u0644\u0648 #USER_NAME# \u060c</b> <br/><br/></div>, <div style=\";text-align:right;direction:rtl\"> \u0622\u067e \u0646\u06d2 \u062d\u0648\u0627\u0644\u06c1 \u06a9\u06cc \u0631\u0642\u0645 \u062d\u0627\u0635\u0644 \u06a9\u06cc \u06c1\u06d2 \u06a9\u06cc\u0648\u0646\u06a9\u06c1 \u0622\u067e \u06a9\u06d2 \u062f\u0648\u0633\u062a #TRIP_USER_NAME# \u0646\u06d2 #COMPANY_NAME# \u067e\u0631 \u0627\u067e\u0646\u06cc \u067e\u06c1\u0644\u06cc \u0633\u0641\u0631 \u0645\u06a9\u0645\u0644 \u06a9\u0631\u062f\u06cc \u06c1\u06d2 #TRIP_USER_NAME# \u062a\u0641\u0635\u06cc\u0644 \u06c1\u06cc\u06ba. <br/><br/> <b>\u0631\u06cc\u0641\u0631\u0644 \u0631\u0642\u0645:</b> #AMOUNT# <br/><br/> <b>\u0634\u06a9\u0631\u06cc\u06c1! #MailFooter#</b> <br/></div>]"}, {"language": "AZ", "subject": "T\u0259brik edirik! CubeJekShark d\u0259 referans fayda CubeJekShark", "body": "[' ', <div> <b>Salam #USER_NAME# ,</b> <br/><br/></div>, <div> Yolda\u015f\u0131n\u0131z #TRIP_USER_NAME# onun ilk s\u0259f\u0259rini #COMPANY_NAME# ba\u015fa #TRIP_USER_NAME# \u00f6tr\u00fc g\u00f6nd\u0259rm\u0259 m\u0259bl\u0259\u011fi #TRIP_USER_NAME# , \u0259trafl\u0131 m\u0259lumatlar. <br/><br/> <b>\u0130stiqam\u0259t miqdar\u0131:</b> #AMOUNT# <br/><br/> <b>T\u0259\u015f\u0259kk\u00fcr edirik! #MailFooter#</b> <br/></div>]"}, {"language": "ZH", "subject": "\u606d\u559c\uff01\u60a8\u5df2\u83b7\u5f97CubeJekShark\u63a8\u8350\u4f18\u60e0", "body": "[' ', <div> <b>\u60a8\u597d#USER_NAME# \uff0c</b> <br/><br/></div>, <div>\u60a8\u5df2\u83b7\u5f97\u63a8\u8350\u91d1\u989d\uff0c\u56e0\u4e3a\u60a8\u7684\u670b\u53cb#TRIP_USER_NAME#\u5df2\u5b8c\u6210\u4ed6/\u5979\u5728\uff03COMPANY_NAME\u4e0a\u7684#COMPANY_NAME#\u4e00\u6b21\u65c5\u884c#COMPANY_NAME# \u3002\u8be6\u60c5\u8bf7\u89c1\u3002 <br/><br/> <b>\u63a8\u8350\u91d1\u989d\uff1a</b> #AMOUNT# <br/><br/> <b>\u8c22\u8c22\uff01 #MailFooter#</b> <br/></div>]"}, {"language": "PT", "subject": "Parab\u00e9ns! Voc\u00ea ganhou um benef\u00edcio de refer\u00eancia no CubeJekShark", "body": "[' ', <div> <b>Ol\u00e1, #USER_NAME# ,</b> <br/><br/></div>, <div> Voc\u00ea ganhou valor de refer\u00eancia porque seu amigo #TRIP_USER_NAME# concluiu sua primeira viagem na #COMPANY_NAME# .Abramos os detalhes. <br/><br/> <b>Quantidade de refer\u00eancia:</b> #AMOUNT# <br/><br/> <b>Obrigado! #MailFooter#</b> <br/></div>]"}, {"language": "ZU", "subject": "Siyakuhalalisela! Uthole inzuzo yokudlulisela ku- CubeJekShark", "body": "[' ', <div> <b>Sawubona #USER_NAME# ,</b> <br/><br/></div>, <div> Uthole imali yokudlulisela ngoba umngani wakho #TRIP_USER_NAME# uqedile uhambo lwakhe lokuqala ku - #COMPANY_NAME# .Ngaphansi kukhona imininingwane. <br/><br/> <b>Inani lokudluliselwa:</b> #AMOUNT# <br/><br/> <b>Siyabonga! #MailFooter#</b> <br/></div>]"}, {"language": "SW", "subject": "Hongera! Umepata faida ya rufaa kwenye CubeJekShark", "body": "[' ', <div> <b>Sawa #USER_NAME# ,</b> <br/><br/></div>, <div> Umepata kiasi cha rufaa kwa sababu rafiki yako #TRIP_USER_NAME# amekamilisha safari yake ya kwanza kwenye #COMPANY_NAME# Chini ni maelezo. <br/><br/> <b>Kiasi cha Rufaa:</b> #AMOUNT# <br/><br/> <b>Asante! #MailFooter#</b> <br/></div>]"}, {"language": "KU", "subject": "P\u00eeroz be! H\u00fbn f\u00eade referandal li CubeJekShark", "body": "[' ', <div style=\";text-align:right;direction:rtl\"> <b>Hello #USER_NAME# ,</b> <br/><br/></div>, <div style=\";text-align:right;direction:rtl\"> H\u00fbn #TRIP_USER_NAME# referandal kir\u00ee ji ber ku hevalbend\u00ea te #TRIP_USER_NAME# serdana xwe ya yekem\u00een ya #COMPANY_NAME# .Ji berfirehtir in. <br/><br/> <b>J\u00eadera Referral:</b> #AMOUNT# <br/><br/> <b>Spas! #MailFooter#</b> <br/></div>]"}, {"language": "MS", "subject": "Tahniah! Anda mendapat manfaat rujukan pada CubeJekShark", "body": "[' ', <div> <b>Halo #USER_NAME# ,</b> <br/><br/></div>, <div> Anda telah mendapat jumlah rujukan kerana rakan anda #TRIP_USER_NAME# telah menyelesaikan perjalanan pertamanya di #COMPANY_NAME# . <br/><br/> <b>Amaun Rujukan:</b> #AMOUNT# <br/><br/> <b>Terima kasih! #MailFooter#</b> <br/></div>]"}, {"language": "SI", "subject": "\u0dc3\u0dd4\u0db6\u0db4\u0dd0\u0dad\u0dd4\u0db8\u0dca! \u0d94\u0db6 \u0dc0\u0dd2\u0dc3\u0dd2\u0db1\u0dca CubeJekShark \u0db8\u0dad \u0dba\u0ddc\u0db8\u0dd4 \u0d9a\u0dd2\u0dbb\u0dd3\u0db8\u0dda \u0db4\u0dca\u0dbb\u0dad\u0dd2\u0dbd\u0dcf\u0db7 \u0d8b\u0db4\u0dba\u0dcf \u0d87\u0dad", "body": "[' ', <div> <b>\u0d86\u0dba\u0dd4\u0db6\u0ddd\u0dc0\u0db1\u0dca #USER_NAME# ,</b> <br/><br/></div>, <div> \u0d94\u0db6\u0dda \u0db8\u0dd2\u0dad\u0dd4\u0dbb\u0dcf \u0db1\u0dd2\u0dc3\u0dcf \u0d94\u0db6 \u0dba\u0ddc\u0db8\u0dd4 \u0db8\u0dd4\u0daf\u0dbd \u0dc4\u0db8\u0dca\u0db6 \u0d9a\u0dbb #TRIP_USER_NAME# \u0db8\u0dad \u0d94\u0dc4\u0dd4\u0d9c\u0dda / \u0d87\u0dba\u0d9c\u0dda \u0db4\u0dca\u0dbb\u0dae\u0db8 \u0dc3\u0d82\u0da0\u0dcf\u0dbb\u0dba \u0d85\u0dc0\u0dc3\u0db1\u0dca \u0d9a\u0dbb #COMPANY_NAME# .Below \u0dc0\u0dd2\u0dc3\u0dca\u0dad\u0dbb \u0dc0\u0dda. <br/><br/> <b>\u0dba\u0ddc\u0db8\u0dd4 \u0db8\u0dd4\u0daf\u0dbd:</b> #AMOUNT# <br/><br/> <b>\u0dc3\u0dca\u0dad\u0dd6\u0dad\u0dd2\u0dba\u0dd2! #MailFooter#</b> <br/></div>]"}, {"language": "TA", "subject": "\u0bb5\u0bbe\u0bb4\u0bcd\u0ba4\u0bcd\u0ba4\u0bc1\u0b95\u0bb3\u0bcd! \u0ba8\u0bc0\u0b99\u0bcd\u0b95\u0bb3\u0bcd CubeJekShark \u0baa\u0bb0\u0bbf\u0ba8\u0bcd\u0ba4\u0bc1\u0bb0\u0bc8\u0baa\u0bcd \u0baa\u0baf\u0ba9\u0bcd \u0b85\u0b9f\u0bc8\u0ba8\u0bcd\u0ba4\u0bbf\u0bb0\u0bc1\u0b95\u0bcd\u0b95\u0bbf\u0bb1\u0bc0\u0bb0\u0bcd\u0b95\u0bb3\u0bcd", "body": "[' ', <div> <b>\u0bb5\u0ba3\u0b95\u0bcd\u0b95\u0bae\u0bcd #USER_NAME# ,</b> <br/><br/></div>, <div> \u0b89\u0b99\u0bcd\u0b95\u0bb3\u0bcd \u0ba8\u0ba3\u0bcd\u0baa\u0bb0\u0bcd #TRIP_USER_NAME# #COMPANY_NAME# \u0b87\u0bb2\u0bcd \u0ba4\u0ba9\u0ba4\u0bc1 \u0bae\u0bc1\u0ba4\u0bb2\u0bcd \u0baa\u0baf\u0ba3\u0ba4\u0bcd\u0ba4\u0bc8 #COMPANY_NAME# #TRIP_USER_NAME# \u0ba8\u0bc0\u0b99\u0bcd\u0b95\u0bb3\u0bcd \u0b95\u0bc1\u0bb1\u0bbf\u0baa\u0bcd\u0baa\u0bc1 \u0b85\u0bb3\u0bb5\u0bc1 \u0b9a\u0bae\u0bcd\u0baa\u0bbe\u0ba4\u0bbf\u0ba4\u0bcd\u0ba4\u0bc1\u0bb3\u0bcd\u0bb3\u0bc0\u0bb0\u0bcd\u0b95\u0bb3\u0bcd. \u0bb5\u0bbf\u0bb5\u0bb0\u0b99\u0bcd\u0b95\u0bb3\u0bcd \u0b95\u0bc0\u0bb4\u0bc7 \u0b89\u0bb3\u0bcd\u0bb3\u0ba9. <br/><br/> <b>\u0baa\u0bb0\u0bbf\u0ba8\u0bcd\u0ba4\u0bc1\u0bb0\u0bc8 \u0ba4\u0bca\u0b95\u0bc8:</b> #AMOUNT# <br/><br/> <b>\u0ba8\u0ba9\u0bcd\u0bb1\u0bbf! #MailFooter#</b> <br/></div>]"}, {"language": "VI", "subject": "Xin ch\u00fac m\u1eebng ! B\u1ea1n \u0111\u00e3 ki\u1ebfm \u0111\u01b0\u1ee3c l\u1ee3i \u00edch gi\u1edbi thi\u1ec7u tr\u00ean CubeJekShark", "body": "[' ', <div> <b>Xin ch\u00e0o #USER_NAME# ,</b> <br/><br/></div>, <div> B\u1ea1n \u0111\u00e3 ki\u1ebfm \u0111\u01b0\u1ee3c s\u1ed1 ti\u1ec1n gi\u1edbi thi\u1ec7u v\u00ec b\u1ea1n c\u1ee7a b\u1ea1n #TRIP_USER_NAME# \u0111\u00e3 ho\u00e0n th\u00e0nh chuy\u1ebfn \u0111i \u0111\u1ea7u ti\u00ean c\u1ee7a anh \u1ea5y / c\u00f4 \u1ea5y tr\u00ean #COMPANY_NAME# . <br/><br/> <b>S\u1ed1 ti\u1ec1n gi\u1edbi thi\u1ec7u:</b> #AMOUNT# <br/><br/> <b>C\u1ea3m \u01a1n! #MailFooter#</b> <br/></div>]"}, {"language": "TL", "subject": "Binabati kita! Nakakuha ka ng referral na benepisyo sa CubeJekShark", "body": "[' ', <div> <b>Hello #USER_NAME# ,</b> <br/><br/></div>, <div> #TRIP_USER_NAME# halaga ng referral dahil ang iyong kaibigan #TRIP_USER_NAME# ay nakumpleto ang kanyang unang biyahe sa #COMPANY_NAME# ibaba ay ang mga detalye. <br/><br/> <b>Halaga ng Referral:</b> #AMOUNT# <br/><br/> <b>Salamat! #MailFooter#</b> <br/></div>]"}, {"language": "KM", "subject": "\u17a2\u1794\u17a2\u179a\u179f\u17b6\u1791\u179a! \u17a2\u17d2\u1793\u1780\u1791\u1791\u17bd\u179b\u1794\u17b6\u1793\u17a2\u178f\u17d2\u1790\u1794\u17d2\u179a\u1799\u17c4\u1787\u1793\u17cd\u1794\u1789\u17d2\u1787\u17bc\u1793\u1793\u17c5\u179b\u17be CubeJekShark", "body": "[' ', <div> <b>\u1787\u17c6\u179a\u17b6\u1794\u179f\u17bd\u179a #USER_NAME# ,</b> <br/><br/></div>, <div> \u17a2\u17d2\u1793\u1780\u1798\u17b6\u1793\u1785\u17c6\u1793\u17bd\u1793\u1791\u17b9\u1780\u1794\u17d2\u179a\u17b6\u1780\u17cb\u1795\u17d2\u1791\u17c1\u179a\u1794\u17d2\u179a\u17b6\u1780\u17cb\u1796\u17b8\u1796\u17d2\u179a\u17c4\u17c7\u1798\u17b7\u178f\u17d2\u178f\u1797\u1780\u17d2\u178f\u17b7 #TRIP_USER_NAME# \u1794\u17b6\u1793\u1794\u1789\u17d2\u1785\u1794\u17cb\u1780\u17b6\u179a\u1792\u17d2\u179c\u17be\u178a\u17c6\u178e\u17be\u179a\u179b\u17be\u1780\u178a\u17c6\u1794\u17bc\u1784\u179a\u1794\u179f\u17cb\u1781\u17d2\u179b\u17bd\u1793\u179b\u17be #COMPANY_NAME# \u17d4 <br/><br/> <b>\u1785\u17c6\u1793\u17bd\u1793\u1794\u1789\u17d2\u1787\u17bc\u1793\u1799\u17c4\u1784:</b> #AMOUNT# <br/><br/> <b>\u179f\u17bc\u1798\u17a2\u179a\u1782\u17bb\u178e! #MailFooter#</b> <br/></div>]"}, {"language": "BN", "subject": "\u0985\u09ad\u09bf\u09a8\u09a8\u09cd\u09a6\u09a8! \u0986\u09aa\u09a8\u09bf CubeJekShark \u09b0\u09c7\u09ab\u09be\u09b0\u09c7\u09b2 \u09ac\u09c7\u09a8\u09bf\u09ab\u09bf\u099f \u0989\u09aa\u09be\u09b0\u09cd\u099c\u09a8 \u0995\u09b0\u09c7\u099b\u09c7\u09a8", "body": "[' ', <div> <b>\u09b9\u09cd\u09af\u09be\u09b2\u09cb #USER_NAME# ,</b> <br/><br/></div>, <div> \u0986\u09aa\u09a8\u09bf \u09b0\u09c7\u09ab\u09be\u09b0\u09be\u09b2 \u09aa\u09b0\u09bf\u09ae\u09be\u09a3 \u0989\u09aa\u09be\u09b0\u09cd\u099c\u09a8 \u0995\u09b0\u09c7\u099b\u09c7\u09a8 \u0995\u09be\u09b0\u09a3 \u0986\u09aa\u09a8\u09be\u09b0 \u09ac\u09a8\u09cd\u09a7\u09c1 #TRIP_USER_NAME# \u09a4\u09be\u09b0 #COMPANY_NAME# \u09a4\u09be\u09b0 \u09aa\u09cd\u09b0\u09a5\u09ae \u099f\u09cd\u09b0\u09bf\u09aa \u09b8\u09ae\u09cd\u09aa\u09a8\u09cd\u09a8 \u0995\u09b0\u09c7\u099b\u09c7\u0964 \u09a8\u09c0\u099a\u09c7 \u09ac\u09bf\u09b8\u09cd\u09a4\u09be\u09b0\u09bf\u09a4 \u09b0\u09af\u09bc\u09c7\u099b\u09c7\u0964 <br/><br/> <b>\u09b0\u09c7\u09ab\u09be\u09b0\u09be\u09b2 \u09aa\u09b0\u09bf\u09ae\u09be\u09a3:</b> #AMOUNT# <br/><br/> <b>\u09a7\u09a8\u09cd\u09af\u09ac\u09be\u09a6! #MailFooter#</b> <br/></div>]"}, {"language": "JA", "subject": "\u304a\u3081\u3067\u3068\u3046\u3054\u3056\u3044\u307e\u3059\u3002\u3042\u306a\u305f\u306fCubeJekShark\u7d39\u4ecb\u306e\u6069\u6075\u3092\u53d7\u3051\u3066\u3044\u307e\u3059", "body": "[' ', <div> <b>#USER_NAME# \u3001\u3053\u3093\u306b\u3061\u306f</b> <br/><br/></div>, <div>\u3042\u306a\u305f\u306e\u53cb\u4eba\u306e\u305f\u3081\u306b\u3042\u306a\u305f\u306f\u3001\u7d39\u4ecb\u91cf\u3092\u7372\u5f97\u3057\u3066\u3044\u308b#TRIP_USER_NAME#\u4e0a\u306e\u5f7c/\u5f7c\u5973\u306e\u6700\u521d\u306e\u65c5\u884c\u306b\u5b8c\u4e86\u3057\u305f#COMPANY_NAME# .Below\u3092\u8a73\u7d30\u3067\u3059\u3002 <br/><br/> <b>\u7d39\u4ecb\u984d\uff1a</b> #AMOUNT# <br/><br/> <b>\u3042\u308a\u304c\u3068\u3046\u3054\u3056\u3044\u307e\u3059\u3002 #MailFooter#</b> <br/></div>]"}, {"language": "KO", "subject": "\ucd95\ud558\ud574! CubeJekShark \ucd94\ucc9c \ud61c\ud0dd\uc744 \uc5bb\uc5c8\uc2b5\ub2c8\ub2e4.", "body": "[' ', <div> <b>\uc548\ub155\ud558\uc138\uc694. #USER_NAME# ,</b> <br/><br/></div>, <div> \uce5c\uad6c #TRIP_USER_NAME# \uc774 (\uac00) #COMPANY_NAME# \uc5d0\uc11c \uccab \ubc88\uc9f8 \uc5ec\ud589\uc744 \uc644\ub8cc \ud588\uc73c\ubbc0\ub85c \ucd94\ucc9c \uae08\uc561\uc744 \ubc1b\uc73c \uc168\uc2b5\ub2c8\ub2e4. \uc138\ubd80 \uc815\ubcf4 \uc544\ub798\uc5d0 \uc788\uc2b5\ub2c8\ub2e4. <br/><br/> <b>\ucd94\ucc9c \uae08\uc561 :</b> #AMOUNT# <br/><br/> <b>\uac10\uc0ac! #MailFooter#</b> <br/></div>]"}, {"language": "YO", "subject": "Oriire! O ti \u1e63a\u1e63e anfani anfani fun CubeJekShark", "body": "[' ', <div> <b>Kaabo #USER_NAME# ,</b> <br/><br/></div>, <div> O ti \u1e63agbe iye iye fun \u1ecdr\u1eb9 r\u1eb9 ti #TRIP_USER_NAME# ti pari at\u1eb9gun ak\u1ecdk\u1ecd r\u1eb9 lori #COMPANY_NAME# .L\u1eb9hin ni aw\u1ecdn alaye. <br/><br/> <b>Ifihan Ipoye:</b> #AMOUNT# <br/><br/> <b>O \u1e63eun! #MailFooter#</b> <br/></div>]"}, {"language": "TR", "subject": "Tebrikler! CubeJekShark tavsiye paras\u0131 kazand\u0131n\u0131z", "body": "[' ', <div> <b>Merhaba #USER_NAME# ,</b> <br/><br/></div>, <div> #TRIP_USER_NAME# arkada\u015f\u0131n\u0131z #COMPANY_NAME# \u00fczerindeki ilk seyahatini tamamlad\u0131\u011f\u0131ndan, tavsiye miktar\u0131n\u0131 kazand\u0131n\u0131z. <br/><br/> <b>Tavsiye Miktar\u0131:</b> #AMOUNT# <br/><br/> <b>Te\u015fekk\u00fcrler! #MailFooter#</b> <br/></div>]"}, {"language": "RU", "subject": "\u041f\u043e\u0437\u0434\u0440\u0430\u0432\u043b\u044f\u044e! \u0412\u044b \u043f\u043e\u043b\u0443\u0447\u0430\u0435\u0442\u0435 \u0440\u0435\u0444\u0435\u0440\u0430\u043b\u044c\u043d\u043e\u0435 \u043f\u0440\u0435\u0438\u043c\u0443\u0449\u0435\u0441\u0442\u0432\u043e \u043d\u0430 CubeJekShark", "body": "[' ', <div> <b>\u0417\u0434\u0440\u0430\u0432\u0441\u0442\u0432\u0443\u0439\u0442\u0435, #USER_NAME#</b> <br/><br/></div>, <div> \u0412\u044b \u043f\u043e\u043b\u0443\u0447\u0438\u043b\u0438 \u0440\u0435\u0444\u0435\u0440\u0430\u043b\u044c\u043d\u0443\u044e \u0441\u0443\u043c\u043c\u0443, \u043f\u043e\u0442\u043e\u043c\u0443 \u0447\u0442\u043e \u0432\u0430\u0448 \u0434\u0440\u0443\u0433 #TRIP_USER_NAME# \u0437\u0430\u0432\u0435\u0440\u0448\u0438\u043b \u0441\u0432\u043e\u044e \u043f\u0435\u0440\u0432\u0443\u044e \u043f\u043e\u0435\u0437\u0434\u043a\u0443 \u043d\u0430 #COMPANY_NAME# \u041d\u0438\u0436\u0435 \u043f\u0440\u0438\u0432\u043e\u0434\u044f\u0442\u0441\u044f \u043f\u043e\u0434\u0440\u043e\u0431\u043d\u043e\u0441\u0442\u0438. <br/><br/> <b>\u0421\u0443\u043c\u043c\u0430 \u0440\u0435\u0444\u0435\u0440\u0430\u043b\u0430:</b> #AMOUNT# <br/><br/> <b>\u0421\u043f\u0430\u0441\u0438\u0431\u043e! #MailFooter#</b> <br/></div>]"}, {"language": "FA", "subject": "\u062a\u0628\u0631\u06cc\u06a9 \u0645\u06cc \u06af\u0648\u06cc\u0645 ! \u0634\u0645\u0627 \u0645\u0632\u06cc\u062a \u0627\u0631\u062c\u0627\u0639 \u0631\u0627 \u062f\u0631 CubeJekShark \u06a9\u0633\u0628 \u06a9\u0631\u062f\u0647 \u0627\u06cc\u062f", "body": "[' ', <div style=\";text-align:right;direction:rtl\"> <b>\u0633\u0644\u0627\u0645 #USER_NAME#</b> <br/><br/></div>, <div style=\";text-align:right;direction:rtl\"> \u0634\u0645\u0627 \u0645\u0628\u0644\u063a \u0627\u0631\u062c\u0627\u0639 \u0631\u0627 \u0628\u0647 \u062f\u0633\u062a \u0622\u0648\u0631\u062f\u0647 \u0627\u06cc\u062f \u0632\u06cc\u0631\u0627 \u062f\u0648\u0633\u062a \u0634\u0645\u0627 #TRIP_USER_NAME# \u0627\u0648\u0644\u06cc\u0646 \u0633\u0641\u0631 \u062e\u0648\u062f \u0631\u0627 \u062f\u0631 #COMPANY_NAME# . \u062f\u0631 \u0627\u06cc\u0646\u062c\u0627 \u062c\u0632\u0626\u06cc\u0627\u062a \u0627\u0633\u062a. <br/><br/> <b>\u0645\u0642\u062f\u0627\u0631 \u0627\u0631\u062c\u0627\u0639:</b> #AMOUNT# <br/><br/> <b>\u0628\u0627 \u062a\u0634\u06a9\u0631! #MailFooter#</b> <br/></div>]"}, {"language": "MY", "subject": "\u1002\u102f\u100f\u103a\u101a\u1030\u1015\u102b\u1010\u101a\u103a! \u101e\u1004\u103a\u1010\u102d\u102f\u1037\u1021\u1015\u1031\u102b\u103a\u1019\u103e\u102c\u101c\u103d\u103e\u1032\u1015\u103c\u1031\u102c\u1004\u103a\u1038\u1021\u1000\u103b\u102d\u102f\u1038\u1021\u1010\u103d\u1000\u103a\u101d\u1004\u103a\u1004\u103d\u1031\u101b\u103e\u102d\u101e\u100a\u103a\u101f\u102f CubeJekShark", "body": "[' ', <div> <b>\u1019\u1004\u103a\u1039\u1002\u101c\u102c\u1015\u102b #USER_NAME# ,</b> <br/><br/></div>, <div> \u101e\u1004\u103a\u104f\u1021\u1006\u103d\u1031\u1001\u1004\u103a\u1015\u103d\u1014\u103a\u1038\u101b\u103e\u102d\u101e\u1031\u102c\u1000\u103c\u1031\u102c\u1004\u1037\u103a\u101e\u1004\u103a\u1010\u102d\u102f\u1037\u1000\u102d\u102f\u101c\u103d\u103e\u1032\u1015\u103c\u1031\u102c\u1004\u103a\u1038\u1004\u103d\u1031\u1015\u1019\u102c\u100f\u101d\u1004\u103a\u1004\u103d\u1031\u101b\u103e\u102d\u101e\u100a\u103a\u101f\u102f #TRIP_USER_NAME# \u1021\u1015\u1031\u102b\u103a\u101e\u1030 / \u101e\u1030\u1019\u104f\u1015\u1011\u1019\u1006\u102f\u1036\u1038\u1001\u101b\u102e\u1038\u1005\u1009\u103a\u1021\u1015\u103c\u102e\u1038\u101e\u1010\u103a\u1011\u102c\u1038\u1015\u102b\u1010\u101a\u103a #COMPANY_NAME# .Below \u1021\u101e\u1031\u1038\u1005\u102d\u1010\u103a\u1016\u103c\u1005\u103a\u1000\u103c\u101e\u100a\u103a\u104b <br/><br/> <b>\u101c\u103d\u103e\u1032\u1015\u103c\u1031\u102c\u1004\u103a\u1038\u1004\u103d\u1031\u1015\u1019\u102c\u100f:</b> #AMOUNT# <br/><br/> <b>\u1000\u103b\u1031\u1038\u1007\u1030\u1038\u1010\u1004\u103a\u1015\u102b\u1010\u101a\u103a! #MailFooter#</b> <br/></div>]"}, {"language": "HI", "subject": "\u092c\u0927\u093e\u0908 \u0939\u094b ! \u0906\u092a\u0928\u0947 CubeJekShark \u092a\u0930 \u0930\u0947\u092b\u0930\u0932 \u0932\u093e\u092d \u0905\u0930\u094d\u091c\u093f\u0924 \u0915\u093f\u092f\u093e \u0939\u0948", "body": "[' ', <div> <b>\u0928\u092e\u0938\u094d\u0915\u093e\u0930 #USER_NAME# ,</b> <br/><br/></div>, <div> \u0915\u094d\u092f\u094b\u0902\u0915\u093f \u0905\u092a\u0928\u0947 \u0926\u094b\u0938\u094d\u0924 \u0906\u092a \u0930\u0947\u092b\u0930\u0932 \u0930\u093e\u0936\u093f \u0905\u0930\u094d\u091c\u093f\u0924 \u0915\u0940 \u0939\u0948 #TRIP_USER_NAME# \u092a\u0930 \u0909\u0938\u0915\u0940 / \u0909\u0938\u0915\u0947 \u092a\u0939\u0932\u0940 \u092f\u093e\u0924\u094d\u0930\u093e \u092a\u0942\u0930\u093e \u0915\u0930 \u0932\u093f\u092f\u093e \u0939\u0948 #COMPANY_NAME# .Below \u0935\u093f\u0935\u0930\u0923 \u0926\u093f\u090f \u0917\u090f \u0939\u0948\u0902\u0964 <br/><br/> <b>\u0930\u0947\u092b\u0930\u0932 \u0930\u093e\u0936\u093f:</b> #AMOUNT# <br/><br/> <b>\u0927\u0928\u094d\u092f\u0935\u093e\u0926! #MailFooter#</b> <br/></div>]"}, {"language": "IW", "subject": "\u05de\u05d6\u05dc \u05d8\u05d5\u05d1 ! \u05d9\u05e9 \u05dc\u05da \u05dc\u05d4\u05e8\u05d5\u05d5\u05d9\u05d7 \u05ea\u05d5\u05e2\u05dc\u05ea \u05d4\u05e4\u05e0\u05d9\u05d4 \u05e2\u05dc CubeJekShark", "body": "[' ', <div style=\";text-align:right;direction:rtl\"> <b>\u05e9\u05dc\u05d5\u05dd #USER_NAME# ,</b> <br/><br/></div>, <div style=\";text-align:right;direction:rtl\"> #TRIP_USER_NAME# \u05e1\u05db\u05d5\u05dd \u05d4\u05e4\u05e0\u05d9\u05d4 \u05db\u05d9 \u05d4\u05d7\u05d1\u05e8 \u05e9\u05dc\u05da #TRIP_USER_NAME# \u05d4\u05e9\u05dc\u05d9\u05dd \u05d0\u05ea \u05d4\u05d8\u05d9\u05d5\u05dc \u05d4\u05e8\u05d0\u05e9\u05d5\u05df \u05e9\u05dc\u05d5 \u05d1- #COMPANY_NAME# \u05dc\u05d4\u05dc\u05df \u05d4\u05e4\u05e8\u05d8\u05d9\u05dd. <br/><br/> <b>\u05e1\u05db\u05d5\u05dd \u05d4\u05e4\u05e0\u05d9\u05d4:</b> #AMOUNT# <br/><br/> <b>\u05ea\u05d5\u05d3\u05d4! #MailFooter#</b> <br/></div>]"}, {"language": "FR", "subject": "Toutes nos f\u00e9licitations ! Vous avez gagn\u00e9 un avantage de r\u00e9f\u00e9rence sur CubeJekShark", "body": "[' ', <div> <b>Bonjour #USER_NAME# ,</b> <br/><br/></div>, <div> Vous avez gagn\u00e9 un montant de parrainage parce que votre ami #TRIP_USER_NAME# a termin\u00e9 son premier voyage le #COMPANY_NAME# .Vous trouverez ci-dessous les d\u00e9tails. <br/><br/> <b>Montant de la recommandation:</b> #AMOUNT# <br/><br/> <b>Merci! #MailFooter#</b> <br/></div>]"}, {"language": "DA", "subject": "Tillykke ! Du har optjeningsbidrag p\u00e5 CubeJekShark", "body": "[' ', <div> <b>Hej #USER_NAME# ,</b> <br/><br/></div>, <div> Du har optjeningsbel\u00f8b, fordi din ven #TRIP_USER_NAME# har gennemf\u00f8rt sin f\u00f8rste tur p\u00e5 #COMPANY_NAME# .Luk er detaljerne. <br/><br/> <b>Henvisningsm\u00e6ngde:</b> #AMOUNT# <br/><br/> <b>Tak! #MailFooter#</b> <br/></div>]"}]}