{"purpose": "notify the organization when a new user registration", "templates": [{"language": "AF", "subject": "Gebruikersregistrasie organisasie profiel.", "body": "[' ', <div> <b>Hallo #ORGANIZATION_NAME# ,</b> <br/><br/></div>, <div> 'N Gebruiker het jou oranisasie in sy / haar profiel geregistreer. Hieronder is die besonderhede. <br/><br/> <b>Gebruikersnaam #:</b> # USER_NAME # <b><br/><br/> Gebruiker E-pos #:</b> # USER_EMAIL # <br/><br/> <b>Gebruikersfoon:</b> #USER_PHONE# <br/><br/> <b>Dankie! #USER_PHONE#</b> </div>]"}, {"language": "EN", "subject": "User registration organization profile.", "body": "[' ', <div><b>Hello #ORGANIZATION_NAME#,</b><br/><br/></div>, <div>A user has registered your oranization in his/her profile. Below are the details.<br/><br/><b>User Name#:</b> #USER_NAME#<b><br/><br/>User Email#:</b> #USER_EMAIL#<br/><br/><b>User Phone:</b> #USER_PHONE#<br/><br/><b>Thanks! #MailFooter#</b></div>]"}, {"language": "TH", "subject": "\u0e42\u0e1b\u0e23\u0e44\u0e1f\u0e25\u0e4c\u0e2d\u0e07\u0e04\u0e4c\u0e01\u0e23\u0e01\u0e32\u0e23\u0e25\u0e07\u0e17\u0e30\u0e40\u0e1a\u0e35\u0e22\u0e19\u0e1c\u0e39\u0e49\u0e43\u0e0a\u0e49", "body": "[' ', <div> <b>\u0e2a\u0e27\u0e31\u0e2a\u0e14\u0e35 #ORGANIZATION_NAME#</b> <br/><br/></div>, <div> \u0e1c\u0e39\u0e49\u0e43\u0e0a\u0e49\u0e07\u0e32\u0e19\u0e44\u0e14\u0e49\u0e25\u0e07\u0e17\u0e30\u0e40\u0e1a\u0e35\u0e22\u0e19 oranization \u0e02\u0e2d\u0e07\u0e04\u0e38\u0e13\u0e43\u0e19\u0e42\u0e1b\u0e23\u0e44\u0e1f\u0e25\u0e4c\u0e02\u0e2d\u0e07\u0e40\u0e02\u0e32 / \u0e40\u0e18\u0e2d \u0e14\u0e49\u0e32\u0e19\u0e25\u0e48\u0e32\u0e07\u0e40\u0e1b\u0e47\u0e19\u0e23\u0e32\u0e22\u0e25\u0e30\u0e40\u0e2d\u0e35\u0e22\u0e14 <br/><br/> <b>\u0e0a\u0e37\u0e48\u0e2d\u0e1c\u0e39\u0e49\u0e43\u0e0a\u0e49 #:</b> # USER_NAME # <b><br/><br/> \u0e2d\u0e35\u0e40\u0e21\u0e25\u0e1c\u0e39\u0e49\u0e43\u0e0a\u0e49 #:</b> # USER_EMAIL # <br/><br/> <b>\u0e42\u0e17\u0e23\u0e28\u0e31\u0e1e\u0e17\u0e4c\u0e1c\u0e39\u0e49\u0e43\u0e0a\u0e49:</b> #USER_PHONE# <br/><br/> <b>\u0e02\u0e2d\u0e1a\u0e04\u0e38\u0e13! #USER_PHONE#</b> </div>]"}, {"language": "ID", "subject": "Profil organisasi pendaftaran pengguna.", "body": "[' ', <div> <b>Halo #ORGANIZATION_NAME# ,</b> <br/><br/></div>, <div> Seorang pengguna telah mendaftarkan oranisasi Anda di profilnya. Di bawah ini adalah detailnya. <br/><br/> <b>Nama Pengguna #:</b> # USER_NAME # <b><br/><br/> Email Pengguna #:</b> # USER_EMAIL # <br/><br/> <b>Telepon Pengguna:</b> #USER_PHONE# <br/><br/> <b>Terima kasih! #USER_PHONE#</b> </div>]"}, {"language": "DE", "subject": "Organisationsprofil der Benutzerregistrierung", "body": "[' ', <div> <b>Hallo #ORGANIZATION_NAME# ,</b> <br/><br/></div>, <div> Ein Benutzer hat Ihre Organisation in seinem / ihrem Profil registriert. Unten sind die Details. <br/><br/> <b>Benutzername #:</b> # USER_NAME # <b><br/><br/> E-Mail-</b> Adresse des <b>Benutzers #:</b> # USER_EMAIL # <br/><br/> <b>Benutzertelefon:</b> #USER_PHONE# <br/><br/> <b>Vielen Dank! #USER_PHONE#</b> </div>]"}, {"language": "ES", "subject": "Perfil de la organizaci\u00f3n de registro de usuario.", "body": "[' ', <div> <b>Hola #ORGANIZATION_NAME# ,</b> <br/><br/></div>, <div> Un usuario ha registrado su organizaci\u00f3n en su perfil. A continuaci\u00f3n se presentan los detalles. <br/><br/> <b>Nombre de usuario #:</b> # USER_NAME # <b><br/><br/> Correo electr\u00f3nico del usuario #:</b> # USER_EMAIL # <br/><br/> <b>Tel\u00e9fono del usuario:</b> #USER_PHONE# <br/><br/> <b>\u00a1Gracias! #USER_PHONE#</b> </div>]"}, {"language": "IT", "subject": "Profilo dell'organizzazione di registrazione degli utenti.", "body": "[' ', <div> <b>Salve #ORGANIZATION_NAME# ,</b> <br/><br/></div>, <div> Un utente ha registrato la tua oranizzazione nel suo profilo. Di seguito sono i dettagli. <br/><br/> <b>Nome utente #:</b> # USER_NAME # <b><br/><br/> Email dell'email #:</b> # USER_EMAIL # <br/><br/> <b>Telefono utente:</b> #USER_PHONE# <br/><br/> <b>Grazie! #USER_PHONE#</b> </div>]"}, {"language": "AR", "subject": "\u0645\u0644\u0641 \u062a\u0639\u0631\u064a\u0641 \u0645\u0624\u0633\u0633\u0629 \u062a\u0633\u062c\u064a\u0644 \u0627\u0644\u0645\u0633\u062a\u062e\u062f\u0645.", "body": "[' ', <div style=\";text-align:right;direction:rtl\"> <b>\u0645\u0631\u062d\u0628\u064b\u0627 #ORGANIZATION_NAME# \u060c</b> <br/><br/></div>, <div style=\";text-align:right;direction:rtl\"> \u0633\u062c\u0644 \u0627\u0644\u0645\u0633\u062a\u062e\u062f\u0645 \u0627\u0644\u062e\u0627\u0635 \u0628\u0643 oranization \u0641\u064a \u0645\u0644\u0641 \u0627\u0644\u062a\u0639\u0631\u064a\u0641 \u0627\u0644\u062e\u0627\u0635 \u0628\u0647 / \u0644\u0647\u0627. \u0623\u062f\u0646\u0627\u0647 \u0647\u064a \u0627\u0644\u062a\u0641\u0627\u0635\u064a\u0644. <br/><br/> <b>\u0627\u0633\u0645 \u0627\u0644\u0645\u0633\u062a\u062e\u062f\u0645 #:</b> # USER_NAME # <b><br/><br/> \u0628\u0631\u064a\u062f \u0627\u0644\u0645\u0633\u062a\u062e\u062f\u0645 \u0627\u0644\u0625\u0644\u0643\u062a\u0631\u0648\u0646\u064a #:</b> # USER_EMAIL # <br/><br/> <b>\u0647\u0627\u062a\u0641 \u0627\u0644\u0645\u0633\u062a\u062e\u062f\u0645:</b> #USER_PHONE# <br/><br/> <b>\u0634\u0643\u0631! #USER_PHONE#</b> </div>]"}, {"language": "UR", "subject": "\u0635\u0627\u0631\u0641 \u06a9\u0627 \u0631\u062c\u0633\u0679\u0631\u06cc\u0634\u0646 \u062a\u0646\u0638\u06cc\u0645 \u067e\u0631\u0648\u0641\u0627\u0626\u0644.", "body": "[' ', <div style=\";text-align:right;direction:rtl\"> <b>\u06c1\u06cc\u0644\u0648 #ORGANIZATION_NAME# \u060c</b> <br/><br/></div>, <div style=\";text-align:right;direction:rtl\"> \u0627\u06cc\u06a9 \u0635\u0627\u0631\u0641 \u0646\u06d2 \u0622\u067e \u06a9\u06cc \u0646\u062c\u06cc \u0645\u0639\u0644\u0648\u0645\u0627\u062a \u06a9\u0648 \u0627\u067e\u0646\u06cc \u067e\u0631\u0648\u0641\u0627\u0626\u0644 \u0645\u06cc\u06ba \u0631\u062c\u0633\u0679\u0631 \u06a9\u06cc\u0627 \u06c1\u06d2. \u0630\u06cc\u0644 \u0645\u06cc\u06ba \u062a\u0641\u0635\u06cc\u0644\u0627\u062a \u06c1\u06cc\u06ba. <br/><br/> <b>\u0635\u0627\u0631\u0641 \u06a9\u0627 \u0646\u0627\u0645 #:</b> # USER_NAME # <b><br/><br/> \u0635\u0627\u0631\u0641 \u0627\u06cc \u0645\u06cc\u0644 #:</b> # USER_EMAIL # <br/><br/> <b>\u0635\u0627\u0631\u0641 \u06a9\u0627 \u0641\u0648\u0646:</b> #USER_PHONE# <br/><br/> <b>\u0634\u06a9\u0631\u06cc\u06c1! #USER_PHONE#</b> </div>]"}, {"language": "AZ", "subject": "\u0130stifad\u0259\u00e7i qeydiyyat t\u0259\u015fkilat\u0131 profili.", "body": "[' ', <div> <b>Salam #ORGANIZATION_NAME# ,</b> <br/><br/></div>, <div> Bir istifad\u0259\u00e7i \u00f6z profilinizd\u0259 oranizasyonunuzu qeyd\u0259 ald\u0131. A\u015fa\u011f\u0131dak\u0131 m\u0259lumatlar. <br/><br/> <b>\u0130stifad\u0259\u00e7i ad\u0131 #:</b> # USER_NAME # <b><br/><br/> \u0130stifad\u0259\u00e7i E-mail #:</b> # USER_EMAIL # <br/><br/> <b>\u0130stifad\u0259\u00e7i Telefonu:</b> #USER_PHONE# <br/><br/> <b>T\u0259\u015f\u0259kk\u00fcr edirik! #USER_PHONE#</b> </div>]"}, {"language": "ZH", "subject": "\u7528\u6237\u6ce8\u518c\u7ec4\u7ec7\u7b80\u4ecb\u3002", "body": "[' ', <div> <b>\u60a8\u597d#ORGANIZATION_NAME# \uff0c</b> <br/><br/></div>, <div>\u7528\u6237\u5df2\u5728\u5176\u4e2a\u4eba\u8d44\u6599\u4e2d\u6ce8\u518c\u4e86\u60a8\u7684oranization\u3002\u4ee5\u4e0b\u662f\u8be6\u7ec6\u4fe1\u606f\u3002 <br/><br/> <b>\u7528\u6237\u540d#:</b> \uff03USER_NAME\uff03 <b><br/><br/>\u7528\u6237\u7535\u5b50\u90ae\u4ef6#:</b> \uff03USER_EMAIL\uff03 <br/><br/> <b>\u7528\u6237\u7535\u8bdd\uff1a</b> #USER_PHONE# <br/><br/> <b>\u8c22\u8c22\uff01 #USER_PHONE#</b> </div>]"}, {"language": "PT", "subject": "Perfil da organiza\u00e7\u00e3o do registro do usu\u00e1rio.", "body": "[' ', <div> <b>Ol\u00e1 #ORGANIZATION_NAME# ,</b> <br/><br/></div>, <div> Um usu\u00e1rio registrou sua oraniza\u00e7\u00e3o em seu perfil. Abaixo est\u00e3o os detalhes. <br/><br/> <b>Nome de usu\u00e1rio #:</b> # USER_NAME # <b><br/><br/> E-mail do usu\u00e1rio #:</b> # USER_EMAIL # <br/><br/> <b>Telefone do usu\u00e1rio:</b> #USER_PHONE# <br/><br/> <b>Obrigado! #USER_PHONE#</b> </div>]"}, {"language": "ZU", "subject": "Iphrofayela yenhlangano yokubhalisa yomsebenzisi.", "body": "[' ', <div> <b>Sawubona #ORGANIZATION_NAME# ,</b> <br/><br/></div>, <div> Umsebenzisi ubhalisile i-oranization yakho kuphrofayela yakhe. Ngezansi kukhona imininingwane. <br/><br/> <b>Igama lomsebenzisi #:</b> # USER_NAME # <b><br/><br/> I-imeyili yomsebenzisi #:</b> # USER_EMAIL # <br/><br/> <b>Ifoni yomsebenzisi:</b> #USER_PHONE# <br/><br/> <b>Siyabonga! #USER_PHONE#</b> </div>]"}, {"language": "SW", "subject": "Programu ya usajili wa mtumiaji.", "body": "[' ', <div> <b>Sawa #ORGANIZATION_NAME# ,</b> <br/><br/></div>, <div> Mtumiaji amesajili usaidizi wako katika wasifu wake. Chini ni maelezo. <br/><br/> <b>Jina la mtumiaji #:</b> # USER_NAME # <b><br/><br/> Mtumiaji wa barua pepe #:</b> # # USER_EMAIL # <br/><br/> <b>Simu ya mtumiaji:</b> #USER_PHONE# <br/><br/> <b>Asante! #USER_PHONE#</b> </div>]"}, {"language": "KU", "subject": "Prof\u00eel\u00ea kovara bikarh\u00eaner\u00ea.", "body": "[' ', <div style=\";text-align:right;direction:rtl\"> <b>Hello #ORGANIZATION_NAME# ,</b> <br/><br/></div>, <div style=\";text-align:right;direction:rtl\"> Bikaran\u00eena bikarh\u00eaner a bikarh\u00eaner\u00ea xwe ya teze kirin. Li j\u00ear agahdar\u00ee hene. <br/><br/> <b>Nav\u00ea bikarh\u00eaner #:</b> # USER_NAME # <b><br/><br/> Bikarh\u00eaner #:</b> # USER_EMAIL # <br/><br/> <b>Telefon\u00ea Bikarh\u00eaner:</b> #USER_PHONE# <br/><br/> <b>Spas! #USER_PHONE#</b> </div>]"}, {"language": "MS", "subject": "Profil organisasi pendaftaran pengguna.", "body": "[' ', <div> <b>Halo #ORGANIZATION_NAME#</b> <br/><br/></div>, <div> Seorang pengguna telah mendaftarkan oranisasi anda dalam profilnya. Berikut adalah butirannya. <br/><br/> <b>Nama Pengguna #:</b> # USER_NAME # <b><br/><br/> E-mel Pengguna #:</b> # USER_EMAIL # <br/><br/> <b>Telefon Pengguna:</b> #USER_PHONE# <br/><br/> <b>Terima kasih! #USER_PHONE#</b> </div>]"}, {"language": "SI", "subject": "\u0db4\u0dbb\u0dd2\u0dc1\u0dd3\u0dbd\u0d9a \u0dbd\u0dd2\u0dba\u0dcf\u0db4\u0daf\u0dd2\u0d82\u0da0\u0dd2 \u0dc3\u0d82\u0dc0\u0dd2\u0db0\u0dcf\u0db1\u0dba\u0dda \u0db4\u0dd0\u0dad\u0dd2\u0d9a\u0da9.", "body": "[' ', <div> <b>\u0d86\u0dba\u0dd4\u0db6\u0ddd\u0dc0\u0db1\u0dca #ORGANIZATION_NAME#</b> <br/><br/></div>, <div> \u0db4\u0dbb\u0dd2\u0dc1\u0dd3\u0dbd\u0d9a \u0dc3\u0dd2\u0dba / \u0d87\u0dba\u0d9c\u0dda \u0db4\u0dd0\u0dad\u0dd2\u0d9a\u0da9\u0dd9\u0dc4\u0dd2 \u0d94\u0db6\u0dda \u0d95\u0da9\u0dbb\u0dda\u0dc2\u0db1\u0dba \u0dbd\u0dd2\u0dba\u0dcf\u0db4\u0daf\u0dd2\u0d82\u0da0\u0dd2 \u0d9a\u0dbb \u0d87\u0dad. \u0dc0\u0dd2\u0dc3\u0dca\u0dad\u0dbb \u0db4\u0dc4\u0dad \u0daf\u0dd0\u0d9a\u0dca\u0dc0\u0dda. <br/><br/> <b>\u0db4\u0dbb\u0dd2\u0dc1\u0dd3\u0dbd\u0d9a \u0db1\u0dcf\u0db8\u0dba #:</b> # USER_NAME # <b><br/><br/> \u0db4\u0dbb\u0dd2\u0dc1\u0dd3\u0dbd\u0d9a \u0d8a-\u0dad\u0dd0\u0db4\u0dd1\u0dbd #:</b> # USER_EMAIL # <br/><br/> <b>\u0db4\u0dbb\u0dd2\u0dc1\u0dd3\u0dbd\u0d9a \u0daf\u0dd4\u0dbb\u0d9a\u0dae\u0db1:</b> #USER_PHONE# <br/><br/> <b>\u0dc3\u0dca\u0dad\u0dd6\u0dad\u0dd2\u0dba\u0dd2! #USER_PHONE#</b> </div>]"}, {"language": "TA", "subject": "\u0baa\u0baf\u0ba9\u0bb0\u0bcd \u0baa\u0ba4\u0bbf\u0bb5\u0bc1 \u0ba8\u0bbf\u0bb1\u0bc1\u0bb5\u0ba9 \u0bb5\u0bbf\u0bb5\u0bb0\u0b99\u0bcd\u0b95\u0bb3\u0bcd.", "body": "[' ', <div> <b>\u0bb5\u0ba3\u0b95\u0bcd\u0b95\u0bae\u0bcd #ORGANIZATION_NAME# ,</b> <br/><br/></div>, <div> \u0b92\u0bb0\u0bc1 \u0baa\u0baf\u0ba9\u0bb0\u0bcd \u0b89\u0b99\u0bcd\u0b95\u0bb3\u0bcd / \u0b85\u0bb5\u0bb0\u0ba4\u0bc1 \u0b9a\u0bc1\u0baf\u0bb5\u0bbf\u0bb5\u0bb0\u0ba4\u0bcd\u0ba4\u0bbf\u0bb2\u0bcd \u0b89\u0b99\u0bcd\u0b95\u0bb3\u0bcd \u0b86\u0bb0\u0b9e\u0bcd\u0b9a\u0bcd \u0baa\u0ba4\u0bbf\u0bb5\u0bc1\u0b9a\u0bc6\u0baf\u0bcd\u0ba4\u0bc1\u0bb3\u0bcd\u0bb3\u0bbe\u0bb0\u0bcd. \u0bb5\u0bbf\u0bb5\u0bb0\u0b99\u0bcd\u0b95\u0bb3\u0bcd \u0b95\u0bc0\u0bb4\u0bc7 \u0b89\u0bb3\u0bcd\u0bb3\u0ba9. <br/><br/> <b>\u0baa\u0baf\u0ba9\u0bb0\u0bcd \u0baa\u0bc6\u0baf\u0bb0\u0bcd #:</b> # USER_NAME # <b><br/><br/> \u0baa\u0baf\u0ba9\u0bb0\u0bcd \u0bae\u0bbf\u0ba9\u0bcd\u0ba9\u0b9e\u0bcd\u0b9a\u0bb2\u0bcd #:</b> # USER_EMAIL # <br/><br/> <b>\u0baa\u0baf\u0ba9\u0bb0\u0bcd \u0ba4\u0bca\u0bb2\u0bc8\u0baa\u0bc7\u0b9a\u0bbf:</b> #USER_PHONE# <br/><br/> <b>\u0ba8\u0ba9\u0bcd\u0bb1\u0bbf! #USER_PHONE#</b> </div>]"}, {"language": "VI", "subject": "H\u1ed3 s\u01a1 t\u1ed5 ch\u1ee9c \u0111\u0103ng k\u00fd ng\u01b0\u1eddi d\u00f9ng.", "body": "[' ', <div> <b>Xin ch\u00e0o #ORGANIZATION_NAME# ,</b> <br/><br/></div>, <div> M\u1ed9t ng\u01b0\u1eddi d\u00f9ng \u0111\u00e3 \u0111\u0103ng k\u00fd ngu\u1ed3n g\u1ed1c c\u1ee7a b\u1ea1n trong h\u1ed3 s\u01a1 c\u1ee7a anh \u1ea5y / c\u00f4 \u1ea5y. D\u01b0\u1edbi \u0111\u00e2y l\u00e0 c\u00e1c chi ti\u1ebft. <br/><br/> <b>T\u00ean ng\u01b0\u1eddi d\u00f9ng #:</b> # USER_NAME # <b><br/><br/> Email ng\u01b0\u1eddi d\u00f9ng #:</b> # USER_EMAIL # <br/><br/> <b>\u0110i\u1ec7n tho\u1ea1i ng\u01b0\u1eddi d\u00f9ng:</b> #USER_PHONE# <br/><br/> <b>C\u1ea3m \u01a1n! #USER_PHONE#</b> </div>]"}, {"language": "TL", "subject": "Profile ng organisasyon ng pagpaparehistro ng user.", "body": "[' ', <div> <b>Hello #ORGANIZATION_NAME# ,</b> <br/><br/></div>, <div> Nakarehistro ang isang user ng iyong oranization sa kanyang profile. Nasa ibaba ang mga detalye. <br/><br/> <b>Pangalan ng User #:</b> # USER_NAME # <b><br/><br/> User Email #:</b> # USER_EMAIL # <br/><br/> <b>Telepono ng User:</b> #USER_PHONE# <br/><br/> <b>Salamat! #USER_PHONE#</b> </div>]"}, {"language": "KM", "subject": "\u1791\u1798\u17d2\u179a\u1784\u17cb\u17a2\u1784\u17d2\u1782\u1797\u17b6\u1796\u1785\u17bb\u17c7\u1794\u1789\u17d2\u1787\u17b8\u17a2\u17d2\u1793\u1780\u1794\u17d2\u179a\u17be\u17d4", "body": "[' ', <div> <b>\u1787\u17c6\u179a\u17b6\u1794\u179f\u17bd\u179a #ORGANIZATION_NAME# ,</b> <br/><br/></div>, <div> \u17a2\u17d2\u1793\u1780\u1794\u17d2\u179a\u17be\u1798\u17d2\u1793\u17b6\u1780\u17cb\u1794\u17b6\u1793\u1785\u17bb\u17c7\u1794\u1789\u17d2\u1787\u17b8\u17a2\u179c\u1780\u17b6\u179f\u179a\u1794\u179f\u17cb\u17a2\u17d2\u1793\u1780\u1793\u17c5\u1780\u17d2\u1793\u17bb\u1784\u1791\u1798\u17d2\u179a\u1784\u17cb\u179a\u1794\u179f\u17cb\u1782\u17b6\u178f\u17cb\u17d4 \u1781\u17b6\u1784\u1780\u17d2\u179a\u17c4\u1798\u1793\u17c1\u17c7\u1782\u17ba\u1787\u17b6\u1796\u17d0\u178f\u17cc\u1798\u17b6\u1793\u179b\u1798\u17d2\u17a2\u17b7\u178f\u17d4 <br/><br/> <b>\u1788\u17d2\u1798\u17c4\u17c7\u17a2\u17d2\u1793\u1780\u1794\u17d2\u179a\u17be #:</b> # USER_NAME # <b><br/><br/> \u17a2\u17d2\u1793\u1780\u1794\u17d2\u179a\u17be\u17a2\u17ca\u17b8\u1798\u17c9\u17c2\u179b #:</b> # USER_EMAIL # <br/><br/> <b>\u1791\u17bc\u179a\u179f\u17d0\u1796\u17d2\u1791\u17a2\u17d2\u1793\u1780\u1794\u17d2\u179a\u17be:</b> #USER_PHONE# <br/><br/> <b>\u179f\u17bc\u1798\u17a2\u179a\u1782\u17bb\u178e! #USER_PHONE#</b> </div>]"}, {"language": "BN", "subject": "\u09ac\u09cd\u09af\u09ac\u09b9\u09be\u09b0\u0995\u09be\u09b0\u09c0 \u09a8\u09bf\u09ac\u09a8\u09cd\u09a7\u09a8 \u09aa\u09cd\u09b0\u09a4\u09bf\u09b7\u09cd\u09a0\u09be\u09a8 \u09aa\u09cd\u09b0\u09cb\u09ab\u09be\u0987\u09b2\u0964", "body": "[' ', <div> <b>\u09b9\u09cd\u09af\u09be\u09b2\u09cb #ORGANIZATION_NAME# ,</b> <br/><br/></div>, <div> \u098f\u0995\u099c\u09a8 \u09ac\u09cd\u09af\u09ac\u09b9\u09be\u09b0\u0995\u09be\u09b0\u09c0 \u09a4\u09be\u09b0 \u09aa\u09cd\u09b0\u09cb\u09ab\u09be\u0987\u09b2\u09c7 \u0986\u09aa\u09a8\u09be\u09b0 \u0986\u09b0\u09cd\u0995\u09be\u0987\u099c\u09c7\u09b6\u09a8 \u09a8\u09bf\u09ac\u09a8\u09cd\u09a7\u09a8 \u0995\u09b0\u09c7\u099b\u09c7\u0964 \u09a8\u09c0\u099a\u09c7 \u09ac\u09bf\u09b8\u09cd\u09a4\u09be\u09b0\u09bf\u09a4 \u0986\u099b\u09c7\u0964 <br/><br/> <b>\u09ac\u09cd\u09af\u09ac\u09b9\u09be\u09b0\u0995\u09be\u09b0\u09c0 \u09a8\u09be\u09ae #:</b> # USER_NAME # <b><br/><br/> \u09ac\u09cd\u09af\u09ac\u09b9\u09be\u09b0\u0995\u09be\u09b0\u09c0 \u0987\u09ae\u09c7\u09b2 #:</b> # USER_EMAIL # <br/><br/> <b>\u09ac\u09cd\u09af\u09ac\u09b9\u09be\u09b0\u0995\u09be\u09b0\u09c0\u09b0 \u09ab\u09cb\u09a8:</b> #USER_PHONE# <br/><br/> <b>\u09a7\u09a8\u09cd\u09af\u09ac\u09be\u09a6! #USER_PHONE#</b> </div>]"}, {"language": "JA", "subject": "\u30e6\u30fc\u30b6\u30fc\u767b\u9332\u7d44\u7e54\u306e\u30d7\u30ed\u30d5\u30a1\u30a4\u30eb", "body": "[' ', <div> <b>\u3053\u3093\u306b\u3061\u306f#ORGANIZATION_NAME# \u3001</b> <br/><br/></div>, <div>\u30e6\u30fc\u30b6\u30fc\u304c\u81ea\u5206\u306e\u30d7\u30ed\u30d5\u30a3\u30fc\u30eb\u3092\u81ea\u5206\u306e\u30d7\u30ed\u30d5\u30a3\u30fc\u30eb\u306b\u767b\u9332\u3057\u307e\u3057\u305f\u3002\u8a73\u7d30\u306f\u4ee5\u4e0b\u306e\u901a\u308a\u3067\u3059\u3002 <br/><br/> <b>\u30e6\u30fc\u30b6\u30fc\u540d#:</b> \uff03USER_NAME\uff03 <b><br/><br/>\u30e6\u30fc\u30b6\u30fc\u306e\u30e1\u30fc\u30eb</b>\u30a2\u30c9\u30ec\u30b9\uff03 <b>#:</b> \uff03USER_EMAIL\uff03 <br/><br/> <b>\u30e6\u30fc\u30b6\u30fc\u306e\u96fb\u8a71\u756a\u53f7\uff1a</b> #USER_PHONE# <br/><br/> <b>\u3042\u308a\u304c\u3068\u3046\u3054\u3056\u3044\u307e\u3059\u3002 #USER_PHONE#</b> </div>]"}, {"language": "KO", "subject": "\uc0ac\uc6a9\uc790 \ub4f1\ub85d \uc870\uc9c1 \ud504\ub85c\ud544.", "body": "[' ', <div> <b>\uc548\ub155\ud558\uc138\uc694. #ORGANIZATION_NAME# ,</b> <br/><br/></div>, <div> \uc0ac\uc6a9\uc790\uac00 \ud504\ub85c\ud544\uc5d0 oranization\uc744 \ub4f1\ub85d\ud588\uc2b5\ub2c8\ub2e4. \ub2e4\uc74c\uc740 \uc138\ubd80 \uc0ac\ud56d\uc785\ub2c8\ub2e4. <br/><br/> <b>\uc0ac\uc6a9\uc790 \uc774\ub984 #:</b> # USER_NAME # <b><br/><br/> \uc0ac\uc6a9\uc790 \uc774\uba54\uc77c #:</b> # USER_EMAIL # <br/><br/> <b>\uc0ac\uc6a9\uc790 \uc804\ud654</b> #USER_PHONE# <b>:</b> #USER_PHONE# <br/><br/> <b>\uac10\uc0ac! #USER_PHONE#</b> </div>]"}, {"language": "YO", "subject": "Oruk\u1ecd igbim\u1ecd a\u1e63i\u1e63e olumulo.", "body": "[' ', <div> <b>Alejo #ORGANIZATION_NAME# ,</b> <br/><br/></div>, <div> Olumulo kan ti foruk\u1ecdsil\u1eb9 ti oranization r\u1eb9 ninu profaili r\u1eb9. Aw\u1ecdn alaye ni isal\u1eb9. <br/><br/> <b>Oruk\u1ecd olumulo #:</b> # USER_NAME # <b><br/><br/> Olumulo olumulo #:</b> # USER_EMAIL # <br/><br/> <b>Foonu Olumulo:</b> #USER_PHONE# <br/><br/> <b>O \u1e63eun! #USER_PHONE#</b> </div>]"}, {"language": "TR", "subject": "Kullan\u0131c\u0131 kayd\u0131 organizasyon profili.", "body": "[' ', <div> <b>Merhaba #ORGANIZATION_NAME#</b> <br/><br/></div>, <div> Bir kullan\u0131c\u0131 oranland\u0131rmas\u0131n\u0131 kendi profiline kaydetti. Detaylar a\u015fa\u011f\u0131da. <br/><br/> <b>Kullan\u0131c\u0131 Ad\u0131 #:</b> # USER_NAME # <b><br/><br/> Kullan\u0131c\u0131 E-postas\u0131 #:</b> # USER_EMAIL # <br/><br/> <b>Kullan\u0131c\u0131 Telefonu:</b> #USER_PHONE# <br/><br/> <b>Te\u015fekk\u00fcrler! #USER_PHONE#</b> </div>]"}, {"language": "RU", "subject": "\u0420\u0435\u0433\u0438\u0441\u0442\u0440\u0430\u0446\u0438\u044f \u043f\u043e\u043b\u044c\u0437\u043e\u0432\u0430\u0442\u0435\u043b\u044f \u0432 \u043f\u0440\u043e\u0444\u0438\u043b\u0435 \u043e\u0440\u0433\u0430\u043d\u0438\u0437\u0430\u0446\u0438\u0438.", "body": "[' ', <div> <b>\u0417\u0434\u0440\u0430\u0432\u0441\u0442\u0432\u0443\u0439\u0442\u0435, #ORGANIZATION_NAME#</b> <br/><br/></div>, <div> \u041f\u043e\u043b\u044c\u0437\u043e\u0432\u0430\u0442\u0435\u043b\u044c \u0437\u0430\u0440\u0435\u0433\u0438\u0441\u0442\u0440\u0438\u0440\u043e\u0432\u0430\u043b \u0432\u0430\u0448\u0443 oranization \u0432 \u0441\u0432\u043e\u0435\u043c \u043f\u0440\u043e\u0444\u0438\u043b\u0435. \u041d\u0438\u0436\u0435 \u043f\u0440\u0438\u0432\u0435\u0434\u0435\u043d\u044b \u043f\u043e\u0434\u0440\u043e\u0431\u043d\u043e\u0441\u0442\u0438. <br/><br/> <b>\u0418\u043c\u044f \u043f\u043e\u043b\u044c\u0437\u043e\u0432\u0430\u0442\u0435\u043b\u044f #:</b> # USER_NAME # <b><br/><br/> \u042d\u043b\u0435\u043a\u0442\u0440\u043e\u043d\u043d\u0430\u044f \u043f\u043e\u0447\u0442\u0430 \u043f\u043e\u043b\u044c\u0437\u043e\u0432\u0430\u0442\u0435\u043b\u044f #:</b> # USER_EMAIL # <br/><br/> <b>\u0422\u0435\u043b\u0435\u0444\u043e\u043d \u043f\u043e\u043b\u044c\u0437\u043e\u0432\u0430\u0442\u0435\u043b\u044f:</b> #USER_PHONE# <br/><br/> <b>\u0421\u043f\u0430\u0441\u0438\u0431\u043e! #USER_PHONE#</b> </div>]"}, {"language": "FA", "subject": "\u0645\u0634\u062e\u0635\u0627\u062a \u0633\u0627\u0632\u0645\u0627\u0646 \u062b\u0628\u062a \u0646\u0627\u0645 \u06a9\u0627\u0631\u0628\u0631", "body": "[' ', <div style=\";text-align:right;direction:rtl\"> <b>\u0633\u0644\u0627\u0645 #ORGANIZATION_NAME#</b> <br/><br/></div>, <div style=\";text-align:right;direction:rtl\"> \u06cc\u06a9 \u06a9\u0627\u0631\u0628\u0631 \u062f\u0631 oranization \u062e\u0648\u062f \u0631\u0627 \u062f\u0631 \u067e\u0631\u0648\u0641\u0627\u06cc\u0644 \u062e\u0648\u062f \u062b\u0628\u062a \u06a9\u0631\u062f\u0647 \u0627\u0633\u062a. \u062f\u0631 \u0632\u06cc\u0631 \u062c\u0632\u0626\u06cc\u0627\u062a \u0627\u0633\u062a. <br/><br/> <b>\u0646\u0627\u0645 \u06a9\u0627\u0631\u0628\u0631\u06cc #:</b> # USER_NAME # <b><br/><br/> \u06a9\u0627\u0631\u0628\u0631 \u0627\u06cc\u0645\u06cc\u0644 #:</b> # USER_EMAIL # <br/><br/> <b>\u06a9\u0627\u0631\u0628\u0631 \u062a\u0644\u0641\u0646:</b> #USER_PHONE# <br/><br/> <b>\u0628\u0627 \u062a\u0634\u06a9\u0631! #USER_PHONE#</b> </div>]"}, {"language": "MY", "subject": "\u1021\u101e\u102f\u1036\u1038\u1015\u103c\u102f\u101e\u1030\u1019\u103e\u1010\u103a\u1015\u102f\u1036\u1010\u1004\u103a\u1021\u1016\u103d\u1032\u1037\u1021\u1005\u100a\u103a\u1038\u1000\u1015\u101b\u102d\u102f\u1016\u102d\u102f\u1004\u103a\u1038\u104b", "body": "[' ', <div> <b>\u1019\u1004\u103a\u1039\u1002\u101c\u102c\u1015\u102b #ORGANIZATION_NAME# ,</b> <br/><br/></div>, <div> \u1021\u101e\u102f\u1036\u1038\u1015\u103c\u102f\u101e\u1030\u1010\u1005\u103a\u1025\u102e\u1038\u101e\u1030 / \u101e\u1030\u1019\u104f profile \u104c\u101e\u1004\u103a\u1010\u102d\u102f\u1037\u104f oranization \u1019\u103e\u1010\u103a\u1015\u102f\u1036\u1010\u1004\u103a\u1001\u1032\u1037\u101e\u100a\u103a\u104b \u1021\u1031\u102c\u1000\u103a\u1010\u103d\u1004\u103a\u1021\u101e\u1031\u1038\u1005\u102d\u1010\u103a\u1016\u103c\u1005\u103a\u1000\u103c\u101e\u100a\u103a\u104b <br/><br/> <b>\u1021\u101e\u102f\u1036\u1038\u1015\u103c\u102f\u101e\u1030\u1021\u1019\u100a\u103a #:</b> # USER_NAME \u1019\u103e # <b><br/><br/> \u1021\u101e\u102f\u1036\u1038\u1015\u103c\u102f\u101e\u1030\u1021\u102e\u1038\u1019\u1031\u1038\u101c\u103a #:</b> # USER_EMAIL # <br/><br/> <b>\u1021\u101e\u102f\u1036\u1038\u1015\u103c\u102f\u101e\u1030\u1016\u102f\u1014\u103a\u1038\u1014\u1036\u1015\u102b\u1010\u103a:</b> #USER_PHONE# <br/><br/> <b>\u1000\u103b\u1031\u1038\u1007\u1030\u1038\u1010\u1004\u103a\u1015\u102b\u1010\u101a\u103a! #USER_PHONE#</b> </div>]"}, {"language": "HI", "subject": "\u0909\u092a\u092f\u094b\u0917\u0915\u0930\u094d\u0924\u093e \u092a\u0902\u091c\u0940\u0915\u0930\u0923 \u0938\u0902\u0917\u0920\u0928 \u092a\u094d\u0930\u094b\u092b\u093c\u093e\u0907\u0932\u0964", "body": "[' ', <div> <b>\u0928\u092e\u0938\u094d\u0915\u093e\u0930 #ORGANIZATION_NAME# ,</b> <br/><br/></div>, <div> \u0915\u093f\u0938\u0940 \u0909\u092a\u092f\u094b\u0917\u0915\u0930\u094d\u0924\u093e \u0928\u0947 \u0906\u092a\u0915\u0940 \u092a\u094d\u0930\u094b\u092b\u093c\u093e\u0907\u0932 \u092e\u0947\u0902 \u0905\u092a\u0928\u093e oranization \u0926\u0930\u094d\u091c \u0915\u093f\u092f\u093e \u0939\u0948\u0964 \u0928\u0940\u091a\u0947 \u0935\u093f\u0935\u0930\u0923 \u0939\u0948\u0902\u0964 <br/><br/> <b>\u0909\u092a\u092f\u094b\u0917\u0915\u0930\u094d\u0924\u093e \u0928\u093e\u092e #:</b> # USER_NAME # <b><br/><br/> \u0909\u092a\u092f\u094b\u0917\u0915\u0930\u094d\u0924\u093e \u0908\u092e\u0947\u0932 #:</b> # USER_EMAIL # <br/><br/> <b>\u0909\u092a\u092f\u094b\u0917\u0915\u0930\u094d\u0924\u093e \u092b\u093c\u094b\u0928:</b> #USER_PHONE# <br/><br/> <b>\u0927\u0928\u094d\u092f\u0935\u093e\u0926! #USER_PHONE#</b> </div>]"}, {"language": "IW", "subject": "\u05e4\u05e8\u05d5\u05e4\u05d9\u05dc \u05d0\u05e8\u05d2\u05d5\u05df \u05e8\u05d9\u05e9\u05d5\u05dd \u05de\u05e9\u05ea\u05de\u05e9.", "body": "[' ', <div style=\";text-align:right;direction:rtl\"> <b>\u05e9\u05dc\u05d5\u05dd #ORGANIZATION_NAME# ,</b> <br/><br/></div>, <div style=\";text-align:right;direction:rtl\"> \u05de\u05e9\u05ea\u05de\u05e9 \u05e8\u05e9\u05dd \u05d0\u05ea \u05d4\u05d9\u05d9\u05e2\u05d5\u05d3 \u05e9\u05dc\u05da \u05d1\u05e4\u05e8\u05d5\u05e4\u05d9\u05dc \u05e9\u05dc\u05d5. \u05dc\u05d4\u05dc\u05df \u05d4\u05e4\u05e8\u05d8\u05d9\u05dd. <br/><br/> <b>\u05e9\u05dd \u05de\u05e9\u05ea\u05de\u05e9 #:</b> # USER_NAME # <b><br/><br/> \u05db\u05ea\u05d5\u05d1\u05ea \u05d0\u05d9\u05de\u05d9\u05d9\u05dc \u05e9\u05dc \u05de\u05e9\u05ea\u05de\u05e9 #:</b> # USER_EMAIL # <br/><br/> <b>\u05d8\u05dc\u05e4\u05d5\u05df \u05de\u05e9\u05ea\u05de\u05e9:</b> #USER_PHONE# <br/><br/> <b>\u05ea\u05d5\u05d3\u05d4! #USER_PHONE#</b> </div>]"}, {"language": "FR", "subject": "Profil d'organisation d'enregistrement d'utilisateur.", "body": "[' ', <div> <b>Bonjour #ORGANIZATION_NAME# ,</b> <br/><br/></div>, <div> Un utilisateur a enregistr\u00e9 votre organisation dans son profil. Voici les d\u00e9tails. <br/><br/> <b>Nom d'utilisateur #:</b> # USER_NAME # <b><br/><br/> Email de l'utilisateur #:</b> # USER_EMAIL # <br/><br/> <b>T\u00e9l\u00e9phone de l'utilisateur:</b> #USER_PHONE# <br/><br/> <b>Merci! #USER_PHONE#</b> </div>]"}, {"language": "DA", "subject": "Brugerregistrerings organisationsprofil.", "body": "[' ', <div> <b>Hej #ORGANIZATION_NAME# ,</b> <br/><br/></div>, <div> En bruger har registreret din oranisering i hans / hendes profil. Nedenfor er detaljerne. <br/><br/> <b>Brugernavn #:</b> # USER_NAME # <b><br/><br/> Bruger Email #:</b> # USER_EMAIL # <br/><br/> <b>Bruger Telefon:</b> #USER_PHONE# <br/><br/> <b>Tak! #USER_PHONE#</b> </div>]"}]}