{"purpose": "Notify user for reset password", "templates": [{"language": "AF", "subject": "Herstel wagwoord", "body": "[' Liewe #NAME# , ', <br/>, <br/>, \" Ons het 'n versoek gehad om u #MailFooter# wagwoord te herstel. \", <br/>, <br/>, ' U kan u wagwoord herstel deur op die onderstaande skakel te kliek: ', <br/>, <br/>, ' #NAME# ', <br/>, ' ', <br/>, ' ', <span>As u hierdie boodskap ignoreer, sal u wagwoord nie verander word nie. As jy nie 'n wagwoordterugstelling versoek het nie, laat ons weet. <br/> <br/> Dankie! <br/> #MailFooter# <br/> <br/><br/><br/></span>]"}, {"language": "EN", "subject": "Reset Password", "body": "[' Dear #NAME#,\\n', <br/>, <br/>, 'We got a request to reset your  #MailFooter#  password.', <br/>, <br/>, 'You can reset your password by clicking the link below: ', <br/>, <br/>, ' #LINK#', <br/>, <br/>, <span>If you ignore this message, your password will not be changed. If you didn't request a password reset, let us know.<br/></span>, <br/>, 'Thanks!  ', <br/>, '#MailFooter#', <br/>, <br/>, <br/>, <br/>]"}, {"language": "TH", "subject": "\u0e23\u0e35\u0e40\u0e0b\u0e47\u0e15\u0e23\u0e2b\u0e31\u0e2a\u0e1c\u0e48\u0e32\u0e19", "body": "[' \u0e40\u0e23\u0e35\u0e22\u0e19 #NAME# ', <br/>, <br/>, ' \u0e40\u0e23\u0e32\u0e44\u0e14\u0e49\u0e23\u0e31\u0e1a\u0e04\u0e33\u0e02\u0e2d\u0e43\u0e2b\u0e49\u0e23\u0e35\u0e40\u0e0b\u0e47\u0e15 #MailFooter# \u0e02\u0e2d\u0e07\u0e04\u0e38\u0e13 #MailFooter# \u0e23\u0e2b\u0e31\u0e2a\u0e1c\u0e48\u0e32\u0e19 ', <br/>, <br/>, ' \u0e04\u0e38\u0e13\u0e2a\u0e32\u0e21\u0e32\u0e23\u0e16\u0e23\u0e35\u0e40\u0e0b\u0e47\u0e15\u0e23\u0e2b\u0e31\u0e2a\u0e1c\u0e48\u0e32\u0e19\u0e02\u0e2d\u0e07\u0e04\u0e38\u0e13\u0e42\u0e14\u0e22\u0e04\u0e25\u0e34\u0e01\u0e17\u0e35\u0e48\u0e25\u0e34\u0e07\u0e04\u0e4c\u0e14\u0e49\u0e32\u0e19\u0e25\u0e48\u0e32\u0e07: ', <br/>, <br/>, ' #NAME# ', <br/>, ' ', <br/>, ' ', <span>\u0e2b\u0e32\u0e01\u0e04\u0e38\u0e13\u0e44\u0e21\u0e48\u0e2a\u0e19\u0e43\u0e08\u0e02\u0e49\u0e2d\u0e04\u0e27\u0e32\u0e21\u0e19\u0e35\u0e49\u0e23\u0e2b\u0e31\u0e2a\u0e1c\u0e48\u0e32\u0e19\u0e02\u0e2d\u0e07\u0e04\u0e38\u0e13\u0e08\u0e30\u0e44\u0e21\u0e48\u0e16\u0e39\u0e01\u0e40\u0e1b\u0e25\u0e35\u0e48\u0e22\u0e19 \u0e2b\u0e32\u0e01\u0e04\u0e38\u0e13\u0e44\u0e21\u0e48\u0e44\u0e14\u0e49\u0e23\u0e49\u0e2d\u0e07\u0e02\u0e2d\u0e01\u0e32\u0e23\u0e23\u0e35\u0e40\u0e0b\u0e47\u0e15\u0e23\u0e2b\u0e31\u0e2a\u0e1c\u0e48\u0e32\u0e19\u0e42\u0e1b\u0e23\u0e14\u0e41\u0e08\u0e49\u0e07\u0e43\u0e2b\u0e49\u0e40\u0e23\u0e32\u0e17\u0e23\u0e32\u0e1a <br/> <br/> \u0e02\u0e2d\u0e1a\u0e04\u0e38\u0e13! <br/> #MailFooter# <br/> <br/><br/><br/></span>]"}, {"language": "ID", "subject": "Setel Ulang Kata Sandi", "body": "[' Dear #NAME# , ', <br/>, <br/>, ' Kami mendapat permintaan untuk mereset kata sandi #MailFooter# . ', <br/>, <br/>, ' Anda dapat mengatur ulang kata sandi Anda dengan mengklik tautan di bawah ini: ', <br/>, <br/>, ' #NAME# ', <br/>, ' ', <br/>, ' ', <span>Jika Anda mengabaikan pesan ini, kata sandi Anda tidak akan diubah. Jika Anda tidak meminta pengaturan ulang kata sandi, beri tahu kami. <br/> <br/> Terima kasih! <br/> #MailFooter# <br/> <br/><br/><br/></span>]"}, {"language": "DE", "subject": "Passwort zur\u00fccksetzen", "body": "[' Lieber #NAME# , ', <br/>, <br/>, ' Wir haben eine Anfrage zum Zur\u00fccksetzen Ihres #MailFooter# . ', <br/>, <br/>, ' Sie k\u00f6nnen Ihr Passwort zur\u00fccksetzen, indem Sie auf den folgenden Link klicken: ', <br/>, <br/>, ' #NAME# ', <br/>, ' ', <br/>, ' ', <span>Wenn Sie diese Nachricht ignorieren, wird Ihr Passwort nicht ge\u00e4ndert. Wenn Sie keine Kennwortr\u00fccksetzung angefordert haben, teilen Sie uns dies bitte mit. <br/> <br/> Vielen Dank! <br/> #MailFooter# <br/> <br/><br/><br/></span>]"}, {"language": "ES", "subject": "Restablecer la contrase\u00f1a", "body": "[' Estimado #NAME# , ', <br/>, <br/>, ' Recibimos una solicitud para restablecer su contrase\u00f1a de #MailFooter# . ', <br/>, <br/>, ' Puede restablecer su contrase\u00f1a haciendo clic en el siguiente enlace: ', <br/>, <br/>, ' #NAME# ', <br/>, ' ', <br/>, ' ', <span>Si ignora este mensaje, su contrase\u00f1a no ser\u00e1 cambiada. Si no solicit\u00f3 un restablecimiento de contrase\u00f1a, h\u00e1ganoslo saber. <br/> <br/> \u00a1Gracias! <br/> #MailFooter# <br/> <br/><br/><br/></span>]"}, {"language": "IT", "subject": "Resetta la password", "body": "[' Gentile #NAME# , ', <br/>, <br/>, ' Abbiamo ricevuto una richiesta per reimpostare la tua #MailFooter# password #MailFooter# . ', <br/>, <br/>, ' Puoi reimpostare la tua password cliccando sul link qui sotto: ', <br/>, <br/>, ' #NAME# ', <br/>, ' ', <br/>, ' ', <span>Se ignori questo messaggio, la tua password non verr\u00e0 cambiata. Se non hai richiesto la reimpostazione della password, faccelo sapere. <br/> <br/> Grazie! <br/> #MailFooter# <br/> <br/><br/><br/></span>]"}, {"language": "AR", "subject": "\u0625\u0639\u0627\u062f\u0629 \u062a\u0639\u064a\u064a\u0646 \u0643\u0644\u0645\u0629 \u0627\u0644\u0645\u0631\u0648\u0631", "body": "[' \u0639\u0632\u064a\u0632\u064a #NAME# \u060c ', <br/>, <br/>, ' \u062a\u0644\u0642\u064a\u0646\u0627 \u0637\u0644\u0628\u064b\u0627 \u0644\u0625\u0639\u0627\u062f\u0629 \u062a\u0639\u064a\u064a\u0646 \u0643\u0644\u0645\u0629 \u0627\u0644\u0645\u0631\u0648\u0631 #MailFooter# . ', <br/>, <br/>, ' \u064a\u0645\u0643\u0646\u0643 \u0625\u0639\u0627\u062f\u0629 \u062a\u0639\u064a\u064a\u0646 \u0643\u0644\u0645\u0629 \u0627\u0644\u0645\u0631\u0648\u0631 \u0627\u0644\u062e\u0627\u0635\u0629 \u0628\u0643 \u0639\u0646 \u0637\u0631\u064a\u0642 \u0627\u0644\u0646\u0642\u0631 \u0639\u0644\u0649 \u0627\u0644\u0631\u0627\u0628\u0637 \u0623\u062f\u0646\u0627\u0647: ', <br/>, <br/>, ' #NAME# ', <br/>, ' ', <br/>, ' ', <span>\u0625\u0630\u0627 \u062a\u062c\u0627\u0647\u0644\u062a \u0647\u0630\u0647 \u0627\u0644\u0631\u0633\u0627\u0644\u0629 \u060c \u0641\u0644\u0646 \u064a\u062a\u0645 \u062a\u063a\u064a\u064a\u0631 \u0643\u0644\u0645\u0629 \u0645\u0631\u0648\u0631\u0643. \u0625\u0630\u0627 \u0644\u0645 \u062a\u0637\u0644\u0628 \u0625\u0639\u0627\u062f\u0629 \u062a\u0639\u064a\u064a\u0646 \u0643\u0644\u0645\u0629 \u0627\u0644\u0645\u0631\u0648\u0631 \u060c \u0641\u0623\u062e\u0628\u0631\u0646\u0627 \u0628\u0630\u0644\u0643. <br/> <br/> \u0634\u0643\u0631! <br/> #MailFooter# <br/> <br/><br/><br/></span>]"}, {"language": "UR", "subject": "\u067e\u0627\u0633 \u0648\u0631\u0688 \u0631\u06cc \u0633\u06cc\u0679", "body": "[' \u0639\u0632\u06cc\u0632 #NAME# \u060c ', <br/>, <br/>, ' \u06c1\u0645\u06cc\u06ba #MailFooter# \u067e\u0627\u0633 \u0648\u0631\u0688 \u062f\u0648\u0628\u0627\u0631\u06c1 \u062a\u0631\u062a\u06cc\u0628 \u062f\u06cc\u0646\u06d2 \u06a9\u06d2 \u0644\u0626\u06d2 \u0627\u06cc\u06a9 \u062f\u0631\u062e\u0648\u0627\u0633\u062a \u0645\u0644\u06cc. ', <br/>, <br/>, ' \u0622\u067e \u0646\u06cc\u0686\u06d2 \u062f\u06cc\u0626\u06d2 \u06af\u0626\u06d2 \u0644\u0646\u06a9 \u067e\u0631 \u06a9\u0644\u06a9 \u06a9\u0631\u06a9\u06d2 \u0627\u067e\u0646\u0627 \u067e\u0627\u0633 \u0648\u0631\u0688 \u062f\u0648\u0628\u0627\u0631\u06c1 \u062a\u0631\u062a\u06cc\u0628 \u062f\u06d2 \u0633\u06a9\u062a\u06d2 \u06c1\u06cc\u06ba: ', <br/>, <br/>, ' #NAME# ', <br/>, ' ', <br/>, ' ', <span>\u0627\u06af\u0631 \u0622\u067e \u0627\u0633 \u067e\u06cc\u063a\u0627\u0645 \u06a9\u0648 \u0646\u0638\u0631 \u0627\u0646\u062f\u0627\u0632 \u06a9\u0631\u062a\u06d2 \u06c1\u06cc\u06ba \u062a\u0648\u060c \u0622\u067e \u06a9\u06d2 \u067e\u0627\u0633 \u0648\u0631\u0688 \u062a\u0628\u062f\u06cc\u0644 \u0646\u06c1\u06cc\u06ba \u06a9\u06cc\u0627 \u062c\u0627\u0626\u06d2 \u06af\u0627. \u0627\u06af\u0631 \u0622\u067e \u067e\u0627\u0633\u0648\u0631\u0688 \u0631\u06cc \u0633\u06cc\u0679 \u06a9\u06cc \u062f\u0631\u062e\u0648\u0627\u0633\u062a \u0646\u06c1\u06cc\u06ba \u06a9\u0631\u062a\u06d2 \u062a\u0648 \u06c1\u0645\u06cc\u06ba \u0628\u062a\u0627\u0626\u06cc\u06ba. <br/> <br/> \u0634\u06a9\u0631\u06cc\u06c1! <br/> #MailFooter# <br/> <br/><br/><br/></span>]"}, {"language": "AZ", "subject": "Parolu s\u0131f\u0131rlamak", "body": "[' H\u00f6rm\u0259tli #NAME# , ', <br/>, <br/>, ' #MailFooter# \u015fifr\u0259nizi yenid\u0259n #MailFooter# . ', <br/>, <br/>, ' A\u015fa\u011f\u0131dak\u0131 linki t\u0131klayarak parolunuzu yenid\u0259n qura bil\u0259rsiniz: ', <br/>, <br/>, ' #NAME# ', <br/>, ' ', <br/>, ' ', <span>Bu mesaj\u0131 g\u00f6rm\u0259misinizs\u0259, \u015fifr\u0259niz d\u0259yi\u015fdirilm\u0259y\u0259c\u0259kdir. Bir parol s\u0131f\u0131rlama t\u0259l\u0259b etm\u0259diyiniz t\u0259qdird\u0259, biz\u0259 bildirin. <br/> <br/> T\u0259\u015f\u0259kk\u00fcr edirik! <br/> #MailFooter# <br/> <br/><br/><br/></span>]"}, {"language": "ZH", "subject": "\u91cd\u8bbe\u5bc6\u7801", "body": "[' \u4eb2\u7231\u7684#NAME# \uff0c ', <br/>, <br/>, '\u6211\u4eec\u6536\u5230\u4e86\u91cd\u7f6e#MailFooter#\u5bc6\u7801\u7684\u8bf7\u6c42\u3002 ', <br/>, <br/>, '\u60a8\u53ef\u4ee5\u70b9\u51fb\u4ee5\u4e0b\u94fe\u63a5\u91cd\u7f6e\u5bc6\u7801\uff1a ', <br/>, <br/>, ' #NAME# ', <br/>, ' ', <br/>, ' ', <span>\u5982\u679c\u60a8\u5ffd\u7565\u6b64\u6d88\u606f\uff0c\u5219\u4e0d\u4f1a\u66f4\u6539\u60a8\u7684\u5bc6\u7801\u3002\u5982\u679c\u60a8\u672a\u8bf7\u6c42\u91cd\u7f6e\u5bc6\u7801\uff0c\u8bf7\u544a\u77e5\u6211\u4eec\u3002 <br/> <br/>\u8c22\u8c22\uff01 <br/> #MailFooter# <br/> <br/><br/><br/></span>]"}, {"language": "PT", "subject": "Redefinir Senha", "body": "[' Querido #NAME# , ', <br/>, <br/>, ' Recebemos uma solicita\u00e7\u00e3o para redefinir sua senha #MailFooter# . ', <br/>, <br/>, ' Voc\u00ea pode redefinir sua senha clicando no link abaixo: ', <br/>, <br/>, ' #NAME# ', <br/>, ' ', <br/>, ' ', <span>Se voc\u00ea ignorar esta mensagem, sua senha n\u00e3o ser\u00e1 alterada. Se voc\u00ea n\u00e3o solicitou uma redefini\u00e7\u00e3o de senha, avise-nos. <br/> <br/> Obrigado! <br/> #MailFooter# <br/> <br/><br/><br/></span>]"}, {"language": "ZU", "subject": "Setha kabusha iphasiwedi", "body": "[' U- #NAME# othandekayo, ', <br/>, <br/>, ' Sithole isicelo sokusetha kabusha i- #MailFooter# iphasiwedi yakho. ', <br/>, <br/>, ' Ungasetha kabusha iphasiwedi yakho ngokuchofoza isixhumanisi ngezansi: ', <br/>, <br/>, ' #NAME# ', <br/>, ' ', <br/>, ' ', <span>Uma ungayinaki lo mlayezo, iphasiwedi yakho ngeke ishintshwe. Uma ungazange ucele kabusha iphasiwedi, usazise. <br/> <br/> Siyabonga! <br/> #MailFooter# <br/> <br/><br/><br/></span>]"}, {"language": "SW", "subject": "Weka upya nenosiri", "body": "[' Mpendwa #NAME# , ', <br/>, <br/>, ' Tuna ombi la kuweka upya nenosiri lako #MailFooter# . ', <br/>, <br/>, ' Unaweza kuweka upya nenosiri lako kwa kubofya kiungo hapa chini: ', <br/>, <br/>, ' #NAME# ', <br/>, ' ', <br/>, ' ', <span>Ikiwa unapuuza ujumbe huu, nenosiri lako haliwezi kubadilishwa. Ikiwa hukuomba ombi la nenosiri, hebu tujulishe. <br/> <br/> Asante! <br/> #MailFooter# <br/> <br/><br/><br/></span>]"}, {"language": "KU", "subject": "\u015e\u00eefreya Vehet\u00eene", "body": "[' Bir\u00eaz #NAME# , ', <br/>, <br/>, ' Em daxwaza daxwaza xwe ya #MailFooter# . ', <br/>, <br/>, ' H\u00fbn dikarin bi \u015f\u00eefreya xwe biniv\u00eese ji h\u00eala j\u00ear\u00een li j\u00ear bitik\u00eene: ', <br/>, <br/>, ' #NAME# ', <br/>, ' ', <br/>, ' ', <span>Heke h\u00fbn v\u00ea peyam\u00ea neb\u00eenin, \u015f\u00eefreya te nay\u00ea guhertin. Heke ku tu daxwaza \u015f\u00eefreya \u015f\u00eefre nekir\u00ee, em dizanin em werin. <br/> <br/> Spas! <br/> #MailFooter# <br/> <br/><br/><br/></span>]"}, {"language": "MS", "subject": "Menetapkan semula kata laluan", "body": "[' Dear #NAME# , ', <br/>, <br/>, ' Kami mendapat permintaan untuk menetapkan semula kata laluan #MailFooter# . ', <br/>, <br/>, ' Anda boleh menetapkan semula kata laluan anda dengan mengklik pautan di bawah: ', <br/>, <br/>, ' #NAME# ', <br/>, ' ', <br/>, ' ', <span>Jika anda mengabaikan mesej ini, kata laluan anda tidak akan diubah. Jika anda tidak meminta set semula kata laluan, beritahu kami. <br/> <br/> Terima kasih! <br/> #MailFooter# <br/> <br/><br/><br/></span>]"}, {"language": "SI", "subject": "\u0db8\u0dd4\u0dbb\u0db4\u0daf\u0dba \u0db1\u0dd0\u0dc0\u0dad \u0dc3\u0d9a\u0dc3\u0db1\u0dca\u0db1", "body": "[' \u0dc4\u0dd2\u0dad\u0dc0\u0dad\u0dca #NAME# , ', <br/>, <br/>, ' \u0d94\u0db6\u0d9c\u0dda #MailFooter# \u0db8\u0dd4\u0dbb\u0db4\u0daf\u0dba \u0dba\u0dbd\u0dd2 \u0db4\u0dd2\u0dc4\u0dd2\u0da7\u0dd4\u0dc0\u0dd3\u0db8\u0da7 \u0d89\u0dbd\u0dca\u0dbd\u0dd3\u0db8\u0d9a\u0dca \u0d85\u0db4\u0da7 \u0dbd\u0dd0\u0db6\u0dd3 \u0d87\u0dad. ', <br/>, <br/>, ' \u0db4\u0dc4\u0dad \u0dc3\u0db6\u0dd0\u0db3\u0dd2\u0dba \u0d9a\u0dca\u0dbd\u0dd2\u0d9a\u0dca \u0d9a\u0dd2\u0dbb\u0dd3\u0db8\u0dd9\u0db1\u0dca \u0d94\u0db6\u0dda \u0db8\u0dd4\u0dbb\u0db4\u0daf\u0dba \u0db1\u0dd0\u0dc0\u0dad \u0dc3\u0d9a\u0dc3\u0db1\u0dca\u0db1: ', <br/>, <br/>, ' #NAME# ', <br/>, ' ', <br/>, ' ', <span>\u0d94\u0db6 \u0db8\u0dd9\u0db8 \u0db4\u0dab\u0dd2\u0dc0\u0dd4\u0da9\u0dba \u0db1\u0ddc\u0dc3\u0dbd\u0d9a\u0dcf \u0dc4\u0dd0\u0dbb\u0dd2\u0dba\u0dc4\u0ddc\u0dad\u0dca \u0d94\u0db6\u0d9c\u0dda \u0db8\u0dd4\u0dbb\u0db4\u0daf\u0dba \u0dc0\u0dd9\u0db1\u0dc3\u0dca \u0db1\u0ddc\u0dc0\u0db1\u0dd4 \u0d87\u0dad. \u0d94\u0db6 \u0db8\u0dd4\u0dbb\u0db4\u0daf\u0dba \u0dba\u0dc5\u0dd2 \u0db4\u0dd2\u0dc4\u0dd2\u0da7\u0dd4\u0dc0\u0dd3\u0db8 \u0d89\u0dbd\u0dca\u0dbd\u0dcf \u0db1\u0ddc\u0db8\u0dd0\u0dad\u0dd2 \u0db1\u0db8\u0dca, \u0d85\u0db4\u0da7 \u0daf\u0db1\u0dca\u0dc0\u0db1\u0dca\u0db1. <br/> <br/> \u0dc3\u0dca\u0dad\u0dd6\u0dad\u0dd2\u0dba\u0dd2! <br/> #MailFooter# <br/> <br/><br/><br/></span>]"}, {"language": "TA", "subject": "\u0b95\u0b9f\u0bb5\u0bc1\u0b9a\u0bcd\u0b9a\u0bc6\u0bbe\u0bb2\u0bcd\u0bb2\u0bc8 \u0bae\u0bc0\u0b9f\u0bcd\u0b9f\u0bae\u0bc8\u0b95\u0bcd\u0b95", "body": "[' \u0b85\u0ba9\u0bcd\u0baa\u0bc7 #NAME# , ', <br/>, <br/>, ' \u0b89\u0b99\u0bcd\u0b95\u0bb3\u0bc1\u0b9f\u0bc8\u0baf #MailFooter# \u0b95\u0b9f\u0bb5\u0bc1\u0b9a\u0bcd\u0b9a\u0bca\u0bb2\u0bcd\u0bb2\u0bc8 \u0bae\u0bc0\u0b9f\u0bcd\u0b9f\u0bae\u0bc8\u0b95\u0bcd\u0b95 \u0b95\u0bcb\u0bb0\u0bbf\u0b95\u0bcd\u0b95\u0bc8\u0baf\u0bc8\u0baa\u0bcd \u0baa\u0bc6\u0bb1\u0bcd\u0bb1\u0bc1\u0bb3\u0bcd\u0bb3\u0bcb\u0bae\u0bcd. ', <br/>, <br/>, ' \u0b95\u0bc0\u0bb4\u0bc7 \u0b89\u0bb3\u0bcd\u0bb3 \u0b87\u0ba3\u0bc8\u0baa\u0bcd\u0baa\u0bc8\u0b95\u0bcd \u0b95\u0bbf\u0bb3\u0bbf\u0b95\u0bcd \u0b9a\u0bc6\u0baf\u0bcd\u0ba4\u0bc1 \u0b89\u0b99\u0bcd\u0b95\u0bb3\u0bcd \u0b95\u0b9f\u0bb5\u0bc1\u0b9a\u0bcd\u0b9a\u0bca\u0bb2\u0bcd\u0bb2\u0bc8 \u0bae\u0bc0\u0b9f\u0bcd\u0b9f\u0bae\u0bc8\u0b95\u0bcd\u0b95\u0bb2\u0bbe\u0bae\u0bcd: ', <br/>, <br/>, ' #NAME# ', <br/>, ' ', <br/>, ' ', <span>\u0b87\u0ba8\u0bcd\u0ba4 \u0b9a\u0bc6\u0baf\u0bcd\u0ba4\u0bbf\u0baf\u0bc8 \u0ba8\u0bc0\u0b99\u0bcd\u0b95\u0bb3\u0bcd \u0baa\u0bc1\u0bb1\u0b95\u0bcd\u0b95\u0ba3\u0bbf\u0ba4\u0bcd\u0ba4\u0bbe\u0bb2\u0bcd, \u0b89\u0b99\u0bcd\u0b95\u0bb3\u0bcd \u0b95\u0b9f\u0bb5\u0bc1\u0b9a\u0bcd\u0b9a\u0bca\u0bb2\u0bcd \u0bae\u0bbe\u0bb1\u0bbe\u0ba4\u0bc1. \u0b95\u0b9f\u0bb5\u0bc1\u0b9a\u0bcd\u0b9a\u0bca\u0bb2\u0bcd \u0bae\u0bc0\u0b9f\u0bcd\u0b9f\u0bae\u0bc8\u0baa\u0bcd\u0baa\u0bc8 \u0ba8\u0bc0\u0b99\u0bcd\u0b95\u0bb3\u0bcd \u0b95\u0bcb\u0bb0\u0bb5\u0bbf\u0bb2\u0bcd\u0bb2\u0bc8 \u0b8e\u0ba9\u0bcd\u0bb1\u0bbe\u0bb2\u0bcd, \u0b8e\u0b99\u0bcd\u0b95\u0bb3\u0bc1\u0b95\u0bcd\u0b95\u0bc1\u0ba4\u0bcd \u0ba4\u0bc6\u0bb0\u0bbf\u0baf\u0baa\u0bcd\u0baa\u0b9f\u0bc1\u0ba4\u0bcd\u0ba4\u0bb5\u0bc1\u0bae\u0bcd. <br/> <br/> \u0ba8\u0ba9\u0bcd\u0bb1\u0bbf! <br/> #MailFooter# <br/> <br/><br/><br/></span>]"}, {"language": "VI", "subject": "\u0110\u1eb7t l\u1ea1i m\u1eadt kh\u1ea9u", "body": "[' K\u00ednh g\u1eedi #NAME# , ', <br/>, <br/>, ' Ch\u00fang t\u00f4i nh\u1eadn \u0111\u01b0\u1ee3c y\u00eau c\u1ea7u \u0111\u1eb7t l\u1ea1i m\u1eadt kh\u1ea9u #MailFooter# c\u1ee7a b\u1ea1n. ', <br/>, <br/>, ' B\u1ea1n c\u00f3 th\u1ec3 \u0111\u1eb7t l\u1ea1i m\u1eadt kh\u1ea9u c\u1ee7a m\u00ecnh b\u1eb1ng c\u00e1ch nh\u1ea5p v\u00e0o li\u00ean k\u1ebft b\u00ean d\u01b0\u1edbi: ', <br/>, <br/>, ' #NAME# ', <br/>, ' ', <br/>, ' ', <span>N\u1ebfu b\u1ea1n b\u1ecf qua th\u00f4ng b\u00e1o n\u00e0y, m\u1eadt kh\u1ea9u c\u1ee7a b\u1ea1n s\u1ebd kh\u00f4ng b\u1ecb thay \u0111\u1ed5i. N\u1ebfu b\u1ea1n kh\u00f4ng y\u00eau c\u1ea7u \u0111\u1eb7t l\u1ea1i m\u1eadt kh\u1ea9u, h\u00e3y cho ch\u00fang t\u00f4i bi\u1ebft. <br/> <br/> C\u1ea3m \u01a1n! <br/> #MailFooter# <br/> <br/><br/><br/></span>]"}, {"language": "TL", "subject": "I-reset ang Password", "body": "[' Mahal na #NAME# , ', <br/>, <br/>, ' Nakuha namin ang isang kahilingan upang i-reset ang iyong #MailFooter# password. ', <br/>, <br/>, ' Maaari mong i-reset ang iyong password sa pamamagitan ng pag-click sa link sa ibaba: ', <br/>, <br/>, ' #NAME# ', <br/>, ' ', <br/>, ' ', <span>Kung balewalain mo ang mensaheng ito, ang iyong password ay hindi mababago. Kung hindi ka humiling ng pag-reset ng password, ipaalam sa amin. <br/> <br/> Salamat! <br/> #MailFooter# <br/> <br/><br/><br/></span>]"}, {"language": "KM", "subject": "\u1780\u17c6\u178e\u178f\u17cb\u1796\u17b6\u1780\u17d2\u1799\u179f\u1798\u17d2\u1784\u17b6\u178f\u17cb\u17a1\u17be\u1784\u179c\u17b7\u1789", "body": "[' \u1787\u17bc\u1793\u1785\u17c6\u1796\u17c4\u17c7 #NAME# , ', <br/>, <br/>, ' \u1799\u17be\u1784\u1794\u17b6\u1793\u1791\u1791\u17bd\u179b\u1780\u17b6\u179a\u179f\u17d2\u1793\u17be\u179f\u17bb\u17c6\u1798\u17bd\u1799\u178a\u17be\u1798\u17d2\u1794\u17b8\u1780\u17c6\u178e\u178f\u17cb #MailFooter# \u17d4 ', <br/>, <br/>, ' \u17a2\u17d2\u1793\u1780\u17a2\u17b6\u1785\u1780\u17c6\u178e\u178f\u17cb\u1796\u17b6\u1780\u17d2\u1799\u179f\u1798\u17d2\u1784\u17b6\u178f\u17cb\u179a\u1794\u179f\u17cb\u17a2\u17d2\u1793\u1780\u17a1\u17be\u1784\u179c\u17b7\u1789\u178a\u17c4\u1799\u1785\u17bb\u1785\u178f\u17c6\u178e\u1781\u17b6\u1784\u1780\u17d2\u179a\u17c4\u1798: ', <br/>, <br/>, ' #NAME# ', <br/>, ' ', <br/>, ' ', <span>\u1794\u17d2\u179a\u179f\u17b7\u1793\u1794\u17be\u17a2\u17d2\u1793\u1780\u1798\u17b7\u1793\u17a2\u17be\u1796\u17be\u179f\u17b6\u179a\u1793\u17c1\u17c7\u1791\u17c1\u1796\u17b6\u1780\u17d2\u1799\u179f\u1798\u17d2\u1784\u17b6\u178f\u17cb\u179a\u1794\u179f\u17cb\u17a2\u17d2\u1793\u1780\u1793\u17b9\u1784\u1798\u17b7\u1793\u178f\u17d2\u179a\u17bc\u179c\u1794\u17b6\u1793\u1795\u17d2\u179b\u17b6\u179f\u17cb\u1794\u17d2\u178f\u17bc\u179a\u1791\u17c1\u17d4 \u1794\u17d2\u179a\u179f\u17b7\u1793\u1794\u17be\u17a2\u17d2\u1793\u1780\u1798\u17b7\u1793\u1794\u17b6\u1793\u179f\u17d2\u1793\u17be\u179f\u17bb\u17c6\u1780\u17b6\u179a\u1780\u17c6\u178e\u178f\u17cb\u1796\u17b6\u1780\u17d2\u1799\u179f\u1798\u17d2\u1784\u17b6\u178f\u17cb\u179f\u17bc\u1798\u17b1\u17d2\u1799\u1799\u17be\u1784\u178a\u17b9\u1784\u17d4 <br/> <br/> \u179f\u17bc\u1798\u17a2\u179a\u1782\u17bb\u178e! <br/> #MailFooter# <br/> <br/><br/><br/></span>]"}, {"language": "BN", "subject": "\u09aa\u09be\u09b8\u0993\u09af\u09bc\u09be\u09b0\u09cd\u09a1 \u09b0\u09bf\u09b8\u09c7\u099f \u0995\u09b0\u09c1\u09a8", "body": "[' \u09aa\u09cd\u09b0\u09bf\u09af\u09bc #NAME# , ', <br/>, <br/>, ' \u0986\u09aa\u09a8\u09be\u09b0 #MailFooter# \u09aa\u09be\u09b8\u0993\u09af\u09bc\u09be\u09b0\u09cd\u09a1 \u09b0\u09bf\u09b8\u09c7\u099f \u0995\u09b0\u09be\u09b0 \u099c\u09a8\u09cd\u09af \u0986\u09ae\u09b0\u09be \u098f\u0995\u099f\u09bf \u0985\u09a8\u09c1\u09b0\u09cb\u09a7 \u09aa\u09c7\u09af\u09bc\u09c7\u099b\u09bf\u0964 ', <br/>, <br/>, ' \u0986\u09aa\u09a8\u09bf \u09a8\u09c0\u099a\u09c7\u09b0 \u09b2\u09bf\u0999\u09cd\u0995\u09c7 \u0995\u09cd\u09b2\u09bf\u0995 \u0995\u09b0\u09c7 \u0986\u09aa\u09a8\u09be\u09b0 \u09aa\u09be\u09b8\u0993\u09af\u09bc\u09be\u09b0\u09cd\u09a1 \u09aa\u09c1\u09a8\u09b0\u09be\u09af\u09bc \u09b8\u09c7\u099f \u0995\u09b0\u09a4\u09c7 \u09aa\u09be\u09b0\u09c7\u09a8: ', <br/>, <br/>, ' #NAME# ', <br/>, ' ', <br/>, ' ', <span>\u0986\u09aa\u09a8\u09bf \u09af\u09a6\u09bf \u098f\u0987 \u09ac\u09be\u09b0\u09cd\u09a4\u09be\u099f\u09bf \u0989\u09aa\u09c7\u0995\u09cd\u09b7\u09be \u0995\u09b0\u09c7\u09a8 \u09a4\u09ac\u09c7 \u0986\u09aa\u09a8\u09be\u09b0 \u09aa\u09be\u09b8\u0993\u09af\u09bc\u09be\u09b0\u09cd\u09a1 \u09aa\u09b0\u09bf\u09ac\u09b0\u09cd\u09a4\u09a8 \u09b9\u09ac\u09c7 \u09a8\u09be\u0964 \u0986\u09aa\u09a8\u09bf \u09af\u09a6\u09bf \u09aa\u09be\u09b8\u0993\u09af\u09bc\u09be\u09b0\u09cd\u09a1 \u09b0\u09bf\u09b8\u09c7\u099f \u0985\u09a8\u09c1\u09b0\u09cb\u09a7 \u09a8\u09be \u0995\u09b0\u09c7 \u09a5\u09be\u0995\u09c7\u09a8, \u09a4\u09be\u09b9\u09b2\u09c7 \u0986\u09ae\u09be\u09a6\u09c7\u09b0 \u099c\u09be\u09a8\u09be\u09a8\u0964 <br/> <br/> \u09a7\u09a8\u09cd\u09af\u09ac\u09be\u09a6! <br/> #MailFooter# <br/> <br/><br/><br/></span>]"}, {"language": "JA", "subject": "\u30d1\u30b9\u30ef\u30fc\u30c9\u3092\u518d\u8a2d\u5b9a\u3059\u308b", "body": "[' #NAME# ', <br/>, <br/>, ' #MailFooter#\u30d1\u30b9\u30ef\u30fc\u30c9\u3092\u518d\u8a2d\u5b9a\u3059\u308b\u3088\u3046\u8981\u6c42\u3055\u308c\u307e\u3057\u305f\u3002 ', <br/>, <br/>, '\u4e0b\u306e\u30ea\u30f3\u30af\u3092\u30af\u30ea\u30c3\u30af\u3057\u3066\u30d1\u30b9\u30ef\u30fc\u30c9\u3092\u518d\u8a2d\u5b9a\u3067\u304d\u307e\u3059\u3002 ', <br/>, <br/>, ' #NAME# ', <br/>, ' ', <br/>, ' ', <span>\u3053\u306e\u30e1\u30c3\u30bb\u30fc\u30b8\u3092\u7121\u8996\u3057\u3066\u3082\u3001\u30d1\u30b9\u30ef\u30fc\u30c9\u306f\u5909\u66f4\u3055\u308c\u307e\u305b\u3093\u3002\u30d1\u30b9\u30ef\u30fc\u30c9\u306e\u518d\u8a2d\u5b9a\u3092\u30ea\u30af\u30a8\u30b9\u30c8\u3057\u3066\u3044\u306a\u3044\u5834\u5408\u306f\u3001\u304a\u77e5\u3089\u305b\u304f\u3060\u3055\u3044\u3002 <br/> <br/>\u3042\u308a\u304c\u3068\u3046\u3054\u3056\u3044\u307e\u3059\u3002 <br/> #MailFooter# <br/> <br/><br/><br/></span>]"}, {"language": "KO", "subject": "\uc554\ud638\ub97c \uc7ac\uc124\uc815", "body": "[' #NAME# , ', <br/>, <br/>, ' #MailFooter# \uc554\ud638\ub97c \uc7ac\uc124\uc815\ud558\ub77c\ub294 \uc694\uccad\uc774 #MailFooter# . ', <br/>, <br/>, ' \uc544\ub798 \ub9c1\ud06c\ub97c \ud074\ub9ad\ud558\uc5ec \ube44\ubc00\ubc88\ud638\ub97c \uc7ac\uc124\uc815 \ud560 \uc218 \uc788\uc2b5\ub2c8\ub2e4. ', <br/>, <br/>, ' #NAME# ', <br/>, ' ', <br/>, ' ', <span>\uc774 \uba54\uc2dc\uc9c0\ub97c \ubb34\uc2dc\ud558\uba74 \uc554\ud638\uac00 \ubcc0\uacbd\ub418\uc9c0 \uc54a\uc2b5\ub2c8\ub2e4. \ube44\ubc00\ubc88\ud638 \uc7ac\uc124\uc815\uc744 \uc694\uccad\ud558\uc9c0 \uc54a\uc740 \uacbd\uc6b0 \uc800\ud76c\uc5d0\uac8c \uc54c\ub824\uc8fc\uc2ed\uc2dc\uc624. <br/> <br/> \uac10\uc0ac! <br/> #MailFooter# <br/> <br/><br/><br/></span>]"}, {"language": "YO", "subject": "Tunto \u1eccr\u1ecdigbaniw\u1ecdle", "body": "[' Eyin #NAME# , ', <br/>, <br/>, ' A ni ibere lati tun atunto \u1ecdr\u1ecd #MailFooter# sii. ', <br/>, <br/>, ' O le tun \u1ecdr\u1ecd igbaniw\u1ecdle r\u1eb9 pada nipa tit\u1eb9 si \u1ecdna asop\u1ecd ni isal\u1eb9: ', <br/>, <br/>, ' #NAME# ', <br/>, ' ', <br/>, ' ', <span>Ti o ba foju ifiran\u1e63\u1eb9 yii, \u1ecdr\u1ecd igbaniw\u1ecdle r\u1eb9 ko ni yipada. Ti o ko ba beere fun atun\u1e63e a\u1e63\u00edn\u00e0, j\u1eb9 ki a m\u1ecd. <br/> <br/> O \u1e63eun! <br/> #MailFooter# <br/> <br/><br/><br/></span>]"}, {"language": "TR", "subject": "\u015eifreyi yenile", "body": "[' Sevgili #NAME# , ', <br/>, <br/>, ' #MailFooter# \u015fifrenizi s\u0131f\u0131rlama #MailFooter# . ', <br/>, <br/>, ' A\u015fa\u011f\u0131daki linke t\u0131klayarak \u015fifrenizi s\u0131f\u0131rlayabilirsiniz: ', <br/>, <br/>, ' #NAME# ', <br/>, ' ', <br/>, ' ', <span>Bu mesaj\u0131 yoksay\u0131rsan\u0131z, \u015fifreniz de\u011fi\u015fmeyecektir. Parola s\u0131f\u0131rlama iste\u011finde bulunmad\u0131ysan\u0131z, bize bildirin. <br/> <br/> Te\u015fekk\u00fcrler! <br/> #MailFooter# <br/> <br/><br/><br/></span>]"}, {"language": "RU", "subject": "\u0421\u0431\u0440\u043e\u0441 \u043f\u0430\u0440\u043e\u043b\u044f", "body": "[' \u0423\u0432\u0430\u0436\u0430\u0435\u043c\u044b\u0439 #NAME# , ', <br/>, <br/>, ' \u041c\u044b \u043f\u043e\u043b\u0443\u0447\u0438\u043b\u0438 \u0437\u0430\u043f\u0440\u043e\u0441 \u043d\u0430 \u0441\u0431\u0440\u043e\u0441 \u0432\u0430\u0448\u0435\u0433\u043e \u043f\u0430\u0440\u043e\u043b\u044f #MailFooter# . ', <br/>, <br/>, ' \u0412\u044b \u043c\u043e\u0436\u0435\u0442\u0435 \u0441\u0431\u0440\u043e\u0441\u0438\u0442\u044c \u043f\u0430\u0440\u043e\u043b\u044c, \u043d\u0430\u0436\u0430\u0432 \u043d\u0430 \u0441\u0441\u044b\u043b\u043a\u0443 \u043d\u0438\u0436\u0435: ', <br/>, <br/>, ' #NAME# ', <br/>, ' ', <br/>, ' ', <span>\u0415\u0441\u043b\u0438 \u0432\u044b \u043f\u0440\u043e\u0438\u0433\u043d\u043e\u0440\u0438\u0440\u0443\u0435\u0442\u0435 \u044d\u0442\u043e \u0441\u043e\u043e\u0431\u0449\u0435\u043d\u0438\u0435, \u0432\u0430\u0448 \u043f\u0430\u0440\u043e\u043b\u044c \u043d\u0435 \u0431\u0443\u0434\u0435\u0442 \u0438\u0437\u043c\u0435\u043d\u0435\u043d. \u0415\u0441\u043b\u0438 \u0432\u044b \u043d\u0435 \u0437\u0430\u043f\u0440\u0430\u0448\u0438\u0432\u0430\u043b\u0438 \u0441\u0431\u0440\u043e\u0441 \u043f\u0430\u0440\u043e\u043b\u044f, \u0441\u043e\u043e\u0431\u0449\u0438\u0442\u0435 \u043d\u0430\u043c. <br/> <br/> \u0421\u043f\u0430\u0441\u0438\u0431\u043e! <br/> #MailFooter# <br/> <br/><br/><br/></span>]"}, {"language": "FA", "subject": "\u0628\u0627\u0632\u0646\u0634\u0627\u0646\u06cc \u06af\u0630\u0631\u0648\u0627\u0698\u0647", "body": "[' \u0639\u0632\u06cc\u0632 #NAME# ', <br/>, <br/>, ' \u0645\u0627 \u06cc\u06a9 \u062f\u0631\u062e\u0648\u0627\u0633\u062a \u0628\u0631\u0627\u06cc \u0628\u0627\u0632\u0646\u0634\u0627\u0646\u06cc #MailFooter# \u0631\u0645\u0632 \u0639\u0628\u0648\u0631 \u062e\u0648\u062f \u062f\u0627\u0631\u06cc\u0645. ', <br/>, <br/>, ' \u0634\u0645\u0627 \u0645\u06cc \u062a\u0648\u0627\u0646\u06cc\u062f \u0628\u0627 \u06a9\u0644\u06cc\u06a9 \u0631\u0648\u06cc \u0644\u06cc\u0646\u06a9 \u0632\u06cc\u0631\u060c \u0631\u0645\u0632 \u0639\u0628\u0648\u0631 \u062e\u0648\u062f \u0631\u0627 \u0628\u0627\u0632\u0646\u0634\u0627\u0646\u06cc \u06a9\u0646\u06cc\u062f: ', <br/>, <br/>, ' #NAME# ', <br/>, ' ', <br/>, ' ', <span>\u0627\u06af\u0631 \u0627\u06cc\u0646 \u067e\u06cc\u0627\u0645 \u0631\u0627 \u0646\u0627\u062f\u06cc\u062f\u0647 \u0628\u06af\u06cc\u0631\u06cc\u062f\u060c \u06af\u0630\u0631\u0648\u0627\u0698\u0647 \u0634\u0645\u0627 \u062a\u063a\u06cc\u06cc\u0631 \u0646\u062e\u0648\u0627\u0647\u062f \u06a9\u0631\u062f. \u0627\u06af\u0631 \u0627\u0632 \u062a\u0646\u0638\u06cc\u0645 \u0645\u062c\u062f\u062f \u0631\u0645\u0632 \u0639\u0628\u0648\u0631 \u062f\u0631\u062e\u0648\u0627\u0633\u062a \u0646\u06a9\u0631\u062f\u06cc\u062f\u060c \u0628\u0647 \u0645\u0627 \u0627\u0637\u0644\u0627\u0639 \u062f\u0647\u06cc\u062f. <br/> <br/> \u0628\u0627 \u062a\u0634\u06a9\u0631! <br/> #MailFooter# <br/> <br/><br/><br/></span>]"}, {"language": "MY", "subject": "\u101c\u103b\u103e\u102d\u102f\u1037\u101d\u103e\u1010\u103a\u1014\u1036\u1015\u102b\u1010\u103a\u1021\u102c\u1038\u1019\u1030\u101c\u1021\u1010\u102d\u102f\u1004\u103a\u1038\u1015\u103c\u1014\u103a\u101c\u102f\u1015\u103a\u101e\u100a\u103a", "body": "[' \u1001\u103b\u1005\u103a\u1001\u1004\u103a\u101b\u1015\u102b\u101e\u1031\u102c #NAME# , ', <br/>, <br/>, ' \u1004\u102b\u1010\u102d\u102f\u1037\u101e\u100a\u103a\u101e\u1004\u103a\u1010\u102d\u102f\u1037\u104f reset \u101b\u1014\u103a\u1010\u1031\u102c\u1004\u103a\u1038\u1006\u102d\u102f\u1019\u103e\u102f\u1000\u102d\u102f\u1010\u101a\u103a #MailFooter# password \u1000\u102d\u102f\u104b ', <br/>, <br/>, ' \u101e\u1004\u103b\u101e\u100a\u103b\u1021\u1031\u102c\u1000\u103a\u1000 link \u1000\u102d\u102f\u1014\u103e\u102d\u1015\u103a\u1001\u103c\u1004\u103a\u1038\u1021\u102c\u1038\u1016\u103c\u1004\u103a\u1037\u101e\u1004\u103a\u1037\u101b\u1032\u1037\u1005\u1000\u102c\u1038\u101d\u103e\u1000\u103a\u1000\u102d\u102f reset \u1014\u102d\u102f\u1004\u103a\u101e\u100a\u103a ', <br/>, <br/>, ' #NAME# ', <br/>, ' ', <br/>, ' ', <span>\u101e\u1004\u103a\u1024\u101e\u1010\u1004\u103a\u1038\u1005\u1000\u102c\u1038\u1000\u102d\u102f\u101c\u103b\u1005\u103a\u101c\u103b\u1030\u101b\u103e\u102f\u1015\u102b\u1000, \u101e\u1004\u103a\u1037\u101b\u1032\u1037\u1005\u1000\u102c\u1038\u101d\u103e\u1000\u103a\u1000\u102d\u102f\u1015\u103c\u1031\u102c\u1004\u103a\u1038\u101c\u1032\u101e\u103d\u102c\u1038\u1019\u100a\u103a\u1019\u101f\u102f\u1010\u103a\u1015\u102b\u104b \u101e\u1004\u103a\u1010\u1005\u103a\u1025\u102e\u1038\u1005\u1000\u102c\u1038\u101d\u103e\u1000\u103a\u1015\u103c\u1014\u103a\u100a\u103e\u102d\u1019\u1010\u1031\u102c\u1004\u103a\u1038\u1001\u1032\u1037\u1018\u1030\u1038\u1006\u102d\u102f\u101c\u103b\u103e\u1004\u103a, \u1000\u103b\u103d\u1014\u103a\u1010\u1031\u102c\u103a\u1010\u102d\u102f\u1037\u1000\u102d\u102f\u1021\u101e\u102d\u1015\u1031\u1038\u1015\u102b\u104b <br/> <br/> \u1000\u103b\u1031\u1038\u1007\u1030\u1038\u1010\u1004\u103a\u1015\u102b\u1010\u101a\u103a! <br/> #MailFooter# <br/> <br/><br/><br/></span>]"}, {"language": "HI", "subject": "\u092a\u093e\u0938\u0935\u0930\u094d\u0921 \u0930\u0940\u0938\u0947\u091f", "body": "[' \u092a\u094d\u0930\u093f\u092f #NAME# , ', <br/>, <br/>, ' \u0939\u092e\u0947\u0902 \u0906\u092a\u0915\u093e #MailFooter# \u092a\u093e\u0938\u0935\u0930\u094d\u0921 \u0930\u0940\u0938\u0947\u091f \u0915\u0930\u0928\u0947 \u0915\u093e \u0905\u0928\u0941\u0930\u094b\u0927 \u092e\u093f\u0932\u093e\u0964 ', <br/>, <br/>, ' \u0906\u092a \u0928\u0940\u091a\u0947 \u0926\u093f\u090f \u0917\u090f \u0932\u093f\u0902\u0915 \u092a\u0930 \u0915\u094d\u0932\u093f\u0915 \u0915\u0930\u0915\u0947 \u0905\u092a\u0928\u093e \u092a\u093e\u0938\u0935\u0930\u094d\u0921 \u0930\u0940\u0938\u0947\u091f \u0915\u0930 \u0938\u0915\u0924\u0947 \u0939\u0948\u0902: ', <br/>, <br/>, ' #NAME# ', <br/>, ' ', <br/>, ' ', <span>\u092f\u0926\u093f \u0906\u092a \u0907\u0938 \u0938\u0902\u0926\u0947\u0936 \u0915\u094b \u0905\u0928\u0926\u0947\u0916\u093e \u0915\u0930\u0924\u0947 \u0939\u0948\u0902, \u0924\u094b \u0906\u092a\u0915\u093e \u092a\u093e\u0938\u0935\u0930\u094d\u0921 \u0928\u0939\u0940\u0902 \u092c\u0926\u0932\u093e \u091c\u093e\u090f\u0917\u093e\u0964 \u092f\u0926\u093f \u0906\u092a\u0928\u0947 \u092a\u093e\u0938\u0935\u0930\u094d\u0921 \u0930\u0940\u0938\u0947\u091f \u0915\u093e \u0905\u0928\u0941\u0930\u094b\u0927 \u0928\u0939\u0940\u0902 \u0915\u093f\u092f\u093e \u0939\u0948, \u0924\u094b \u0939\u092e\u0947\u0902 \u092c\u0924\u093e\u090f\u0902\u0964 <br/> <br/> \u0927\u0928\u094d\u092f\u0935\u093e\u0926! <br/> #MailFooter# <br/> <br/><br/><br/></span>]"}, {"language": "IW", "subject": "\u05dc\u05d0\u05e4\u05e1 \u05d0\u05ea \u05d4\u05e1\u05d9\u05e1\u05de\u05d4", "body": "[' \u05e9\u05dc\u05d5\u05dd #NAME# , ', <br/>, <br/>, ' \u05e7\u05d9\u05d1\u05dc\u05e0\u05d5 \u05d1\u05e7\u05e9\u05d4 \u05dc\u05d0\u05e4\u05e1 \u05d0\u05ea #MailFooter# \u05e9\u05dc\u05da. ', <br/>, <br/>, ' \u05ea\u05d5\u05db\u05dc \u05dc\u05d0\u05e4\u05e1 \u05d0\u05ea \u05d4\u05e1\u05d9\u05e1\u05de\u05d4 \u05e9\u05dc\u05da \u05e2\u05dc \u05d9\u05d3\u05d9 \u05dc\u05d7\u05d9\u05e6\u05d4 \u05e2\u05dc \u05d4\u05e7\u05d9\u05e9\u05d5\u05e8 \u05d4\u05d1\u05d0: ', <br/>, <br/>, ' #NAME# ', <br/>, ' ', <br/>, ' ', <span>\u05d0\u05dd \u05ea\u05ea\u05e2\u05dc\u05dd \u05de\u05d4\u05d5\u05d3\u05e2\u05d4 \u05d6\u05d5, \u05d4\u05e1\u05d9\u05e1\u05de\u05d4 \u05dc\u05d0 \u05ea\u05e9\u05ea\u05e0\u05d4. \u05d0\u05dd \u05dc\u05d0 \u05d1\u05d9\u05e7\u05e9\u05ea \u05d0\u05d9\u05e4\u05d5\u05e1 \u05e1\u05d9\u05e1\u05de\u05d4, \u05d4\u05d5\u05d3\u05e2 \u05dc\u05e0\u05d5 \u05e2\u05dc \u05db\u05da. <br/> <br/> \u05ea\u05d5\u05d3\u05d4! <br/> #MailFooter# <br/> <br/><br/><br/></span>]"}, {"language": "FR", "subject": "r\u00e9initialiser le mot de passe", "body": "[' Cher #NAME# , ', <br/>, <br/>, ' Nous avons re\u00e7u une demande de r\u00e9initialisation de votre mot de passe #MailFooter# . ', <br/>, <br/>, ' Vous pouvez r\u00e9initialiser votre mot de passe en cliquant sur le lien ci-dessous: ', <br/>, <br/>, ' #NAME# ', <br/>, ' ', <br/>, ' ', <span>Si vous ignorez ce message, votre mot de passe ne sera pas modifi\u00e9. Si vous n'avez pas demand\u00e9 de r\u00e9initialisation de mot de passe, veuillez nous en informer. <br/> <br/> Merci! <br/> #MailFooter# <br/> <br/><br/><br/></span>]"}, {"language": "DA", "subject": "Nulstille kodeord", "body": "[' K\u00e6re #NAME# , ', <br/>, <br/>, ' Vi har anmodet om at nulstille din #MailFooter# adgangskode. ', <br/>, <br/>, ' Du kan nulstille dit kodeord ved at klikke p\u00e5 linket herunder: ', <br/>, <br/>, ' #NAME# ', <br/>, ' ', <br/>, ' ', <span>Hvis du ignorerer denne besked, bliver dit kodeord ikke \u00e6ndret. Hvis du ikke har bedt om en nulstilling af adgangskode, skal du kontakte os. <br/> <br/> Tak! <br/> #MailFooter# <br/> <br/><br/><br/></span>]"}]}