{"purpose": "Notify user for password request", "templates": [{"language": "AF", "subject": "Wagwoord Versoek", "body": "[' Liewe #Name# , ', <br/>, <br/>, ' Hieronder is die verlangde e-pos en die wagwoord. ', <br/>, <br/>, ' E-pos: #Email# ', <br/>, ' Wagwoord: #Password# ', <br/>, <br/>, \" Ons sien uit na 'n lang assosiasie met u. \", <br/>, <br/>, ' Dankie! ', <br/>, <br/>, ' #MailFooter#']"}, {"language": "EN", "subject": "Password Request", "body": "[' Dear #Name#, ', <br/>, <br/>, 'Below is the requested email and the password. ', <br/>, <br/>, 'Email: #Email# ', <br/>, 'Password: #Password# ', <br/>, <br/>, 'We look forward to a long association with you. ', <br/>, <br/>, 'Thanks! ', <br/>, <br/>, ' #MailFooter#']"}, {"language": "TH", "subject": "\u0e02\u0e2d\u0e23\u0e2b\u0e31\u0e2a\u0e1c\u0e48\u0e32\u0e19", "body": "[' \u0e40\u0e23\u0e35\u0e22\u0e19 #Name# , ', <br/>, <br/>, ' \u0e14\u0e49\u0e32\u0e19\u0e25\u0e48\u0e32\u0e07\u0e19\u0e35\u0e49\u0e40\u0e1b\u0e47\u0e19\u0e2d\u0e35\u0e40\u0e21\u0e25\u0e17\u0e35\u0e48\u0e02\u0e2d\u0e41\u0e25\u0e30\u0e23\u0e2b\u0e31\u0e2a\u0e1c\u0e48\u0e32\u0e19 ', <br/>, <br/>, ' \u0e2d\u0e35\u0e40\u0e21\u0e25: #Email# ', <br/>, ' \u0e23\u0e2b\u0e31\u0e2a\u0e1c\u0e48\u0e32\u0e19: #Password# ', <br/>, <br/>, ' \u0e40\u0e23\u0e32\u0e2b\u0e27\u0e31\u0e07\u0e27\u0e48\u0e32\u0e08\u0e30\u0e21\u0e35\u0e04\u0e27\u0e32\u0e21\u0e2a\u0e31\u0e21\u0e1e\u0e31\u0e19\u0e18\u0e4c\u0e17\u0e35\u0e48\u0e22\u0e32\u0e27\u0e19\u0e32\u0e19\u0e01\u0e31\u0e1a\u0e04\u0e38\u0e13 ', <br/>, <br/>, ' \u0e02\u0e2d\u0e1a\u0e04\u0e38\u0e13! ', <br/>, <br/>, ' #MailFooter#']"}, {"language": "ID", "subject": "Permintaan Kata Sandi", "body": "[' Dear #Name# , ', <br/>, <br/>, ' Di bawah ini adalah email dan kata sandi yang diminta. ', <br/>, <br/>, ' Email: #Email# ', <br/>, ' Kata Sandi: #Password# ', <br/>, <br/>, ' Kami menantikan hubungan yang panjang dengan Anda. ', <br/>, <br/>, ' Terima kasih! ', <br/>, <br/>, ' #MailFooter#']"}, {"language": "DE", "subject": "Passwortanfrage", "body": "[' Lieber #Name# , ', <br/>, <br/>, ' Unten finden Sie die angeforderte E-Mail und das Passwort. ', <br/>, <br/>, ' E-Mail: #Email# ', <br/>, ' Passwort: #Password# ', <br/>, <br/>, ' Wir freuen uns auf eine lange Zusammenarbeit mit Ihnen. ', <br/>, <br/>, ' Vielen Dank! ', <br/>, <br/>, ' #MailFooter#']"}, {"language": "ES", "subject": "Solicitud de contrase\u00f1a", "body": "[' Estimado #Name# , ', <br/>, <br/>, ' A continuaci\u00f3n se muestra el correo electr\u00f3nico solicitado y la contrase\u00f1a. ', <br/>, <br/>, ' Correo electr\u00f3nico: #Email# ', <br/>, ' Contrase\u00f1a: #Password# ', <br/>, <br/>, ' Esperamos una larga asociaci\u00f3n con usted. ', <br/>, <br/>, ' \u00a1Gracias! ', <br/>, <br/>, ' #MailFooter#']"}, {"language": "IT", "subject": "Richiesta password", "body": "[' Caro #Name# , ', <br/>, <br/>, \" Di seguito l'email richiesta e la password. \", <br/>, <br/>, ' Email: #Email# ', <br/>, ' Password: #Password# ', <br/>, <br/>, \" Non vediamo l'ora di una lunga collaborazione con voi. \", <br/>, <br/>, ' Grazie! ', <br/>, <br/>, ' #MailFooter#']"}, {"language": "AR", "subject": "\u0637\u0644\u0628 \u0643\u0644\u0645\u0629 \u0627\u0644\u0645\u0631\u0648\u0631", "body": "[' \u0639\u0632\u064a\u0632\u064a #Name# \u060c ', <br/>, <br/>, ' \u0623\u062f\u0646\u0627\u0647 \u0647\u0648 \u0627\u0644\u0628\u0631\u064a\u062f \u0627\u0644\u0625\u0644\u0643\u062a\u0631\u0648\u0646\u064a \u0648\u0643\u0644\u0645\u0629 \u0627\u0644\u0645\u0631\u0648\u0631 \u0627\u0644\u0645\u0637\u0644\u0648\u0628\u0629. ', <br/>, <br/>, ' \u0627\u0644\u0628\u0631\u064a\u062f \u0627\u0644\u0625\u0644\u0643\u062a\u0631\u0648\u0646\u064a: #Email# ', <br/>, ' \u0643\u0644\u0645\u0629 \u0627\u0644\u0645\u0631\u0648\u0631: #Password# ', <br/>, <br/>, ' \u0648\u0646\u062d\u0646 \u0646\u062a\u0637\u0644\u0639 \u0625\u0644\u0649 \u0639\u0644\u0627\u0642\u0629 \u0637\u0648\u064a\u0644\u0629 \u0645\u0639\u0643. ', <br/>, <br/>, ' \u0634\u0643\u0631! ', <br/>, <br/>, ' #MailFooter#']"}, {"language": "UR", "subject": "\u067e\u0627\u0633 \u0648\u0631\u0688 \u06a9\u06cc \u062f\u0631\u062e\u0648\u0627\u0633\u062a", "body": "[' \u0639\u0632\u06cc\u0632 #Name# \u060c ', <br/>, <br/>, ' \u0645\u0646\u062f\u0631\u062c\u06c1 \u0630\u06cc\u0644 \u0627\u06cc \u0645\u06cc\u0644 \u0627\u0648\u0631 \u067e\u0627\u0633\u0648\u0631\u0688 \u06c1\u06d2. ', <br/>, <br/>, ' \u0627\u06cc \u0645\u06cc\u0644: #Email# ', <br/>, ' \u067e\u0627\u0633 \u0648\u0631\u0688: #Password# ', <br/>, <br/>, ' \u06c1\u0645 \u0622\u067e \u06a9\u06d2 \u0633\u0627\u062a\u06be \u0627\u06cc\u06a9 \u0637\u0648\u06cc\u0644 \u0627\u062f\u0627\u0631\u06d2 \u06a9\u06d2 \u0645\u0646\u062a\u0638\u0631 \u06c1\u06cc\u06ba. ', <br/>, <br/>, ' \u0634\u06a9\u0631\u06cc\u06c1! ', <br/>, <br/>, ' #MailFooter#']"}, {"language": "AZ", "subject": "Parol t\u0259l\u0259bi", "body": "[' H\u00f6rm\u0259tli #Name# , ', <br/>, <br/>, ' A\u015fa\u011f\u0131da ist\u0259nil\u0259n e-po\u00e7t v\u0259 parol daxildir. ', <br/>, <br/>, ' E-po\u00e7t: #Email# ', <br/>, ' \u015eifr\u0259: #Password# ', <br/>, <br/>, ' Biz sizinl\u0259 uzun bir \u0259laq\u0259 qurma\u011f\u0131 g\u00f6zl\u0259yirik. ', <br/>, <br/>, ' T\u0259\u015f\u0259kk\u00fcr edirik! ', <br/>, <br/>, ' #MailFooter#']"}, {"language": "ZH", "subject": "\u5bc6\u7801\u8bf7\u6c42", "body": "[' \u4eb2\u7231\u7684#Name# \uff0c ', <br/>, <br/>, '\u4ee5\u4e0b\u662f\u8bf7\u6c42\u7684\u7535\u5b50\u90ae\u4ef6\u548c\u5bc6\u7801\u3002 ', <br/>, <br/>, '\u7535\u90ae\uff1a #Email# ', <br/>, '\u5bc6\u7801\uff1a #Password# ', <br/>, <br/>, '\u6211\u4eec\u671f\u5f85\u4e0e\u60a8\u5efa\u7acb\u957f\u671f\u5408\u4f5c\u5173\u7cfb\u3002 ', <br/>, <br/>, '\u8c22\u8c22\uff01 ', <br/>, <br/>, ' #MailFooter#']"}, {"language": "PT", "subject": "Pedido de Senha", "body": "[' Dear #Name# , ', <br/>, <br/>, ' Abaixo est\u00e1 o email solicitado e a senha. ', <br/>, <br/>, ' Email: #Email# ', <br/>, ' Senha: #Password# ', <br/>, <br/>, ' Estamos ansiosos para uma longa associa\u00e7\u00e3o com voc\u00ea. ', <br/>, <br/>, ' Obrigado! ', <br/>, <br/>, ' #MailFooter#']"}, {"language": "ZU", "subject": "Isicelo sephasiwedi", "body": "[' #Name# elimangalisayo #Name# , ', <br/>, <br/>, ' Ngezansi i-imeyili eceliwe nephasiwedi. ', <br/>, <br/>, ' Imeyili: #Email# ', <br/>, ' Iphasiwedi: #Password# ', <br/>, <br/>, ' Sibheke phambili ukuxhumana okude nawe. ', <br/>, <br/>, ' Siyabonga! ', <br/>, <br/>, ' #MailFooter#']"}, {"language": "SW", "subject": "Ombi la siri", "body": "[' Mpendwa #Name# , ', <br/>, <br/>, ' Chini ni barua pepe iliyoombwa na nenosiri. ', <br/>, <br/>, ' Barua pepe: #Email# ', <br/>, ' Neno la siri: #Password# ', <br/>, <br/>, ' Tunatarajia kushirikiana na wewe kwa muda mrefu. ', <br/>, <br/>, ' Asante! ', <br/>, <br/>, ' #MailFooter#']"}, {"language": "KU", "subject": "Request Request", "body": "[' Bir\u00eaz #Name# , ', <br/>, <br/>, ' Bel\u00ea email \u00fb \u015f\u00eefreya daxwaza j\u00ear\u00een e. ', <br/>, <br/>, ' Email: #Email# ', <br/>, ' \u015e\u00eefre: #Password# ', <br/>, <br/>, ' Em li cem we bi hevpeymanek dir\u00eaj. ', <br/>, <br/>, ' Spas! ', <br/>, <br/>, ' #MailFooter#']"}, {"language": "MS", "subject": "Permintaan Kata Laluan", "body": "[' Dear #Name# , ', <br/>, <br/>, ' Berikut ialah e-mel yang diminta dan kata laluan. ', <br/>, <br/>, ' E-mel: #Email# ', <br/>, ' Kata Laluan: #Password# ', <br/>, <br/>, ' Kami menantikan hubungan panjang dengan anda. ', <br/>, <br/>, ' Terima kasih! ', <br/>, <br/>, ' #MailFooter#']"}, {"language": "SI", "subject": "\u0db8\u0dd4\u0dbb\u0db4\u0daf \u0d89\u0dbd\u0dca\u0dbd\u0dd3\u0db8", "body": "[' \u0d86\u0daf\u0dbb\u0dab\u0dd3\u0dba #Name# , ', <br/>, <br/>, ' \u0db4\u0dc4\u0dad \u0dc3\u0db3\u0dc4\u0db1\u0dca \u0d8a\u0db8\u0dda\u0dbd\u0dca \u0dc3\u0dc4 \u0db8\u0dd4\u0dbb\u0db4\u0daf\u0dba \u0db4\u0dc4\u0dad \u0daf\u0dd0\u0d9a\u0dca\u0dc0\u0dda. ', <br/>, <br/>, ' \u0dc0\u0dd2\u0daf\u0dca\u0dba\u0dd4\u0dad\u0dca \u0dad\u0dd0\u0db4\u0dd1\u0dbd: #Email# ', <br/>, ' \u0db8\u0dd4\u0dbb\u0db4\u0daf\u0dba: #Password# ', <br/>, <br/>, ' \u0d85\u0db4\u0dd2 \u0d94\u0db6 \u0dc3\u0db8\u0d9f \u0daf\u0dd2\u0d9c\u0dd4 \u0d9a\u0dcf\u0dbd\u0dd3\u0db1 \u0d87\u0dc3\u0dd4\u0dbb\u0dd4 \u0d9a\u0dd2\u0dbb\u0dd3\u0db8\u0d9a\u0dca \u0db6\u0dbd\u0dcf\u0db4\u0ddc\u0dbb\u0ddc\u0dad\u0dca\u0dad\u0dd4 \u0dc0\u0db1\u0dca\u0db1\u0dd9\u0db8\u0dd4. ', <br/>, <br/>, ' \u0dc3\u0dca\u0dad\u0dd6\u0dad\u0dd2\u0dba\u0dd2! ', <br/>, <br/>, ' #MailFooter#']"}, {"language": "TA", "subject": "\u0b95\u0b9f\u0bb5\u0bc1\u0b9a\u0bcd\u0b9a\u0bca\u0bb2\u0bcd \u0b95\u0bcb\u0bb0\u0bbf\u0b95\u0bcd\u0b95\u0bc8", "body": "[' \u0b85\u0ba9\u0bcd\u0baa\u0bc7 #Name# , ', <br/>, <br/>, ' \u0b95\u0bcb\u0bb0\u0bbf\u0baf \u0bae\u0bbf\u0ba9\u0bcd\u0ba9\u0b9e\u0bcd\u0b9a\u0bb2\u0bcd \u0bae\u0bb1\u0bcd\u0bb1\u0bc1\u0bae\u0bcd \u0b95\u0b9f\u0bb5\u0bc1\u0b9a\u0bcd\u0b9a\u0bca\u0bb2\u0bcd \u0b95\u0bc0\u0bb4\u0bc7 \u0b89\u0bb3\u0bcd\u0bb3\u0ba4\u0bc1. ', <br/>, <br/>, ' \u0bae\u0bbf\u0ba9\u0bcd\u0ba9\u0b9e\u0bcd\u0b9a\u0bb2\u0bcd: #Email# ', <br/>, ' \u0b95\u0b9f\u0bb5\u0bc1\u0b9a\u0bcd\u0b9a\u0bca\u0bb2\u0bcd: #Password# ', <br/>, <br/>, ' \u0ba8\u0bbe\u0b99\u0bcd\u0b95\u0bb3\u0bcd \u0b89\u0b99\u0bcd\u0b95\u0bb3\u0bc1\u0b9f\u0ba9\u0bcd \u0ba8\u0bc0\u0ba3\u0bcd\u0b9f \u0b95\u0bbe\u0bb2\u0bae\u0bbe\u0b95\u0bb5\u0bc7 \u0b8e\u0ba4\u0bbf\u0bb0\u0bcd\u0ba8\u0bcb\u0b95\u0bcd\u0b95\u0bc1\u0b95\u0bbf\u0bb1\u0bcb\u0bae\u0bcd. ', <br/>, <br/>, ' \u0ba8\u0ba9\u0bcd\u0bb1\u0bbf! ', <br/>, <br/>, ' #MailFooter#']"}, {"language": "VI", "subject": "Y\u00eau c\u1ea7u m\u1eadt kh\u1ea9u", "body": "[' K\u00ednh g\u1eedi #Name# , ', <br/>, <br/>, ' D\u01b0\u1edbi \u0111\u00e2y l\u00e0 email y\u00eau c\u1ea7u v\u00e0 m\u1eadt kh\u1ea9u. ', <br/>, <br/>, ' Email: #Email# ', <br/>, ' M\u1eadt kh\u1ea9u: #Password# ', <br/>, <br/>, ' Ch\u00fang t\u00f4i mong mu\u1ed1n m\u1ed9t hi\u1ec7p h\u1ed9i l\u00e2u d\u00e0i v\u1edbi b\u1ea1n. ', <br/>, <br/>, ' C\u1ea3m \u01a1n! ', <br/>, <br/>, ' #MailFooter#']"}, {"language": "TL", "subject": "Kahilingan sa Password", "body": "[' Mahal #Name# , ', <br/>, <br/>, ' Nasa ibaba ang hiniling na email at ang password. ', <br/>, <br/>, ' Email: #Email# ', <br/>, ' Password: #Password# ', <br/>, <br/>, ' Inaasahan namin ang isang mahabang pakikisama sa iyo. ', <br/>, <br/>, ' Salamat! ', <br/>, <br/>, ' #MailFooter#']"}, {"language": "KM", "subject": "\u179f\u17c6\u178e\u17be\u1796\u17b6\u1780\u17d2\u1799\u179f\u1798\u17d2\u1784\u17b6\u178f\u17cb", "body": "[' \u1787\u17bc\u1793\u1785\u17c6\u1796\u17c4\u17c7 #Name# , ', <br/>, <br/>, ' \u1781\u17b6\u1784\u1780\u17d2\u179a\u17c4\u1798\u1782\u17ba\u1787\u17b6\u17a2\u17ca\u17b8\u1798\u17c2\u179b\u178a\u17c2\u179b\u1794\u17b6\u1793\u179f\u17d2\u1793\u17be\u1793\u17b7\u1784\u1796\u17b6\u1780\u17d2\u1799\u179f\u1798\u17d2\u1784\u17b6\u178f\u17cb\u17d4 ', <br/>, <br/>, ' \u17a2\u17ca\u17b8\u1798\u17c2\u179b: #Email# ', <br/>, ' \u1796\u17b6\u1780\u17d2\u1799\u179f\u1798\u17d2\u1784\u17b6\u178f\u17cb: #Password# ', <br/>, <br/>, ' \u1799\u17be\u1784\u1791\u1793\u17d2\u1791\u17b9\u1784\u179a\u1784\u17cb\u1785\u17b6\u17c6\u1791\u17c6\u1793\u17b6\u1780\u17cb\u1791\u17c6\u1793\u1784\u1799\u17bc\u179a\u1787\u17b6\u1798\u17bd\u1799\u17a2\u17d2\u1793\u1780\u17d4 ', <br/>, <br/>, ' \u179f\u17bc\u1798\u17a2\u179a\u1782\u17bb\u178e! ', <br/>, <br/>, ' #MailFooter#']"}, {"language": "BN", "subject": "\u09aa\u09be\u09b8\u0993\u09af\u09bc\u09be\u09b0\u09cd\u09a1 \u0985\u09a8\u09c1\u09b0\u09cb\u09a7", "body": "[' \u09aa\u09cd\u09b0\u09bf\u09af\u09bc #Name# ', <br/>, <br/>, ' \u09a8\u09bf\u099a\u09c7 \u0985\u09a8\u09c1\u09b0\u09cb\u09a7 \u0995\u09b0\u09be \u0987\u09ae\u09c7\u0987\u09b2 \u098f\u09ac\u0982 \u09aa\u09be\u09b8\u0993\u09af\u09bc\u09be\u09b0\u09cd\u09a1\u0964 ', <br/>, <br/>, ' \u0987\u09ae\u09c7\u0987\u09b2: #Email# ', <br/>, ' \u09aa\u09be\u09b8\u0993\u09af\u09bc\u09be\u09b0\u09cd\u09a1: #Password# ', <br/>, <br/>, ' \u0986\u09ae\u09b0\u09be \u0986\u09aa\u09a8\u09be\u09b0 \u09b8\u09be\u09a5\u09c7 \u098f\u0995\u099f\u09bf \u09a6\u09c0\u09b0\u09cd\u0998 \u09b8\u09ae\u09bf\u09a4\u09bf \u099c\u09a8\u09cd\u09af \u0989\u09a8\u09cd\u09ae\u09c1\u0996\u0964 ', <br/>, <br/>, ' \u09a7\u09a8\u09cd\u09af\u09ac\u09be\u09a6! ', <br/>, <br/>, ' #MailFooter#']"}, {"language": "JA", "subject": "\u30d1\u30b9\u30ef\u30fc\u30c9\u8981\u6c42", "body": "[' #Name# ', <br/>, <br/>, '\u4ee5\u4e0b\u306f\u3001\u8981\u6c42\u3055\u308c\u305fE\u30e1\u30fc\u30eb\u3068\u30d1\u30b9\u30ef\u30fc\u30c9\u3067\u3059\u3002 ', <br/>, <br/>, '\u30e1\u30fc\u30eb\u30a2\u30c9\u30ec\u30b9\uff1a #Email# ', <br/>, '\u30d1\u30b9\u30ef\u30fc\u30c9\uff1a #Password# ', <br/>, <br/>, '\u79c1\u305f\u3061\u306f\u3042\u306a\u305f\u3068\u306e\u9577\u3044\u4ed8\u304d\u5408\u3044\u3092\u697d\u3057\u307f\u306b\u3057\u3066\u3044\u307e\u3059\u3002 ', <br/>, <br/>, '\u3042\u308a\u304c\u3068\u3046\u3054\u3056\u3044\u307e\u3059\u3002 ', <br/>, <br/>, ' #MailFooter#']"}, {"language": "KO", "subject": "\ube44\ubc00\ubc88\ud638 \uc694\uccad", "body": "[' \uce5c\uc560\ud558\ub294 #Name# ', <br/>, <br/>, ' \uc544\ub798\ub294 \uc694\uccad\ud55c \uc774\uba54\uc77c\uacfc \ube44\ubc00\ubc88\ud638\uc785\ub2c8\ub2e4. ', <br/>, <br/>, ' \uc774\uba54\uc77c : #Email# ', <br/>, ' \ube44\ubc00\ubc88\ud638 : #Password# ', <br/>, <br/>, ' \uc6b0\ub9ac\ub294 \ub2f9\uc2e0\uacfc \uae34 \uad00\uacc4\ub97c \uae30\ub300\ud569\ub2c8\ub2e4. ', <br/>, <br/>, ' \uac10\uc0ac! ', <br/>, <br/>, ' #MailFooter#']"}, {"language": "YO", "subject": "Ibere fun \u1eccr\u1ecdigbaniw\u1ecdle", "body": "[' Eyin #Name# , ', <br/>, <br/>, ' Ni isal\u1eb9 ni imeeli ti a beere ati \u1ecdr\u1ecdigbaniw\u1ecdle. ', <br/>, <br/>, ' Imeeli: #Email# ', <br/>, ' \u1eccr\u1ecdigbaniw\u1ecdle: #Password# ', <br/>, <br/>, ' A ni ireti si ifarapo pip\u1eb9 p\u1eb9lu r\u1eb9. ', <br/>, <br/>, ' O \u1e63eun! ', <br/>, <br/>, ' #MailFooter#']"}, {"language": "TR", "subject": "\u015eifre \u0130ste\u011fi", "body": "[' Sevgili #Name# , ', <br/>, <br/>, ' \u0130stenilen e-posta adresi ve \u015fifre a\u015fa\u011f\u0131dad\u0131r. ', <br/>, <br/>, ' E-posta: #Email# ', <br/>, ' \u015eifre: #Password# ', <br/>, <br/>, ' Sizinle uzun bir ili\u015fki i\u00e7in sab\u0131rs\u0131zlan\u0131yoruz. ', <br/>, <br/>, ' Te\u015fekk\u00fcrler! ', <br/>, <br/>, ' #MailFooter#']"}, {"language": "RU", "subject": "\u0417\u0430\u043f\u0440\u043e\u0441 \u043f\u0430\u0440\u043e\u043b\u044f", "body": "[' \u0423\u0432\u0430\u0436\u0430\u0435\u043c\u044b\u0439 #Name# , ', <br/>, <br/>, ' \u041d\u0438\u0436\u0435 \u0437\u0430\u043f\u0440\u043e\u0448\u0435\u043d\u043d\u044b\u0439 \u0430\u0434\u0440\u0435\u0441 \u044d\u043b\u0435\u043a\u0442\u0440\u043e\u043d\u043d\u043e\u0439 \u043f\u043e\u0447\u0442\u044b \u0438 \u043f\u0430\u0440\u043e\u043b\u044c. ', <br/>, <br/>, ' Email: #Email# ', <br/>, ' \u041f\u0430\u0440\u043e\u043b\u044c: #Password# ', <br/>, <br/>, ' \u041c\u044b \u0440\u0430\u0441\u0441\u0447\u0438\u0442\u044b\u0432\u0430\u0435\u043c \u043d\u0430 \u0434\u043e\u043b\u0433\u0443\u044e \u0441\u0432\u044f\u0437\u044c \u0441 \u0432\u0430\u043c\u0438. ', <br/>, <br/>, ' \u0421\u043f\u0430\u0441\u0438\u0431\u043e! ', <br/>, <br/>, ' #MailFooter#']"}, {"language": "FA", "subject": "\u062f\u0631\u062e\u0648\u0627\u0633\u062a \u0631\u0645\u0632 \u0639\u0628\u0648\u0631", "body": "[' #Name# ', <br/>, <br/>, ' \u062f\u0631 \u0632\u06cc\u0631 \u0627\u06cc\u0645\u06cc\u0644 \u062f\u0631\u062e\u0648\u0627\u0633\u062a \u0634\u062f\u0647 \u0648 \u0631\u0645\u0632 \u0639\u0628\u0648\u0631 \u0627\u0633\u062a. ', <br/>, <br/>, ' \u0627\u06cc\u0645\u06cc\u0644: #Email# ', <br/>, ' \u0631\u0645\u0632 \u0639\u0628\u0648\u0631: #Password# ', <br/>, <br/>, ' \u0645\u0627 \u0645\u0646\u062a\u0638\u0631 \u06cc\u06a9 \u0627\u0631\u062a\u0628\u0627\u0637 \u0637\u0648\u0644\u0627\u0646\u06cc \u0628\u0627 \u0634\u0645\u0627 \u0647\u0633\u062a\u06cc\u0645. ', <br/>, <br/>, ' \u0628\u0627 \u062a\u0634\u06a9\u0631! ', <br/>, <br/>, ' #MailFooter#']"}, {"language": "MY", "subject": "Password \u1000\u102d\u102f\u1010\u1031\u102c\u1004\u103a\u1038\u1006\u102d\u102f\u1001\u103c\u1004\u103a\u1038", "body": "[' \u1001\u103b\u1005\u103a\u1001\u1004\u103a\u101b\u1015\u102b\u101e\u1031\u102c #Name# , ', <br/>, <br/>, ' \u1021\u1031\u102c\u1000\u103a\u1000\u1019\u1031\u1010\u1039\u1010\u102c\u101b\u1015\u103a\u1001\u1036\u1021\u102e\u1038\u1019\u1031\u1038\u101c\u103a\u1014\u103e\u1004\u103a\u1037\u1005\u1000\u102c\u1038\u101d\u103e\u1000\u103a\u1016\u103c\u1005\u103a\u1015\u102b\u1010\u101a\u103a\u104b ', <br/>, <br/>, ' \u1021\u102e\u1038\u1019\u1031\u1038\u101c\u103a: #Email# ', <br/>, ' \u1005\u1000\u102c\u1038\u101d\u103e\u1000\u103a: #Password# ', <br/>, <br/>, ' \u1004\u102b\u1010\u102d\u102f\u1037\u101e\u100a\u103a\u101e\u1004\u103a\u1010\u102d\u102f\u1037\u1014\u103e\u1004\u1037\u103a\u1021\u1010\u1030\u1000\u103c\u102c\u1019\u103c\u1004\u1037\u103a\u1005\u103d\u102c\u1021\u101e\u1004\u103a\u1038\u1021\u1016\u103d\u1032\u1037\u1019\u103b\u103e\u1031\u102c\u103a\u101c\u1004\u103a\u1037\u1014\u1031\u1015\u102b\u1010\u101a\u103a\u104b ', <br/>, <br/>, ' \u1000\u103b\u1031\u1038\u1007\u1030\u1038\u1010\u1004\u103a\u1015\u102b\u1010\u101a\u103a! ', <br/>, <br/>, ' #MailFooter#']"}, {"language": "HI", "subject": "\u092a\u093e\u0938\u0935\u0930\u094d\u0921 \u0915\u093e \u0905\u0928\u0941\u0930\u094b\u0927", "body": "[' \u092a\u094d\u0930\u093f\u092f #Name# , ', <br/>, <br/>, ' \u0928\u0940\u091a\u0947 \u0905\u0928\u0941\u0930\u094b\u0927\u093f\u0924 \u0908\u092e\u0947\u0932 \u0914\u0930 \u092a\u093e\u0938\u0935\u0930\u094d\u0921 \u0939\u0948\u0964 ', <br/>, <br/>, ' \u0908\u092e\u0947\u0932: #Email# ', <br/>, ' \u092a\u093e\u0938\u0935\u0930\u094d\u0921: #Password# ', <br/>, <br/>, ' \u0939\u092e \u0906\u092a\u0915\u0947 \u0938\u093e\u0925 \u090f\u0915 \u0932\u0902\u092c\u0947 \u0938\u0939\u092f\u094b\u0917 \u0915\u0940 \u0906\u0936\u093e \u0915\u0930\u0924\u0947 \u0939\u0948\u0902 ', <br/>, <br/>, ' \u0927\u0928\u094d\u092f\u0935\u093e\u0926! ', <br/>, <br/>, ' #MailFooter#']"}, {"language": "IW", "subject": "\u05d1\u05e7\u05e9\u05d4 \u05dc\u05e1\u05d9\u05e1\u05de\u05d4", "body": "[' \u05d4\u05d9\u05e7\u05e8 #Name# , ', <br/>, <br/>, ' \u05dc\u05d4\u05dc\u05df \u05d4\u05d0\u05d9\u05de\u05d9\u05d9\u05dc \u05d4\u05de\u05d1\u05d5\u05e7\u05e9 \u05d5\u05d4\u05e1\u05d9\u05e1\u05de\u05d4. ', <br/>, <br/>, ' \u05d3\u05d5\u05d0\"\u05dc: #Email# ', <br/>, ' \u05e1\u05d9\u05e1\u05de\u05d4: #Password# ', <br/>, <br/>, ' \u05d0\u05e0\u05d5 \u05de\u05e6\u05e4\u05d9\u05dd \u05dc\u05e9\u05d9\u05ea\u05d5\u05e3 \u05d0\u05e8\u05d5\u05da \u05d0\u05d9\u05ea\u05da. ', <br/>, <br/>, ' \u05ea\u05d5\u05d3\u05d4! ', <br/>, <br/>, ' #MailFooter#']"}, {"language": "FR", "subject": "Demande de mot de passe", "body": "[' Cher #Name# , ', <br/>, <br/>, \" Vous trouverez ci-dessous l'adresse email et le mot de passe demand\u00e9s. \", <br/>, <br/>, ' Email: #Email# ', <br/>, ' Mot de passe: #Password# ', <br/>, <br/>, ' Nous attendons avec impatience une longue association avec vous. ', <br/>, <br/>, ' Merci! ', <br/>, <br/>, ' #MailFooter#']"}, {"language": "DA", "subject": "Adgangskodeanmodning", "body": "[' K\u00e6re #Name# , ', <br/>, <br/>, ' Nedenfor er den \u00f8nskede email og adgangskode. ', <br/>, <br/>, ' Email: #Email# ', <br/>, ' Adgangskode: #Password# ', <br/>, <br/>, ' Vi ser frem til en lang forening med dig. ', <br/>, <br/>, ' Tak! ', <br/>, <br/>, ' #MailFooter#']"}]}