{"purpose": "Coupon code usage limit is over", "templates": [{"language": "AF", "subject": "Die gebruiksperk vir die CubeJekShark is verby op CubeJekShark", "body": "[' ', <div> <b>Hallo Admin,</b> <br/><br/></div>, <div> Die gebruiksperk vir die koeponkode is verby op #COMPANY_NAME# .Wanneer is die besonderhede. <br/><br/> <b>Koeponkode #:</b> # KODE # <br/><br/> <b>Totale gebruik:</b> #TOTAL_USAGE# <br/><br/><br/> <b>Dankie! #MailFooter#</b> <br/></div>]"}, {"language": "EN", "subject": "Coupon code usage limit is over on CubeJekShark", "body": "[' ', <div><b>Hello Admin,</b><br/><br/></div>, <div>Coupon code usage limit is over on #COMPANY_NAME#.Below are the details.<br/><br/><b>Coupon Code#:</b> #CODE#<br/><br/><b>Total Usage:</b> #TOTAL_USAGE#<br/><br/><br/><b>Thanks! #MailFooter#</b><br/></div>]"}, {"language": "TH", "subject": "\u0e01\u0e32\u0e23\u0e43\u0e0a\u0e49\u0e23\u0e2b\u0e31\u0e2a\u0e04\u0e39\u0e1b\u0e2d\u0e07\u0e40\u0e01\u0e34\u0e19\u0e02\u0e35\u0e14 \u0e08\u0e33\u0e01\u0e31\u0e14 \u0e1a\u0e19 CubeJekShark", "body": "[' ', <div> <b>\u0e2a\u0e27\u0e31\u0e2a\u0e14\u0e35\u0e1c\u0e39\u0e49\u0e14\u0e39\u0e41\u0e25\u0e23\u0e30\u0e1a\u0e1a</b> <br/><br/></div>, <div> \u0e01\u0e32\u0e23\u0e43\u0e0a\u0e49\u0e23\u0e2b\u0e31\u0e2a\u0e04\u0e39\u0e1b\u0e2d\u0e07\u0e40\u0e01\u0e34\u0e19\u0e02\u0e35\u0e14 \u0e08\u0e33\u0e01\u0e31\u0e14 \u0e43\u0e19 #COMPANY_NAME# \u0e25\u0e48\u0e32\u0e07\u0e19\u0e35\u0e49\u0e40\u0e1b\u0e47\u0e19\u0e23\u0e32\u0e22\u0e25\u0e30\u0e40\u0e2d\u0e35\u0e22\u0e14 <br/><br/> <b>\u0e23\u0e2b\u0e31\u0e2a\u0e04\u0e39\u0e1b\u0e2d\u0e07 #:</b> # CODE # <br/><br/> <b>\u0e01\u0e32\u0e23\u0e43\u0e0a\u0e49\u0e07\u0e32\u0e19\u0e17\u0e31\u0e49\u0e07\u0e2b\u0e21\u0e14:</b> #TOTAL_USAGE# <br/><br/><br/> <b>\u0e02\u0e2d\u0e1a\u0e04\u0e38\u0e13! #MailFooter#</b> <br/></div>]"}, {"language": "ID", "subject": "Batas penggunaan kode kupon berakhir pada CubeJekShark", "body": "[' ', <div> <b>Halo Admin,</b> <br/><br/></div>, <div> Batas penggunaan kode kupon berakhir pada #COMPANY_NAME# Berikut adalah rinciannya. <br/><br/> <b>Kode Kupon #:</b> # KODE # <br/><br/> <b>Total Penggunaan:</b> #TOTAL_USAGE# <br/><br/><br/> <b>Terima kasih! #MailFooter#</b> <br/></div>]"}, {"language": "DE", "subject": "Das Nutzungslimit f\u00fcr Gutscheincodes ist in CubeJekShark", "body": "[' ', <div> <b>Hallo Admin,</b> <br/><br/></div>, <div> Das Nutzungslimit f\u00fcr den #COMPANY_NAME# ist am #COMPANY_NAME# vorbei. Die Details sind #COMPANY_NAME# angegeben. <br/><br/> <b>Gutscheincode #:</b> # CODE # <br/><br/> #TOTAL_USAGE# <b>:</b> #TOTAL_USAGE# <br/><br/><br/> <b>Vielen Dank! #MailFooter#</b> <br/></div>]"}, {"language": "ES", "subject": "El l\u00edmite de uso del c\u00f3digo de cup\u00f3n ha terminado en CubeJekShark", "body": "[' ', <div> <b>Hola admin</b> <br/><br/></div>, <div> El l\u00edmite de uso del c\u00f3digo de cup\u00f3n ha terminado en #COMPANY_NAME# continuaci\u00f3n se muestran los detalles. <br/><br/> <b>C\u00f3digo de cup\u00f3n #:</b> # C\u00d3DIGO # <br/><br/> <b>Uso total:</b> #TOTAL_USAGE# <br/><br/><br/> <b>\u00a1Gracias! #MailFooter#</b> <br/></div>]"}, {"language": "IT", "subject": "Il limite di utilizzo del codice coupon \u00e8 finito su CubeJekShark", "body": "[' ', <div> <b>Ciao amministratore,</b> <br/><br/></div>, <div> Il limite di utilizzo del codice coupon \u00e8 finito su #COMPANY_NAME# basso sono riportati i dettagli. <br/><br/> <b>Codice coupon #:</b> # CODICE # <br/><br/> <b>Utilizzo totale:</b> #TOTAL_USAGE# <br/><br/><br/> <b>Grazie! #MailFooter#</b> <br/></div>]"}, {"language": "AR", "subject": "\u0631\u0645\u0632 \u0627\u0644\u0642\u0633\u064a\u0645\u0629 \u062d\u062f \u0627\u0633\u062a\u062e\u062f\u0627\u0645 \u0623\u0643\u062b\u0631 \u0645\u0646 \u064a\u0648\u0645 CubeJekShark", "body": "[' ', <div style=\";text-align:right;direction:rtl\"> <b>\u0645\u0631\u062d\u0628\u0627 \u0627\u0644\u0627\u062f\u0627\u0631\u064a\u0629 \u060c</b> <br/><br/></div>, <div style=\";text-align:right;direction:rtl\"> \u0627\u0646\u062a\u0647\u0649 \u0627\u0644\u062d\u062f \u0627\u0644\u0623\u0642\u0635\u0649 \u0644\u0627\u0633\u062a\u062e\u062f\u0627\u0645 \u0631\u0645\u0632 \u0627\u0644\u0643\u0648\u0628\u0648\u0646 \u0641\u064a #COMPANY_NAME# . \u0623\u062f\u0646\u0627\u0647 \u0647\u064a \u0627\u0644\u062a\u0641\u0627\u0635\u064a\u0644. <br/><br/> <b>\u0643\u0648\u062f \u0627\u0644\u0643\u0648\u0628\u0648\u0646 #:</b> # \u0627\u0644\u0643\u0648\u062f <br/><br/> <b>\u0625\u062c\u0645\u0627\u0644\u064a \u0627\u0644\u0627\u0633\u062a\u062e\u062f\u0627\u0645:</b> #TOTAL_USAGE# <br/><br/><br/> <b>\u0634\u0643\u0631! #MailFooter#</b> <br/></div>]"}, {"language": "UR", "subject": "\u06a9\u0648\u067e\u0646 \u06a9\u0648\u0688 \u0627\u0633\u062a\u0639\u0645\u0627\u0644 \u06a9\u06cc \u062d\u062f CubeJekShark \u067e\u0631 \u062e\u062a\u0645 \u06c1\u0648 \u0686\u06a9\u0627 \u06c1\u06d2", "body": "[' ', <div style=\";text-align:right;direction:rtl\"> <b>\u06c1\u06cc\u0644\u0648 \u0627\u06cc\u0688\u0645\u0646\u060c</b> <br/><br/></div>, <div style=\";text-align:right;direction:rtl\"> \u06a9\u0648\u067e\u0646 \u06a9\u0648\u0688 \u0627\u0633\u062a\u0639\u0645\u0627\u0644 \u06a9\u06cc \u062d\u062f #COMPANY_NAME# \u067e\u0631 \u062e\u062a\u0645 \u06c1\u0648 \u0686\u06a9\u06cc \u06c1\u06d2 .\u0628\u06be\u06cc \u062a\u0641\u0635\u06cc\u0644\u0627\u062a \u06c1\u06cc\u06ba. <br/><br/> <b>\u06a9\u0648\u067e\u0646 \u06a9\u0648\u0688 #:</b> # \u06a9\u0648\u0688 # <br/><br/> <b>\u06a9\u0644 \u0627\u0633\u062a\u0639\u0645\u0627\u0644:</b> #TOTAL_USAGE# <br/><br/><br/> <b>\u0634\u06a9\u0631\u06cc\u06c1! #MailFooter#</b> <br/></div>]"}, {"language": "AZ", "subject": "Kupon kodu istifad\u0259 limit \u00fcz\u0259rind\u0259 deyil CubeJekShark", "body": "[' ', <div> <b>Salam Admin,</b> <br/><br/></div>, <div> Kupon kodunun istifad\u0259si #COMPANY_NAME# \u00fcz\u0259rind\u0259 #COMPANY_NAME# , \u0259trafl\u0131 m\u0259lumatd\u0131r. <br/><br/> <b>Kupon Kodu #:</b> # CODE # <br/><br/> <b>Toplam istifad\u0259:</b> #TOTAL_USAGE# <br/><br/><br/> <b>T\u0259\u015f\u0259kk\u00fcr edirik! #MailFooter#</b> <br/></div>]"}, {"language": "ZH", "subject": "CubeJekShark\u4e0a\u7684\u4f18\u60e0\u5238\u4ee3\u7801\u4f7f\u7528\u9650\u5236\u5df2\u7ed3\u675f", "body": "[' ', <div> <b>\u60a8\u597d\u7ba1\u7406\u5458\uff0c</b> <br/><br/></div>, <div>\u4f18\u60e0\u5238\u4ee3\u7801\u4f7f\u7528\u9650\u5236\u5df2\u7ed3\u675f#COMPANY_NAME# \u3002\u8be6\u60c5\u8bf7\u89c1\u3002 <br/><br/> <b>\u4f18\u60e0\u5238\u4ee3\u7801#:</b> \uff03CODE\uff03 <br/><br/> <b>\u603b\u4f7f\u7528\u91cf\uff1a</b> #TOTAL_USAGE# <br/><br/><br/> <b>\u8c22\u8c22\uff01 #MailFooter#</b> <br/></div>]"}, {"language": "PT", "subject": "O limite de uso do c\u00f3digo de cupom acabou no CubeJekShark", "body": "[' ', <div> <b>Ol\u00e1 admin,</b> <br/><br/></div>, <div> O limite de uso do c\u00f3digo de cupom terminou em #COMPANY_NAME# .Abriga os detalhes. <br/><br/> <b>C\u00f3digo de cupom #:</b> # CODE # <br/><br/> <b>Uso total:</b> #TOTAL_USAGE# <br/><br/><br/> <b>Obrigado! #MailFooter#</b> <br/></div>]"}, {"language": "ZU", "subject": "Umkhawulo wokusebenzisa ikhodi yekhuphoni usuphelile ku- CubeJekShark", "body": "[' ', <div> <b>Sawubona Umlawuli,</b> <br/><br/></div>, <div> Umkhawulo wokusebenzisa ikhodi yekhuphoni usuphelile ku - #COMPANY_NAME# .Ngaphansi kukhona imininingwane. <br/><br/> <b>Ikhuphoni Code #:</b> # CODE # <br/><br/> <b>Ukusetshenziswa okuphelele:</b> #TOTAL_USAGE# <br/><br/><br/> <b>Siyabonga! #MailFooter#</b> <br/></div>]"}, {"language": "SW", "subject": "Ukomo wa matumizi ya msimbo wa kuponi ni juu ya CubeJekShark", "body": "[' ', <div> <b>Sawa Admin,</b> <br/><br/></div>, <div> Ukomo wa matumizi ya msimbo wa kuponi ni juu ya #COMPANY_NAME# Chini ni maelezo. <br/><br/> <b>Msimbo wa Msimbo #:</b> # CODE # <br/><br/> <b>Matumizi ya Jumla:</b> #TOTAL_USAGE# <br/><br/><br/> <b>Asante! #MailFooter#</b> <br/></div>]"}, {"language": "KU", "subject": "R\u00eajeya karan\u00eena kod\u00ea ya CubeJekShark li CubeJekShark", "body": "[' ', <div style=\";text-align:right;direction:rtl\"> <b>Hello Admin,</b> <br/><br/></div>, <div style=\";text-align:right;direction:rtl\"> R\u00eajeya karan\u00eena koda kop\u00ee li ser #COMPANY_NAME# .Ji berfireh in. <br/><br/> <b>Koda Kop\u00ea #:</b> # CODE # <br/><br/> <b>Total Bikaran\u00eena:</b> #TOTAL_USAGE# <br/><br/><br/> <b>Spas! #MailFooter#</b> <br/></div>]"}, {"language": "MS", "subject": "Had penggunaan kod kupon telah berakhir pada CubeJekShark", "body": "[' ', <div> <b>Hello Admin,</b> <br/><br/></div>, <div> Batasan penggunaan kod kupon sudah berakhir pada #COMPANY_NAME# Berikut adalah butiran. <br/><br/> <b>Kod Kupon #:</b> # CODE # <br/><br/> <b>Jumlah Penggunaan:</b> #TOTAL_USAGE# <br/><br/><br/> <b>Terima kasih! #MailFooter#</b> <br/></div>]"}, {"language": "SI", "subject": "\u0d9a\u0dd6\u0db4\u0db1\u0dca \u0d9a\u0dda\u0dad \u0d9a\u0dda\u0dad \u0db7\u0dcf\u0dc0\u0dd2\u0dad\u0dba \u0dc3\u0dd3\u0db8\u0dcf\u0dc0 CubeJekShark \u0db8\u0dad \u0db4\u0dc0\u0dad\u0dd3", "body": "[' ', <div> <b>\u0dc4\u0dbd\u0ddd \u0db4\u0dbb\u0dd2\u0db4\u0dcf\u0dbd\u0d9a,</b> <br/><br/></div>, <div> \u0d9a\u0dd6\u0db4\u0db1\u0dca \u0d9a\u0dda\u0dad \u0db7\u0dcf\u0dc0\u0dd2\u0dad\u0dba \u0db7\u0dcf\u0dc0\u0dd2\u0dad\u0dba \u0dc3\u0dd3\u0db8\u0dcf \u0dc0\u0dd3 \u0d87\u0dad\u0dca\u0dad\u0dda #COMPANY_NAME# . <br/><br/> <b>\u0d9a\u0dd6\u0db4\u0db1\u0dca \u0d9a\u0dda\u0dad\u0dba #:</b> # \u0d9a\u0dda\u0dad\u0dba # <br/><br/> <b>\u0d91\u0d9a\u0dad\u0dd4\u0dc0:</b> #TOTAL_USAGE# <br/><br/><br/> <b>\u0dc3\u0dca\u0dad\u0dd6\u0dad\u0dd2\u0dba\u0dd2! #MailFooter#</b> <br/></div>]"}, {"language": "TA", "subject": "\u0b95\u0bc2\u0baa\u0bcd\u0baa\u0ba9\u0bcd \u0b95\u0bc1\u0bb1\u0bbf\u0baf\u0bc0\u0b9f\u0bcd\u0b9f\u0bc1 \u0baa\u0baf\u0ba9\u0bcd\u0baa\u0bbe\u0b9f\u0bcd\u0b9f\u0bc1 \u0bb5\u0bb0\u0bae\u0bcd\u0baa\u0bc1 CubeJekShark \u0bae\u0bc1\u0b9f\u0bbf\u0ba8\u0bcd\u0ba4\u0bc1\u0bb5\u0bbf\u0b9f\u0bcd\u0b9f\u0ba4\u0bc1", "body": "[' ', <div> <b>\u0bb5\u0ba3\u0b95\u0bcd\u0b95\u0bae\u0bcd \u0ba8\u0bbf\u0bb0\u0bcd\u0bb5\u0bbe\u0b95\u0bae\u0bcd,</b> <br/><br/></div>, <div> #COMPANY_NAME# \u0b87\u0bb2\u0bcd \u0b95\u0bc2\u0baa\u0bcd\u0baa\u0ba9\u0bcd \u0b95\u0bc1\u0bb1\u0bbf\u0baf\u0bc0\u0b9f\u0bcd\u0b9f\u0bc1 \u0baa\u0baf\u0ba9\u0bcd\u0baa\u0bbe\u0b9f\u0bcd\u0b9f\u0bc1 \u0bb5\u0bb0\u0bae\u0bcd\u0baa\u0bc1 \u0bae\u0bc1\u0b9f\u0bbf\u0ba8\u0bcd\u0ba4\u0ba4\u0bc1. \u0bb5\u0bbf\u0bb5\u0bb0\u0b99\u0bcd\u0b95\u0bb3\u0bcd \u0b95\u0bc0\u0bb4\u0bc7 \u0b89\u0bb3\u0bcd\u0bb3\u0ba9. <br/><br/> <b>\u0b95\u0bc2\u0baa\u0bcd\u0baa\u0ba9\u0bcd \u0b95\u0bcb\u0b9f\u0bcd #:</b> # CODE # <br/><br/> <b>\u0bae\u0bca\u0ba4\u0bcd\u0ba4 \u0baa\u0baf\u0ba9\u0bcd\u0baa\u0bbe\u0b9f\u0bc1:</b> #TOTAL_USAGE# <br/><br/><br/> <b>\u0ba8\u0ba9\u0bcd\u0bb1\u0bbf! #MailFooter#</b> <br/></div>]"}, {"language": "VI", "subject": "Gi\u1edbi h\u1ea1n s\u1eed d\u1ee5ng m\u00e3 phi\u1ebfu gi\u1ea3m gi\u00e1 \u0111\u00e3 h\u1ebft tr\u00ean CubeJekShark", "body": "[' ', <div> <b>Xin ch\u00e0o Qu\u1ea3n tr\u1ecb vi\u00ean,</b> <br/><br/></div>, <div> Gi\u1edbi h\u1ea1n s\u1eed d\u1ee5ng m\u00e3 phi\u1ebfu gi\u1ea3m gi\u00e1 \u0111\u00e3 h\u1ebft tr\u00ean #COMPANY_NAME# .Bow l\u00e0 c\u00e1c chi ti\u1ebft. <br/><br/> <b>M\u00e3 phi\u1ebfu gi\u1ea3m gi\u00e1 #:</b> # M\u00c3 # <br/><br/> <b>T\u1ed5ng m\u1ee9c s\u1eed d\u1ee5ng:</b> #TOTAL_USAGE# <br/><br/><br/> <b>C\u1ea3m \u01a1n! #MailFooter#</b> <br/></div>]"}, {"language": "TL", "subject": "Ang limitasyon sa paggamit ng kupon code ay higit sa CubeJekShark", "body": "[' ', <div> <b>Hello Admin,</b> <br/><br/></div>, <div> Ang limitasyon sa paggamit ng kupon code ay higit sa #COMPANY_NAME# . Ang mga detalye ay nawala. <br/><br/> <b>Code ng Kupon #:</b> # CODE # <br/><br/> <b>Kabuuang Paggamit:</b> #TOTAL_USAGE# <br/><br/><br/> <b>Salamat! #MailFooter#</b> <br/></div>]"}, {"language": "KM", "subject": "\u178a\u17c2\u1793\u1780\u17c6\u178e\u178f\u17cb\u1780\u17b6\u179a\u1794\u17d2\u179a\u17be\u179b\u17c1\u1781\u1780\u17bc\u178a\u1794\u17d0\u178e\u17d2\u178e\u1782\u17ba\u1785\u1794\u17cb\u1787\u17b6\u1784\u1793\u17c5\u179b\u17be\u1788\u17d2\u1798\u17c4\u17c7 CubeJekShark", "body": "[' ', <div> <b>\u179f\u17bd\u179f\u17d2\u178f\u17b8\u179a\u178a\u17d2\u178b\u1794\u17b6\u179b,</b> <br/><br/></div>, <div> \u178a\u17c2\u1793\u1780\u17c6\u178e\u178f\u17cb\u1780\u17b6\u179a\u1794\u17d2\u179a\u17be\u1794\u17d2\u179a\u17b6\u179f\u17cb\u179b\u17c1\u1781\u1780\u17bc\u178a\u1794\u17d0\u178e\u17d2\u178e\u1798\u17b6\u1793\u1787\u17b6\u1784 #COMPANY_NAME# \u17d4 \u179f\u17c1\u1785\u1780\u17d2\u178f\u17b8\u179b\u1798\u17d2\u17a2\u17b7\u178f\u1781\u17b6\u1784\u1780\u17d2\u179a\u17c4\u1798\u1793\u17c1\u17c7\u1782\u17ba\u1787\u17b6\u1796\u17d0\u178f\u17cc\u1798\u17b6\u1793\u179b\u1798\u17d2\u17a2\u17b7\u178f\u17d4 <br/><br/> <b>\u179b\u17c1\u1781\u1780\u17bc\u178a\u1794\u17d0\u178e\u17d2\u178e #:</b> # CODE # <br/><br/> <b>\u1780\u17b6\u179a\u1794\u17d2\u179a\u17be\u1794\u17d2\u179a\u17b6\u179f\u17cb\u179f\u179a\u17bb\u1794:</b> #TOTAL_USAGE# <br/><br/><br/> <b>\u179f\u17bc\u1798\u17a2\u179a\u1782\u17bb\u178e! #MailFooter#</b> <br/></div>]"}, {"language": "BN", "subject": "\u0995\u09c1\u09aa\u09a8 \u0995\u09cb\u09a1 \u09ac\u09cd\u09af\u09ac\u09b9\u09be\u09b0 \u09b8\u09c0\u09ae\u09be CubeJekShark \u0989\u09aa\u09b0 \u09b6\u09c7\u09b7 \u09b9\u09af\u09bc", "body": "[' ', <div> <b>\u09b9\u09cd\u09af\u09be\u09b2\u09cb \u0985\u09cd\u09af\u09be\u09a1\u09ae\u09bf\u09a8,</b> <br/><br/></div>, <div> \u0995\u09c1\u09aa\u09a8 \u0995\u09cb\u09a1 \u09ac\u09cd\u09af\u09ac\u09b9\u09be\u09b0 \u09b8\u09c0\u09ae\u09be #COMPANY_NAME# \u0989\u09aa\u09b0\u09c7 \u09b0\u09af\u09bc\u09c7\u099b\u09c7\u0964 \u09a8\u09c0\u099a\u09c7 \u09ac\u09bf\u09b8\u09cd\u09a4\u09be\u09b0\u09bf\u09a4 \u09b0\u09af\u09bc\u09c7\u099b\u09c7\u0964 <br/><br/> <b>\u0995\u09c1\u09aa\u09a8 \u0995\u09cb\u09a1 #:</b> # \u0995\u09cb\u09a1 # <br/><br/> <b>\u09ae\u09cb\u099f \u09ac\u09cd\u09af\u09ac\u09b9\u09be\u09b0:</b> #TOTAL_USAGE# <br/><br/><br/> <b>\u09a7\u09a8\u09cd\u09af\u09ac\u09be\u09a6! #MailFooter#</b> <br/></div>]"}, {"language": "JA", "subject": "\u30af\u30fc\u30dd\u30f3\u30b3\u30fc\u30c9\u306e\u4f7f\u7528\u5236\u9650\u306fCubeJekShark\u5236\u9650\u3055\u308c\u3066\u3044\u307e\u3059", "body": "[' ', <div> <b>\u3053\u3093\u306b\u3061\u306f\u7ba1\u7406\u8005\u3001</b> <br/><br/></div>, <div>\u30af\u30fc\u30dd\u30f3\u30b3\u30fc\u30c9\u306e\u4f7f\u7528\u5236\u9650\u306f#COMPANY_NAME#\u5236\u9650\u3055\u308c\u3066\u3044\u307e\u3059\u3002\u8a73\u7d30\u306f\u4ee5\u4e0b\u306e\u3068\u304a\u308a\u3067\u3059\u3002 <br/><br/> <b>\u30af\u30fc\u30dd\u30f3\u30b3\u30fc\u30c9#:</b> \uff03\u30b3\u30fc\u30c9\uff03 <br/><br/> <b>\u5408\u8a08\u4f7f\u7528\u91cf\uff1a</b> #TOTAL_USAGE# <br/><br/><br/> <b>\u3042\u308a\u304c\u3068\u3046\u3054\u3056\u3044\u307e\u3059\u3002 #MailFooter#</b> <br/></div>]"}, {"language": "KO", "subject": "\ucfe0\ud3f0 \ucf54\ub4dc \uc0ac\uc6a9 \ud55c\ub3c4\uac00 CubeJekShark \ucd08\uacfc\ub418\uc5c8\uc2b5\ub2c8\ub2e4.", "body": "[' ', <div> <b>\uc548\ub155\ud558\uc138\uc694 \uad00\ub9ac\uc790,</b> <br/><br/></div>, <div> \ucfe0\ud3f0 \ucf54\ub4dc \uc0ac\uc6a9 \ud55c\ub3c4\ub294 #COMPANY_NAME# \ub05d\ub0ac\uc2b5\ub2c8\ub2e4. \uc138\ubd80 \uc815\ubcf4\ub294 \ub2e4\uc74c\uacfc \uac19\uc2b5\ub2c8\ub2e4. <br/><br/> <b>\ucfe0\ud3f0 \ucf54\ub4dc #:</b> # \ucf54\ub4dc # <br/><br/> <b>\ucd1d \uc0ac\uc6a9\ub7c9 :</b> #TOTAL_USAGE# <br/><br/><br/> <b>\uac10\uc0ac! #MailFooter#</b> <br/></div>]"}, {"language": "YO", "subject": "\u1e62i\u1e63e koodu idiyele kup\u1ecd\u1ecdnu ti pari lori CubeJekShark", "body": "[' ', <div> <b>Hello Admin,</b> <br/><br/></div>, <div> \u1e62i\u1e63e koodu idiyele ti o j\u1eb9 koodu kup\u1ecd\u1ecdnu ti wa lori #COMPANY_NAME# .Li isal\u1eb9 ni aw\u1ecdn alaye. <br/><br/> <b>Kup\u1ecd\u1ecdnu koodu #:</b> # CODE # <br/><br/> #TOTAL_USAGE# <b>lilo:</b> #TOTAL_USAGE# <br/><br/><br/> <b>O \u1e63eun! #MailFooter#</b> <br/></div>]"}, {"language": "TR", "subject": "Kupon kodu kullan\u0131m limiti CubeJekShark bitti", "body": "[' ', <div> <b>Merhaba Y\u00f6netici,</b> <br/><br/></div>, <div> Kupon kodu kullan\u0131m limiti bitti #COMPANY_NAME# .A\u015fa\u011f\u0131dakiler a\u015fa\u011f\u0131da. <br/><br/> <b>Kupon Kodu #:</b> # KOD # <br/><br/> <b>Toplam Kullan\u0131m:</b> #TOTAL_USAGE# <br/><br/><br/> <b>Te\u015fekk\u00fcrler! #MailFooter#</b> <br/></div>]"}, {"language": "RU", "subject": "\u041f\u0440\u0435\u0434\u0435\u043b \u0438\u0441\u043f\u043e\u043b\u044c\u0437\u043e\u0432\u0430\u043d\u0438\u044f \u043a\u043e\u0434\u0430 \u043a\u0443\u043f\u043e\u043d\u0430 CubeJekShark \u043d\u0430 CubeJekShark", "body": "[' ', <div> <b>\u041f\u0440\u0438\u0432\u0435\u0442 \u0410\u0434\u043c\u0438\u043d,</b> <br/><br/></div>, <div> \u041f\u0440\u0435\u0434\u0435\u043b \u0438\u0441\u043f\u043e\u043b\u044c\u0437\u043e\u0432\u0430\u043d\u0438\u044f \u043a\u043e\u0434\u0430 \u043a\u0443\u043f\u043e\u043d\u0430 #COMPANY_NAME# \u043d\u0430 #COMPANY_NAME# \u041d\u0438\u0436\u0435 \u043f\u0440\u0438\u0432\u043e\u0434\u044f\u0442\u0441\u044f \u043f\u043e\u0434\u0440\u043e\u0431\u043d\u043e\u0441\u0442\u0438. <br/><br/> <b>\u041a\u043e\u0434 \u043a\u0443\u043f\u043e\u043d\u0430 #:</b> # CODE # <br/><br/> <b>\u041e\u0431\u0449\u0435\u0435 \u0438\u0441\u043f\u043e\u043b\u044c\u0437\u043e\u0432\u0430\u043d\u0438\u0435:</b> #TOTAL_USAGE# <br/><br/><br/> <b>\u0421\u043f\u0430\u0441\u0438\u0431\u043e! #MailFooter#</b> <br/></div>]"}, {"language": "FA", "subject": "\u0645\u062d\u062f\u0648\u062f\u06cc\u062a \u0627\u0633\u062a\u0641\u0627\u062f\u0647 \u0627\u0632 \u06a9\u062f \u06a9\u0648\u067e\u0646 \u0628\u0631 \u0631\u0648\u06cc CubeJekShark", "body": "[' ', <div style=\";text-align:right;direction:rtl\"> <b>\u0633\u0644\u0627\u0645 \u0645\u062f\u06cc\u0631\u06cc\u062a</b> <br/><br/></div>, <div style=\";text-align:right;direction:rtl\"> \u0645\u062d\u062f\u0648\u062f\u06cc\u062a \u0627\u0633\u062a\u0641\u0627\u062f\u0647 \u0627\u0632 \u06a9\u062f \u06a9\u0648\u067e\u0646 \u062f\u0631 #COMPANY_NAME# \u0628\u0647 \u067e\u0627\u06cc\u0627\u0646 \u0631\u0633\u06cc\u062f\u0647 \u0627\u0633\u062a. \u062f\u0631 \u0627\u06cc\u0646\u062c\u0627 \u062c\u0632\u0626\u06cc\u0627\u062a \u0627\u0633\u062a. <br/><br/> <b>\u06a9\u0648\u067e\u0646 \u06a9\u062f #:</b> # \u06a9\u062f # <br/><br/> <b>\u0645\u062c\u0645\u0648\u0639 \u0627\u0633\u062a\u0641\u0627\u062f\u0647:</b> #TOTAL_USAGE# <br/><br/><br/> <b>\u0628\u0627 \u062a\u0634\u06a9\u0631! #MailFooter#</b> <br/></div>]"}, {"language": "MY", "subject": "\u1000\u1030\u1015\u103d\u1014\u103a\u1000\u102f\u1012\u103a\u1021\u101e\u102f\u1036\u1038\u1015\u103c\u102f\u1019\u103e\u102f\u1000\u1014\u103a\u1037\u101e\u1010\u103a\u1021\u1015\u1031\u102b\u103a\u1000\u103b\u1031\u102c\u103a\u1015\u103c\u102e\u1016\u103c\u1005\u103a\u1015\u102b\u101e\u100a\u103a CubeJekShark", "body": "[' ', <div> <b>\u1021\u1012\u103a\u1019\u1004\u103a\u1019\u1004\u103a\u1039\u1002\u101c\u102c\u1015\u102b</b> <br/><br/></div>, <div> \u1000\u1030\u1015\u103d\u1014\u103a\u1000\u102f\u1012\u103a\u1021\u101e\u102f\u1036\u1038\u1015\u103c\u102f\u1019\u103e\u102f\u1000\u1014\u103a\u1037\u101e\u1010\u103a\u1021\u1015\u1031\u102b\u103a\u1000\u103b\u1031\u102c\u103a\u1015\u103c\u102e\u1016\u103c\u1005\u103a\u1015\u102b\u101e\u100a\u103a #COMPANY_NAME# .Below \u1021\u101e\u1031\u1038\u1005\u102d\u1010\u103a\u1016\u103c\u1005\u103a\u1000\u103c\u101e\u100a\u103a\u104b <br/><br/> <b>\u1000\u1030\u1015\u103d\u1014\u103a Code \u1000\u102d\u102f #:</b> # \u1000\u102f\u1010\u103a # <br/><br/> <b>\u1005\u102f\u1005\u102f\u1015\u1031\u102b\u1004\u103a\u1038\u101e\u102f\u1036\u1038\u1005\u103d\u1032\u1019\u103e\u102f:</b> #TOTAL_USAGE# <br/><br/><br/> <b>\u1000\u103b\u1031\u1038\u1007\u1030\u1038\u1010\u1004\u103a\u1015\u102b\u1010\u101a\u103a! #MailFooter#</b> <br/></div>]"}, {"language": "HI", "subject": "CubeJekShark \u092a\u0930 \u0915\u0942\u092a\u0928 \u0915\u094b\u0921 \u0909\u092a\u092f\u094b\u0917 \u0938\u0940\u092e\u093e \u0938\u092e\u093e\u092a\u094d\u0924 \u0939\u094b \u0917\u0908 \u0939\u0948", "body": "[' ', <div> <b>\u0939\u0947\u0932\u094b \u090f\u0921\u092e\u093f\u0928,</b> <br/><br/></div>, <div> \u0915\u0942\u092a\u0928 \u0915\u094b\u0921 \u0909\u092a\u092f\u094b\u0917 \u0938\u0940\u092e\u093e #COMPANY_NAME# Company_NAME #COMPANY_NAME# \u092a\u0930 \u0916\u0924\u094d\u092e \u0939\u094b \u0917\u0908 \u0939\u0948\u0964 \u0939\u093e\u0932\u093e\u0902\u0915\u093f \u0935\u093f\u0935\u0930\u0923 \u0939\u0948\u0902\u0964 <br/><br/> <b>\u0915\u0942\u092a\u0928 \u0915\u094b\u0921 #:</b> # CODE # <br/><br/> <b>\u0915\u0941\u0932 \u0909\u092a\u092f\u094b\u0917:</b> #TOTAL_USAGE# <br/><br/><br/> <b>\u0927\u0928\u094d\u092f\u0935\u093e\u0926! #MailFooter#</b> <br/></div>]"}, {"language": "IW", "subject": "\u05de\u05d2\u05d1\u05dc\u05ea \u05d4\u05e9\u05d9\u05de\u05d5\u05e9 \u05d1\u05e7\u05d5\u05d3 \u05d4\u05e7\u05d5\u05e4\u05d5\u05df \u05d4\u05e1\u05ea\u05d9\u05d9\u05de\u05d4 \u05d1- CubeJekShark", "body": "[' ', <div style=\";text-align:right;direction:rtl\"> <b>\u05e9\u05dc\u05d5\u05dd \u05de\u05e0\u05d4\u05dc,</b> <br/><br/></div>, <div style=\";text-align:right;direction:rtl\"> \u05ea\u05e7\u05e8\u05ea \u05d4\u05e9\u05d9\u05de\u05d5\u05e9 \u05d1\u05e7\u05d5\u05d3 \u05d4\u05e7\u05d5\u05e4\u05d5\u05df \u05d4\u05e1\u05ea\u05d9\u05d9\u05de\u05d4 \u05d1- #COMPANY_NAME# \u05dc\u05d4\u05dc\u05df \u05d4\u05e4\u05e8\u05d8\u05d9\u05dd. <br/><br/> <b>\u05e7\u05d5\u05d3 \u05e7\u05d5\u05e4\u05d5\u05df #:</b> # CODE # <br/><br/> <b>\u05e1\u05d4\"\u05db \u05e9\u05d9\u05de\u05d5\u05e9:</b> #TOTAL_USAGE# <br/><br/><br/> <b>\u05ea\u05d5\u05d3\u05d4! #MailFooter#</b> <br/></div>]"}, {"language": "FR", "subject": "Limite d'utilisation du code de coupon CubeJekShark sur CubeJekShark", "body": "[' ', <div> <b>Bonjour administrateur,</b> <br/><br/></div>, <div> La limite d'utilisation du code de coupon est termin\u00e9e pour #COMPANY_NAME# .Vous trouverez ci-dessous les d\u00e9tails. <br/><br/> <b>Code de coupon #:</b> # CODE # <br/><br/> <b>Utilisation totale:</b> #TOTAL_USAGE# <br/><br/><br/> <b>Merci! #MailFooter#</b> <br/></div>]"}, {"language": "DA", "subject": "Kuponkode brugen gr\u00e6nsen er overst\u00e5et p\u00e5 CubeJekShark", "body": "[' ', <div> <b>Hej Admin,</b> <br/><br/></div>, <div> Kuponkode brugen gr\u00e6nsen er overst\u00e5et p\u00e5 #COMPANY_NAME# .Belg er detaljerne. <br/><br/> <b>Kuponkode #:</b> # KODE # <br/><br/> <b>Samlet brug:</b> #TOTAL_USAGE# <br/><br/><br/> <b>Tak! #MailFooter#</b> <br/></div>]"}]}