{"purpose": "Notify admin for vehicle detail", "templates": [{"language": "AF", "subject": "Jou voertuigbesonderhede", "body": "[' Geagte Administrateur, ', <br/>, <br/>, ' Nuwe voertuig is suksesvol by Cubejek . Driver besonderhede is soos volg. ', <br/>, <br/>, ' Naam: #NAME# , ', <br/>, ' E-pos: #EMAIL# ', <br/>, ' Voertuig maak: #NAME# ', <br/>, ' Voertuig Model: #EMAIL# ', <br/>, ' #details# ', <br/>, ' ', <br/>, ' Dankie! ', <br/>, ' #MAILFOOTER#']"}, {"language": "EN", "subject": "Your Vehicle Details", "body": "[' Dear Administrator, ', <br/>, <br/>, 'New Vehicle has been successfully added to Cubejek.  Driver details are as follows. ', <br/>, <br/>, 'Name: #NAME#, ', <br/>, 'Email: #EMAIL#', <br/>, 'Vehicle Make: #MAKE#', <br/>, 'Vehicle Model: #MODEL#', <br/>, '#details#', <br/>, <br/>, 'Thanks!', <br/>, '#MAILFOOTER#']"}, {"language": "TH", "subject": "\u0e23\u0e32\u0e22\u0e25\u0e30\u0e40\u0e2d\u0e35\u0e22\u0e14\u0e22\u0e32\u0e19\u0e1e\u0e32\u0e2b\u0e19\u0e30\u0e02\u0e2d\u0e07\u0e04\u0e38\u0e13", "body": "[' \u0e40\u0e23\u0e35\u0e22\u0e19\u0e1c\u0e39\u0e49\u0e14\u0e39\u0e41\u0e25\u0e23\u0e30\u0e1a\u0e1a ', <br/>, <br/>, ' \u0e40\u0e1e\u0e34\u0e48\u0e21\u0e22\u0e32\u0e19\u0e1e\u0e32\u0e2b\u0e19\u0e30\u0e43\u0e2b\u0e21\u0e48\u0e44\u0e1b\u0e22\u0e31\u0e07 Cubejek \u0e41\u0e25\u0e49\u0e27 \u0e23\u0e32\u0e22\u0e25\u0e30\u0e40\u0e2d\u0e35\u0e22\u0e14\u0e44\u0e14\u0e23\u0e4c\u0e40\u0e27\u0e2d\u0e23\u0e4c\u0e21\u0e35\u0e14\u0e31\u0e07\u0e19\u0e35\u0e49 ', <br/>, <br/>, ' \u0e0a\u0e37\u0e48\u0e2d: #NAME# , ', <br/>, ' \u0e2d\u0e35\u0e40\u0e21\u0e25: #EMAIL# ', <br/>, ' \u0e22\u0e35\u0e48\u0e2b\u0e49\u0e2d\u0e23\u0e16: #NAME# ', <br/>, ' \u0e23\u0e38\u0e48\u0e19\u0e23\u0e16: #EMAIL# ', <br/>, ' #details# ', <br/>, ' ', <br/>, ' \u0e02\u0e2d\u0e1a\u0e04\u0e38\u0e13! ', <br/>, ' #MAILFOOTER#']"}, {"language": "ID", "subject": "Detail Kendaraan Anda", "body": "[' Administrator yang terhormat, ', <br/>, <br/>, ' Kendaraan Baru telah berhasil ditambahkan ke Cubejek . Rincian driver adalah sebagai berikut. ', <br/>, <br/>, ' Nama: #NAME# , ', <br/>, ' Email: #EMAIL# ', <br/>, ' Kendaraan Make: #NAME# ', <br/>, ' Model Kendaraan: #EMAIL# ', <br/>, ' #details# ', <br/>, ' ', <br/>, ' Terima kasih! ', <br/>, ' #MAILFOOTER#']"}, {"language": "DE", "subject": "Ihre Fahrzeugdetails", "body": "[' Sehr geehrter Administrator, ', <br/>, <br/>, ' Neues Fahrzeug wurde erfolgreich zu Cubejek hinzugef\u00fcgt. Treiberdetails sind wie folgt. ', <br/>, <br/>, ' Name: #NAME# , ', <br/>, ' E-Mail: #EMAIL# ', <br/>, ' Fahrzeugmarke: #NAME# ', <br/>, ' Fahrzeugmodell: #EMAIL# ', <br/>, ' #details# ', <br/>, ' ', <br/>, ' Vielen Dank! ', <br/>, ' #MAILFOOTER#']"}, {"language": "ES", "subject": "Los detalles de su veh\u00edculo", "body": "[' Estimado Administrador, ', <br/>, <br/>, ' Nuevo veh\u00edculo ha sido agregado exitosamente a Cubejek . Los detalles del controlador son los siguientes. ', <br/>, <br/>, ' Nombre: #NAME# , ', <br/>, ' Correo electr\u00f3nico: #EMAIL# ', <br/>, ' Marca del veh\u00edculo: #NAME# ', <br/>, ' Modelo del veh\u00edculo: #EMAIL# ', <br/>, ' #details# ', <br/>, ' ', <br/>, ' \u00a1Gracias! ', <br/>, ' #MAILFOOTER#']"}, {"language": "IT", "subject": "I dettagli del tuo veicolo", "body": "[' Caro Amministratore, ', <br/>, <br/>, ' Nuovo veicolo \u00e8 stato aggiunto con successo a Cubejek . I dettagli del driver sono i seguenti. ', <br/>, <br/>, ' Nome: #NAME# , ', <br/>, ' Email: #EMAIL# ', <br/>, ' Marca del veicolo: #NAME# ', <br/>, ' Modello veicolo: #EMAIL# ', <br/>, ' #details# ', <br/>, ' ', <br/>, ' Grazie! ', <br/>, ' #MAILFOOTER#']"}, {"language": "AR", "subject": "\u062a\u0641\u0627\u0635\u064a\u0644 \u0633\u064a\u0627\u0631\u062a\u0643", "body": "[' \u0639\u0632\u064a\u0632\u064a \u0627\u0644\u0645\u0633\u0624\u0648\u0644 \u060c ', <br/>, <br/>, ' \u062a\u0645\u062a \u0625\u0636\u0627\u0641\u0629 \u0645\u0631\u0643\u0628\u0629 \u062c\u062f\u064a\u062f\u0629 \u0628\u0646\u062c\u0627\u062d \u0625\u0644\u0649 \u0627\u0633\u0645 Cubejek . \u062a\u0641\u0627\u0635\u064a\u0644 \u0627\u0644\u0633\u0627\u0626\u0642 \u0647\u064a \u0639\u0644\u0649 \u0627\u0644\u0646\u062d\u0648 \u0627\u0644\u062a\u0627\u0644\u064a. ', <br/>, <br/>, ' \u0627\u0644\u0627\u0633\u0645: #NAME# \u060c ', <br/>, ' \u0627\u0644\u0628\u0631\u064a\u062f \u0627\u0644\u0625\u0644\u0643\u062a\u0631\u0648\u0646\u064a: #EMAIL# ', <br/>, ' \u0635\u0627\u0646\u0639 \u0627\u0644\u0633\u064a\u0627\u0631\u0629: #NAME# ', <br/>, ' \u0645\u0648\u062f\u064a\u0644 \u0627\u0644\u0645\u0631\u0643\u0628\u0629: #EMAIL# ', <br/>, ' #details# ', <br/>, ' ', <br/>, ' \u0634\u0643\u0631! ', <br/>, ' #MAILFOOTER#']"}, {"language": "UR", "subject": "\u0622\u067e \u06a9\u06cc \u06af\u0627\u0691\u06cc \u06a9\u06cc \u062a\u0641\u0635\u06cc\u0644\u0627\u062a", "body": "[' \u0639\u0632\u06cc\u0632 \u0627\u06cc\u0688\u0645\u0646\u0633\u0679\u0631\u06cc\u0679\u0631\u060c ', <br/>, <br/>, ' \u0646\u0626\u06cc \u06af\u0627\u0691\u06cc \u06a9\u0627\u0645\u06cc\u0627\u0628\u06cc \u0633\u06d2 Cubejek \u0634\u0627\u0645\u0644 \u06a9\u0631\u062f\u06cc Cubejek . \u0688\u0631\u0627\u0626\u06cc\u0648\u0631 \u06a9\u06cc \u062a\u0641\u0635\u06cc\u0644\u0627\u062a \u0645\u0646\u062f\u0631\u062c\u06c1 \u0630\u06cc\u0644 \u06c1\u06cc\u06ba. ', <br/>, <br/>, ' \u0646\u0627\u0645: #NAME# \u060c ', <br/>, ' \u0627\u06cc \u0645\u06cc\u0644: #EMAIL# ', <br/>, ' \u06af\u0627\u0691\u06cc\u0627\u06ba \u0628\u0646\u0627\u0626\u06cc\u06ba: #NAME# ', <br/>, ' \u06af\u0627\u0691\u06cc \u06a9\u0627 \u0645\u0627\u0688\u0644: #EMAIL# ', <br/>, ' #details# ', <br/>, ' ', <br/>, ' \u0634\u06a9\u0631\u06cc\u06c1! ', <br/>, ' #MAILFOOTER#']"}, {"language": "AZ", "subject": "Sizin avtomobilin t\u0259f\u0259rr\u00fcatlar\u0131", "body": "[' \u018fziz Administrator, ', <br/>, <br/>, ' Yeni Toolbar Cubejek \u00fc\u00e7\u00fcn u\u011furla \u0259lav\u0259 edildi. S\u00fcr\u00fcc\u00fc detallar\u0131 bel\u0259dir. ', <br/>, <br/>, ' Ad\u0131: #NAME# , ', <br/>, ' E-po\u00e7t: #EMAIL# ', <br/>, ' Vasit\u0259 olun: #NAME# ', <br/>, ' N\u0259qliyyat vasit\u0259si Model: #EMAIL# ', <br/>, ' #details# ', <br/>, ' ', <br/>, ' T\u0259\u015f\u0259kk\u00fcr edirik! ', <br/>, ' #MAILFOOTER#']"}, {"language": "ZH", "subject": "\u60a8\u7684\u8f66\u8f86\u8be6\u60c5", "body": "[' \u4eb2\u7231\u7684\u7ba1\u7406\u5458\uff0c ', <br/>, <br/>, '\u65b0\u8f66\u5df2\u6210\u529f\u6dfb\u52a0\u5230Cubejek \u3002\u53f8\u673a\u8be6\u60c5\u5982\u4e0b\u3002 ', <br/>, <br/>, '\u540d\u79f0\uff1a #NAME# \uff0c ', <br/>, '\u7535\u5b50\u90ae\u4ef6\uff1a #EMAIL# ', <br/>, '\u8f66\u8f86\u5236\u9020\uff1a #NAME# ', <br/>, '\u8f66\u578b\uff1a #EMAIL# ', <br/>, ' #details# ', <br/>, ' ', <br/>, '\u8c22\u8c22\uff01 ', <br/>, ' #MAILFOOTER#']"}, {"language": "PT", "subject": "Detalhes do seu ve\u00edculo", "body": "[' Prezado Administrador ', <br/>, <br/>, ' Novo Ve\u00edculo foi adicionado com sucesso ao Cubejek . Detalhes do driver s\u00e3o os seguintes. ', <br/>, <br/>, ' Nome: #NAME# , ', <br/>, ' Email: #EMAIL# ', <br/>, ' Marca do ve\u00edculo: #NAME# ', <br/>, ' Modelo do Ve\u00edculo: #EMAIL# ', <br/>, ' #details# ', <br/>, ' ', <br/>, ' Obrigado! ', <br/>, ' #MAILFOOTER#']"}, {"language": "ZU", "subject": "Imininingwane yakho yemoto", "body": "[' Umqondisi othandekayo, ', <br/>, <br/>, ' I-Vehicle entsha ifakiwe ngempumelelo ku- Cubejek . Imininingwane yokushayela yile ndlela elandelayo. ', <br/>, <br/>, ' Igama: #NAME# , ', <br/>, ' Imeyili: #EMAIL# ', <br/>, ' Imoto Yenza: #NAME# ', <br/>, ' Isibonelo sezimoto: #EMAIL# ', <br/>, ' #details# ', <br/>, ' ', <br/>, ' Siyabonga! ', <br/>, ' #MAILFOOTER#']"}, {"language": "SW", "subject": "Maelezo ya Gari yako", "body": "[' Msimamizi Mheshimiwa, ', <br/>, <br/>, ' Gari Jipya imeongezwa kwa ufanisi kwa Cubejek . Maelezo ya dereva ni kama ifuatavyo. ', <br/>, <br/>, ' Jina: #NAME# , ', <br/>, ' Barua pepe: #EMAIL# ', <br/>, ' Gari Fanya: #NAME# ', <br/>, ' Mfano wa Gari: #EMAIL# ', <br/>, ' #details# ', <br/>, ' ', <br/>, ' Asante! ', <br/>, ' #MAILFOOTER#']"}, {"language": "KU", "subject": "Agahdariya we", "body": "[' Bir\u00eaz Bir\u00eaz Bir\u00eaz ', <br/>, <br/>, ' New Vehicle bi serkeft\u00ee ya Cubejek . Agahdar\u00ean ajokir wek v\u00ea j\u00ear\u00een in. ', <br/>, <br/>, ' Nav: #NAME# , ', <br/>, ' E-mail: #EMAIL# ', <br/>, ' Vehicle Make: #NAME# ', <br/>, ' Modela Vehicle: #EMAIL# ', <br/>, ' #details# ', <br/>, ' ', <br/>, ' Spas! ', <br/>, ' #MAILFOOTER#']"}, {"language": "MS", "subject": "Butiran Kenderaan Anda", "body": "[' Pentadbir yang dihormati, ', <br/>, <br/>, ' Kenderaan Baru telah berjaya ditambah ke Cubejek . Butiran pemandu adalah seperti berikut. ', <br/>, <br/>, ' Nama: #NAME# , ', <br/>, ' E-mel: #EMAIL# ', <br/>, ' Buat Kenderaan: #NAME# ', <br/>, ' Model Kenderaan: #EMAIL# ', <br/>, ' #details# ', <br/>, ' ', <br/>, ' Terima kasih! ', <br/>, ' #MAILFOOTER#']"}, {"language": "SI", "subject": "\u0d94\u0db6\u0dda \u0dc0\u0dcf\u0dc4\u0db1 \u0dc0\u0dd2\u0dc3\u0dca\u0dad\u0dbb", "body": "[' \u0d86\u0daf\u0dbb\u0dab\u0dd3\u0dba \u0db4\u0dbb\u0dd2\u0db4\u0dcf\u0dbd\u0d9a, ', <br/>, <br/>, ' Cubejek \u0dc0\u0dd9\u0dad \u0db1\u0dc0 \u0dc0\u0dcf\u0dc4\u0db1\u0dba \u0dc3\u0dcf\u0dbb\u0dca\u0dae\u0d9a\u0dc0 \u0d91\u0d9a\u0dca \u0d9a\u0dbb Cubejek . \u0db0\u0dcf\u0dc0\u0d9a \u0dc0\u0dd2\u0dc3\u0dca\u0dad\u0dbb \u0db4\u0dc4\u0dad \u0db4\u0dbb\u0dd2\u0daf\u0dd2 \u0dc0\u0dda. ', <br/>, <br/>, ' \u0db1\u0db8: #NAME# , ', <br/>, ' \u0dc0\u0dd2\u0daf\u0dca\u0dba\u0dd4\u0dad\u0dca \u0dad\u0dd0\u0db4\u0dd1\u0dbd: #EMAIL# \u0d8a\u0db8\u0dda\u0dbd\u0dca #EMAIL# ', <br/>, ' \u0dc0\u0dcf\u0dc4\u0db1 \u0dc0\u0dbb\u0dca\u0d9c\u0dba: #NAME# ', <br/>, ' \u0dc0\u0dcf\u0dc4\u0db1 \u0d86\u0d9a\u0dd8\u0dad\u0dd2\u0dba: #EMAIL# ', <br/>, ' #details# ', <br/>, ' ', <br/>, ' \u0dc3\u0dca\u0dad\u0dd6\u0dad\u0dd2\u0dba\u0dd2! ', <br/>, ' #MAILFOOTER#']"}, {"language": "TA", "subject": "\u0b89\u0b99\u0bcd\u0b95\u0bb3\u0bcd \u0bb5\u0bbe\u0b95\u0ba9 \u0bb5\u0bbf\u0bb5\u0bb0\u0b99\u0bcd\u0b95\u0bb3\u0bcd", "body": "[' \u0b85\u0ba9\u0bcd\u0baa\u0bc1\u0bb3\u0bcd\u0bb3 \u0ba8\u0bbf\u0bb0\u0bcd\u0bb5\u0bbe\u0b95\u0bbf, ', <br/>, <br/>, ' \u0baa\u0bc1\u0ba4\u0bbf\u0baf \u0baa\u0bc6\u0baf\u0bb0\u0bcd \u0bb5\u0bc6\u0bb1\u0bcd\u0bb1\u0bbf\u0b95\u0bb0\u0bae\u0bbe\u0b95 Cubejek \u0b9a\u0bc7\u0bb0\u0bcd\u0b95\u0bcd\u0b95\u0baa\u0bcd\u0baa\u0b9f\u0bcd\u0b9f\u0ba4\u0bc1. \u0b9f\u0bbf\u0bb0\u0bc8\u0bb5\u0bb0\u0bcd \u0bb5\u0bbf\u0bb5\u0bb0\u0b99\u0bcd\u0b95\u0bb3\u0bcd \u0baa\u0bbf\u0ba9\u0bcd\u0bb5\u0bb0\u0bc1\u0bae\u0bbe\u0bb1\u0bc1. ', <br/>, <br/>, ' \u0baa\u0bc6\u0baf\u0bb0\u0bcd: #NAME# , ', <br/>, ' \u0bae\u0bbf\u0ba9\u0bcd\u0ba9\u0b9e\u0bcd\u0b9a\u0bb2\u0bcd: #EMAIL# ', <br/>, ' \u0bb5\u0bbe\u0b95\u0ba9\u0bae\u0bcd \u0ba4\u0baf\u0bbe\u0bb0\u0bbf\u0b95\u0bcd\u0b95\u0bb5\u0bc1\u0bae\u0bcd: #NAME# ', <br/>, ' \u0bb5\u0bbe\u0b95\u0ba9 \u0bae\u0bbe\u0ba4\u0bbf\u0bb0\u0bbf: #EMAIL# ', <br/>, ' #details# ', <br/>, ' ', <br/>, ' \u0ba8\u0ba9\u0bcd\u0bb1\u0bbf! ', <br/>, ' #MAILFOOTER#']"}, {"language": "VI", "subject": "Chi ti\u1ebft xe c\u1ee7a b\u1ea1n", "body": "[' K\u00ednh g\u1eedi Qu\u1ea3n tr\u1ecb vi\u00ean, ', <br/>, <br/>, ' Xe m\u1edbi \u0111\u00e3 \u0111\u01b0\u1ee3c th\u00eam th\u00e0nh c\u00f4ng v\u00e0o t\u00ean d\u1ef1 Cubejek . Chi ti\u1ebft tr\u00ecnh \u0111i\u1ec1u khi\u1ec3n nh\u01b0 sau. ', <br/>, <br/>, ' T\u00ean: #NAME# , ', <br/>, ' Email: #EMAIL# ', <br/>, ' L\u00e0m xe: #NAME# ', <br/>, ' M\u1eabu xe: #EMAIL# ', <br/>, ' #details# ', <br/>, ' ', <br/>, ' C\u1ea3m \u01a1n! ', <br/>, ' #MAILFOOTER#']"}, {"language": "TL", "subject": "Mga Detalye ng iyong Sasakyan", "body": "[' Mahal na Tagapangasiwa, ', <br/>, <br/>, ' Matagumpay na naidagdag ang Bagong Sasakyan sa Cubejek . Ang mga detalye ng pagmamaneho ay ang mga sumusunod. ', <br/>, <br/>, ' Pangalan: #NAME# , ', <br/>, ' Email: #EMAIL# ', <br/>, ' Gagawa ng Sasakyan: #NAME# ', <br/>, ' Modelo ng Sasakyan: #EMAIL# ', <br/>, ' #details# ', <br/>, ' ', <br/>, ' Salamat! ', <br/>, ' #MAILFOOTER#']"}, {"language": "KM", "subject": "\u1796\u17d0\u178f\u17cc\u1798\u17b6\u1793\u179b\u1798\u17d2\u17a2\u17b7\u178f\u17a2\u17c6\u1796\u17b8\u179a\u1790\u1799\u1793\u17d2\u178f\u179a\u1794\u179f\u17cb\u17a2\u17d2\u1793\u1780", "body": "[' \u179f\u17bc\u1798\u1782\u17c4\u179a\u1796\u17a2\u17d2\u1793\u1780\u1782\u17d2\u179a\u1794\u17cb\u1782\u17d2\u179a\u1784, ', <br/>, <br/>, ' \u1799\u17b6\u1793\u1799\u1793\u17d2\u178f\u1790\u17d2\u1798\u17b8\u178f\u17d2\u179a\u17bc\u179c\u1794\u17b6\u1793\u1794\u1793\u17d2\u1790\u17c2\u1798\u1791\u17c5 Cubejek \u17d4 \u1796\u17d0\u178f\u17cc\u1798\u17b6\u1793\u179b\u1798\u17d2\u17a2\u17b7\u178f\u17a2\u17c6\u1796\u17b8\u1780\u1798\u17d2\u1798\u179c\u17b7\u1792\u17b8\u1794\u1789\u17d2\u1787\u17b6\u1798\u17b6\u1793\u178a\u17bc\u1785\u1781\u17b6\u1784\u1780\u17d2\u179a\u17c4\u1798\u17d4 ', <br/>, <br/>, ' \u1788\u17d2\u1798\u17c4\u17c7: #NAME# , ', <br/>, ' \u17a2\u17ca\u17b8\u1798\u17c2\u179b: #EMAIL# ', <br/>, ' \u1799\u17b6\u1793\u1799\u1793\u17d2\u178f\u1795\u179b\u17b7\u178f: #NAME# ', <br/>, ' \u1782\u17c6\u179a\u17bc\u179a\u1790\u1799\u1793\u17d2\u178f: #EMAIL# ', <br/>, ' #details# ', <br/>, ' ', <br/>, ' \u179f\u17bc\u1798\u17a2\u179a\u1782\u17bb\u178e! ', <br/>, ' #MAILFOOTER#']"}, {"language": "BN", "subject": "\u0986\u09aa\u09a8\u09be\u09b0 \u0997\u09be\u09a1\u09bc\u09bf\u09b0 \u09ac\u09bf\u09ac\u09b0\u09a3", "body": "[' \u09aa\u09cd\u09b0\u09bf\u09af\u09bc \u09aa\u09cd\u09b0\u09b6\u09be\u09b8\u0995, ', <br/>, <br/>, ' \u09a8\u09a4\u09c1\u09a8 \u09af\u09be\u09a8\u09ac\u09be\u09b9\u09a8 \u09b8\u09ab\u09b2\u09ad\u09be\u09ac\u09c7 Cubejek \u09af\u09cb\u0997 \u0995\u09b0\u09be \u09b9\u09af\u09bc\u09c7\u099b\u09c7\u0964 \u09a8\u09bf\u09ae\u09cd\u09a8\u09b0\u09c2\u09aa \u09a1\u09cd\u09b0\u09be\u0987\u09ad\u09be\u09b0 \u09ac\u09bf\u09ac\u09b0\u09a3\u0964 ', <br/>, <br/>, ' \u09a8\u09be\u09ae: #NAME# , ', <br/>, ' \u0987\u09ae\u09c7\u09b2: #EMAIL# ', <br/>, ' \u09af\u09be\u09a8\u09ac\u09be\u09b9\u09a8 \u09a4\u09c8\u09b0\u09bf \u0995\u09b0\u09c1\u09a8: #NAME# ', <br/>, ' \u09af\u09be\u09a8\u09ac\u09be\u09b9\u09a8 \u09ae\u09a1\u09c7\u09b2: #EMAIL# ', <br/>, ' #details# ', <br/>, ' ', <br/>, ' \u09a7\u09a8\u09cd\u09af\u09ac\u09be\u09a6! ', <br/>, ' #MAILFOOTER#']"}, {"language": "JA", "subject": "\u3042\u306a\u305f\u306e\u8eca\u306e\u8a73\u7d30", "body": "[' \u7ba1\u7406\u8005\u5404\u4f4d', <br/>, <br/>, ' New Vehicle\u304cCubejek\u8ffd\u52a0\u3055\u308cCubejek \u3002\u30c9\u30e9\u30a4\u30d0\u30fc\u306e\u8a73\u7d30\u306f\u4ee5\u4e0b\u306e\u901a\u308a\u3067\u3059\u3002 ', <br/>, <br/>, '\u540d\u524d\uff1a #NAME# \u3001 ', <br/>, '\u30e1\u30fc\u30eb#EMAIL# \uff1a #EMAIL# ', <br/>, '\u8eca\u4e21\u306e\u88fd\u9020\u5143\uff1a #NAME# ', <br/>, '\u8eca\u4e21\u30e2\u30c7\u30eb\uff1a #EMAIL# ', <br/>, ' #details# ', <br/>, ' ', <br/>, '\u3042\u308a\u304c\u3068\u3046\u3054\u3056\u3044\u307e\u3059\u3002 ', <br/>, ' #MAILFOOTER#']"}, {"language": "KO", "subject": "\ucc28\ub7c9 \uc138\ubd80 \uc815\ubcf4", "body": "[' \uce5c\uc560\ud558\ub294 \uad00\ub9ac\uc790, ', <br/>, <br/>, ' \uc0c8 \ucc28\ub7c9\uc774 Cubejek \uc5d0 \uc131\uacf5\uc801\uc73c\ub85c \ucd94\uac00\ub418\uc5c8\uc2b5\ub2c8\ub2e4. \ub4dc\ub77c\uc774\ubc84 \uc138\ubd80 \uc0ac\ud56d\uc740 \ub2e4\uc74c\uacfc \uac19\uc2b5\ub2c8\ub2e4. ', <br/>, <br/>, ' \uc774\ub984 : #NAME# , ', <br/>, ' \uc774\uba54\uc77c : #EMAIL# ', <br/>, ' \ucc28\ub7c9 \ud655\uc778 : #NAME# ', <br/>, ' \ucc28\ub7c9 \ubaa8\ub378 : #EMAIL# ', <br/>, ' #details# ', <br/>, ' ', <br/>, ' \uac10\uc0ac! ', <br/>, ' #MAILFOOTER#']"}, {"language": "YO", "subject": "\u1eb8r\u1ecd \u1ecdk\u1ecd ay\u1ecdk\u1eb9l\u1eb9 r\u1eb9", "body": "[' Oluk\u1ecdni, ', <br/>, <br/>, ' Titun \u1ecdk\u1ecd ay\u1ecdk\u1eb9l\u1eb9 ni a ti fi kun si i\u1e63\u1eb9- Cubejek . Aw\u1ecdn alaye iwak\u1ecd j\u1eb9 bi at\u1eb9le. ', <br/>, <br/>, ' Oruk\u1ecd: #NAME# , ', <br/>, ' Imeeli: #EMAIL# ', <br/>, ' \u1ecck\u1ecd \u1e62i\u1e63e: #NAME# ', <br/>, ' Ap\u1eb9\u1eb9r\u1eb9 \u1ecdk\u1ecd ay\u1ecdk\u1eb9l\u1eb9: #EMAIL# ', <br/>, ' #details# ', <br/>, ' ', <br/>, ' O \u1e63eun! ', <br/>, ' #MAILFOOTER#']"}, {"language": "TR", "subject": "Ara\u00e7 Detaylar\u0131n\u0131z", "body": "[' Sevgili Y\u00f6netici ', <br/>, <br/>, ' Cubejek Yeni Ara\u00e7 ba\u015far\u0131yla eklendi. S\u00fcr\u00fcc\u00fc detaylar\u0131 a\u015fa\u011f\u0131daki gibidir. ', <br/>, <br/>, ' \u0130sim: #NAME# , ', <br/>, ' E-posta: #EMAIL# ', <br/>, ' Ara\u00e7 Yap\u0131m\u0131: #NAME# ', <br/>, ' Ara\u00e7 Modeli: #EMAIL# ', <br/>, ' #details# ', <br/>, ' ', <br/>, ' Te\u015fekk\u00fcrler! ', <br/>, ' #MAILFOOTER#']"}, {"language": "RU", "subject": "\u0412\u0430\u0448\u0438 \u0434\u0430\u043d\u043d\u044b\u0435 \u0430\u0432\u0442\u043e\u043c\u043e\u0431\u0438\u043b\u044f", "body": "[' \u0423\u0432\u0430\u0436\u0430\u0435\u043c\u044b\u0439 \u0410\u0434\u043c\u0438\u043d\u0438\u0441\u0442\u0440\u0430\u0442\u043e\u0440, ', <br/>, <br/>, ' \u041d\u043e\u0432\u044b\u0439 \u0430\u0432\u0442\u043e\u043c\u043e\u0431\u0438\u043b\u044c \u0431\u044b\u043b \u0443\u0441\u043f\u0435\u0448\u043d\u043e \u0434\u043e\u0431\u0430\u0432\u043b\u0435\u043d \u0432 Cubejek . \u0414\u0435\u0442\u0430\u043b\u0438 \u0434\u0440\u0430\u0439\u0432\u0435\u0440\u0430 \u0441\u043b\u0435\u0434\u0443\u044e\u0449\u0438\u0435. ', <br/>, <br/>, ' \u0418\u043c\u044f: #NAME# , ', <br/>, ' Email: #EMAIL# ', <br/>, ' \u041c\u0430\u0440\u043a\u0430 \u0430\u0432\u0442\u043e\u043c\u043e\u0431\u0438\u043b\u044f: #NAME# ', <br/>, ' \u041c\u043e\u0434\u0435\u043b\u044c \u0430\u0432\u0442\u043e\u043c\u043e\u0431\u0438\u043b\u044f: #EMAIL# ', <br/>, ' #details# ', <br/>, ' ', <br/>, ' \u0421\u043f\u0430\u0441\u0438\u0431\u043e! ', <br/>, ' #MAILFOOTER#']"}, {"language": "FA", "subject": "\u062c\u0632\u0626\u06cc\u0627\u062a \u062e\u0648\u062f\u0631\u0648 \u0634\u0645\u0627", "body": "[' \u0645\u062f\u06cc\u0631 \u0639\u0632\u06cc\u0632 ', <br/>, <br/>, ' \u062e\u0648\u062f\u0631\u0648 \u062c\u062f\u06cc\u062f \u0628\u0627 \u0645\u0648\u0641\u0642\u06cc\u062a \u0628\u0647 Cubejek \u0627\u0636\u0627\u0641\u0647 \u0634\u062f\u0647 \u0627\u0633\u062a. \u062c\u0632\u0626\u06cc\u0627\u062a \u062f\u0631\u0627\u06cc\u0648\u0631 \u0628\u0647 \u0634\u0631\u062d \u0632\u06cc\u0631 \u0627\u0633\u062a. ', <br/>, <br/>, ' \u0646\u0627\u0645: #NAME# \u060c ', <br/>, ' \u0627\u06cc\u0645\u06cc\u0644: #EMAIL# ', <br/>, ' \u062e\u0648\u062f\u0631\u0648: #NAME# ', <br/>, ' \u0645\u062f\u0644 \u062e\u0648\u062f\u0631\u0648: #EMAIL# ', <br/>, ' #details# ', <br/>, ' ', <br/>, ' \u0628\u0627 \u062a\u0634\u06a9\u0631! ', <br/>, ' #MAILFOOTER#']"}, {"language": "MY", "subject": "\u101e\u1004\u103a\u1037\u101b\u1032\u1037\u101a\u102c\u1009\u103a\u1021\u101e\u1031\u1038\u1005\u102d\u1010\u103a", "body": "[' \u1001\u103b\u1005\u103a\u1001\u1004\u103a\u101b\u1015\u102b\u101e\u1031\u102c\u1021\u102f\u1015\u103a\u1001\u103b\u102f\u1015\u103a\u101b\u1031\u1038\u1019\u103e\u1030\u1038, ', <br/>, <br/>, ' \u1014\u101a\u1030\u1038\u101a\u102c\u1009\u103a\u1000\u102d\u102f\u1021\u1031\u102c\u1004\u103a\u1019\u103c\u1004\u103a\u1005\u103d\u102c\u1015\u1031\u102b\u1004\u103a\u1038\u1011\u100a\u1037\u103a\u1015\u103c\u102e\u1038\u1015\u102b\u1015\u103c\u102e Cubejek \u104b \u1021\u1031\u102c\u1000\u103a\u1019\u103e\u102c\u1016\u1031\u102b\u103a\u1015\u103c\u1010\u1032\u1037\u1021\u1010\u102d\u102f\u1004\u103a\u1038\u1019\u1031\u102c\u1004\u103a\u1038\u101e\u1030\u1000\u1021\u101e\u1031\u1038\u1005\u102d\u1010\u103a\u1016\u103c\u1005\u103a\u1000\u103c\u101e\u100a\u103a\u104b ', <br/>, <br/>, ' \u1021\u1019\u100a\u103a: #NAME# , ', <br/>, ' \u1021\u102e\u1038\u1019\u1031\u1038\u101c\u103a: #EMAIL# ', <br/>, ' \u101a\u102c\u1009\u103a Make: #NAME# ', <br/>, ' \u101a\u102c\u1009\u103a\u1019\u1031\u102c\u103a\u1012\u101a\u103a: #EMAIL# ', <br/>, ' #details# ', <br/>, ' ', <br/>, ' \u1000\u103b\u1031\u1038\u1007\u1030\u1038\u1010\u1004\u103a\u1015\u102b\u1010\u101a\u103a! ', <br/>, ' #MAILFOOTER#']"}, {"language": "HI", "subject": "\u0906\u092a\u0915\u093e \u0935\u093e\u0939\u0928 \u0935\u093f\u0935\u0930\u0923", "body": "[' \u092a\u094d\u0930\u093f\u092f \u092a\u094d\u0930\u0936\u093e\u0938\u0915, ', <br/>, <br/>, ' \u0928\u0908 \u0935\u093e\u0939\u0928 \u0915\u094b Cubejek \u092e\u0947\u0902 \u0938\u092b\u0932\u0924\u093e\u092a\u0942\u0930\u094d\u0935\u0915 \u091c\u094b\u0921\u093c\u093e \u0917\u092f\u093e \u0939\u0948\u0964 \u0921\u094d\u0930\u093e\u0907\u0935\u0930 \u0915\u093e \u0935\u093f\u0935\u0930\u0923 \u0907\u0938 \u092a\u094d\u0930\u0915\u093e\u0930 \u0939\u0948\u0964 ', <br/>, <br/>, ' \u0928\u093e\u092e: #NAME# , ', <br/>, ' \u0908\u092e\u0947\u0932: #EMAIL# ', <br/>, ' \u0935\u093e\u0939\u0928 \u092c\u0928\u093e\u0913: #NAME# ', <br/>, ' \u0935\u093e\u0939\u0928 \u0915\u093e \u092e\u0949\u0921\u0932: #EMAIL# ', <br/>, ' #details# ', <br/>, ' ', <br/>, ' \u0927\u0928\u094d\u092f\u0935\u093e\u0926! ', <br/>, ' #MAILFOOTER#']"}, {"language": "IW", "subject": "\u05e4\u05e8\u05d8\u05d9 \u05d4\u05e8\u05db\u05d1 \u05e9\u05dc\u05da", "body": "[' \u05de\u05e0\u05d4\u05dc \u05d9\u05e7\u05e8, ', <br/>, <br/>, ' \u05e8\u05db\u05d1 \u05d7\u05d3\u05e9 \u05e0\u05d5\u05e1\u05e3 \u05d1\u05d4\u05e6\u05dc\u05d7\u05d4 Cubejek . \u05e4\u05e8\u05d8\u05d9 \u05de\u05e0\u05d4\u05dc \u05d4\u05d4\u05ea\u05e7\u05df \u05d4\u05dd \u05db\u05d3\u05dc\u05e7\u05de\u05df. ', <br/>, <br/>, ' \u05e9\u05dd: #NAME# , ', <br/>, ' \u05d3\u05d5\u05d0\"\u05dc: #EMAIL# ', <br/>, ' \u05d4\u05e8\u05db\u05d1 \u05d4\u05e4\u05d5\u05da: #NAME# ', <br/>, ' \u05d3\u05d2\u05dd \u05e8\u05db\u05d1: #EMAIL# ', <br/>, ' #details# ', <br/>, ' ', <br/>, ' \u05ea\u05d5\u05d3\u05d4! ', <br/>, ' #MAILFOOTER#']"}, {"language": "FR", "subject": "Les d\u00e9tails de votre v\u00e9hicule", "body": "[' Cher administrateur, ', <br/>, <br/>, ' Le nouveau v\u00e9hicule a \u00e9t\u00e9 ajout\u00e9 \u00e0 Cubejek avec succ\u00e8s. Les d\u00e9tails du pilote sont les suivants. ', <br/>, <br/>, ' Nom: #NAME# , ', <br/>, ' Email: #EMAIL# ', <br/>, ' Marque de v\u00e9hicule: #NAME# ', <br/>, ' Mod\u00e8le de v\u00e9hicule: #EMAIL# ', <br/>, ' #details# ', <br/>, ' ', <br/>, ' Merci! ', <br/>, ' #MAILFOOTER#']"}, {"language": "DA", "subject": "Dine k\u00f8ret\u00f8jsdetaljer", "body": "[' K\u00e6re Administrator, ', <br/>, <br/>, ' Ny k\u00f8ret\u00f8j er blevet tilf\u00f8jet til Cubejek . Driver detaljer er som f\u00f8lger. ', <br/>, <br/>, ' Navn: #NAME# , ', <br/>, ' Email: #EMAIL# ', <br/>, ' K\u00f8ret\u00f8jsm\u00e6rke: #NAME# ', <br/>, ' K\u00f8ret\u00f8jsmodel: #EMAIL# ', <br/>, ' #details# ', <br/>, ' ', <br/>, ' Tak! ', <br/>, ' #MAILFOOTER#']"}]}