{"purpose": "", "templates": [{"language": "AF", "subject": "Werkversoek hangende van CubeJekShark", "body": "[' ', <div> <b>Hallo Admin,</b> <br/><br/></div>, <div> Geskeduleerde bespreking is hangende deur die verskaffer. Hieronder is die besonderhede. <br/><br/> <b>Bespreking Nr #:</b> # BesprekingNie # <br/><br/> <b>Verskaffer Naam:</b> #Driver# <br/><br/> <b>Gebruikersnaam:</b> #Rider# <br/><br/> <b>Diens Adres:</b> #SourceAddress# <br/><br/> <b>Boekingsdatum:</b> #Rider# <br/><br/><br/> <b>Dankie! #MailFooter#</b> <br/></div>]"}, {"language": "EN", "subject": "Job request pending on CubeJekShark", "body": "[' ', <div><b>Hello Admin,</b><br/><br/></div>, <div>Scheduled booking is pending by the provider. Below are the details.<br/><br/><b>Booking No#:</b> #BookingNo#<br/><br/><b>Provider Name:</b> #Driver#<br/><br/><b>User Name:</b> #Rider#<br/><br/><b>Service Address:</b> #SourceAddress#<br/><br/><b>Booking Date:</b> #Ddate#<br/><br/><br/><b>Thanks! #MailFooter#</b><br/></div>]"}, {"language": "TH", "subject": "\u0e04\u0e33\u0e02\u0e2d\u0e07\u0e32\u0e19\u0e17\u0e35\u0e48\u0e04\u0e49\u0e32\u0e07\u0e2d\u0e22\u0e39\u0e48\u0e1a\u0e19 CubeJekShark", "body": "[' ', <div> <b>\u0e2a\u0e27\u0e31\u0e2a\u0e14\u0e35\u0e1c\u0e39\u0e49\u0e14\u0e39\u0e41\u0e25\u0e23\u0e30\u0e1a\u0e1a</b> <br/><br/></div>, <div> \u0e01\u0e32\u0e23\u0e08\u0e2d\u0e07\u0e15\u0e32\u0e21\u0e01\u0e33\u0e2b\u0e19\u0e14\u0e40\u0e27\u0e25\u0e32\u0e2d\u0e22\u0e39\u0e48\u0e43\u0e19\u0e23\u0e30\u0e2b\u0e27\u0e48\u0e32\u0e07\u0e14\u0e33\u0e40\u0e19\u0e34\u0e19\u0e01\u0e32\u0e23\u0e42\u0e14\u0e22\u0e1c\u0e39\u0e49\u0e43\u0e2b\u0e49\u0e1a\u0e23\u0e34\u0e01\u0e32\u0e23 \u0e14\u0e49\u0e32\u0e19\u0e25\u0e48\u0e32\u0e07\u0e40\u0e1b\u0e47\u0e19\u0e23\u0e32\u0e22\u0e25\u0e30\u0e40\u0e2d\u0e35\u0e22\u0e14 <br/><br/> <b>\u0e2b\u0e21\u0e32\u0e22\u0e40\u0e25\u0e02\u0e01\u0e32\u0e23\u0e08\u0e2d\u0e07 #:</b> # BookingNo # <br/><br/> <b>\u0e0a\u0e37\u0e48\u0e2d\u0e1c\u0e39\u0e49\u0e43\u0e2b\u0e49\u0e1a\u0e23\u0e34\u0e01\u0e32\u0e23:</b> #Driver# <br/><br/> <b>\u0e0a\u0e37\u0e48\u0e2d\u0e1c\u0e39\u0e49\u0e43\u0e0a\u0e49:</b> #Rider# <br/><br/> <b>\u0e17\u0e35\u0e48\u0e2d\u0e22\u0e39\u0e48\u0e1a\u0e23\u0e34\u0e01\u0e32\u0e23:</b> #SourceAddress# <br/><br/> <b>\u0e27\u0e31\u0e19\u0e17\u0e35\u0e48\u0e08\u0e2d\u0e07:</b> #Rider# <br/><br/><br/> <b>\u0e02\u0e2d\u0e1a\u0e04\u0e38\u0e13! #MailFooter#</b> <br/></div>]"}, {"language": "ID", "subject": "Permintaan pekerjaan tertunda di CubeJekShark", "body": "[' ', <div> <b>Halo Admin,</b> <br/><br/></div>, <div> Pemesanan yang dijadwalkan sedang ditangguhkan oleh penyedia. Di bawah ini adalah detailnya. <br/><br/> <b>Pemesanan No #:</b> # BookingNo # <br/><br/> <b>Nama Penyedia:</b> #Driver# <br/><br/> <b>Nama Pengguna:</b> #Rider# <br/><br/> <b>Alamat Layanan:</b> #SourceAddress# <br/><br/> <b>Tanggal Pemesanan:</b> #Rider# <br/><br/><br/> <b>Terima kasih! #MailFooter#</b> <br/></div>]"}, {"language": "DE", "subject": "Auftragsanforderung f\u00fcr CubeJekShark ausstehend", "body": "[' ', <div> <b>Hallo Admin,</b> <br/><br/></div>, <div> Die geplante Buchung steht beim Anbieter aus. Unten sind die Details. <br/><br/> <b>Buchungsnummer #:</b> # Buchungsnummer # <br/><br/> <b>Anbietername:</b> #Driver# <br/><br/> <b>Benutzername:</b> #Rider# <br/><br/> #SourceAddress# <b>:</b> #SourceAddress# <br/><br/> <b>Buchungsdatum:</b> #Rider# <br/><br/><br/> <b>Vielen Dank! #MailFooter#</b> <br/></div>]"}, {"language": "ES", "subject": "Solicitud de trabajo pendiente en CubeJekShark", "body": "[' ', <div> <b>Hola admin</b> <br/><br/></div>, <div> La reserva programada est\u00e1 pendiente por el proveedor. A continuaci\u00f3n se presentan los detalles. <br/><br/> <b>Reservaci\u00f3n No #:</b> # BookingNo # <br/><br/> <b>Nombre del proveedor:</b> #Driver# <br/><br/> <b>Nombre de usuario:</b> #Rider# <br/><br/> <b>Direcci\u00f3n del servicio:</b> #SourceAddress# <br/><br/> <b>Fecha de reserva:</b> #Rider# <br/><br/><br/> <b>\u00a1Gracias! #MailFooter#</b> <br/></div>]"}, {"language": "IT", "subject": "Richiesta di lavoro in sospeso su CubeJekShark", "body": "[' ', <div> <b>Ciao amministratore,</b> <br/><br/></div>, <div> La prenotazione programmata \u00e8 in sospeso dal fornitore. Di seguito sono i dettagli. <br/><br/> <b>Prenotazione numero #:</b> # BookingNo # <br/><br/> <b>Nome provider:</b> #Driver# <br/><br/> <b>Nome utente:</b> #Rider# <br/><br/> <b>Indirizzo di servizio:</b> #SourceAddress# <br/><br/> <b>Data di prenotazione:</b> #Rider# <br/><br/><br/> <b>Grazie! #MailFooter#</b> <br/></div>]"}, {"language": "AR", "subject": "\u0637\u0644\u0628 \u0648\u0638\u064a\u0641\u0629 \u0645\u0639\u0644\u0642\u0629 \u0639\u0644\u0649 CubeJekShark", "body": "[' ', <div style=\";text-align:right;direction:rtl\"> <b>\u0645\u0631\u062d\u0628\u0627 \u0627\u0644\u0627\u062f\u0627\u0631\u064a\u0629 \u060c</b> <br/><br/></div>, <div style=\";text-align:right;direction:rtl\"> \u0627\u0644\u062d\u062c\u0632 \u0627\u0644\u0645\u0642\u0631\u0631 \u0641\u064a \u0627\u0646\u062a\u0638\u0627\u0631 \u0627\u0644\u0645\u0648\u0641\u0631. \u0623\u062f\u0646\u0627\u0647 \u0647\u064a \u0627\u0644\u062a\u0641\u0627\u0635\u064a\u0644. <br/><br/> <b>\u0627\u0644\u062d\u062c\u0632 \u0631\u0642\u0645 #:</b> \u0627\u0644\u062d\u062c\u0632 <br/><br/> <b>\u0627\u0633\u0645 \u0627\u0644\u0645\u0632\u0648\u062f:</b> #Driver# <br/><br/> <b>\u0627\u0633\u0645 \u0627\u0644\u0645\u0633\u062a\u062e\u062f\u0645:</b> #Rider# <br/><br/> <b>\u0639\u0646\u0648\u0627\u0646 \u0627\u0644\u062e\u062f\u0645\u0629:</b> #SourceAddress# <br/><br/> <b>\u062a\u0627\u0631\u064a\u062e \u0627\u0644\u062d\u062c\u0632:</b> #Rider# <br/><br/><br/> <b>\u0634\u0643\u0631! #MailFooter#</b> <br/></div>]"}, {"language": "UR", "subject": "CubeJekShark \u067e\u0631 \u0627\u0644\u062a\u0648\u0627\u0621 \u06a9\u06cc \u062f\u0631\u062e\u0648\u0627\u0633\u062a \u0632\u06cc\u0631 \u0627\u0644\u062a\u0648\u0627\u0621 \u06c1\u06d2", "body": "[' ', <div style=\";text-align:right;direction:rtl\"> <b>\u06c1\u06cc\u0644\u0648 \u0627\u06cc\u0688\u0645\u0646\u060c</b> <br/><br/></div>, <div style=\";text-align:right;direction:rtl\"> \u0634\u06cc\u0688\u0648\u0644 \u0628\u06a9\u0646\u06af \u0641\u0631\u0627\u06c1\u0645 \u06a9\u0646\u0646\u062f\u06c1 \u06a9\u06cc \u0637\u0631\u0641 \u0633\u06d2 \u0645\u0646\u062a\u0638\u0631 \u06c1\u06d2. \u0630\u06cc\u0644 \u0645\u06cc\u06ba \u062a\u0641\u0635\u06cc\u0644\u0627\u062a \u06c1\u06cc\u06ba. <br/><br/> <b>\u0628\u06a9\u0646\u06af \u0646\u0645\u0628\u0631 #:</b> # <b>\u0628\u06a9\u0646\u06af \u06a9\u0648\u0626\u06cc</b> # <br/><br/> <b>\u0641\u0631\u0627\u06c1\u0645 \u06a9\u0646\u0646\u062f\u06c1 \u06a9\u0627 \u0646\u0627\u0645:</b> #Driver# <br/><br/> <b>\u0635\u0627\u0631\u0641 \u06a9\u0627 \u0646\u0627\u0645:</b> #Rider# <br/><br/> <b>\u0633\u0631\u0648\u0633 \u0627\u06cc\u0688\u0631\u06cc\u0633:</b> #SourceAddress# <br/><br/> <b>\u0628\u06a9\u0646\u06af \u06a9\u06cc \u062a\u0627\u0631\u06cc\u062e:</b> #Rider# <br/><br/><br/> <b>\u0634\u06a9\u0631\u06cc\u06c1! #MailFooter#</b> <br/></div>]"}, {"language": "AZ", "subject": "CubeJekShark il\u0259 ba\u011fl\u0131 i\u015f t\u0259l\u0259bi", "body": "[' ', <div> <b>Salam Admin,</b> <br/><br/></div>, <div> Planla\u015fd\u0131rma sifari\u015f provayder t\u0259r\u0259find\u0259n g\u00f6zl\u0259yir. A\u015fa\u011f\u0131dak\u0131 m\u0259lumatlar. <br/><br/> <b>Rezervasyon No #:</b> # <b>RezervasyonNo</b> # <br/><br/> <b>T\u0259chizat\u00e7\u0131 Ad\u0131:</b> #Driver# <br/><br/> <b>\u0130stifad\u0259\u00e7i ad\u0131:</b> #Rider# <br/><br/> <b>Xidm\u0259t \u00fcnvan\u0131:</b> #SourceAddress# <br/><br/> <b>Rezervasyon tarixi:</b> #Rider# <br/><br/><br/> <b>T\u0259\u015f\u0259kk\u00fcr edirik! #MailFooter#</b> <br/></div>]"}, {"language": "ZH", "subject": "CubeJekShark\u4e0a\u7684\u4f5c\u4e1a\u8bf7\u6c42\u5f85\u5904\u7406", "body": "[' ', <div> <b>\u60a8\u597d\u7ba1\u7406\u5458\uff0c</b> <br/><br/></div>, <div>\u9884\u5b9a\u7684\u9884\u8ba2\u6b63\u5728\u7531\u63d0\u4f9b\u5546\u5904\u7406\u3002\u4ee5\u4e0b\u662f\u8be6\u7ec6\u4fe1\u606f\u3002 <br/><br/> <b>\u9884\u8ba2\u5426#:</b> \uff03BookingNo\uff03 <br/><br/> <b>\u63d0\u4f9b\u5546\u540d\u79f0\uff1a</b> #Driver# <br/><br/> <b>\u7528\u6237\u540d\uff1a</b> #Rider# <br/><br/> <b>\u670d\u52a1\u5730\u5740\uff1a</b> #SourceAddress# <br/><br/> <b>\u9884\u8ba2\u65e5\u671f\uff1a</b> #Rider# <br/><br/><br/> <b>\u8c22\u8c22\uff01 #MailFooter#</b> <br/></div>]"}, {"language": "PT", "subject": "Solicita\u00e7\u00e3o de trabalho pendente no CubeJekShark", "body": "[' ', <div> <b>Ol\u00e1 admin,</b> <br/><br/></div>, <div> A reserva agendada est\u00e1 pendente do provedor. Abaixo est\u00e3o os detalhes. <br/><br/> <b>Reservas #:</b> # BookingNo # <br/><br/> <b>Nome do provedor:</b> #Driver# <br/><br/> <b>Nome de usu\u00e1rio:</b> #Rider# <br/><br/> <b>Endere\u00e7o de servi\u00e7o:</b> #SourceAddress# <br/><br/> <b>Data de reserva:</b> #Rider# <br/><br/><br/> <b>Obrigado! #MailFooter#</b> <br/></div>]"}, {"language": "ZU", "subject": "Isicelo CubeJekShark silinde ku- CubeJekShark", "body": "[' ', <div> <b>Sawubona Umlawuli,</b> <br/><br/></div>, <div> Ukubhuka okuhleliwe kulindeleke ngumhlinzeki. Ngezansi kukhona imininingwane. <br/><br/> <b>Ukubhuka Akukho #:</b> # UkubhukaNo # <br/><br/> <b>Igama lomhlinzeki:</b> #Driver# <br/><br/> <b>Igama lomsebenzisi:</b> #Rider# <br/><br/> <b>Ikheli</b> #SourceAddress# <b>:</b> #SourceAddress# <br/><br/> <b>Usuku Lokubhuka:</b> #Rider# <br/><br/><br/> <b>Siyabonga! #MailFooter#</b> <br/></div>]"}, {"language": "SW", "subject": "Ombi la ajira linasubiri CubeJekShark", "body": "[' ', <div> <b>Sawa Admin,</b> <br/><br/></div>, <div> Uhifadhi uliopangwa unasubiri na mtoa huduma. Chini ni maelezo. <br/><br/> <b>Uhifadhi #:</b> # <b>Uhifadhi</b> # <br/><br/> <b>Jina la Mtoa huduma:</b> #Driver# <br/><br/> <b>Jina la mtumiaji:</b> #Rider# <br/><br/> <b>Anwani ya Huduma:</b> #SourceAddress# <br/><br/> <b>Tarehe ya Marejeo:</b> #Rider# <br/><br/><br/> <b>Asante! #MailFooter#</b> <br/></div>]"}, {"language": "KU", "subject": "Kar\u00fbbar\u00ea CubeJekShark li CubeJekShark qedexekirin", "body": "[' ', <div style=\";text-align:right;direction:rtl\"> <b>Hello Admin,</b> <br/><br/></div>, <div style=\";text-align:right;direction:rtl\"> Vebij\u00earandin\u00ea ve\u015fart\u00ee ji h\u00eala belgey\u00ea vekir\u00ee ye. Li j\u00ear agahdar\u00ee hene. <br/><br/> <b>Booking No. #:</b> # BookingNo # <br/><br/> <b>Provider Nav\u00ea:</b> #Driver# <br/><br/> <b>Nav\u00ea bikarh\u00eaner:</b> #Rider# <br/><br/> <b>Navn\u00ee\u015f\u00ea</b> #SourceAddress# <b>:</b> #SourceAddress# <br/><br/> <b>Booking Date:</b> #Rider# <br/><br/><br/> <b>Spas! #MailFooter#</b> <br/></div>]"}, {"language": "MS", "subject": "Permintaan kerja belum selesai pada CubeJekShark", "body": "[' ', <div> <b>Hello Admin,</b> <br/><br/></div>, <div> Tempahan berjadual belum selesai oleh pembekal. Berikut adalah butirannya. <br/><br/> <b>Tempahan No #:</b> # BookingNo # <br/><br/> <b>Nama Penyedia:</b> #Driver# <br/><br/> <b>Nama Pengguna:</b> #Rider# <br/><br/> <b>Alamat Perkhidmatan:</b> #SourceAddress# <br/><br/> <b>Tarikh Tempahan:</b> #Rider# <br/><br/><br/> <b>Terima kasih! #MailFooter#</b> <br/></div>]"}, {"language": "SI", "subject": "CubeJekShark \u0db4\u0dd2\u0dc5\u0dd2\u0db6\u0db3\u0dc0 \u0db4\u0ddc\u0dbb\u0ddc\u0dad\u0dca\u0dad\u0dd4 \u0dc0\u0db1 \u0dc3\u0dda\u0dc0\u0dcf \u0d89\u0dbd\u0dca\u0dbd\u0dd3\u0db8", "body": "[' ', <div> <b>\u0dc4\u0dbd\u0ddd \u0db4\u0dbb\u0dd2\u0db4\u0dcf\u0dbd\u0d9a,</b> <br/><br/></div>, <div> \u0d8b\u0db4\u0dbd\u0dda\u0d9b\u0db1\u0d9c\u0dad \u0dc0\u0dd9\u0db1\u0dca \u0d9a\u0dd2\u0dbb\u0dd3\u0db8\u0dca \u0dc3\u0dd0\u0db4\u0dba\u0dd4\u0db8\u0dca\u0d9a\u0dbb\u0dd4 \u0dc0\u0dd2\u0dc3\u0dd2\u0db1\u0dca \u0db6\u0dbd\u0dcf \u0db4\u0ddc\u0dbb\u0ddc\u0dad\u0dca\u0dad\u0dd4 \u0dc0\u0dda. \u0dc0\u0dd2\u0dc3\u0dca\u0dad\u0dbb \u0db4\u0dc4\u0dad \u0daf\u0dd0\u0d9a\u0dca\u0dc0\u0dda. <br/><br/> <b>\u0d85\u0d82\u0d9a \u0db1\u0dd0\u0dad #:</b> # BookingNo # <br/><br/> <b>\u0dc3\u0dd0\u0db4\u0dba\u0dd4\u0db8\u0dca\u0d9a\u0dbb\u0dd4 \u0db1\u0db8:</b> #Driver# <br/><br/> <b>\u0db4\u0dbb\u0dd2\u0dc1\u0dd3\u0dbd\u0d9a \u0db1\u0dcf\u0db8\u0dba:</b> #Rider# <br/><br/> <b>\u0dc3\u0dda\u0dc0\u0dcf \u0dbd\u0dd2\u0db4\u0dd2\u0db1\u0dba:</b> #SourceAddress# <br/><br/> <b>\u0dc0\u0dd9\u0db1\u0dca \u0dc0\u0dd9\u0db1\u0dca \u0daf\u0dd2\u0db1\u0dba:</b> #Rider# <br/><br/><br/> <b>\u0dc3\u0dca\u0dad\u0dd6\u0dad\u0dd2\u0dba\u0dd2! #MailFooter#</b> <br/></div>]"}, {"language": "TA", "subject": "CubeJekShark \u0bb5\u0bc7\u0bb2\u0bc8 \u0b95\u0bcb\u0bb0\u0bbf\u0b95\u0bcd\u0b95\u0bc8 \u0ba8\u0bbf\u0bb2\u0bc1\u0bb5\u0bc8\u0baf\u0bbf\u0bb2\u0bcd \u0b89\u0bb3\u0bcd\u0bb3\u0ba4\u0bc1", "body": "[' ', <div> <b>\u0bb5\u0ba3\u0b95\u0bcd\u0b95\u0bae\u0bcd \u0ba8\u0bbf\u0bb0\u0bcd\u0bb5\u0bbe\u0b95\u0bae\u0bcd,</b> <br/><br/></div>, <div> \u0ba4\u0bbf\u0b9f\u0bcd\u0b9f\u0bae\u0bbf\u0b9f\u0bcd\u0b9f \u0bae\u0bc1\u0ba9\u0bcd\u0baa\u0ba4\u0bbf\u0bb5\u0bc1 \u0bb5\u0bb4\u0b99\u0bcd\u0b95\u0bc1\u0baa\u0bb5\u0bb0\u0bcd \u0ba8\u0bbf\u0bb2\u0bc1\u0bb5\u0bc8\u0baf\u0bbf\u0bb2\u0bcd \u0b89\u0bb3\u0bcd\u0bb3\u0ba4\u0bc1. \u0bb5\u0bbf\u0bb5\u0bb0\u0b99\u0bcd\u0b95\u0bb3\u0bcd \u0b95\u0bc0\u0bb4\u0bc7 \u0b89\u0bb3\u0bcd\u0bb3\u0ba9. <br/><br/> <b>\u0bae\u0bc1\u0ba9\u0bcd\u0baa\u0ba4\u0bbf\u0bb5\u0bc1 \u0b87\u0bb2\u0bcd\u0bb2\u0bc8 #:</b> # \u0bae\u0bc1\u0ba9\u0bcd\u0baa\u0ba4\u0bbf\u0bb5\u0bc1 # <br/><br/> <b>\u0bb5\u0bb4\u0b99\u0bcd\u0b95\u0bc1\u0baa\u0bb5\u0bb0\u0bcd \u0baa\u0bc6\u0baf\u0bb0\u0bcd:</b> #Driver# <br/><br/> <b>\u0baa\u0baf\u0ba9\u0bb0\u0bcd \u0baa\u0bc6\u0baf\u0bb0\u0bcd:</b> #Rider# <br/><br/> <b>\u0b9a\u0bc7\u0bb5\u0bc8 \u0bae\u0bc1\u0b95\u0bb5\u0bb0\u0bbf:</b> #SourceAddress# <br/><br/> <b>\u0bae\u0bc1\u0ba9\u0bcd\u0baa\u0ba4\u0bbf\u0bb5\u0bc1 \u0ba4\u0bc7\u0ba4\u0bbf:</b> #Rider# <br/><br/><br/> <b>\u0ba8\u0ba9\u0bcd\u0bb1\u0bbf! #MailFooter#</b> <br/></div>]"}, {"language": "VI", "subject": "Y\u00eau c\u1ea7u c\u00f4ng vi\u1ec7c \u0111ang ch\u1edd x\u1eed l\u00fd tr\u00ean CubeJekShark", "body": "[' ', <div> <b>Xin ch\u00e0o Qu\u1ea3n tr\u1ecb vi\u00ean,</b> <br/><br/></div>, <div> \u0110\u1eb7t ph\u00f2ng theo l\u1ecbch tr\u00ecnh \u0111ang ch\u1edd nh\u00e0 cung c\u1ea5p. D\u01b0\u1edbi \u0111\u00e2y l\u00e0 c\u00e1c chi ti\u1ebft. <br/><br/> <b>\u0110\u1eb7t ph\u00f2ng s\u1ed1 #:</b> # <b>\u0110\u1eb7t ph\u00f2ng</b> # <br/><br/> <b>T\u00ean nh\u00e0 cung c\u1ea5p:</b> #Driver# <br/><br/> <b>T\u00ean ng\u01b0\u1eddi d\u00f9ng:</b> #Rider# <br/><br/> <b>\u0110\u1ecba ch\u1ec9 d\u1ecbch v\u1ee5:</b> #SourceAddress# <br/><br/> <b>Ng\u00e0y \u0111\u1eb7t ph\u00f2ng:</b> #Rider# <br/><br/><br/> <b>C\u1ea3m \u01a1n! #MailFooter#</b> <br/></div>]"}, {"language": "TL", "subject": "Humihiling na humiling ng trabaho sa CubeJekShark", "body": "[' ', <div> <b>Hello Admin,</b> <br/><br/></div>, <div> Ang naka-iskedyul na booking ay hinihintay ng provider. Nasa ibaba ang mga detalye. <br/><br/> <b>Booking No #:</b> # BookingNo # <br/><br/> <b>Pangalan ng tagapagbigay:</b> #Driver# <br/><br/> <b>Pangalan ng User:</b> #Rider# <br/><br/> <b>Address ng Serbisyo:</b> #SourceAddress# <br/><br/> <b>Petsa ng Pag-book:</b> #Rider# <br/><br/><br/> <b>Salamat! #MailFooter#</b> <br/></div>]"}, {"language": "KM", "subject": "\u179f\u17c6\u178e\u17be\u179a\u179f\u17bb\u17c6\u1798\u17b7\u1793\u1791\u17b6\u1793\u17cb\u179f\u1798\u17d2\u179a\u17c1\u1785\u1793\u17c5\u179b\u17be\u1788\u17d2\u1798\u17c4\u17c7 CubeJekShark", "body": "[' ', <div> <b>\u179f\u17bd\u179f\u17d2\u178f\u17b8\u179a\u178a\u17d2\u178b\u1794\u17b6\u179b,</b> <br/><br/></div>, <div> \u1780\u17b6\u179a\u1780\u1780\u17cb\u178f\u17b6\u1798\u1780\u17b6\u179b\u179c\u17b7\u1797\u17b6\u1782\u178f\u17d2\u179a\u17bc\u179c\u1794\u17b6\u1793\u179a\u1784\u17cb\u1785\u17b6\u17c6\u178a\u17c4\u1799\u1780\u17d2\u179a\u17bb\u1798\u17a0\u17ca\u17bb\u1793\u1795\u17d2\u178f\u179b\u17cb\u179f\u17c1\u179c\u17b6\u1780\u1798\u17d2\u1798\u17d4 \u1781\u17b6\u1784\u1780\u17d2\u179a\u17c4\u1798\u1793\u17c1\u17c7\u1782\u17ba\u1787\u17b6\u1796\u17d0\u178f\u17cc\u1798\u17b6\u1793\u179b\u1798\u17d2\u17a2\u17b7\u178f\u17d4 <br/><br/> <b>\u1780\u1780\u17cb\u179b\u17c1\u1781 #:</b> # BookingNo # <br/><br/> <b>\u1788\u17d2\u1798\u17c4\u17c7\u1780\u17d2\u179a\u17bb\u1798\u17a0\u17ca\u17bb\u1793\u1795\u17d2\u178a\u179b\u17cb:</b> #Driver# <br/><br/> <b>\u1788\u17d2\u1798\u17c4\u17c7\u17a2\u17d2\u1793\u1780\u1794\u17d2\u179a\u17be:</b> #Rider# <br/><br/> <b>\u179f\u17c1\u179c\u17b6\u1780\u1798\u17d2\u1798\u17a2\u17b6\u179f\u17d0\u1799\u178a\u17d2\u178b\u17b6\u1793:</b> #SourceAddress# <br/><br/> <b>\u1780\u17b6\u179b\u1794\u179a\u17b7\u1785\u17d2\u1786\u17c1\u1791\u1780\u1780\u17cb:</b> #Rider# <br/><br/><br/> <b>\u179f\u17bc\u1798\u17a2\u179a\u1782\u17bb\u178e! #MailFooter#</b> <br/></div>]"}, {"language": "BN", "subject": "CubeJekShark \u09ae\u09c1\u09b2\u09a4\u09c1\u09ac\u09bf \u0995\u09be\u099c\u09c7\u09b0 \u0985\u09a8\u09c1\u09b0\u09cb\u09a7", "body": "[' ', <div> <b>\u09b9\u09cd\u09af\u09be\u09b2\u09cb \u0985\u09cd\u09af\u09be\u09a1\u09ae\u09bf\u09a8,</b> <br/><br/></div>, <div> \u09a8\u09bf\u09b0\u09cd\u09a7\u09be\u09b0\u09bf\u09a4 \u09ac\u09c1\u0995\u09bf\u0982 \u09aa\u09cd\u09b0\u09a6\u09be\u09a8\u0995\u09be\u09b0\u09c0 \u09a6\u09cd\u09ac\u09be\u09b0\u09be \u09ae\u09c1\u09b2\u09a4\u09c1\u09ac\u09bf \u09b9\u09af\u09bc\u0964 \u09a8\u09c0\u099a\u09c7 \u09ac\u09bf\u09b8\u09cd\u09a4\u09be\u09b0\u09bf\u09a4 \u0986\u099b\u09c7\u0964 <br/><br/> <b>\u09ac\u09c1\u0995\u09bf\u0982 \u09a8\u0982 #:</b> # <b>\u09ac\u09c1\u0995\u09bf\u0982 \u09a8\u09c7\u0987</b> # <br/><br/> <b>\u09b8\u09b0\u09ac\u09b0\u09be\u09b9\u0995\u09be\u09b0\u09c0 \u09a8\u09be\u09ae:</b> #Driver# <br/><br/> <b>\u09ac\u09cd\u09af\u09ac\u09b9\u09be\u09b0\u0995\u09be\u09b0\u09c0 \u09a8\u09be\u09ae:</b> #Rider# <br/><br/> <b>\u09b8\u09c7\u09ac\u09be \u09a0\u09bf\u0995\u09be\u09a8\u09be:</b> #SourceAddress# <br/><br/> <b>\u09ac\u09c1\u0995\u09bf\u0982 \u09a4\u09be\u09b0\u09bf\u0996:</b> #Rider# <br/><br/><br/> <b>\u09a7\u09a8\u09cd\u09af\u09ac\u09be\u09a6! #MailFooter#</b> <br/></div>]"}, {"language": "JA", "subject": "CubeJekShark\u4fdd\u7559\u4e2d\u306e\u30b8\u30e7\u30d6\u8981\u6c42", "body": "[' ', <div> <b>\u3053\u3093\u306b\u3061\u306f\u7ba1\u7406\u8005\u3001</b> <br/><br/></div>, <div>\u30b9\u30b1\u30b8\u30e5\u30fc\u30eb\u3055\u308c\u305f\u4e88\u7d04\u306f\u30d7\u30ed\u30d0\u30a4\u30c0\u306b\u3088\u3063\u3066\u4fdd\u7559\u4e2d\u3067\u3059\u3002\u8a73\u7d30\u306f\u4ee5\u4e0b\u306e\u901a\u308a\u3067\u3059\u3002 <br/><br/> <b>\u4e88\u7d04\u756a\u53f7#:</b> \uff03 <b>\u4e88\u7d04\u756a\u53f7</b> \uff03 <br/><br/> <b>\u30d7\u30ed\u30d0\u30a4\u30c0\u540d\uff1a</b> #Driver# <br/><br/> <b>\u30e6\u30fc\u30b6\u30fc\u540d\uff1a</b> #Rider# <br/><br/> <b>\u30b5\u30fc\u30d3\u30b9\u30a2\u30c9\u30ec\u30b9\uff1a</b> #SourceAddress# <br/><br/> <b>\u4e88\u7d04\u65e5\uff1a</b> #Rider# <br/><br/><br/> <b>\u3042\u308a\u304c\u3068\u3046\u3054\u3056\u3044\u307e\u3059\u3002 #MailFooter#</b> <br/></div>]"}, {"language": "KO", "subject": "CubeJekShark \ubcf4\ub958\uc911\uc778 \uc791\uc5c5 \uc694\uccad", "body": "[' ', <div> <b>\uc548\ub155\ud558\uc138\uc694 \uad00\ub9ac\uc790,</b> <br/><br/></div>, <div> \uc608\uc57d \ub41c \uc608\uc57d\uc774 \uacf5\uae09\uc790\uc5d0 \uc758\ud574 \ubcf4\ub958 \uc911\uc785\ub2c8\ub2e4. \ub2e4\uc74c\uc740 \uc138\ubd80 \uc0ac\ud56d\uc785\ub2c8\ub2e4. <br/><br/> <b>\uc608\uc57d \ubc88\ud638 #:</b> # <b>\uc608\uc57d \ubc88\ud638</b> # <br/><br/> <b>\uacf5\uae09\uc790 \uc774\ub984 :</b> #Driver# <br/><br/> <b>\uc0ac\uc6a9\uc790 \uc774\ub984 :</b> #Rider# <br/><br/> <b>\uc11c\ube44\uc2a4 \uc8fc\uc18c :</b> #SourceAddress# <br/><br/> <b>\uc608\uc57d \ub0a0\uc9dc :</b> #Rider# <br/><br/><br/> <b>\uac10\uc0ac! #MailFooter#</b> <br/></div>]"}, {"language": "YO", "subject": "Ibere Job ni isunm\u1ecd lori CubeJekShark", "body": "[' ', <div> <b>Hello Admin,</b> <br/><br/></div>, <div> Atunwo ti a \u1e63e ay\u1eb9wo ti wa ni isunm\u1ecdtosi nipas\u1eb9 olupese. Aw\u1ecdn alaye ni isal\u1eb9. <br/><br/> <b>Fowo si Ko si #:</b> # BookingNo # <br/><br/> <b>Olupese Olupese:</b> #Driver# <br/><br/> <b>Oruk\u1ecd olumulo:</b> #Rider# <br/><br/> <b>Ifiran\u1e63\u1eb9 I\u1e63\u1eb9:</b> #SourceAddress# <br/><br/> <b>\u1eccj\u1ecd Iwewewe:</b> #Rider# <br/><br/><br/> <b>O \u1e63eun! #MailFooter#</b> <br/></div>]"}, {"language": "TR", "subject": "CubeJekShark bekleyen i\u015f iste\u011fi", "body": "[' ', <div> <b>Merhaba Y\u00f6netici,</b> <br/><br/></div>, <div> Tarifeli rezervasyon sa\u011flay\u0131c\u0131 taraf\u0131ndan bekletiliyor. Detaylar a\u015fa\u011f\u0131da. <br/><br/> <b>Rezervasyon No #:</b> # BookingNo # <br/><br/> <b>Sa\u011flay\u0131c\u0131 Ad\u0131:</b> #Driver# <br/><br/> <b>Kullan\u0131c\u0131 Ad\u0131:</b> #Rider# <br/><br/> <b>Servis Adresi:</b> #SourceAddress# <br/><br/> <b>Rezervasyon Tarihi:</b> #Rider# <br/><br/><br/> <b>Te\u015fekk\u00fcrler! #MailFooter#</b> <br/></div>]"}, {"language": "RU", "subject": "\u0422\u0440\u0435\u0431\u043e\u0432\u0430\u043d\u0438\u0435 \u043e CubeJekShark \u043e\u0436\u0438\u0434\u0430\u0435\u0442 CubeJekShark", "body": "[' ', <div> <b>\u041f\u0440\u0438\u0432\u0435\u0442 \u0410\u0434\u043c\u0438\u043d,</b> <br/><br/></div>, <div> \u0417\u0430\u043f\u043b\u0430\u043d\u0438\u0440\u043e\u0432\u0430\u043d\u043d\u043e\u0435 \u0431\u0440\u043e\u043d\u0438\u0440\u043e\u0432\u0430\u043d\u0438\u0435 \u043e\u0436\u0438\u0434\u0430\u0435\u0442 \u043f\u043e\u0441\u0442\u0430\u0432\u0449\u0438\u043a\u0430. \u041d\u0438\u0436\u0435 \u043f\u0440\u0438\u0432\u0435\u0434\u0435\u043d\u044b \u043f\u043e\u0434\u0440\u043e\u0431\u043d\u043e\u0441\u0442\u0438. <br/><br/> <b>\u0411\u0440\u043e\u043d\u0438\u0440\u043e\u0432\u0430\u043d\u0438\u0435 \u2116 #:</b> # \u0411\u0440\u043e\u043d\u0438\u0440\u043e\u0432\u0430\u043d\u0438\u0435 \u2116 # <br/><br/> <b>\u041d\u0430\u0437\u0432\u0430\u043d\u0438\u0435 \u043f\u0440\u043e\u0432\u0430\u0439\u0434\u0435\u0440\u0430:</b> #Driver# <br/><br/> <b>\u0418\u043c\u044f \u043f\u043e\u043b\u044c\u0437\u043e\u0432\u0430\u0442\u0435\u043b\u044f:</b> #Rider# <br/><br/> <b>\u0410\u0434\u0440\u0435\u0441 \u0441\u043b\u0443\u0436\u0431\u044b:</b> #SourceAddress# <br/><br/> <b>\u0414\u0430\u0442\u0430 \u0431\u0440\u043e\u043d\u0438\u0440\u043e\u0432\u0430\u043d\u0438\u044f:</b> #Rider# <br/><br/><br/> <b>\u0421\u043f\u0430\u0441\u0438\u0431\u043e! #MailFooter#</b> <br/></div>]"}, {"language": "FA", "subject": "\u062f\u0631\u062e\u0648\u0627\u0633\u062a \u06a9\u0627\u0631 \u062f\u0631 CubeJekShark \u0627\u0646\u062a\u0638\u0627\u0631 \u0645\u06cc \u0631\u0648\u062f", "body": "[' ', <div style=\";text-align:right;direction:rtl\"> <b>\u0633\u0644\u0627\u0645 \u0645\u062f\u06cc\u0631\u06cc\u062a</b> <br/><br/></div>, <div style=\";text-align:right;direction:rtl\"> \u0631\u0632\u0631\u0648 \u0634\u062f\u0647 \u062a\u0648\u0633\u0637 \u0627\u0631\u0627\u0626\u0647 \u062f\u0647\u0646\u062f\u0647 \u062f\u0631 \u0627\u0646\u062a\u0638\u0627\u0631 \u0627\u0633\u062a. \u062f\u0631 \u0632\u06cc\u0631 \u062c\u0632\u0626\u06cc\u0627\u062a \u0627\u0633\u062a. <br/><br/> <b>\u0631\u0632\u0631\u0648 \u0628\u062f\u0648\u0646 #:</b> # <b>\u0631\u0632\u0631\u0648No</b> # <br/><br/> <b>\u0646\u0627\u0645 \u0627\u0631\u0627\u0626\u0647 \u062f\u0647\u0646\u062f\u0647:</b> #Driver# <br/><br/> <b>\u0646\u0627\u0645 \u06a9\u0627\u0631\u0628\u0631\u06cc:</b> #Rider# <br/><br/> <b>\u0622\u062f\u0631\u0633 \u062e\u062f\u0645\u0627\u062a:</b> #SourceAddress# <br/><br/> <b>\u062a\u0627\u0631\u06cc\u062e \u0631\u0632\u0631\u0648:</b> #Rider# <br/><br/><br/> <b>\u0628\u0627 \u062a\u0634\u06a9\u0631! #MailFooter#</b> <br/></div>]"}, {"language": "MY", "subject": "\u1021\u1015\u1031\u102b\u103a\u1006\u102d\u102f\u1004\u103a\u1038\u1004\u1036\u1037\u101a\u1031\u102c\u1018\u1000\u102d\u102f\u1010\u1031\u102c\u1004\u103b\u1038\u1006\u102d\u102f\u1001\u1000\u103b\u103c CubeJekShark", "body": "[' ', <div> <b>\u1021\u1012\u103a\u1019\u1004\u103a\u1019\u1004\u103a\u1039\u1002\u101c\u102c\u1015\u102b</b> <br/><br/></div>, <div> Scheduled \u1018\u103d\u1010\u103a\u1000\u1004\u103a\u1015\u1031\u1038\u1001\u103d\u1004\u103b\u1038\u1021\u102c\u1038\u1016\u103d\u1004\u103b\u1037\u1006\u102d\u102f\u1004\u103a\u1038\u1004\u1036\u1037\u1011\u102c\u1038\u101e\u100a\u103a\u104b \u1021\u1031\u102c\u1000\u103a\u1010\u103d\u1004\u103a\u1021\u101e\u1031\u1038\u1005\u102d\u1010\u103a\u1016\u103c\u1005\u103a\u1000\u103c\u101e\u100a\u103a\u104b <br/><br/> <b>\u1021\u1018\u101a\u103a\u101e\u1030\u1019\u103b\u103e\u1019 booking #:</b> # BookingNo # <br/><br/> <b>provider \u1021\u1019\u100a\u103a:</b> #Driver# <br/><br/> <b>\u1021\u101e\u102f\u1036\u1038\u1015\u103c\u102f\u101e\u1030\u1021\u1019\u100a\u103a:</b> #Rider# <br/><br/> <b>\u101d\u1014\u103a\u1006\u1031\u102c\u1004\u103a\u1019\u103e\u102f\u101c\u102d\u1015\u103a\u1005\u102c:</b> #SourceAddress# <br/><br/> <b>\u1018\u103d\u1010\u103a\u1000\u1004\u103a\u1014\u1031\u1037\u1005\u103d\u1032:</b> #Rider# <br/><br/><br/> <b>\u1000\u103b\u1031\u1038\u1007\u1030\u1038\u1010\u1004\u103a\u1015\u102b\u1010\u101a\u103a! #MailFooter#</b> <br/></div>]"}, {"language": "HI", "subject": "CubeJekShark \u092a\u0930 \u0928\u094c\u0915\u0930\u0940 \u0915\u093e \u0905\u0928\u0941\u0930\u094b\u0927 \u0932\u0902\u092c\u093f\u0924 \u0939\u0948", "body": "[' ', <div> <b>\u0939\u0947\u0932\u094b \u090f\u0921\u092e\u093f\u0928,</b> <br/><br/></div>, <div> \u092a\u094d\u0930\u0926\u093e\u0924\u093e \u0926\u094d\u0935\u093e\u0930\u093e \u0905\u0928\u0941\u0938\u0942\u091a\u093f\u0924 \u092c\u0941\u0915\u093f\u0902\u0917 \u0932\u0902\u092c\u093f\u0924 \u0939\u0948\u0964 \u0928\u0940\u091a\u0947 \u0935\u093f\u0935\u0930\u0923 \u0939\u0948\u0902\u0964 <br/><br/> <b>\u092c\u0941\u0915\u093f\u0902\u0917 \u0928\u0902 #:</b> # <b>\u092c\u0941\u0915\u093f\u0902\u0917 \u0928\u094b</b> # <br/><br/> <b>\u092a\u094d\u0930\u0926\u093e\u0924\u093e \u0915\u093e \u0928\u093e\u092e:</b> #Driver# <br/><br/> <b>\u0909\u092a\u092f\u094b\u0917\u0915\u0930\u094d\u0924\u093e \u0928\u093e\u092e:</b> #Rider# <br/><br/> <b>\u0938\u0947\u0935\u093e \u0915\u093e \u092a\u0924\u093e:</b> #SourceAddress# <br/><br/> <b>\u092c\u0941\u0915\u093f\u0902\u0917 \u0915\u0940 \u0924\u093e\u0930\u0940\u0916:</b> #Rider# <br/><br/><br/> <b>\u0927\u0928\u094d\u092f\u0935\u093e\u0926! #MailFooter#</b> <br/></div>]"}, {"language": "IW", "subject": "\u05d1\u05e7\u05e9\u05ea \u05e2\u05d1\u05d5\u05d3\u05d4 \u05ea\u05dc\u05d5\u05d9\u05d4 \u05d5\u05e2\u05d5\u05de\u05d3\u05ea \u05e2\u05dc CubeJekShark", "body": "[' ', <div style=\";text-align:right;direction:rtl\"> <b>\u05e9\u05dc\u05d5\u05dd \u05de\u05e0\u05d4\u05dc,</b> <br/><br/></div>, <div style=\";text-align:right;direction:rtl\"> \u05d4\u05d4\u05d6\u05de\u05e0\u05d4 \u05d4\u05de\u05ea\u05d5\u05d6\u05de\u05e0\u05ea \u05ea\u05dc\u05d5\u05d9\u05d4 \u05d5\u05e2\u05d5\u05de\u05d3\u05ea \u05e2\u05dc \u05d9\u05d3\u05d9 \u05d4\u05e1\u05e4\u05e7. \u05dc\u05d4\u05dc\u05df \u05d4\u05e4\u05e8\u05d8\u05d9\u05dd. <br/><br/> <b>\u05d4\u05d6\u05de\u05e0\u05d4 #:</b> # BookingNo # <br/><br/> <b>\u05e9\u05dd \u05e1\u05e4\u05e7:</b> #Driver# <br/><br/> <b>\u05e9\u05dd \u05de\u05e9\u05ea\u05de\u05e9:</b> #Rider# <br/><br/> <b>\u05db\u05ea\u05d5\u05d1\u05ea \u05e9\u05d9\u05e8\u05d5\u05ea:</b> #SourceAddress# <br/><br/> <b>\u05ea\u05d0\u05e8\u05d9\u05da \u05d4\u05d4\u05d6\u05de\u05e0\u05d4:</b> #Rider# <br/><br/><br/> <b>\u05ea\u05d5\u05d3\u05d4! #MailFooter#</b> <br/></div>]"}, {"language": "FR", "subject": "Demande de travail en attente sur CubeJekShark", "body": "[' ', <div> <b>Bonjour administrateur,</b> <br/><br/></div>, <div> La r\u00e9servation planifi\u00e9e est en attente par le fournisseur. Voici les d\u00e9tails. <br/><br/> <b>No de r\u00e9servation #:</b> # <b>No de r\u00e9servation</b> <br/><br/> <b>Nom du fournisseur:</b> #Driver# <br/><br/> <b>Nom d'utilisateur:</b> #Rider# <br/><br/> <b>Adresse du service:</b> #SourceAddress# <br/><br/> <b>Date de r\u00e9servation:</b> #Rider# <br/><br/><br/> <b>Merci! #MailFooter#</b> <br/></div>]"}, {"language": "DA", "subject": "Jobanmodning venter p\u00e5 CubeJekShark", "body": "[' ', <div> <b>Hej Admin,</b> <br/><br/></div>, <div> Planlagt booking afventer af udbyderen. Nedenfor er detaljerne. <br/><br/> <b>Booking nr. #:</b> # BookingNo # <br/><br/> <b>Navn p\u00e5 leverand\u00f8r:</b> #Driver# <br/><br/> <b>Brugernavn:</b> #Rider# <br/><br/> <b>Serviceadresse:</b> #SourceAddress# <br/><br/> <b>Booking Dato:</b> #Rider# <br/><br/><br/> <b>Tak! #MailFooter#</b> <br/></div>]"}]}