{"purpose": "To Notify the Driver for \u201cride later\u201d booking from the admin side", "templates": [{"language": "AF", "subject": "Handmatig toegewezen rit", "body": "[' ', <span>Liewe #Driver# , <br/><br/> 'N Nuwe reis / werk is aan u toegewys vir #Rider# . <br/><br/> Hieronder is die besonderhede. <br/><br/> Gebruikersnaam: #Rider# <br/><br/> Besprekingsnommer: #BookingNo# <br/><br/> Boekingsdatum: #Rider# <br/><br/> Dankie! #MailFooter# <br/></span>]"}, {"language": "EN", "subject": "Manually assigned Ride", "body": "[' ', <span>Dear #Driver#,\n<br/>\n<br/>A new Trip/Job has been assigned to you for #Rider#.\n<br/>\n<br/>Below are the details.\n<br/>\n<br/>User Name: #Rider#\n<br/>\n<br/>Booking No: #BookingNo#\n<br/>\n<br/>Booking Date: #Ddate#\n<br/>\n<br/>Thanks!  #MailFooter# <br/></span>]"}, {"language": "TH", "subject": "Ride \u0e17\u0e35\u0e48\u0e01\u0e33\u0e2b\u0e19\u0e14\u0e14\u0e49\u0e27\u0e22\u0e15\u0e19\u0e40\u0e2d\u0e07", "body": "[' ', <span>\u0e40\u0e23\u0e35\u0e22\u0e19 #Driver# , <br/><br/> \u0e01\u0e32\u0e23\u0e40\u0e14\u0e34\u0e19\u0e17\u0e32\u0e07 / \u0e07\u0e32\u0e19\u0e43\u0e2b\u0e21\u0e48\u0e44\u0e14\u0e49\u0e23\u0e31\u0e1a\u0e21\u0e2d\u0e1a\u0e2b\u0e21\u0e32\u0e22\u0e43\u0e2b\u0e49\u0e04\u0e38\u0e13\u0e40\u0e1b\u0e47\u0e19 #Rider# <br/><br/> \u0e14\u0e49\u0e32\u0e19\u0e25\u0e48\u0e32\u0e07\u0e40\u0e1b\u0e47\u0e19\u0e23\u0e32\u0e22\u0e25\u0e30\u0e40\u0e2d\u0e35\u0e22\u0e14 <br/><br/> \u0e0a\u0e37\u0e48\u0e2d\u0e1c\u0e39\u0e49\u0e43\u0e0a\u0e49: #Rider# <br/><br/> \u0e2b\u0e21\u0e32\u0e22\u0e40\u0e25\u0e02\u0e01\u0e32\u0e23\u0e08\u0e2d\u0e07: #BookingNo# <br/><br/> \u0e27\u0e31\u0e19\u0e17\u0e35\u0e48\u0e08\u0e2d\u0e07: #Rider# <br/><br/> \u0e02\u0e2d\u0e1a\u0e04\u0e38\u0e13! #MailFooter# <br/></span>]"}, {"language": "ID", "subject": "Naik yang ditugaskan secara manual", "body": "[' ', <span>Dear #Driver# , <br/><br/> Perjalanan / Pekerjaan baru telah diberikan kepada Anda untuk #Rider# . <br/><br/> Di bawah ini adalah detailnya. <br/><br/> Nama Pengguna: #Rider# <br/><br/> Nomor Pemesanan: #BookingNo# PemesananTidak Ada #BookingNo# <br/><br/> Tanggal Pemesanan: #Rider# <br/><br/> Terima kasih! #MailFooter# <br/></span>]"}, {"language": "DE", "subject": "Manuell zugewiesene Fahrt", "body": "[' ', <span>Liebe #Driver# , <br/><br/> Eine neue Reise / ein neuer Job wurde Ihnen f\u00fcr #Rider# zugewiesen. <br/><br/> Unten sind die Details. <br/><br/> Benutzername: #Rider# <br/><br/> Buchungsnummer: #BookingNo# <br/><br/> Buchungsdatum: #Rider# <br/><br/> Vielen Dank! #MailFooter# <br/></span>]"}, {"language": "ES", "subject": "Paseo asignado manualmente", "body": "[' ', <span>Estimado #Driver# , <br/><br/> Se le ha asignado un nuevo viaje / trabajo para #Rider# . <br/><br/> A continuaci\u00f3n se presentan los detalles. <br/><br/> Nombre de usuario: #Rider# <br/><br/> Reservaci\u00f3n No: #BookingNo# <br/><br/> Fecha de reserva: #Rider# <br/><br/> \u00a1Gracias! #MailFooter# <br/></span>]"}, {"language": "IT", "subject": "Ride assegnato manualmente", "body": "[' ', <span>Caro #Driver# , <br/><br/> Un nuovo viaggio / lavoro ti \u00e8 stato assegnato per #Rider# . <br/><br/> Di seguito sono i dettagli. <br/><br/> Nome utente: #Rider# <br/><br/> #BookingNo# prenotazione: #BookingNo# <br/><br/> Data di prenotazione: #Rider# <br/><br/> Grazie! #MailFooter# <br/></span>]"}, {"language": "AR", "subject": "\u062a\u0639\u064a\u064a\u0646 \u0631\u0643\u0648\u0628 \u064a\u062f\u0648\u064a\u0627", "body": "[' ', <span>\u0639\u0632\u064a\u0632\u064a #Driver# \u060c <br/><br/> \u062a\u0645 \u062a\u062e\u0635\u064a\u0635 \u0631\u062d\u0644\u0629 / \u0645\u0647\u0645\u0629 \u062c\u062f\u064a\u062f\u0629 \u0644\u0643 \u0644\u0640 #Rider# . <br/><br/> \u0623\u062f\u0646\u0627\u0647 \u0647\u064a \u0627\u0644\u062a\u0641\u0627\u0635\u064a\u0644. <br/><br/> \u0627\u0633\u0645 \u0627\u0644\u0645\u0633\u062a\u062e\u062f\u0645: #Rider# <br/><br/> \u0631\u0642\u0645 \u0627\u0644\u062d\u062c\u0632: #BookingNo# <br/><br/> \u062a\u0627\u0631\u064a\u062e \u0627\u0644\u062d\u062c\u0632: #Rider# <br/><br/> \u0634\u0643\u0631! #MailFooter# <br/></span>]"}, {"language": "UR", "subject": "\u062f\u0633\u062a\u06cc \u0637\u0648\u0631 \u067e\u0631 \u062a\u0641\u0648\u06cc\u0636 \u0633\u0648\u0627\u0631\u06cc", "body": "[' ', <span>\u067e\u06cc\u0627\u0631\u06d2 #Driver# \u060c <br/><br/> #Rider# \u0644\u0626\u06d2 \u0627\u06cc\u06a9 \u0646\u06cc\u0627 \u062f\u0648\u0631\u06c1 / \u0645\u0644\u0627\u0632\u0645\u062a \u0622\u067e \u06a9\u0648 \u062f\u06cc\u0627 \u06af\u06cc\u0627 \u06c1\u06d2. <br/><br/> \u0630\u06cc\u0644 \u0645\u06cc\u06ba \u062a\u0641\u0635\u06cc\u0644\u0627\u062a \u06c1\u06cc\u06ba. <br/><br/> \u0635\u0627\u0631\u0641 \u06a9\u0627 \u0646\u0627\u0645: #Rider# <br/><br/> \u0628\u06a9\u0646\u06af \u0646\u0645\u0628\u0631: #BookingNo# \u0628\u06a9\u0646\u06af \u06a9\u0648\u0626\u06cc #BookingNo# <br/><br/> \u0628\u06a9\u0646\u06af \u06a9\u06cc \u062a\u0627\u0631\u06cc\u062e: #Rider# <br/><br/> \u0634\u06a9\u0631\u06cc\u06c1! #MailFooter# <br/></span>]"}, {"language": "AZ", "subject": "\u018fll\u0259 t\u0259yin Ride", "body": "[' ', <span>H\u00f6rm\u0259tli #Driver# <br/><br/> #Rider# \u00fc\u00e7\u00fcn yeni bir Trip / Job t\u0259yin edilmi\u015fdir. <br/><br/> A\u015fa\u011f\u0131dak\u0131 m\u0259lumatlar. <br/><br/> \u0130stifad\u0259\u00e7i ad\u0131: #Rider# <br/><br/> Rezervasyon No: #BookingNo# RezervasyonNo #BookingNo# <br/><br/> Rezervasyon tarixi: #Rider# <br/><br/> T\u0259\u015f\u0259kk\u00fcr edirik! #MailFooter# <br/></span>]"}, {"language": "ZH", "subject": "\u624b\u52a8\u5206\u914d\u9a91\u884c", "body": "[' ', <span>\u4eb2\u7231\u7684#Driver# \uff0c <br/><br/>\u5df2\u4e3a#Rider#\u5206\u914d\u4e86\u4e00\u4e2a\u65b0\u7684\u65c5\u884c/\u5de5\u4f5c\u3002 <br/><br/>\u4ee5\u4e0b\u662f\u8be6\u7ec6\u4fe1\u606f\u3002 <br/><br/>\u7528\u6237\u540d\uff1a #Rider# <br/><br/>\u9884\u8ba2\u53f7\u7801\uff1a #BookingNo# <br/><br/>\u9884\u8ba2\u65e5\u671f\uff1a #Rider# <br/><br/>\u8c22\u8c22\uff01 #MailFooter# <br/></span>]"}, {"language": "PT", "subject": "Atribu\u00eddo manualmente", "body": "[' ', <span>Dear #Driver# , <br/><br/> Uma nova viagem / trabalho foi atribu\u00edda a voc\u00ea por #Rider# . <br/><br/> Abaixo est\u00e3o os detalhes. <br/><br/> Nome de usu\u00e1rio: #Rider# <br/><br/> Reservas N\u00e3o: #BookingNo# <br/><br/> Data de reserva: #Rider# <br/><br/> Obrigado! #MailFooter# <br/></span>]"}, {"language": "ZU", "subject": "I-Ride eyabelwe ngesandla", "body": "[' ', <span>Dear #Driver# , <br/><br/> Uhambo olusha / uJobe unikezwe kuwe #Rider# . <br/><br/> Ngezansi kukhona imininingwane. <br/><br/> Igama lomsebenzisi: #Rider# <br/><br/> Ukubhuka No: #BookingNo# <br/><br/> Usuku Lokubhuka: #Rider# <br/><br/> Siyabonga! #MailFooter# <br/></span>]"}, {"language": "SW", "subject": "Umepewa Ride", "body": "[' ', <span>Mpendwa #Driver# , <br/><br/> Safari mpya / Ayubu imepewa kwako kwa #Rider# . <br/><br/> Chini ni maelezo. <br/><br/> Jina la mtumiaji: #Rider# <br/><br/> Booking No: #BookingNo# <br/><br/> Tarehe ya Marejeo: #Rider# <br/><br/> Asante! #MailFooter# <br/></span>]"}, {"language": "KU", "subject": "Ride R\u00eavebirin", "body": "[' ', <span>Bir\u00eaz #Driver# <br/><br/> Y\u00fbhenna n\u00fb / Job ji bo #Rider# ji bo we hate \u015fandin. <br/><br/> Li j\u00ear agahdar\u00ee hene. <br/><br/> Nav\u00ea bikarh\u00eaner: #Rider# <br/><br/> #BookingNo# : #BookingNo# <br/><br/> Booking Date: #Rider# <br/><br/> Spas! #MailFooter# <br/></span>]"}, {"language": "MS", "subject": "Ride ditugaskan secara manual", "body": "[' ', <span>Dear #Driver# , <br/><br/> Perjalanan / Kerja baru telah diberikan kepada anda untuk #Rider# . <br/><br/> Berikut adalah butirannya. <br/><br/> Nama Pengguna: #Rider# <br/><br/> Tempahan No: #BookingNo# <br/><br/> Tarikh Tempahan: #Rider# <br/><br/> Terima kasih! #MailFooter# <br/></span>]"}, {"language": "SI", "subject": "\u0d85\u0dad\u0dd2\u0db1\u0dca \u0db4\u0dc0\u0dbb\u0dcf \u0daf\u0dd3 \u0d87\u0dad\u0dd2 \u0dbb\u0dba\u0dd2\u0da9\u0dbb\u0dca", "body": "[' ', <span>\u0daf\u0dba\u0dcf\u0db6\u0dbb #Driver# <br/><br/> #Rider# \u0dc3\u0db3\u0dc4\u0dcf \u0db1\u0dc0 Trip / Job \u0d94\u0db6 \u0dc0\u0dd9\u0dad \u0db4\u0dc0\u0dbb\u0dcf \u0d87\u0dad. <br/><br/> \u0dc0\u0dd2\u0dc3\u0dca\u0dad\u0dbb \u0db4\u0dc4\u0dad \u0daf\u0dd0\u0d9a\u0dca\u0dc0\u0dda. <br/><br/> \u0db4\u0dbb\u0dd2\u0dc1\u0dd3\u0dbd\u0d9a \u0db1\u0dcf\u0db8\u0dba: #Rider# <br/><br/> \u0d85\u0d82\u0d9a: #BookingNo# <br/><br/> \u0dc0\u0dd9\u0db1\u0dca \u0dc0\u0dd9\u0db1\u0dca \u0daf\u0dd2\u0db1\u0dba: #Rider# <br/><br/> \u0dc3\u0dca\u0dad\u0dd6\u0dad\u0dd2\u0dba\u0dd2! #MailFooter# <br/></span>]"}, {"language": "TA", "subject": "\u0b95\u0bc8\u0bae\u0bc1\u0bb1\u0bc8\u0baf\u0bbe\u0b95 \u0bb0\u0bc8\u0b9f\u0bc1 \u0bb5\u0bb4\u0b99\u0bcd\u0b95\u0baa\u0bcd\u0baa\u0b9f\u0bcd\u0b9f\u0ba4\u0bc1", "body": "[' ', <span>\u0b85\u0ba9\u0bcd\u0baa\u0bc7 #Driver# , <br/><br/> #Rider# \u0b95\u0bcd\u0b95\u0bc1 \u0b92\u0bb0\u0bc1 \u0baa\u0bc1\u0ba4\u0bbf\u0baf \u0baa\u0baf\u0ba3\u0bae\u0bcd / \u0bb5\u0bc7\u0bb2\u0bc8 \u0b89\u0b99\u0bcd\u0b95\u0bb3\u0bc1\u0b95\u0bcd\u0b95\u0bc1 \u0b92\u0ba4\u0bc1\u0b95\u0bcd\u0b95\u0baa\u0bcd\u0baa\u0b9f\u0bcd\u0b9f\u0bc1\u0bb3\u0bcd\u0bb3\u0ba4\u0bc1. <br/><br/> \u0bb5\u0bbf\u0bb5\u0bb0\u0b99\u0bcd\u0b95\u0bb3\u0bcd \u0b95\u0bc0\u0bb4\u0bc7 \u0b89\u0bb3\u0bcd\u0bb3\u0ba9. <br/><br/> \u0baa\u0baf\u0ba9\u0bb0\u0bcd \u0baa\u0bc6\u0baf\u0bb0\u0bcd: #Rider# <br/><br/> \u0bae\u0bc1\u0ba9\u0bcd\u0baa\u0ba4\u0bbf\u0bb5\u0bc1 \u0b87\u0bb2\u0bcd\u0bb2\u0bc8: #BookingNo# \u0bae\u0bc1\u0ba9\u0bcd\u0baa\u0ba4\u0bbf\u0bb5\u0bc1 #BookingNo# <br/><br/> \u0bae\u0bc1\u0ba9\u0bcd\u0baa\u0ba4\u0bbf\u0bb5\u0bc1 \u0ba4\u0bc7\u0ba4\u0bbf: #Rider# <br/><br/> \u0ba8\u0ba9\u0bcd\u0bb1\u0bbf! #MailFooter# <br/></span>]"}, {"language": "VI", "subject": "\u0110i xe \u0111\u01b0\u1ee3c ch\u1ec9 \u0111\u1ecbnh", "body": "[' ', <span>K\u00ednh g\u1eedi #Driver# , <br/><br/> M\u1ed9t Chuy\u1ebfn \u0111i / C\u00f4ng vi\u1ec7c m\u1edbi \u0111\u00e3 \u0111\u01b0\u1ee3c ch\u1ec9 \u0111\u1ecbnh cho b\u1ea1n cho #Rider# . <br/><br/> D\u01b0\u1edbi \u0111\u00e2y l\u00e0 c\u00e1c chi ti\u1ebft. <br/><br/> T\u00ean ng\u01b0\u1eddi d\u00f9ng: #Rider# <br/><br/> \u0110\u1eb7t ph\u00f2ng s\u1ed1: #BookingNo# \u0110\u1eb7t ph\u00f2ng #BookingNo# <br/><br/> Ng\u00e0y \u0111\u1eb7t ph\u00f2ng: #Rider# <br/><br/> C\u1ea3m \u01a1n! #MailFooter# <br/></span>]"}, {"language": "TL", "subject": "Mano-manong nakatalakay", "body": "[' ', <span>Mahal #Driver# , <br/><br/> Ang isang bagong Trip / Job ay itinalaga sa iyo para sa #Rider# . <br/><br/> Nasa ibaba ang mga detalye. <br/><br/> Pangalan ng User: #Rider# <br/><br/> Booking No: #BookingNo# <br/><br/> Petsa ng Pag-book: #Rider# <br/><br/> Salamat! #MailFooter# <br/></span>]"}, {"language": "KM", "subject": "\u179a\u17c0\u1794\u1785\u17c6\u1780\u17b6\u179a\u178a\u17b9\u1780\u1787\u1789\u17d2\u1787\u17bc\u1793\u178a\u17c4\u1799\u178a\u17c3", "body": "[' ', <span>\u1787\u17bc\u1793\u1785\u17c6\u1796\u17c4\u17c7 #Driver# , <br/><br/> \u178a\u17c6\u178e\u17be\u179a\u1780\u17c6\u179f\u17b6\u1793\u17d2\u178f / \u1780\u17b6\u179a\u1784\u17b6\u179a\u1790\u17d2\u1798\u17b8\u178f\u17d2\u179a\u17bc\u179c\u1794\u17b6\u1793\u1785\u17b6\u178f\u17cb\u178f\u17b6\u17c6\u1784\u17b1\u17d2\u1799\u17a2\u17d2\u1793\u1780\u179f\u1798\u17d2\u179a\u17b6\u1794\u17cb #Rider# \u17d4 <br/><br/> \u1781\u17b6\u1784\u1780\u17d2\u179a\u17c4\u1798\u1793\u17c1\u17c7\u1782\u17ba\u1787\u17b6\u1796\u17d0\u178f\u17cc\u1798\u17b6\u1793\u179b\u1798\u17d2\u17a2\u17b7\u178f\u17d4 <br/><br/> \u1788\u17d2\u1798\u17c4\u17c7\u17a2\u17d2\u1793\u1780\u1794\u17d2\u179a\u17be: #Rider# <br/><br/> \u179b\u17c1\u1781\u1780\u1780\u17cb: #BookingNo# <br/><br/> \u1780\u17b6\u179b\u1794\u179a\u17b7\u1785\u17d2\u1786\u17c1\u1791\u1780\u1780\u17cb: #Rider# <br/><br/> \u179f\u17bc\u1798\u17a2\u179a\u1782\u17bb\u178e! #MailFooter# <br/></span>]"}, {"language": "BN", "subject": "\u09ae\u09cd\u09af\u09be\u09a8\u09c1\u09af\u09bc\u09be\u09b2\u09bf \u099a\u09be\u09b2\u09bf\u09a4 \u09b0\u09be\u0987\u09a1", "body": "[' ', <span>\u09aa\u09cd\u09b0\u09bf\u09af\u09bc #Driver# , <br/><br/> #Rider# \u098f\u0995\u099f\u09bf \u09a8\u09a4\u09c1\u09a8 \u099f\u09cd\u09b0\u09bf\u09aa / \u0995\u09be\u099c\u09c7\u09b0 \u099c\u09a8\u09cd\u09af \u0986\u09aa\u09a8\u09be\u0995\u09c7 \u09ac\u09b0\u09be\u09a6\u09cd\u09a6 \u0995\u09b0\u09be \u09b9\u09af\u09bc\u09c7\u099b\u09c7\u0964 <br/><br/> \u09a8\u09c0\u099a\u09c7 \u09ac\u09bf\u09b8\u09cd\u09a4\u09be\u09b0\u09bf\u09a4 \u0986\u099b\u09c7\u0964 <br/><br/> \u09ac\u09cd\u09af\u09ac\u09b9\u09be\u09b0\u0995\u09be\u09b0\u09c0 \u09a8\u09be\u09ae: #Rider# <br/><br/> \u09ac\u09c1\u0995\u09bf\u0982 \u09a8\u0982: #BookingNo# \u09ac\u09c1\u0995\u09bf\u0982 \u09a8\u09c7\u0987 #BookingNo# <br/><br/> \u09ac\u09c1\u0995\u09bf\u0982 \u09a4\u09be\u09b0\u09bf\u0996: #Rider# <br/><br/> \u09a7\u09a8\u09cd\u09af\u09ac\u09be\u09a6! #MailFooter# <br/></span>]"}, {"language": "JA", "subject": "\u624b\u52d5\u3067\u5272\u308a\u5f53\u3066\u3089\u308c\u305f\u30e9\u30a4\u30c9", "body": "[' ', <span>#Driver# <br/><br/> #Rider#\u7528\u306b\u65b0\u3057\u3044\u65c5\u884c/\u4ed5\u4e8b\u304c\u3042\u306a\u305f\u306b\u5272\u308a\u5f53\u3066\u3089\u308c\u307e\u3057\u305f\u3002 <br/><br/>\u8a73\u7d30\u306f\u4ee5\u4e0b\u306e\u901a\u308a\u3067\u3059\u3002 <br/><br/>\u30e6\u30fc\u30b6\u30fc\u540d\uff1a #Rider# <br/><br/>\u4e88\u7d04\u756a\u53f7\uff1a #BookingNo#\u4e88\u7d04\u756a\u53f7#BookingNo# <br/><br/>\u4e88\u7d04\u65e5\uff1a #Rider# <br/><br/>\u3042\u308a\u304c\u3068\u3046\u3054\u3056\u3044\u307e\u3059\u3002 #MailFooter# <br/></span>]"}, {"language": "KO", "subject": "\ub77c\uc774\ub4dc \uc218\ub3d9 \ud560\ub2f9", "body": "[' ', <span>\uce5c\uc560\ud558\ub294 #Driver# <br/><br/> #Rider# \ub300\ud574 \uc0c8\ub85c\uc6b4 Trip / Job\uc774 \ud560\ub2f9\ub418\uc5c8\uc2b5\ub2c8\ub2e4. <br/><br/> \ub2e4\uc74c\uc740 \uc138\ubd80 \uc0ac\ud56d\uc785\ub2c8\ub2e4. <br/><br/> \uc0ac\uc6a9\uc790 \uc774\ub984 : #Rider# <br/><br/> \uc608\uc57d \ubc88\ud638 : #BookingNo# \uc608\uc57d \ubc88\ud638 #BookingNo# <br/><br/> \uc608\uc57d \ub0a0\uc9dc : #Rider# <br/><br/> \uac10\uc0ac! #MailFooter# <br/></span>]"}, {"language": "YO", "subject": "Gbe gigun Rii p\u1eb9lu \u1ecdw\u1ecd", "body": "[' ', <span>Eyin #Driver# , <br/><br/> A ti \u1e63e apejuwe Irin ajo / Job tuntun si \u1ecd fun #Rider# . <br/><br/> Aw\u1ecdn alaye ni isal\u1eb9. <br/><br/> Oruk\u1ecd olumulo: #Rider# <br/><br/> Fowo si Ko si: #BookingNo# <br/><br/> \u1eccj\u1ecd Iwewewe: #Rider# <br/><br/> O \u1e63eun! #MailFooter# <br/></span>]"}, {"language": "TR", "subject": "El ile atanan Ride", "body": "[' ', <span>Sevgili #Driver# , <br/><br/> #Rider# i\u00e7in sana yeni bir Yolculuk / \u0130\u015f atand\u0131. <br/><br/> Detaylar a\u015fa\u011f\u0131da. <br/><br/> Kullan\u0131c\u0131 Ad\u0131: #Rider# <br/><br/> Rezervasyon No: #BookingNo# <br/><br/> Rezervasyon Tarihi: #Rider# <br/><br/> Te\u015fekk\u00fcrler! #MailFooter# <br/></span>]"}, {"language": "RU", "subject": "Ride \u043d\u0430\u0437\u043d\u0430\u0447\u0435\u043d\u043d\u044b\u0439 \u0432\u0440\u0443\u0447\u043d\u0443\u044e", "body": "[' ', <span>\u0423\u0432\u0430\u0436\u0430\u0435\u043c\u044b\u0439 #Driver# , <br/><br/> \u041d\u043e\u0432\u0430\u044f \u043f\u043e\u0435\u0437\u0434\u043a\u0430 / \u0437\u0430\u0434\u0430\u043d\u0438\u0435 \u0431\u044b\u043b\u043e \u043d\u0430\u0437\u043d\u0430\u0447\u0435\u043d\u043e \u0432\u0430\u043c \u0434\u043b\u044f #Rider# . <br/><br/> \u041d\u0438\u0436\u0435 \u043f\u0440\u0438\u0432\u0435\u0434\u0435\u043d\u044b \u043f\u043e\u0434\u0440\u043e\u0431\u043d\u043e\u0441\u0442\u0438. <br/><br/> \u0418\u043c\u044f \u043f\u043e\u043b\u044c\u0437\u043e\u0432\u0430\u0442\u0435\u043b\u044f: #Rider# <br/><br/> \u0411\u0440\u043e\u043d\u0438\u0440\u043e\u0432\u0430\u043d\u0438\u0435 \u2116: #BookingNo# <br/><br/> \u0414\u0430\u0442\u0430 \u0431\u0440\u043e\u043d\u0438\u0440\u043e\u0432\u0430\u043d\u0438\u044f: #Rider# <br/><br/> \u0421\u043f\u0430\u0441\u0438\u0431\u043e! #MailFooter# <br/></span>]"}, {"language": "FA", "subject": "\u0628\u0647 \u0635\u0648\u0631\u062a \u062f\u0633\u062a\u06cc \u0628\u0631\u0646\u062f\u0647 \u0634\u062f", "body": "[' ', <span>Dear #Driver# <br/><br/> \u0633\u0641\u0631 / \u06a9\u0627\u0631 \u062c\u062f\u06cc\u062f \u0628\u0647 \u0634\u0645\u0627 \u0628\u0631\u0627\u06cc #Rider# \u0627\u062e\u062a\u0635\u0627\u0635 \u062f\u0627\u062f\u0647 \u0634\u062f\u0647 \u0627\u0633\u062a. <br/><br/> \u062f\u0631 \u0632\u06cc\u0631 \u062c\u0632\u0626\u06cc\u0627\u062a \u0627\u0633\u062a. <br/><br/> \u0646\u0627\u0645 \u06a9\u0627\u0631\u0628\u0631\u06cc: #Rider# <br/><br/> \u0631\u0632\u0631\u0648 \u0628\u062f\u0648\u0646: #BookingNo# \u0631\u0632\u0631\u0648No #BookingNo# <br/><br/> \u062a\u0627\u0631\u06cc\u062e \u0631\u0632\u0631\u0648: #Rider# <br/><br/> \u0628\u0627 \u062a\u0634\u06a9\u0631! #MailFooter# <br/></span>]"}, {"language": "MY", "subject": "\u1000\u102d\u102f\u101a\u103a\u1010\u102d\u102f\u1004\u103a\u1010\u102c\u101d\u1014\u103a\u1015\u1031\u1038\u1021\u1015\u103a\u1005\u102e\u1038\u1014\u1004\u103a", "body": "[' ', <span>\u1001\u103b\u1005\u103a\u1001\u1004\u103a\u101b\u1015\u102b\u101e\u1031\u102c #Driver# , <br/><br/> / \u101a\u1031\u102c\u1018\u1000\u102d\u102f\u1021\u101e\u1005\u103a\u1001\u101b\u102e\u1038\u1005\u1009\u103a\u1019\u103b\u102c\u1038\u1021\u1010\u103d\u1000\u103a\u101e\u1004\u1037\u103a\u1021\u102c\u1038\u1010\u102c\u101d\u1014\u103a\u1015\u1031\u1038\u1021\u1015\u103a\u1011\u102c\u1038\u1015\u103c\u102e\u1038 #Rider# \u104b <br/><br/> \u1021\u1031\u102c\u1000\u103a\u1010\u103d\u1004\u103a\u1021\u101e\u1031\u1038\u1005\u102d\u1010\u103a\u1016\u103c\u1005\u103a\u1000\u103c\u101e\u100a\u103a\u104b <br/><br/> \u1021\u101e\u102f\u1036\u1038\u1015\u103c\u102f\u101e\u1030\u1021\u1019\u100a\u103a: #Rider# <br/><br/> \u1021\u1018\u101a\u103a\u101e\u1030\u1019\u103b\u103e\u1019 booking: #BookingNo# <br/><br/> \u1018\u103d\u1010\u103a\u1000\u1004\u103a\u1014\u1031\u1037\u1005\u103d\u1032: #Rider# <br/><br/> \u1000\u103b\u1031\u1038\u1007\u1030\u1038\u1010\u1004\u103a\u1015\u102b\u1010\u101a\u103a! #MailFooter# <br/></span>]"}, {"language": "HI", "subject": "\u092e\u0948\u0928\u094d\u092f\u0941\u0905\u0932 \u0930\u0942\u092a \u0938\u0947 \u0938\u0935\u093e\u0930\u0940 \u0938\u094c\u0902\u092a\u0940", "body": "[' ', <span>\u092a\u094d\u0930\u093f\u092f #Driver# , <br/><br/> #Rider# \u0932\u093f\u090f \u0906\u092a\u0915\u094b \u090f\u0915 \u0928\u092f\u093e \u091f\u094d\u0930\u093f\u092a / \u091c\u0949\u092c \u0938\u094c\u0902\u092a\u093e \u0917\u092f\u093e \u0939\u0948\u0964 <br/><br/> \u0928\u0940\u091a\u0947 \u0935\u093f\u0935\u0930\u0923 \u0939\u0948\u0902\u0964 <br/><br/> \u0909\u092a\u092f\u094b\u0917\u0915\u0930\u094d\u0924\u093e \u0928\u093e\u092e: #Rider# <br/><br/> \u092c\u0941\u0915\u093f\u0902\u0917 \u0928\u0902\u092c\u0930: #BookingNo# <br/><br/> \u092c\u0941\u0915\u093f\u0902\u0917 \u0915\u0940 \u0924\u093e\u0930\u0940\u0916: #Rider# <br/><br/> \u0927\u0928\u094d\u092f\u0935\u093e\u0926! #MailFooter# <br/></span>]"}, {"language": "IW", "subject": "\u05de\u05d5\u05e7\u05e6\u05d4 \u05d1\u05d0\u05d5\u05e4\u05df \u05d9\u05d3\u05e0\u05d9 \u05dc\u05e8\u05db\u05d1", "body": "[' ', <span>\u05e9\u05dc\u05d5\u05dd #Driver# , <br/><br/> \u05d8\u05d9\u05d5\u05dc / \u05e2\u05d1\u05d5\u05d3\u05d4 \u05d7\u05d3\u05e9\u05d9\u05dd \u05d4\u05d5\u05e7\u05e6\u05d5 \u05dc\u05da \u05e2\u05d1\u05d5\u05e8 #Rider# . <br/><br/> \u05dc\u05d4\u05dc\u05df \u05d4\u05e4\u05e8\u05d8\u05d9\u05dd. <br/><br/> \u05e9\u05dd \u05de\u05e9\u05ea\u05de\u05e9: #Rider# <br/><br/> \u05de\u05e1\u05e4\u05e8 \u05d4\u05d4\u05d6\u05de\u05e0\u05d4: #BookingNo# <br/><br/> \u05ea\u05d0\u05e8\u05d9\u05da \u05d4\u05d4\u05d6\u05de\u05e0\u05d4: #Rider# <br/><br/> \u05ea\u05d5\u05d3\u05d4! #MailFooter# <br/></span>]"}, {"language": "FR", "subject": "Man\u0153uvre attribu\u00e9e manuellement", "body": "[' ', <span>Cher #Driver# , <br/><br/> Un nouveau voyage / travail vous a \u00e9t\u00e9 attribu\u00e9 pour #Rider# . <br/><br/> Voici les d\u00e9tails. <br/><br/> Nom d'utilisateur: #Rider# <br/><br/> #BookingNo# r\u00e9servation: #BookingNo# <br/><br/> Date de r\u00e9servation: #Rider# <br/><br/> Merci! #MailFooter# <br/></span>]"}, {"language": "DA", "subject": "Manuelt tildelt Ride", "body": "[' ', <span>K\u00e6re #Driver# , <br/><br/> En ny tur / job er blevet tildelt dig til #Rider# . <br/><br/> Nedenfor er detaljerne. <br/><br/> Brugernavn: #Rider# <br/><br/> Booking nr .: #BookingNo# <br/><br/> Booking Dato: #Rider# <br/><br/> Tak! #MailFooter# <br/></span>]"}]}