{"purpose": "Notify admin on new driver registration", "templates": [{"language": "AF", "subject": "Verskafferregistrasie op Cubejek", "body": "[' Geagte Administrateur, ', <br/>, <br/>, ' Nuwe Verskaffer is op Cubejek geregistreer. Registrasie besonderhede is soos volg. ', <br/>, ' ', <span><br/> Naam: #NAME# <br/><br/> E-pos: #EMAIL# <br/> <span><br/><br/> Dankie! <br/> #MAILFOOTER# <span><br/></span></span></span>]"}, {"language": "EN", "subject": "Provider registration on Cubejek", "body": "[' Dear Administrator,\\n', <br/>, <br/>, 'New Provider has been registered on Cubejek. Registration details are as follows.\\n', <br/>, <span><br/>Name: #NAME#<br/><br/>Email: #EMAIL#</span>, '\\n', <br/>, <span><br/><br/>Thanks! <br/>#MAILFOOTER#</span>, <span><br/>\n</span>]"}, {"language": "TH", "subject": "\u0e01\u0e32\u0e23\u0e25\u0e07\u0e17\u0e30\u0e40\u0e1a\u0e35\u0e22\u0e19\u0e1c\u0e39\u0e49\u0e43\u0e2b\u0e49\u0e1a\u0e23\u0e34\u0e01\u0e32\u0e23\u0e43\u0e19 Cubejek", "body": "[' \u0e40\u0e23\u0e35\u0e22\u0e19\u0e1c\u0e39\u0e49\u0e14\u0e39\u0e41\u0e25\u0e23\u0e30\u0e1a\u0e1a ', <br/>, <br/>, ' \u0e1c\u0e39\u0e49\u0e43\u0e2b\u0e49\u0e1a\u0e23\u0e34\u0e01\u0e32\u0e23\u0e43\u0e2b\u0e21\u0e48\u0e44\u0e14\u0e49\u0e23\u0e31\u0e1a\u0e01\u0e32\u0e23\u0e25\u0e07\u0e17\u0e30\u0e40\u0e1a\u0e35\u0e22\u0e19\u0e43\u0e19 Cubejek \u0e23\u0e32\u0e22\u0e25\u0e30\u0e40\u0e2d\u0e35\u0e22\u0e14\u0e01\u0e32\u0e23\u0e25\u0e07\u0e17\u0e30\u0e40\u0e1a\u0e35\u0e22\u0e19\u0e21\u0e35\u0e14\u0e31\u0e07\u0e19\u0e35\u0e49 ', <br/>, ' ', <span><br/> \u0e0a\u0e37\u0e48\u0e2d: #NAME# <br/><br/> \u0e2d\u0e35\u0e40\u0e21\u0e25: #EMAIL# <br/> <span><br/><br/> \u0e02\u0e2d\u0e1a\u0e04\u0e38\u0e13! <br/> #MAILFOOTER# <span><br/></span></span></span>]"}, {"language": "ID", "subject": "Registrasi penyedia pada Cubejek", "body": "[' Administrator yang terhormat, ', <br/>, <br/>, ' Penyedia baru telah terdaftar di Cubejek . Rincian pendaftaran adalah sebagai berikut. ', <br/>, ' ', <span><br/> Nama: #NAME# <br/><br/> Email: #EMAIL# <br/> <span><br/><br/> Terima kasih! <br/> #MAILFOOTER# <span><br/></span></span></span>]"}, {"language": "DE", "subject": "Anbieterregistrierung bei Cubejek", "body": "[' Sehr geehrter Administrator, ', <br/>, <br/>, ' Neuer Anbieter wurde bei Cubejek registriert. Registrierungsdetails sind wie folgt. ', <br/>, ' ', <span><br/> Name: #NAME# <br/><br/> E-Mail: #EMAIL# <br/> <span><br/><br/> Vielen Dank! <br/> #MAILFOOTER# <span><br/></span></span></span>]"}, {"language": "ES", "subject": "Proveedor de registro en Cubejek", "body": "[' Estimado Administrador, ', <br/>, <br/>, ' Nuevo proveedor ha sido registrado en Cubejek . Los detalles de registro son los siguientes. ', <br/>, ' ', <span><br/> Nombre: #NAME# <br/><br/> Correo electr\u00f3nico: #EMAIL# <br/> <span><br/><br/> \u00a1Gracias! <br/> #MAILFOOTER# <span><br/></span></span></span>]"}, {"language": "IT", "subject": "Registrazione del provider su Cubejek", "body": "[' Caro Amministratore, ', <br/>, <br/>, ' Il nuovo provider \u00e8 stato registrato su Cubejek . I dettagli della registrazione sono i seguenti. ', <br/>, ' ', <span><br/> Nome: #NAME# <br/><br/> Email: #EMAIL# <br/> <span><br/><br/> Grazie! <br/> #MAILFOOTER# <span><br/></span></span></span>]"}, {"language": "AR", "subject": "\u062a\u0633\u062c\u064a\u0644 \u0645\u0632\u0648\u062f \u0639\u0644\u0649 \u0627\u0633\u0645 Cubejek", "body": "[' \u0639\u0632\u064a\u0632\u064a \u0627\u0644\u0645\u0633\u0624\u0648\u0644 \u060c ', <br/>, <br/>, ' \u062a\u0645 \u062a\u0633\u062c\u064a\u0644 \u0645\u0632\u0648\u062f \u062c\u062f\u064a\u062f \u0639\u0644\u0649 Cubejek . \u062a\u0641\u0627\u0635\u064a\u0644 \u0627\u0644\u062a\u0633\u062c\u064a\u0644 \u0647\u064a \u0639\u0644\u0649 \u0627\u0644\u0646\u062d\u0648 \u0627\u0644\u062a\u0627\u0644\u064a. ', <br/>, ' ', <span><br/> \u0627\u0644\u0627\u0633\u0645: #NAME# <br/><br/> \u0627\u0644\u0628\u0631\u064a\u062f \u0627\u0644\u0625\u0644\u0643\u062a\u0631\u0648\u0646\u064a: #EMAIL# <br/> <span><br/><br/> \u0634\u0643\u0631! <br/> #MAILFOOTER# <span><br/></span></span></span>]"}, {"language": "UR", "subject": "Cubejek \u067e\u0631 Cubejek", "body": "[' \u0639\u0632\u06cc\u0632 \u0627\u06cc\u0688\u0645\u0646\u0633\u0679\u0631\u06cc\u0679\u0631\u060c ', <br/>, <br/>, ' \u0646\u0626\u06d2 \u0641\u0631\u0627\u06c1\u0645 \u06a9\u0646\u0646\u062f\u06c1 \u06a9\u0648 Cubejek \u0646\u0627\u0645 \u067e\u0631 \u0631\u062c\u0633\u0679\u0631 \u06a9\u06cc\u0627 \u06af\u06cc\u0627 \u06c1\u06d2. \u0631\u062c\u0633\u0679\u0631\u06cc\u0634\u0646 \u06a9\u06cc \u062a\u0641\u0635\u06cc\u0644\u0627\u062a \u0645\u0646\u062f\u0631\u062c\u06c1 \u0630\u06cc\u0644 \u06c1\u06cc\u06ba. ', <br/>, ' ', <span><br/> \u0646\u0627\u0645: #NAME# <br/><br/> \u0627\u06cc \u0645\u06cc\u0644: #EMAIL# <br/> <span><br/><br/> \u0634\u06a9\u0631\u06cc\u06c1! <br/> #MAILFOOTER# <span><br/></span></span></span>]"}, {"language": "AZ", "subject": "Cubejek qeydiyyat\u0131", "body": "[' \u018fziz Administrator, ', <br/>, <br/>, ' Yeni Provider layih\u0259 Cubejek qeydiyyatdan Cubejek . Qeydiyyat\u0131n detallar\u0131 a\u015fa\u011f\u0131dak\u0131 kimidir. ', <br/>, ' ', <span><br/> Ad: #NAME# <br/><br/> E-po\u00e7t: #EMAIL# <br/> <span><br/><br/> T\u0259\u015f\u0259kk\u00fcr edirik! <br/> #MAILFOOTER# <span><br/></span></span></span>]"}, {"language": "ZH", "subject": "Cubejek\u63d0\u4f9b\u8005\u6ce8\u518c", "body": "[' \u4eb2\u7231\u7684\u7ba1\u7406\u5458\uff0c ', <br/>, <br/>, '\u65b0\u63d0\u4f9b\u7a0b\u5e8f\u5df2\u5728Cubejek\u6ce8\u518c\u3002\u6ce8\u518c\u8be6\u60c5\u5982\u4e0b\u3002 ', <br/>, ' ', <span><br/>\u540d\u79f0\uff1a #NAME# <br/><br/>\u7535\u5b50\u90ae\u4ef6\uff1a #EMAIL# <br/> <span><br/><br/>\u8c22\u8c22\uff01 <br/> #MAILFOOTER# <span><br/></span></span></span>]"}, {"language": "PT", "subject": "Registro de provedor no Cubejek", "body": "[' Prezado Administrador ', <br/>, <br/>, ' Novo Provedor foi registrado no Cubejek . Os detalhes do registro s\u00e3o os seguintes. ', <br/>, ' ', <span><br/> Nome: #NAME# <br/><br/> Email: #EMAIL# <br/> <span><br/><br/> Obrigado! <br/> #MAILFOOTER# <span><br/></span></span></span>]"}, {"language": "ZU", "subject": "Ukubhaliswa komhlinzeki ku- Cubejek", "body": "[' Umqondisi othandekayo, ', <br/>, <br/>, ' Umhlinzeki Omusha ubhalisiwe ku- Cubejek . Imininingwane yokubhalisa kanje. ', <br/>, ' ', <span><br/> Igama: #NAME# <br/><br/> Imeyili: #EMAIL# <br/> <span><br/><br/> Siyabonga! <br/> #MAILFOOTER# <span><br/></span></span></span>]"}, {"language": "SW", "subject": "Usajili wa Mtoa huduma kwenye Cubejek", "body": "[' Msimamizi Mheshimiwa, ', <br/>, <br/>, ' Mtoaji mpya amesajiliwa kwenye Cubejek . Maelezo ya usajili ni kama ifuatavyo. ', <br/>, ' ', <span><br/> Jina: #NAME# <br/><br/> Barua pepe: #EMAIL# <br/> <span><br/><br/> Asante! <br/> #MAILFOOTER# <span><br/></span></span></span>]"}, {"language": "KU", "subject": "Qeydkirina Cubejek li Cubejek", "body": "[' Bir\u00eaz Bir\u00eaz Bir\u00eaz ', <br/>, <br/>, ' New Provider li Cubejek . Agahdariy\u00ean qeydkir\u00ee wiha ye. ', <br/>, ' ', <span><br/> Nav: #NAME# <br/><br/> E-mail: #EMAIL# <br/> <span><br/><br/> Spas! <br/> #MAILFOOTER# <span><br/></span></span></span>]"}, {"language": "MS", "subject": "Pendaftaran pembekal Cubejek", "body": "[' Pentadbir yang dihormati, ', <br/>, <br/>, ' Penyedia Baru telah didaftarkan di Cubejek . Butiran pendaftaran adalah seperti berikut. ', <br/>, ' ', <span><br/> Nama: #NAME# <br/><br/> E-mel: #EMAIL# <br/> <span><br/><br/> Terima kasih! <br/> #MAILFOOTER# <span><br/></span></span></span>]"}, {"language": "SI", "subject": "Cubejek \u0dc3\u0dd0\u0db4\u0dba\u0dd4\u0db8\u0dca\u0d9a\u0dbb\u0dd4 \u0dbd\u0dd2\u0dba\u0dcf\u0db4\u0daf\u0dd2\u0d82\u0da0\u0dd2\u0dba", "body": "[' \u0d86\u0daf\u0dbb\u0dab\u0dd3\u0dba \u0db4\u0dbb\u0dd2\u0db4\u0dcf\u0dbd\u0d9a, ', <br/>, <br/>, ' \u0db1\u0dc0 \u0dc3\u0dd0\u0db4\u0dba\u0dd4\u0db8\u0dca\u0d9a\u0dbb\u0dd4 Cubejek \u0dbd\u0dd2\u0dba\u0dcf\u0db4\u0daf\u0dd2\u0d82\u0da0\u0dd2 \u0dc0\u0dd3 \u0d87\u0dad. \u0dbd\u0dd2\u0dba\u0dcf\u0db4\u0daf\u0dd2\u0d82\u0da0\u0dd2 \u0dc0\u0dd2\u0dc3\u0dca\u0dad\u0dbb \u0db4\u0dc4\u0dad \u0daf\u0dd0\u0d9a\u0dca\u0dc0\u0dda. ', <br/>, ' ', <span><br/> \u0db1\u0db8: #NAME# <br/><br/> \u0dc0\u0dd2\u0daf\u0dca\u0dba\u0dd4\u0dad\u0dca \u0dad\u0dd0\u0db4\u0dd1\u0dbd: #EMAIL# \u0d8a\u0db8\u0dda\u0dbd\u0dca #EMAIL# <br/> <span><br/><br/> \u0dc3\u0dca\u0dad\u0dd6\u0dad\u0dd2\u0dba\u0dd2! <br/> #MAILFOOTER# <span><br/></span></span></span>]"}, {"language": "TA", "subject": "Cubejek \u0baa\u0ba4\u0bbf\u0bb5\u0bc1 Cubejek \u0baa\u0ba4\u0bbf\u0bb5\u0bc1", "body": "[' \u0b85\u0ba9\u0bcd\u0baa\u0bc1\u0bb3\u0bcd\u0bb3 \u0ba8\u0bbf\u0bb0\u0bcd\u0bb5\u0bbe\u0b95\u0bbf, ', <br/>, <br/>, ' \u0baa\u0bc1\u0ba4\u0bbf\u0baf \u0bb5\u0bb4\u0b99\u0bcd\u0b95\u0bc1\u0ba8\u0bb0\u0bcd Cubejek \u0baa\u0ba4\u0bbf\u0bb5\u0bc1 \u0b9a\u0bc6\u0baf\u0bcd\u0baf\u0baa\u0bcd\u0baa\u0b9f\u0bcd\u0b9f\u0bc1\u0bb3\u0bcd\u0bb3\u0ba4\u0bc1. \u0baa\u0ba4\u0bbf\u0bb5\u0bc1 \u0bb5\u0bbf\u0bb5\u0bb0\u0b99\u0bcd\u0b95\u0bb3\u0bcd \u0baa\u0bbf\u0ba9\u0bcd\u0bb5\u0bb0\u0bc1\u0bae\u0bbe\u0bb1\u0bc1. ', <br/>, ' ', <span><br/> \u0baa\u0bc6\u0baf\u0bb0\u0bcd: #NAME# <br/><br/> \u0bae\u0bbf\u0ba9\u0bcd\u0ba9\u0b9e\u0bcd\u0b9a\u0bb2\u0bcd: #EMAIL# <br/> <span><br/><br/> \u0ba8\u0ba9\u0bcd\u0bb1\u0bbf! <br/> #MAILFOOTER# <span><br/></span></span></span>]"}, {"language": "VI", "subject": "\u0110\u0103ng k\u00fd nh\u00e0 cung c\u1ea5p tr\u00ean Cubejek", "body": "[' K\u00ednh g\u1eedi Qu\u1ea3n tr\u1ecb vi\u00ean, ', <br/>, <br/>, ' Nh\u00e0 cung c\u1ea5p m\u1edbi \u0111\u00e3 \u0111\u01b0\u1ee3c \u0111\u0103ng k\u00fd tr\u00ean Cubejek . Chi ti\u1ebft \u0111\u0103ng k\u00fd nh\u01b0 sau. ', <br/>, ' ', <span><br/> T\u00ean: #NAME# <br/><br/> Email: #EMAIL# <br/> <span><br/><br/> C\u1ea3m \u01a1n! <br/> #MAILFOOTER# <span><br/></span></span></span>]"}, {"language": "TL", "subject": "Pagpaparehistro ng provider sa Cubejek", "body": "[' Mahal na Tagapangasiwa, ', <br/>, <br/>, ' Ang Bagong Provider ay nakarehistro sa Cubejek . Ang mga detalye ng pagpaparehistro ay ang mga sumusunod. ', <br/>, ' ', <span><br/> Pangalan: #NAME# <br/><br/> Email: #EMAIL# <br/> <span><br/><br/> Salamat! <br/> #MAILFOOTER# <span><br/></span></span></span>]"}, {"language": "KM", "subject": "\u1780\u17b6\u179a\u1785\u17bb\u17c7\u1788\u17d2\u1798\u17c4\u17c7\u17a2\u17d2\u1793\u1780\u1795\u17d2\u178a\u179b\u17cb\u1793\u17c5\u179b\u17be Cubejek", "body": "[' \u179f\u17bc\u1798\u1782\u17c4\u179a\u1796\u17a2\u17d2\u1793\u1780\u1782\u17d2\u179a\u1794\u17cb\u1782\u17d2\u179a\u1784, ', <br/>, <br/>, ' \u17a2\u17d2\u1793\u1780\u1795\u17d2\u178a\u179b\u17cb\u1790\u17d2\u1798\u17b8\u178f\u17d2\u179a\u17bc\u179c\u1794\u17b6\u1793\u1785\u17bb\u17c7\u1788\u17d2\u1798\u17c4\u17c7\u179b\u17be\u1788\u17d2\u1798\u17c4\u17c7 Cubejek \u17d4 \u1796\u17d0\u178f\u17cc\u1798\u17b6\u1793\u179b\u17c6\u17a2\u17b7\u178f\u1793\u17c3\u1780\u17b6\u179a\u1785\u17bb\u17c7\u1788\u17d2\u1798\u17c4\u17c7\u1782\u17ba\u1798\u17b6\u1793\u178a\u17bc\u1785\u1781\u17b6\u1784\u1780\u17d2\u179a\u17c4\u1798\u17d4 ', <br/>, ' ', <span><br/> \u1788\u17d2\u1798\u17c4\u17c7: #NAME# <br/><br/> \u17a2\u17ca\u17b8\u1798\u17c2\u179b: #EMAIL# <br/> <span><br/><br/> \u179f\u17bc\u1798\u17a2\u179a\u1782\u17bb\u178e! <br/> #MAILFOOTER# <span><br/></span></span></span>]"}, {"language": "BN", "subject": "Cubejek \u09b0\u09c7\u099c\u09bf\u09b8\u09cd\u099f\u09cd\u09b0\u09c7\u09b6\u09a8 \u09a8\u09bf\u09ac\u09a8\u09cd\u09a7\u09a8", "body": "[' \u09aa\u09cd\u09b0\u09bf\u09af\u09bc \u09aa\u09cd\u09b0\u09b6\u09be\u09b8\u0995, ', <br/>, <br/>, ' \u09a8\u09a4\u09c1\u09a8 \u09b8\u09b0\u09ac\u09b0\u09be\u09b9\u0995\u09be\u09b0\u09c0 Cubejek \u09a8\u09bf\u09ac\u09a8\u09cd\u09a7\u09a8 \u0995\u09b0\u09be \u09b9\u09af\u09bc\u09c7\u099b\u09c7\u0964 \u09a8\u09bf\u09ae\u09cd\u09a8\u09b0\u09c2\u09aa \u09a8\u09bf\u09ac\u09a8\u09cd\u09a7\u09a8 \u09ac\u09bf\u09ac\u09b0\u09a3\u0964 ', <br/>, ' ', <span><br/> \u09a8\u09be\u09ae: #NAME# <br/><br/> \u0987\u09ae\u09c7\u09b2: #EMAIL# <br/> <span><br/><br/> \u09a7\u09a8\u09cd\u09af\u09ac\u09be\u09a6! <br/> #MAILFOOTER# <span><br/></span></span></span>]"}, {"language": "JA", "subject": "Cubejek\u30d7\u30ed\u30d0\u30a4\u30c0\u767b\u9332", "body": "[' \u7ba1\u7406\u8005\u5404\u4f4d', <br/>, <br/>, '\u65b0\u3057\u3044\u30d7\u30ed\u30d0\u30a4\u30c0\u304cCubejek\u767b\u9332\u3055\u308cCubejek \u3002\u767b\u9332\u5185\u5bb9\u306f\u4ee5\u4e0b\u306e\u901a\u308a\u3067\u3059\u3002 ', <br/>, ' ', <span><br/>\u540d\u524d\uff1a #NAME# <br/><br/>\u30e1\u30fc\u30eb#EMAIL# \uff1a #EMAIL# <br/> <span><br/><br/>\u3042\u308a\u304c\u3068\u3046\u3054\u3056\u3044\u307e\u3059\u3002 <br/> #MAILFOOTER# <span><br/></span></span></span>]"}, {"language": "KO", "subject": "Cubejek \uc5d0 \ub300\ud55c \uacf5\uae09\uc790 \ub4f1\ub85d", "body": "[' \uce5c\uc560\ud558\ub294 \uad00\ub9ac\uc790, ', <br/>, <br/>, ' \uc0c8 \uacf5\uae09\uc790\uac00 Cubejek \uc5d0 \ub4f1\ub85d\ub418\uc5c8\uc2b5\ub2c8\ub2e4. \ub4f1\ub85d \uc138\ubd80 \uc0ac\ud56d\uc740 \ub2e4\uc74c\uacfc \uac19\uc2b5\ub2c8\ub2e4. ', <br/>, ' ', <span><br/> \uc774\ub984 : #NAME# <br/><br/> \uc774\uba54\uc77c : #EMAIL# <br/> <span><br/><br/> \uac10\uc0ac! <br/> #MAILFOOTER# <span><br/></span></span></span>]"}, {"language": "YO", "subject": "Iforuk\u1ecdsil\u1eb9 olupese lori Cubejek", "body": "[' Oluk\u1ecdni, ', <br/>, <br/>, ' Olupese Olupese titun ti ni aami-i\u1e63\u1eb9 lori Cubejek . Aw\u1ecdn alaye iforuk\u1ecdsil\u1eb9 j\u1eb9 bi at\u1eb9le. ', <br/>, ' ', <span><br/> Oruk\u1ecd: #NAME# <br/><br/> Imeeli: #EMAIL# <br/> <span><br/><br/> O \u1e63eun! <br/> #MAILFOOTER# <span><br/></span></span></span>]"}, {"language": "TR", "subject": "Cubejek sa\u011flay\u0131c\u0131 kayd\u0131", "body": "[' Sevgili Y\u00f6netici ', <br/>, <br/>, ' Yeni Sa\u011flay\u0131c\u0131 Cubejek kaydedildi. Kay\u0131t detaylar\u0131 a\u015fa\u011f\u0131daki gibidir. ', <br/>, ' ', <span><br/> \u0130sim: #NAME# <br/><br/> E-posta: #EMAIL# <br/> <span><br/><br/> Te\u015fekk\u00fcrler! <br/> #MAILFOOTER# <span><br/></span></span></span>]"}, {"language": "RU", "subject": "\u0420\u0435\u0433\u0438\u0441\u0442\u0440\u0430\u0446\u0438\u044f \u043f\u0440\u043e\u0432\u0430\u0439\u0434\u0435\u0440\u0430 \u043d\u0430 Cubejek", "body": "[' \u0423\u0432\u0430\u0436\u0430\u0435\u043c\u044b\u0439 \u0410\u0434\u043c\u0438\u043d\u0438\u0441\u0442\u0440\u0430\u0442\u043e\u0440, ', <br/>, <br/>, ' \u041d\u043e\u0432\u044b\u0439 \u043f\u0440\u043e\u0432\u0430\u0439\u0434\u0435\u0440 \u0437\u0430\u0440\u0435\u0433\u0438\u0441\u0442\u0440\u0438\u0440\u043e\u0432\u0430\u043d \u043d\u0430 Cubejek . \u0414\u0435\u0442\u0430\u043b\u0438 \u0440\u0435\u0433\u0438\u0441\u0442\u0440\u0430\u0446\u0438\u0438 \u0441\u043b\u0435\u0434\u0443\u044e\u0449\u0438\u0435. ', <br/>, ' ', <span><br/> \u0418\u043c\u044f: #NAME# <br/><br/> Email: #EMAIL# <br/> <span><br/><br/> \u0421\u043f\u0430\u0441\u0438\u0431\u043e! <br/> #MAILFOOTER# <span><br/></span></span></span>]"}, {"language": "FA", "subject": "\u062b\u0628\u062a \u0646\u0627\u0645 \u062f\u0647\u0646\u062f\u0647 \u062f\u0631 \u067e\u0631\u0648\u0698\u0647 Cubejek", "body": "[' \u0645\u062f\u06cc\u0631 \u0639\u0632\u06cc\u0632 ', <br/>, <br/>, ' Provider \u062c\u062f\u06cc\u062f \u062f\u0631 Cubejek \u062b\u0628\u062a \u0634\u062f\u0647 \u0627\u0633\u062a. \u062c\u0632\u0626\u06cc\u0627\u062a \u062b\u0628\u062a \u0646\u0627\u0645 \u0628\u0647 \u0634\u0631\u062d \u0632\u06cc\u0631 \u0627\u0633\u062a. ', <br/>, ' ', <span><br/> \u0646\u0627\u0645: #NAME# <br/><br/> \u0627\u06cc\u0645\u06cc\u0644: #EMAIL# <br/> <span><br/><br/> \u0628\u0627 \u062a\u0634\u06a9\u0631! <br/> #MAILFOOTER# <span><br/></span></span></span>]"}, {"language": "MY", "subject": "\u1021\u1015\u1031\u102b\u103a provider \u1019\u103e\u1010\u103a\u1015\u102f\u1036\u1010\u1004\u103a\u101b\u1031\u1038 Cubejek", "body": "[' \u1001\u103b\u1005\u103a\u1001\u1004\u103a\u101b\u1015\u102b\u101e\u1031\u102c\u1021\u102f\u1015\u103a\u1001\u103b\u102f\u1015\u103a\u101b\u1031\u1038\u1019\u103e\u1030\u1038, ', <br/>, <br/>, ' \u1014\u101a\u1030\u1038\u1015\u1031\u1038\u101e\u1030\u1021\u1015\u1031\u102b\u103a\u1019\u103e\u1010\u103a\u1015\u102f\u1036\u1010\u1004\u103a\u1011\u102c\u1038\u1015\u103c\u102e\u1038 Cubejek \u104b \u1021\u1031\u102c\u1000\u103a\u1019\u103e\u102c\u1016\u1031\u102b\u103a\u1015\u103c\u1010\u1032\u1037\u1021\u1010\u102d\u102f\u1004\u103a\u1038\u1019\u103e\u1010\u103a\u1015\u102f\u1036\u1010\u1004\u103a\u1001\u103c\u1004\u103a\u1038\u1021\u101e\u1031\u1038\u1005\u102d\u1010\u103a\u1000\u102d\u102f\u1016\u103c\u1005\u103a\u1000\u103c\u101e\u100a\u103a\u104b ', <br/>, ' ', <span><br/> \u1021\u1019\u100a\u103a: #NAME# <br/><br/> \u1021\u102e\u1038\u1019\u1031\u1038\u101c\u103a: #EMAIL# <br/> <span><br/><br/> \u1000\u103b\u1031\u1038\u1007\u1030\u1038\u1010\u1004\u103a\u1015\u102b\u1010\u101a\u103a! <br/> #MAILFOOTER# <span><br/></span></span></span>]"}, {"language": "HI", "subject": "Cubejek \u092a\u0930 \u092a\u094d\u0930\u0926\u093e\u0924\u093e \u092a\u0902\u091c\u0940\u0915\u0930\u0923", "body": "[' \u092a\u094d\u0930\u093f\u092f \u092a\u094d\u0930\u0936\u093e\u0938\u0915, ', <br/>, <br/>, ' \u0928\u092f\u093e \u092a\u094d\u0930\u0926\u093e\u0924\u093e Cubejek \u092a\u0930 \u092a\u0902\u091c\u0940\u0915\u0943\u0924 \u0915\u093f\u092f\u093e \u0917\u092f\u093e \u0939\u0948\u0964 \u092a\u0902\u091c\u0940\u0915\u0930\u0923 \u0935\u093f\u0935\u0930\u0923 \u0907\u0938 \u092a\u094d\u0930\u0915\u093e\u0930 \u0939\u0948\u0902\u0964 ', <br/>, ' ', <span><br/> \u0928\u093e\u092e: #NAME# <br/><br/> \u0908\u092e\u0947\u0932: #EMAIL# <br/> <span><br/><br/> \u0927\u0928\u094d\u092f\u0935\u093e\u0926! <br/> #MAILFOOTER# <span><br/></span></span></span>]"}, {"language": "IW", "subject": "\u05e8\u05d9\u05e9\u05d5\u05dd \u05e1\u05e4\u05e7 \u05e2\u05dc Cubejek", "body": "[' \u05de\u05e0\u05d4\u05dc \u05d9\u05e7\u05e8, ', <br/>, <br/>, ' \u05e1\u05e4\u05e7 \u05d7\u05d3\u05e9 \u05e0\u05e8\u05e9\u05dd \u05d1- Cubejek . \u05e4\u05e8\u05d8\u05d9 \u05d4\u05e8\u05d9\u05e9\u05d5\u05dd \u05d4\u05dd \u05db\u05d3\u05dc\u05e7\u05de\u05df. ', <br/>, ' ', <span><br/> \u05e9\u05dd: #NAME# <br/><br/> \u05d3\u05d5\u05d0\"\u05dc: #EMAIL# <br/> <span><br/><br/> \u05ea\u05d5\u05d3\u05d4! <br/> #MAILFOOTER# <span><br/></span></span></span>]"}, {"language": "FR", "subject": "Enregistrement du fournisseur sur nom du Cubejek", "body": "[' Cher administrateur, ', <br/>, <br/>, \" Nouveau fournisseur a \u00e9t\u00e9 enregistr\u00e9 sur Cubejek . Les d\u00e9tails de l'inscription sont les suivants. \", <br/>, ' ', <span><br/> Nom: #NAME# <br/><br/> Email: #EMAIL# <br/> <span><br/><br/> Merci! <br/> #MAILFOOTER# <span><br/></span></span></span>]"}, {"language": "DA", "subject": "Leverand\u00f8rregistrering p\u00e5 Cubejek", "body": "[' K\u00e6re Administrator, ', <br/>, <br/>, ' Ny udbyder er blevet registreret p\u00e5 Cubejek . Registrerings detaljer er som f\u00f8lger. ', <br/>, ' ', <span><br/> Navn: #NAME# <br/><br/> Email: #EMAIL# <br/> <span><br/><br/> Tak! <br/> #MAILFOOTER# <span><br/></span></span></span>]"}]}