{"purpose": "For UnBlock driver", "templates": [{"language": "AF", "subject": "Lid UnBlocked Suksesvol", "body": "[' ', <span>Liewe #NAME# , <br/><br/> Groete vir die dag.!. <br/><br/> Ons vertel u graag dat u profiel nie geblokkeer is nie en u kan die ritte weer aanvaar. <br/><br/><br/> groete, <br/> administrateur, <br/><br/> #MAILFOOTER# <br/></span>]"}, {"language": "EN", "subject": "Member UnBlocked Successful", "body": "[' ', <span>Dear  #NAME#,\n<br/>\n<br/>Greetings for the day.!.\n<br/>\n<br/>We are happy to inform you that your profile is unblocked and you can start accepting the rides again.\n<br/>\n<br/>\n<br/>Regards,\n<br/>Administrator,\n<br/>\n<br/>#MAILFOOTER# <br/></span>]"}, {"language": "TH", "subject": "\u0e2a\u0e21\u0e32\u0e0a\u0e34\u0e01 UnBlocked \u0e2a\u0e33\u0e40\u0e23\u0e47\u0e08\u0e41\u0e25\u0e49\u0e27", "body": "[' ', <span>\u0e40\u0e23\u0e35\u0e22\u0e19 #NAME# <br/><br/> \u0e2a\u0e27\u0e31\u0e2a\u0e14\u0e35\u0e2a\u0e33\u0e2b\u0e23\u0e31\u0e1a\u0e27\u0e31\u0e19\u0e19\u0e35\u0e49! <br/><br/> \u0e40\u0e23\u0e32\u0e22\u0e34\u0e19\u0e14\u0e35\u0e17\u0e35\u0e48\u0e08\u0e30\u0e41\u0e08\u0e49\u0e07\u0e43\u0e2b\u0e49\u0e04\u0e38\u0e13\u0e17\u0e23\u0e32\u0e1a\u0e27\u0e48\u0e32\u0e42\u0e1b\u0e23\u0e44\u0e1f\u0e25\u0e4c\u0e02\u0e2d\u0e07\u0e04\u0e38\u0e13\u0e16\u0e39\u0e01\u0e1b\u0e25\u0e14\u0e1a\u0e25\u0e47\u0e2d\u0e01\u0e41\u0e25\u0e30\u0e04\u0e38\u0e13\u0e2a\u0e32\u0e21\u0e32\u0e23\u0e16\u0e40\u0e23\u0e34\u0e48\u0e21\u0e23\u0e31\u0e1a\u0e40\u0e04\u0e23\u0e37\u0e48\u0e2d\u0e07\u0e40\u0e25\u0e48\u0e19\u0e44\u0e14\u0e49\u0e2d\u0e35\u0e01\u0e04\u0e23\u0e31\u0e49\u0e07 <br/><br/><br/> \u0e04\u0e27\u0e32\u0e21\u0e19\u0e31\u0e1a\u0e16\u0e37\u0e2d, <br/> \u0e1c\u0e39\u0e49\u0e14\u0e39\u0e41\u0e25\u0e23\u0e30\u0e1a\u0e1a <br/><br/> #MAILFOOTER# <br/></span>]"}, {"language": "ID", "subject": "Anggota Tidak Diblokir Berhasil", "body": "[' ', <span>Dear #NAME# , <br/><br/> Salam untuk hari ini.!. <br/><br/> Dengan senang hati kami memberi tahu Anda bahwa profil Anda tidak diblokir dan Anda dapat mulai menerima wahana lagi. <br/><br/><br/> Salam, <br/> Administrator, <br/><br/> #MAILFOOTER# <br/></span>]"}, {"language": "DE", "subject": "Mitglied ungeblockt erfolgreich", "body": "[' ', <span>Lieber #NAME# , <br/><br/> Gr\u00fc\u00dfe f\u00fcr den Tag.!. <br/><br/> Wir freuen uns, Ihnen mitteilen zu k\u00f6nnen, dass Ihr Profil nicht gesperrt ist und Sie die Fahrten wieder annehmen k\u00f6nnen. <br/><br/><br/> Gr\u00fc\u00dfe, <br/> Administrator, <br/><br/> #MAILFOOTER# <br/></span>]"}, {"language": "ES", "subject": "Miembro desbloqueado exitoso", "body": "[' ', <span>Estimado #NAME# , <br/><br/> Saludos para el d\u00eda.!. <br/><br/> Nos complace informarle que su perfil est\u00e1 desbloqueado y puede comenzar a aceptar los viajes nuevamente. <br/><br/><br/> Saludos, <br/> Administrador, <br/><br/> #MAILFOOTER# <br/></span>]"}, {"language": "IT", "subject": "Membro sbloccato riuscito", "body": "[' ', <span>Gentile #NAME# , <br/><br/> Auguri per il giorno.!. <br/><br/> Siamo felici di informarti che il tuo profilo \u00e8 sbloccato e puoi iniziare ad accettare di nuovo le corse. <br/><br/><br/> Saluti, <br/> Amministratore, <br/><br/> #MAILFOOTER# <br/></span>]"}, {"language": "AR", "subject": "\u0639\u0636\u0648 \u063a\u064a\u0631 \u0645\u0624\u0645\u0646 \u0646\u0627\u062c\u062d", "body": "[' ', <span>\u0639\u0632\u064a\u0632\u064a #NAME# \u060c <br/><br/> \u062a\u062d\u064a\u0629 \u0627\u0644\u064a\u0648\u0645.!. <br/><br/> \u064a\u0633\u0639\u062f\u0646\u0627 \u0625\u062e\u0628\u0627\u0631\u0643 \u0628\u0623\u0646\u0647 \u0642\u062f \u062a\u0645 \u0625\u0644\u063a\u0627\u0621 \u062d\u0638\u0631 \u0645\u0644\u0641\u0643 \u0627\u0644\u0634\u062e\u0635\u064a \u0648\u064a\u0645\u0643\u0646\u0643 \u0627\u0644\u0628\u062f\u0621 \u0641\u064a \u0642\u0628\u0648\u0644 \u0627\u0644\u062c\u0648\u0644\u0627\u062a \u0645\u0631\u0629 \u0623\u062e\u0631\u0649. <br/><br/><br/> \u0645\u0639 \u062a\u062d\u064a\u0627\u062a\u064a\u060c <br/> \u0645\u062f\u064a\u0631\u060c <br/><br/> #MAILFOOTER# <br/></span>]"}, {"language": "UR", "subject": "\u0631\u06a9\u0646 \u06a9\u0627 \u0646\u0627\u0645 \u06a9\u0627\u0645\u06cc\u0627\u0628 \u06c1\u0648\u06af\u06cc\u0627", "body": "[' ', <span>\u0639\u0632\u06cc\u0632 #NAME# \u060c <br/><br/> \u062f\u0646 \u06a9\u06d2 \u0644\u0626\u06d2 \u0645\u0628\u0627\u0631\u06a9\u0628\u0627\u062f!! <br/><br/> \u06c1\u0645 \u0622\u067e \u06a9\u0648 \u0645\u0637\u0644\u0639 \u06a9\u0631\u0646\u06d2 \u06a9\u06d2 \u0644\u0626\u06d2 \u062e\u0648\u0634 \u06c1\u06cc\u06ba \u06a9\u06c1 \u0622\u067e \u06a9\u0627 \u067e\u0631\u0648\u0641\u0627\u0626\u0644 \u063a\u06cc\u0631 \u0645\u0642\u0641\u0644 \u06c1\u06d2 \u0627\u0648\u0631 \u0622\u067e \u062f\u0648\u0628\u0627\u0631\u06c1 \u0633\u0648\u0627\u0631\u06cc\u0648\u06ba \u06a9\u0648 \u0642\u0628\u0648\u0644 \u06a9\u0631 \u0633\u06a9\u062a\u06d2 \u06c1\u06cc\u06ba. <br/><br/><br/> \u062d\u0648\u0627\u0644\u06d2\u060c <br/> \u0645\u0646\u062a\u0638\u0645\u060c <br/><br/> #MAILFOOTER# <br/></span>]"}, {"language": "AZ", "subject": "\u0130stifad\u0259\u00e7i kilidl\u0259ndi", "body": "[' ', <span>H\u00f6rm\u0259tli #NAME# , <br/><br/> G\u00fcn\u00fcn salamlar\u0131.!. <br/><br/> Profilinizin s\u0259rb\u0259st burax\u0131lmas\u0131ndan x\u0259b\u0259rdar olmaqdan m\u0259mnuniyy\u0259t duyuruq v\u0259 bu s\u0259f\u0259rl\u0259ri yenid\u0259n q\u0259bul etm\u0259y\u0259 ba\u015flaya bil\u0259rsiniz. <br/><br/><br/> H\u00f6rm\u0259tl\u0259, <br/> Administrator, <br/><br/> #MAILFOOTER# <br/></span>]"}, {"language": "ZH", "subject": "\u4f1a\u5458UnBlocked\u6210\u529f", "body": "[' ', <span>\u4eb2\u7231\u7684#NAME# \uff0c <br/><br/>\u5f53\u5929\u7684\u95ee\u5019\u3002\uff01 <br/><br/>\u6211\u4eec\u5f88\u9ad8\u5174\u5730\u901a\u77e5\u60a8\uff0c\u60a8\u7684\u4e2a\u4eba\u8d44\u6599\u5df2\u88ab\u53d6\u6d88\u963b\u6b62\uff0c\u60a8\u53ef\u4ee5\u518d\u6b21\u5f00\u59cb\u63a5\u53d7\u6e38\u4e50\u8bbe\u65bd\u3002 <br/><br/><br/>\u95ee\u5019\uff0c <br/>\u7ba1\u7406\u5458\uff0c <br/><br/> #MAILFOOTER# <br/></span>]"}, {"language": "PT", "subject": "Membro Desbloqueado com Sucesso", "body": "[' ', <span>Querido #NAME# , <br/><br/> Sauda\u00e7\u00f5es para o dia! <br/><br/> Temos a satisfa\u00e7\u00e3o de informar que seu perfil est\u00e1 desbloqueado e voc\u00ea pode come\u00e7ar a aceitar os passeios novamente. <br/><br/><br/> Sauda\u00e7\u00f5es, <br/> Administrador, <br/><br/> #MAILFOOTER# <br/></span>]"}, {"language": "ZU", "subject": "Ilungu Elivuliwe liphumelele", "body": "[' ', <span>U- #NAME# othandekayo, <br/><br/> Ukubingelela usuku. <br/><br/> Siyajabula ukukukwazisa ukuthi iphrofayela yakho ivaliwe futhi ungaqala ukwamukela ukugibela futhi. <br/><br/><br/> Ukulawula, <br/> Umqondisi, <br/><br/> #MAILFOOTER# <br/></span>]"}, {"language": "SW", "subject": "Mwanachama Aliyepigwa Imefanikiwa", "body": "[' ', <span>Mpendwa #NAME# , <br/><br/> Salamu kwa siku. <br/><br/> Tunafurahi kukujulisha kuwa wasifu wako haukuzimwa na unaweza kuanza kukubali tena. <br/><br/><br/> Kuzidi, <br/> Msimamizi, <br/><br/> #MAILFOOTER# <br/></span>]"}, {"language": "KU", "subject": "Endam\u00ea UnBlocked Successful", "body": "[' ', <span>Bir\u00eaz #NAME# , <br/><br/> Ji bo roja p\u00eeroz!! <br/><br/> Em k\u00eafxwe\u015f in ku h\u00fbn ji we re agahdar bikin ku prof\u00eela we neheqand\u00ee ye \u00fb h\u00fbn dikarin d\u00eesa bi r\u00eabazan qeb\u00fbl bikin. <br/><br/><br/> Armanca <br/> Bir\u00eavebir, <br/><br/> #MAILFOOTER# <br/></span>]"}, {"language": "MS", "subject": "Ahli Unlocked Sukses", "body": "[' ', <span>Dear #NAME# , <br/><br/> Salam untuk hari ini! <br/><br/> Kami dengan senang hati memaklumkan kepada anda bahawa profil anda dibatalkan dan anda boleh mula menerima tunggangan lagi. <br/><br/><br/> Salam, <br/> Pentadbir, <br/><br/> #MAILFOOTER# <br/></span>]"}, {"language": "SI", "subject": "\u0dc3\u0dcf\u0db8\u0dcf\u0da2\u0dd2\u0d9a\u0dba\u0dd9\u0d9a\u0dd4 \u0db1\u0ddc\u0dc3\u0dd2\u0da7\u0dd2\u0dba\u0dda \u0dc3\u0dcf\u0dbb\u0dca\u0dae\u0d9a \u0dc0\u0dd2\u0dba", "body": "[' ', <span>\u0dc4\u0dd2\u0dad\u0dc0\u0dad\u0dca #NAME# , <br/><br/> \u0daf\u0dc0\u0dc3 \u0dc3\u0db3\u0dc4\u0dcf \u0dc3\u0dd4\u0db7 \u0db4\u0dd0\u0dad\u0dd4\u0db8\u0dca. <br/><br/> \u0d94\u0db6\u0d9c\u0dda \u0db4\u0dd0\u0dad\u0dd2\u0d9a\u0da9 \u0d85\u0dc0\u0dc4\u0dd2\u0dbb \u0d9a\u0dbb \u0d87\u0dad\u0dd2 \u0db6\u0dc0 \u0d94\u0db6\u0da7 \u0daf\u0dd0\u0db1\u0dd4\u0db8\u0dca \u0daf\u0dd3\u0db8\u0da7 \u0dbd\u0dd0\u0db6\u0dd3\u0db8 \u0dc3\u0dad\u0dd4\u0da7\u0da7 \u0d9a\u0dbb\u0dd4\u0dab\u0d9a\u0dca. <br/><br/><br/> \u0dc3\u0dad\u0dca\u0dad\u0d9a\u0dd2\u0db1\u0dca \u0db8 <br/> \u0db4\u0dbb\u0dd2\u0db4\u0dcf\u0dbd\u0d9a, <br/><br/> #MAILFOOTER# <br/></span>]"}, {"language": "TA", "subject": "\u0b89\u0bb1\u0bc1\u0baa\u0bcd\u0baa\u0bbf\u0ba9\u0bb0\u0bcd \u0bb5\u0bc6\u0bb1\u0bcd\u0bb1\u0bbf\u0b95\u0bb0\u0bae\u0bbe\u0b95 \u0ba4\u0bbf\u0bb1\u0b95\u0bcd\u0b95\u0baa\u0bcd\u0baa\u0b9f\u0bcd\u0b9f\u0ba4\u0bc1", "body": "[' ', <span>\u0b85\u0ba9\u0bcd\u0baa\u0bc7 #NAME# , <br/><br/> \u0ba8\u0bbe\u0bb3\u0bcd \u0bb5\u0bbe\u0bb4\u0bcd\u0ba4\u0bcd\u0ba4\u0bc1\u0b95\u0bcd\u0b95\u0bb3\u0bcd.!. <br/><br/> \u0b89\u0b99\u0bcd\u0b95\u0bb3\u0bcd \u0b9a\u0bc1\u0baf\u0bb5\u0bbf\u0bb5\u0bb0\u0bae\u0bcd \u0ba4\u0b9f\u0bc8\u0ba8\u0bc0\u0b95\u0bcd\u0b95\u0baa\u0bcd\u0baa\u0b9f\u0bcd\u0b9f\u0ba4\u0bbe\u0b95 \u0ba4\u0bc6\u0bb0\u0bbf\u0bb5\u0bbf\u0b95\u0bcd\u0b95 \u0bae\u0b95\u0bbf\u0bb4\u0bcd\u0b9a\u0bcd\u0b9a\u0bbf\u0baf\u0b9f\u0bc8\u0b95\u0bbf\u0bb1\u0bcb\u0bae\u0bcd, \u0ba8\u0bc0\u0b99\u0bcd\u0b95\u0bb3\u0bcd \u0bae\u0bc0\u0ba3\u0bcd\u0b9f\u0bc1\u0bae\u0bcd \u0b9a\u0bb5\u0bbe\u0bb2\u0bcd\u0b95\u0bb3\u0bc8 \u0b8f\u0bb1\u0bcd\u0bb1\u0bc1\u0b95\u0bcd\u0b95\u0bca\u0bb3\u0bcd\u0bb3 \u0bae\u0bc1\u0b9f\u0bbf\u0baf\u0bc1\u0bae\u0bcd. <br/><br/><br/> \u0b85\u0ba9\u0bcd\u0baa\u0bc1\u0b9f\u0ba9\u0bcd, <br/> \u0ba8\u0bbf\u0bb0\u0bcd\u0bb5\u0bbe\u0b95\u0bbf, <br/><br/> #MAILFOOTER# <br/></span>]"}, {"language": "VI", "subject": "Th\u00e0nh vi\u00ean kh\u00f4ng b\u1ecb kh\u00f3a", "body": "[' ', <span>K\u00ednh g\u1eedi #NAME# , <br/><br/> Ch\u00fac m\u1eebng trong ng\u00e0y.! <br/><br/> Ch\u00fang t\u00f4i vui m\u1eebng th\u00f4ng b\u00e1o cho b\u1ea1n r\u1eb1ng h\u1ed3 s\u01a1 c\u1ee7a b\u1ea1n \u0111\u01b0\u1ee3c b\u1ecf ch\u1eb7n v\u00e0 b\u1ea1n c\u00f3 th\u1ec3 b\u1eaft \u0111\u1ea7u ch\u1ea5p nh\u1eadn c\u00e1c chuy\u1ebfn \u0111i m\u1ed9t l\u1ea7n n\u1eefa. <br/><br/><br/> Tr\u00e2n tr\u1ecdng, <br/> Ng\u01b0\u1eddi qu\u1ea3n l\u00fd, <br/><br/> #MAILFOOTER# <br/></span>]"}, {"language": "TL", "subject": "Matagumpay na Nabuo ang Miyembro ng Unlock", "body": "[' ', <span>Mahal na #NAME# , <br/><br/> Pagbati para sa araw.!. <br/><br/> Ikinalulugod naming ipaalam sa iyo na ang iyong profile ay naka-unblock at maaari mong simulan muli ang pagtanggap ng mga rides. <br/><br/><br/> Pagbati, <br/> Administrator, <br/><br/> #MAILFOOTER# <br/></span>]"}, {"language": "KM", "subject": "\u179f\u1798\u17b6\u1787\u17b7\u1780\u1794\u17b6\u1793\u178a\u17c4\u17c7\u179f\u17c4\u1787\u17c4\u1782\u1787\u17d0\u1799", "body": "[' ', <span>\u1787\u17bc\u1793\u1785\u17c6\u1796\u17c4\u17c7 #NAME# , <br/><br/> \u1780\u17b6\u179a\u179f\u17bd\u179a\u179f\u17bb\u1781\u1791\u17bb\u1780\u17d2\u1781\u179f\u1798\u17d2\u179a\u17b6\u1794\u17cb\u1790\u17d2\u1784\u17c3\u1793\u17c1\u17c7\u17d4 <br/><br/> \u1799\u17be\u1784\u179a\u17b8\u1780\u179a\u17b6\u1799\u1793\u17b9\u1784\u1787\u17bc\u1793\u178a\u17c6\u178e\u17b9\u1784\u17a2\u17d2\u1793\u1780\u1790\u17b6\u1791\u1798\u17d2\u179a\u1784\u17cb\u179a\u1794\u179f\u17cb\u17a2\u17d2\u1793\u1780\u178f\u17d2\u179a\u17bc\u179c\u1794\u17b6\u1793\u1794\u1789\u17d2\u1788\u1794\u17cb\u17a0\u17be\u1799\u17a2\u17d2\u1793\u1780\u17a2\u17b6\u1785\u1785\u17b6\u1794\u17cb\u1795\u17d2\u178f\u17be\u1798\u1791\u1791\u17bd\u179b\u1799\u1780\u1780\u17b6\u179a\u1787\u17b7\u17c7\u1798\u17d2\u178a\u1784\u1791\u17c0\u178f\u17d4 <br/><br/><br/> \u178a\u17c4\u1799\u1780\u17d2\u178f\u17b8\u1782\u17c4\u179a\u1796, <br/> \u17a2\u17d2\u1793\u1780\u1782\u17d2\u179a\u1794\u17cb\u1782\u17d2\u179a\u1784, <br/><br/> #MAILFOOTER# <br/></span>]"}, {"language": "BN", "subject": "\u09b8\u09a6\u09b8\u09cd\u09af Unblocked \u09b8\u09ab\u09b2", "body": "[' ', <span>\u09aa\u09cd\u09b0\u09bf\u09af\u09bc #NAME# , <br/><br/> \u09a6\u09bf\u09a8\u09c7\u09b0 \u099c\u09a8\u09cd\u09af \u09b6\u09c1\u09ad\u09c7\u099a\u09cd\u099b\u09be.!. <br/><br/> \u0986\u09ae\u09b0\u09be \u0986\u09aa\u09a8\u09be\u0995\u09c7 \u099c\u09be\u09a8\u09be\u09a4\u09c7 \u09aa\u09c7\u09b0\u09c7 \u0996\u09c1\u09b6\u09bf \u09af\u09c7 \u0986\u09aa\u09a8\u09be\u09b0 \u09aa\u09cd\u09b0\u09cb\u09ab\u09be\u0987\u09b2\u099f\u09bf \u0985\u09ac\u09b0\u09cb\u09a7 \u09ae\u09c1\u0995\u09cd\u09a4 \u09b9\u09af\u09bc\u09c7\u099b\u09c7 \u098f\u09ac\u0982 \u0986\u09aa\u09a8\u09bf \u0986\u09ac\u09be\u09b0 \u09b8\u09a1\u09bc\u0995 \u0997\u09cd\u09b0\u09b9\u09a3 \u0995\u09b0\u09a4\u09c7 \u09b6\u09c1\u09b0\u09c1 \u0995\u09b0\u09a4\u09c7 \u09aa\u09be\u09b0\u09c7\u09a8\u0964 <br/><br/><br/> \u09b6\u09c1\u09ad\u09c7\u099a\u09cd\u099b\u09be \u09b8\u09b9, <br/> \u09aa\u09cd\u09b0\u09b6\u09be\u09b8\u0995 <br/><br/> #MAILFOOTER# <br/></span>]"}, {"language": "JA", "subject": "\u30e1\u30f3\u30d0\u30fc\u306e\u30d6\u30ed\u30c3\u30af\u89e3\u9664\u306b\u6210\u529f\u3057\u307e\u3057\u305f", "body": "[' ', <span>#NAME# <br/><br/>\u305d\u306e\u65e5\u306e\u3054\u6328\u62f6\u3002 <br/><br/>\u3042\u306a\u305f\u306e\u30d7\u30ed\u30d5\u30a3\u30fc\u30eb\u306e\u30d6\u30ed\u30c3\u30af\u304c\u89e3\u9664\u3055\u308c\u305f\u306e\u3067\u3001\u3042\u306a\u305f\u306f\u518d\u3073\u4e57\u308a\u7269\u3092\u53d7\u3051\u5165\u308c\u308b\u3053\u3068\u304c\u3067\u304d\u308b\u3088\u3046\u306b\u306a\u308a\u307e\u3057\u305f\u3002 <br/><br/><br/>\u3088\u308d\u3057\u304f\u3001 <br/>\u7ba1\u7406\u8005\u3001 <br/><br/> #MAILFOOTER# <br/></span>]"}, {"language": "KO", "subject": "\ud68c\uc6d0 Unblocked Successful", "body": "[' ', <span>#NAME# , <br/><br/> \uc624\ub298\uc758 \uc778\uc0ac. <br/><br/> \uadc0\ud558\uc758 \ud504\ub85c\ud544\uc774 \ucc28\ub2e8 \ud574\uc81c\ub418\uc5c8\uc73c\uba70 \ub2e4\uc2dc \ud0c0\uae30\ub97c \uc2dc\uc791\ud560 \uc218 \uc788\uc74c\uc744 \uc54c\ub824\ub4dc\ub9bd\ub2c8\ub2e4. <br/><br/><br/> \ubb38\uc548 \uc778\uc0ac, <br/> \uad00\ub9ac\uc790, <br/><br/> #MAILFOOTER# <br/></span>]"}, {"language": "YO", "subject": "A\u1e63ey\u1ecdri A\u1e63ey\u1ecdri Ainiy\u1ecdkan ti \u1eb8gb\u1eb9", "body": "[' ', <span>Eyin #NAME# , <br/><br/> \u1eb8 k\u00ed fun \u1ecdj\u1ecd naa!!. <br/><br/> A ni itara lati s\u1ecd fun \u1ecd pe profaili r\u1eb9 ti ni \u1e63i\u1e63i sil\u1eb9 ati pe o le b\u1eb9r\u1eb9 gbigba aw\u1ecdn keke gigun l\u1eb9\u1eb9kansi. <br/><br/><br/> Wo, <br/> Oluk\u1ecdni, <br/><br/> #MAILFOOTER# <br/></span>]"}, {"language": "TR", "subject": "\u00dcye Engellenmemi\u015f Ba\u015far\u0131l\u0131", "body": "[' ', <span>Sevgili #NAME# , <br/><br/> G\u00fcn\u00fcn selamlar\u0131. <br/><br/> Profilinizin engellenmedi\u011fini size bildirmekten memnuniyet duyar\u0131z ve gezintileri tekrar kabul etmeye ba\u015flayabilirsiniz. <br/><br/><br/> Sayg\u0131lar\u0131m\u0131zla, <br/> Y\u00f6netici, <br/><br/> #MAILFOOTER# <br/></span>]"}, {"language": "RU", "subject": "\u0423\u0447\u0430\u0441\u0442\u043d\u0438\u043a \u0440\u0430\u0437\u0431\u043b\u043e\u043a\u0438\u0440\u043e\u0432\u0430\u043d \u0423\u0441\u043f\u0435\u0448\u043d\u043e", "body": "[' ', <span>\u0423\u0432\u0430\u0436\u0430\u0435\u043c\u044b\u0439 #NAME# , <br/><br/> \u041f\u0440\u0438\u0432\u0435\u0442\u0441\u0442\u0432\u0443\u044e \u043d\u0430 \u0432\u0435\u0441\u044c \u0434\u0435\u043d\u044c! <br/><br/> \u041c\u044b \u0440\u0430\u0434\u044b \u0441\u043e\u043e\u0431\u0449\u0438\u0442\u044c \u0432\u0430\u043c, \u0447\u0442\u043e \u0432\u0430\u0448 \u043f\u0440\u043e\u0444\u0438\u043b\u044c \u0440\u0430\u0437\u0431\u043b\u043e\u043a\u0438\u0440\u043e\u0432\u0430\u043d, \u0438 \u0432\u044b \u043c\u043e\u0436\u0435\u0442\u0435 \u043d\u0430\u0447\u0430\u0442\u044c \u043f\u0440\u0438\u043d\u0438\u043c\u0430\u0442\u044c \u043f\u043e\u0435\u0437\u0434\u043a\u0438 \u0441\u043d\u043e\u0432\u0430. <br/><br/><br/> \u0421 \u0423\u0432\u0430\u0436\u0435\u043d\u0438\u0435\u043c, <br/> \u0410\u0434\u043c\u0438\u043d\u0438\u0441\u0442\u0440\u0430\u0442\u043e\u0440, <br/><br/> #MAILFOOTER# <br/></span>]"}, {"language": "FA", "subject": "\u0639\u0636\u0648 Unblocked \u0645\u0648\u0641\u0642 \u0634\u062f", "body": "[' ', <span>\u0639\u0632\u06cc\u0632 #NAME# <br/><br/> \u062a\u0628\u0631\u06cc\u06a9 \u0628\u0631\u0627\u06cc \u0631\u0648\u0632.! <br/><br/> \u0645\u0627 \u062e\u0648\u0634\u062d\u0627\u0644 \u0647\u0633\u062a\u06cc\u0645 \u06a9\u0647 \u0628\u0647 \u0634\u0645\u0627 \u0627\u0637\u0644\u0627\u0639 \u062f\u0647\u06cc\u0645 \u06a9\u0647 \u0646\u0645\u0627\u06cc\u0647 \u0634\u0645\u0627 \u0642\u0641\u0644 \u0634\u062f\u0647 \u0627\u0633\u062a \u0648 \u0634\u0645\u0627 \u0645\u06cc \u062a\u0648\u0627\u0646\u06cc\u062f \u062f\u0648\u0628\u0627\u0631\u0647 \u0633\u0648\u0627\u0631\u06cc \u0631\u0627 \u0634\u0631\u0648\u0639 \u06a9\u0646\u06cc\u062f. <br/><br/><br/> \u0628\u0627 \u0627\u062d\u062a\u0631\u0627\u0645\u060c <br/> \u0645\u062f\u06cc\u0631 <br/><br/> #MAILFOOTER# <br/></span>]"}, {"language": "MY", "subject": "\u1021\u1016\u103d\u1032\u1037\u101d\u1004\u103a\u1021\u1031\u102c\u1004\u103a\u1019\u103c\u1004\u103a\u101e\u1031\u102c UnBlocked", "body": "[' ', <span>\u1001\u103b\u1005\u103a\u1001\u1004\u103a\u101b\u1015\u102b\u101e\u1031\u102c #NAME# , <br/><br/> \u1014\u1031\u1037\u1021\u1018\u102d\u102f\u1037\u1019\u1031\u1010\u1039\u1010\u102c\u1014\u103e\u1004\u1037\u103a\u1000\u103c\u102c\u1038\u101c\u102d\u102f\u1000\u103a\u1015\u102b\u104f\u104b \u104b <br/><br/> \u1004\u102b\u1010\u102d\u102f\u1037\u101e\u100a\u103a\u101e\u1004\u103a\u1010\u102d\u102f\u1037\u104f profile \u1000\u102d\u102f\u1015\u103c\u1014\u103a\u1016\u103d\u1004\u1037\u103a\u101e\u100a\u103a\u1014\u103e\u1004\u1037\u103a\u101e\u1004\u103a\u1011\u1015\u103a\u1005\u102e\u1038\u101c\u1000\u103a\u1001\u1036\u1005\u1010\u1004\u103a\u1014\u102d\u102f\u1004\u103a\u1015\u102b\u101e\u100a\u103a\u101e\u1031\u102c\u101e\u1004\u103a\u1021\u1000\u103c\u1031\u102c\u1004\u103a\u1038\u1000\u103c\u102c\u1038\u101b\u1014\u103a\u1015\u103b\u1031\u102c\u103a\u101b\u103d\u103e\u1004\u103a\u1000\u103c\u101e\u100a\u103a\u104b <br/><br/><br/> \u101c\u1031\u1038\u1005\u102c\u1038\u1005\u103d\u102c\u1016\u103c\u1004\u1037\u103a, <br/> \u1021\u102f\u1015\u103a\u1001\u103b\u102f\u1015\u103a\u101b\u1031\u1038\u1019\u103e\u1030\u1038, <br/><br/> #MAILFOOTER# <br/></span>]"}, {"language": "HI", "subject": "\u0938\u0926\u0938\u094d\u092f \u0905\u0938\u092b\u093c\u0932 \u0938\u092b\u0932", "body": "[' ', <span>\u092a\u094d\u0930\u093f\u092f #NAME# , <br/><br/> \u0926\u093f\u0928 \u0915\u0940 \u0936\u0941\u092d\u0915\u093e\u092e\u0928\u093e\u090f\u0902\u0964!\u0964 <br/><br/> \u0939\u092e\u0947\u0902 \u0906\u092a\u0915\u094b \u092f\u0939 \u092c\u0924\u093e\u0924\u0947 \u0939\u0941\u090f \u0916\u0941\u0936\u0940 \u0939\u094b \u0930\u0939\u0940 \u0939\u0948 \u0915\u093f \u0906\u092a\u0915\u0940 \u092a\u094d\u0930\u094b\u092b\u093c\u093e\u0907\u0932 \u0905\u0928\u092c\u094d\u0932\u0949\u0915 \u0939\u094b \u0917\u0908 \u0939\u0948 \u0914\u0930 \u0906\u092a \u092b\u093f\u0930 \u0938\u0947 \u0938\u0935\u093e\u0930\u0940 \u0938\u094d\u0935\u0940\u0915\u093e\u0930 \u0915\u0930\u0928\u093e \u0936\u0941\u0930\u0942 \u0915\u0930 \u0938\u0915\u0924\u0947 \u0939\u0948\u0902\u0964 <br/><br/><br/> \u0938\u093e\u0926\u0930, <br/> \u092a\u094d\u0930\u0936\u093e\u0938\u0915, <br/><br/> #MAILFOOTER# <br/></span>]"}, {"language": "IW", "subject": "\u05d7\u05d1\u05e8 Unlocked \u05d1\u05d4\u05e6\u05dc\u05d7\u05d4", "body": "[' ', <span>\u05e9\u05dc\u05d5\u05dd #NAME# , <br/><br/> \u05d1\u05e8\u05db\u05d5\u05ea \u05dc\u05d9\u05d5\u05dd.!. <br/><br/> \u05d0\u05e0\u05d5 \u05e9\u05de\u05d7\u05d9\u05dd \u05dc\u05d4\u05d5\u05d3\u05d9\u05e2 \u05dc\u05da \u05e2\u05dc \u05d1\u05d9\u05d8\u05d5\u05dc \u05d7\u05e1\u05d9\u05de\u05ea \u05d4\u05e4\u05e8\u05d5\u05e4\u05d9\u05dc \u05e9\u05dc\u05da \u05d5\u05ea\u05d5\u05db\u05dc \u05dc\u05d4\u05ea\u05d7\u05d9\u05dc \u05dc\u05e7\u05d1\u05dc \u05d0\u05ea \u05d4\u05e0\u05e1\u05d9\u05e2\u05d5\u05ea \u05e9\u05d5\u05d1. <br/><br/><br/> \u05d1\u05d1\u05e8\u05db\u05d4, <br/> \u05de\u05e0\u05d4\u05dc, <br/><br/> #MAILFOOTER# <br/></span>]"}, {"language": "FR", "subject": "Membre d\u00e9bloqu\u00e9 avec succ\u00e8s", "body": "[' ', <span>Cher #NAME# , <br/><br/> Salutations pour la journ\u00e9e.!. <br/><br/> Nous sommes heureux de vous informer que votre profil est d\u00e9bloqu\u00e9 et que vous pouvez recommencer \u00e0 accepter les man\u00e8ges. <br/><br/><br/> Cordialement, <br/> Administrateur, <br/><br/> #MAILFOOTER# <br/></span>]"}, {"language": "DA", "subject": "Medlem Ublockeret Vellykket", "body": "[' ', <span>K\u00e6re #NAME# , <br/><br/> Hilsner til dagen.!. <br/><br/> Vi er glade for at informere dig om, at din profil er ul\u00e5st, og du kan begynde at acceptere rides igen. <br/><br/><br/> Hilsen, <br/> Administrator, <br/><br/> #MAILFOOTER# <br/></span>]"}]}