{"purpose": "notify the user when organization has update profile status", "templates": [{"language": "AF", "subject": "Organisasie het gebruikersprofielstatus opgedateer.", "body": "[' ', <div> <b>Hallo #USER_NAME# ,</b> <br/><br/></div>, <div> <b>#ORGANIZATION_NAME#</b> het #PROFILE_STATUS# jou versoek om jou profiel met hulle te verbind op #COMPANY_NAME# <br/><br/> <b>Dankie! #MailFooter#</b> </div>]"}, {"language": "EN", "subject": "Organization has update user profile status.", "body": "[' ', <div><b>Hello #USER_NAME#,</b><br/><br/></div>, <div>\n<b>#ORGANIZATION_NAME#</b> has #PROFILE_STATUS# your request to connect your profile with them on #COMPANY_NAME#<br/><br/><b>Thanks! #MailFooter#</b></div>]"}, {"language": "TH", "subject": "\u0e2d\u0e07\u0e04\u0e4c\u0e01\u0e23\u0e21\u0e35\u0e01\u0e32\u0e23\u0e2d\u0e31\u0e1e\u0e40\u0e14\u0e17\u0e2a\u0e16\u0e32\u0e19\u0e30\u0e42\u0e1b\u0e23\u0e44\u0e1f\u0e25\u0e4c\u0e1c\u0e39\u0e49\u0e43\u0e0a\u0e49", "body": "[' ', <div> <b>\u0e2a\u0e27\u0e31\u0e2a\u0e14\u0e35 #USER_NAME#</b> <br/><br/></div>, <div> <b>#ORGANIZATION_NAME#</b> \u0e21\u0e35 #PROFILE_STATUS# \u0e04\u0e33\u0e02\u0e2d\u0e02\u0e2d\u0e07\u0e04\u0e38\u0e13\u0e40\u0e1e\u0e37\u0e48\u0e2d\u0e40\u0e0a\u0e37\u0e48\u0e2d\u0e21\u0e15\u0e48\u0e2d\u0e42\u0e1b\u0e23\u0e44\u0e1f\u0e25\u0e4c\u0e02\u0e2d\u0e07\u0e04\u0e38\u0e13\u0e01\u0e31\u0e1a\u0e1e\u0e27\u0e01\u0e40\u0e02\u0e32\u0e43\u0e19 #COMPANY_NAME# <br/><br/> <b>\u0e02\u0e2d\u0e1a\u0e04\u0e38\u0e13! #MailFooter#</b> </div>]"}, {"language": "ID", "subject": "Organisasi memiliki status profil pengguna yang diperbarui.", "body": "[' ', <div> <b>Halo #USER_NAME# ,</b> <br/><br/></div>, <div> <b>#ORGANIZATION_NAME#</b> memiliki #PROFILE_STATUS# permintaan Anda untuk menghubungkan profil Anda dengannya di #COMPANY_NAME# <br/><br/> <b>Terima kasih! #MailFooter#</b> </div>]"}, {"language": "DE", "subject": "Die Organisation hat den Status des Benutzerprofils.", "body": "[' ', <div> <b>Hallo #USER_NAME# ,</b> <br/><br/></div>, <div> <b>#ORGANIZATION_NAME#</b> hat #PROFILE_STATUS# Ihre Anforderung, Ihr Profil unter #COMPANY_NAME# <br/><br/> <b>Vielen Dank! #MailFooter#</b> </div>]"}, {"language": "ES", "subject": "La organizaci\u00f3n ha actualizado el estado del perfil de usuario.", "body": "[' ', <div> <b>Hola #USER_NAME# ,</b> <br/><br/></div>, <div> <b>#ORGANIZATION_NAME#</b> tiene #PROFILE_STATUS# su solicitud para conectar su perfil con ellos en #COMPANY_NAME# <br/><br/> <b>\u00a1Gracias! #MailFooter#</b> </div>]"}, {"language": "IT", "subject": "L'organizzazione ha aggiornato lo stato del profilo utente.", "body": "[' ', <div> <b>Ciao #USER_NAME# ,</b> <br/><br/></div>, <div> <b>#ORGANIZATION_NAME#</b> ha #PROFILE_STATUS# tua richiesta per connettere il tuo profilo con loro su #COMPANY_NAME# <br/><br/> <b>Grazie! #MailFooter#</b> </div>]"}, {"language": "AR", "subject": "\u0627\u0644\u0645\u0646\u0638\u0645\u0629 \u0644\u062f\u064a\u0647\u0627 \u062a\u062d\u062f\u064a\u062b \u062d\u0627\u0644\u0629 \u0645\u0644\u0641 \u062a\u0639\u0631\u064a\u0641 \u0627\u0644\u0645\u0633\u062a\u062e\u062f\u0645.", "body": "[' ', <div style=\";text-align:right;direction:rtl\"> <b>\u0645\u0631\u062d\u0628\u064b\u0627 #USER_NAME# \u060c</b> <br/><br/></div>, <div style=\";text-align:right;direction:rtl\"> <b>#ORGANIZATION_NAME#</b> \u0644\u0647 #PROFILE_STATUS# \u0637\u0644\u0628\u0643 \u0644\u0631\u0628\u0637 \u0645\u0644\u0641\u0643 \u0627\u0644\u0634\u062e\u0635\u064a \u0645\u0639\u0647\u0645 \u0639\u0644\u0649 #COMPANY_NAME# <br/><br/> <b>\u0634\u0643\u0631! #MailFooter#</b> </div>]"}, {"language": "UR", "subject": "\u062a\u0646\u0638\u06cc\u0645 \u0635\u0627\u0631\u0641 \u067e\u0631\u0648\u0641\u0627\u0626\u0644 \u06a9\u06cc \u062d\u06cc\u062b\u06cc\u062a \u06a9\u0648 \u0627\u067e \u0688\u06cc\u0679 \u06a9\u0631\u062a\u06cc \u06c1\u06d2.", "body": "[' ', <div style=\";text-align:right;direction:rtl\"> <b>\u06c1\u06cc\u0644\u0648 #USER_NAME# \u060c</b> <br/><br/></div>, <div style=\";text-align:right;direction:rtl\"> <b>#ORGANIZATION_NAME#</b> \u0646\u06d2 #PROFILE_STATUS# \u0622\u067e \u06a9\u06cc \u067e\u0631\u0648\u0641\u0627\u0626\u0644 #COMPANY_NAME# \u0633\u0627\u062a\u06be \u0622\u067e \u06a9\u06d2 \u0633\u0627\u062a\u06be \u0631\u0627\u0628\u0637\u06c1 \u0642\u0627\u0626\u0645 \u06a9\u0631\u0646\u06d2 \u06a9\u06d2 \u0644\u0626\u06d2 \u0622\u067e \u06a9\u06cc \u062f\u0631\u062e\u0648\u0627\u0633\u062a \u06c1\u06d2 <br/><br/> <b>\u0634\u06a9\u0631\u06cc\u06c1! #MailFooter#</b> </div>]"}, {"language": "AZ", "subject": "T\u0259\u015fkilat, istifad\u0259\u00e7i profili statusunu yenil\u0259yir.", "body": "[' ', <div> <b>Salam #USER_NAME# ,</b> <br/><br/></div>, <div> <b>#ORGANIZATION_NAME#</b> #PROFILE_STATUS# profilinizd\u0259 profilinizi onlarla birl\u0259\u015fdirm\u0259k \u00fc\u00e7\u00fcn sor\u011funuz var #COMPANY_NAME# <br/><br/> <b>T\u0259\u015f\u0259kk\u00fcr edirik! #MailFooter#</b> </div>]"}, {"language": "ZH", "subject": "\u7ec4\u7ec7\u5df2\u66f4\u65b0\u7528\u6237\u914d\u7f6e\u6587\u4ef6\u72b6\u6001\u3002", "body": "[' ', <div> <b>\u60a8\u597d#USER_NAME# \uff0c</b> <br/><br/></div>, <div> <b>#ORGANIZATION_NAME#</b>\u6709#PROFILE_STATUS#\u60a8\u5728#COMPANY_NAME#\u4e0a\u5c06\u60a8\u7684\u4e2a\u4eba\u8d44\u6599\u4e0e\u4ed6\u4eec#PROFILE_STATUS#\u7684\u8bf7\u6c42#COMPANY_NAME# <br/><br/> <b>\u8c22\u8c22\uff01 #MailFooter#</b> </div>]"}, {"language": "PT", "subject": "A organiza\u00e7\u00e3o atualizou o status do perfil do usu\u00e1rio.", "body": "[' ', <div> <b>Ol\u00e1, #USER_NAME# ,</b> <br/><br/></div>, <div> <b>#ORGANIZATION_NAME#</b> tem #PROFILE_STATUS# sua solicita\u00e7\u00e3o para conectar seu perfil a eles em #COMPANY_NAME# <br/><br/> <b>Obrigado! #MailFooter#</b> </div>]"}, {"language": "ZU", "subject": "Inhlangano ivuselele isimo sephrofayela yomsebenzisi.", "body": "[' ', <div> <b>Sawubona #USER_NAME# ,</b> <br/><br/></div>, <div> <b>#ORGANIZATION_NAME#</b> #PROFILE_STATUS# sakho sokuxhuma iphrofayela yakho nabo ku- #COMPANY_NAME# <br/><br/> <b>Siyabonga! #MailFooter#</b> </div>]"}, {"language": "SW", "subject": "Shirika imesasisha hali ya wasifu wa mtumiaji.", "body": "[' ', <div> <b>Sawa #USER_NAME# ,</b> <br/><br/></div>, <div> <b>#ORGANIZATION_NAME#</b> ina #PROFILE_STATUS# ombi lako la kuunganisha maelezo yako na #COMPANY_NAME# <br/><br/> <b>Asante! #MailFooter#</b> </div>]"}, {"language": "KU", "subject": "R\u00eaxistina stat\u00fbya prof\u00eela bikarh\u00eaner\u00ea n\u00fb ye.", "body": "[' ', <div style=\";text-align:right;direction:rtl\"> <b>Hello #USER_NAME# ,</b> <br/><br/></div>, <div style=\";text-align:right;direction:rtl\"> <b>#ORGANIZATION_NAME#</b> ji bo daxwaza #PROFILE_STATUS# we re gir\u00eaday\u00ee prof\u00eela xwe bi #COMPANY_NAME# <br/><br/> <b>Spas! #MailFooter#</b> </div>]"}, {"language": "MS", "subject": "Organisasi telah mengemaskini status profil pengguna.", "body": "[' ', <div> <b>Halo #USER_NAME# ,</b> <br/><br/></div>, <div> <b>#ORGANIZATION_NAME#</b> mempunyai #PROFILE_STATUS# permintaan anda untuk menyambung profil anda dengan mereka di #COMPANY_NAME# <br/><br/> <b>Terima kasih! #MailFooter#</b> </div>]"}, {"language": "SI", "subject": "\u0dc3\u0d82\u0dc0\u0dd2\u0db0\u0dcf\u0db1\u0dba\u0da7 \u0db4\u0dbb\u0dd2\u0dc1\u0dd3\u0dbd\u0d9a \u0db4\u0dd0\u0dad\u0dd2\u0d9a\u0da9 \u0dad\u0dad\u0dca\u0dad\u0dca\u0dc0\u0dba \u0dba\u0dcf\u0dc0\u0dad\u0dca\u0d9a\u0dcf\u0dbd\u0dd3\u0db1 \u0d9a\u0dbb \u0dad\u0dd2\u0db6\u0dda.", "body": "[' ', <div> <b>\u0d86\u0dba\u0dd4\u0db6\u0ddd\u0dc0\u0db1\u0dca #USER_NAME# ,</b> <br/><br/></div>, <div> <b>#ORGANIZATION_NAME#</b> \u0d87\u0dad #PROFILE_STATUS# \u0d94\u0dc0\u0dd4\u0db1\u0dca \u0dc3\u0db8\u0d9c \u0d94\u0db6\u0d9c\u0dda \u0db4\u0dd0\u0dad\u0dd2\u0d9a\u0da9 \u0dc4\u0dcf \u0dc3\u0db8\u0dca\u0db6\u0db1\u0dca\u0db0 \u0dc0\u0dd3\u0db8\u0da7 \u0d94\u0db6\u0dda \u0d89\u0dbd\u0dca\u0dbd\u0dd3\u0db8 #COMPANY_NAME# <br/><br/> <b>\u0dc3\u0dca\u0dad\u0dd6\u0dad\u0dd2\u0dba\u0dd2! #MailFooter#</b> </div>]"}, {"language": "TA", "subject": "\u0b85\u0bae\u0bc8\u0baa\u0bcd\u0baa\u0bc1 \u0baa\u0baf\u0ba9\u0bb0\u0bcd \u0b9a\u0bc1\u0baf\u0bb5\u0bbf\u0bb5\u0bb0 \u0ba8\u0bbf\u0bb2\u0bc8\u0baf\u0bc8 \u0baa\u0bc1\u0ba4\u0bc1\u0baa\u0bcd\u0baa\u0bbf\u0b95\u0bcd\u0b95\u0bbf\u0bb1\u0ba4\u0bc1.", "body": "[' ', <div> <b>\u0bb5\u0ba3\u0b95\u0bcd\u0b95\u0bae\u0bcd #USER_NAME# ,</b> <br/><br/></div>, <div> <b>#ORGANIZATION_NAME#</b> #COMPANY_NAME# \u0b87\u0bb2\u0bcd \u0b89\u0b99\u0bcd\u0b95\u0bb3\u0bcd \u0b9a\u0bc1\u0baf\u0bb5\u0bbf\u0bb5\u0bb0\u0ba4\u0bcd\u0ba4\u0bc8 \u0b87\u0ba3\u0bc8\u0b95\u0bcd\u0b95 #PROFILE_STATUS# \u0b95\u0bcb\u0bb0\u0bbf\u0b95\u0bcd\u0b95\u0bc8\u0baf\u0bc8 <b>#ORGANIZATION_NAME#</b> \u0b95\u0bca\u0ba3\u0bcd\u0b9f\u0bc1\u0bb3\u0bcd\u0bb3\u0ba4\u0bc1 <br/><br/> <b>\u0ba8\u0ba9\u0bcd\u0bb1\u0bbf! #MailFooter#</b> </div>]"}, {"language": "VI", "subject": "T\u1ed5 ch\u1ee9c \u0111\u00e3 c\u1eadp nh\u1eadt tr\u1ea1ng th\u00e1i h\u1ed3 s\u01a1 ng\u01b0\u1eddi d\u00f9ng.", "body": "[' ', <div> <b>Xin ch\u00e0o #USER_NAME# ,</b> <br/><br/></div>, <div> <b>#ORGANIZATION_NAME#</b> c\u00f3 #PROFILE_STATUS# y\u00eau c\u1ea7u c\u1ee7a b\u1ea1n \u0111\u1ec3 k\u1ebft n\u1ed1i h\u1ed3 s\u01a1 c\u1ee7a b\u1ea1n v\u1edbi h\u1ecd tr\u00ean #COMPANY_NAME# <br/><br/> <b>C\u1ea3m \u01a1n! #MailFooter#</b> </div>]"}, {"language": "TL", "subject": "Ang organisasyon ay may-update ng katayuan ng profile ng gumagamit.", "body": "[' ', <div> <b>Hello #USER_NAME# ,</b> <br/><br/></div>, <div> <b>#ORGANIZATION_NAME#</b> ay may #PROFILE_STATUS# iyong kahilingan upang ikonekta ang iyong profile sa kanila sa #COMPANY_NAME# <br/><br/> <b>Salamat! #MailFooter#</b> </div>]"}, {"language": "KM", "subject": "\u17a2\u1784\u17d2\u1782\u1780\u17b6\u179a\u1794\u17b6\u1793\u1792\u17d2\u179c\u17be\u1794\u1785\u17d2\u1785\u17bb\u1794\u17d2\u1794\u1793\u17d2\u1793\u1797\u17b6\u1796\u179f\u17d2\u1790\u17b6\u1793\u1797\u17b6\u1796\u17a2\u17d2\u1793\u1780\u1794\u17d2\u179a\u17be\u17d4", "body": "[' ', <div> <b>\u1787\u17c6\u179a\u17b6\u1794\u179f\u17bd\u179a #USER_NAME# ,</b> <br/><br/></div>, <div> <b>#ORGANIZATION_NAME#</b> \u1798\u17b6\u1793 #PROFILE_STATUS# \u179f\u17c6\u178e\u17be\u179a\u1794\u179f\u17cb\u17a2\u17d2\u1793\u1780\u178a\u17be\u1798\u17d2\u1794\u17b8\u1797\u17d2\u1787\u17b6\u1794\u17cb\u1791\u1798\u17d2\u179a\u1784\u17cb\u179a\u1794\u179f\u17cb\u17a2\u17d2\u1793\u1780\u1787\u17b6\u1798\u17bd\u1799\u1796\u17bd\u1780\u1782\u17c1\u1793\u17c5 #COMPANY_NAME# <br/><br/> <b>\u179f\u17bc\u1798\u17a2\u179a\u1782\u17bb\u178e! #MailFooter#</b> </div>]"}, {"language": "BN", "subject": "\u09aa\u09cd\u09b0\u09a4\u09bf\u09b7\u09cd\u09a0\u09be\u09a8 \u0986\u09aa\u09a1\u09c7\u099f \u09ac\u09cd\u09af\u09ac\u09b9\u09be\u09b0\u0995\u09be\u09b0\u09c0 \u09aa\u09cd\u09b0\u09cb\u09ab\u09be\u0987\u09b2 \u0985\u09ac\u09b8\u09cd\u09a5\u09be \u0986\u099b\u09c7\u0964", "body": "[' ', <div> <b>\u09b9\u09cd\u09af\u09be\u09b2\u09cb #USER_NAME# ,</b> <br/><br/></div>, <div> <b>#ORGANIZATION_NAME#</b> #PROFILE_STATUS# #COMPANY_NAME# \u0986\u09aa\u09a8\u09be\u09b0 \u09aa\u09cd\u09b0\u09cb\u09ab\u09be\u0987\u09b2\u09c7 \u09b8\u0982\u09af\u09cb\u0997 \u09b8\u09cd\u09a5\u09be\u09aa\u09a8\u09c7\u09b0 \u099c\u09a8\u09cd\u09af \u0986\u09aa\u09a8\u09be\u09b0 \u0985\u09a8\u09c1\u09b0\u09cb\u09a7 #COMPANY_NAME# <br/><br/> <b>\u09a7\u09a8\u09cd\u09af\u09ac\u09be\u09a6! #MailFooter#</b> </div>]"}, {"language": "JA", "subject": "\u7d44\u7e54\u306e\u30e6\u30fc\u30b6\u30fc\u30d7\u30ed\u30d5\u30a1\u30a4\u30eb\u306e\u30b9\u30c6\u30fc\u30bf\u30b9\u304c\u66f4\u65b0\u3055\u308c\u307e\u3057\u305f\u3002", "body": "[' ', <div> <b>#USER_NAME# \u3001\u3053\u3093\u306b\u3061\u306f</b> <br/><br/></div>, <div> <b>#ORGANIZATION_NAME#</b>\u306f#PROFILE_STATUS#\u30d7\u30ed\u30d5\u30a3\u30fc\u30eb\u3092#COMPANY_NAME#\u30d7\u30ed\u30d5\u30a3\u30fc\u30eb\u306b\u63a5\u7d9a\u3059\u308b\u3088\u3046\u8981\u6c42\u3057\u3066\u3044\u307e\u3059<br/><br/> <b>\u3042\u308a\u304c\u3068\u3046\u3054\u3056\u3044\u307e\u3059\u3002 #MailFooter#</b> </div>]"}, {"language": "KO", "subject": "\uc870\uc9c1\uc5d0 \uc0ac\uc6a9\uc790 \ud504\ub85c\ud544 \uc0c1\ud0dc\uac00 \uc5c5\ub370\uc774\ud2b8\ub418\uc5c8\uc2b5\ub2c8\ub2e4.", "body": "[' ', <div> <b>\uc548\ub155\ud558\uc138\uc694. #USER_NAME# ,</b> <br/><br/></div>, <div> <b>#ORGANIZATION_NAME#</b> #PROFILE_STATUS# #COMPANY_NAME# \uc5d0 \ud504\ub85c\ud544\uc744 \uc5f0\uacb0\ud558\ub77c\ub294 \uc694\uccad #PROFILE_STATUS# \uac00\uc9c0\uace0 \uc788\uc2b5\ub2c8\ub2e4 #COMPANY_NAME# <br/><br/> <b>\uac10\uc0ac! #MailFooter#</b> </div>]"}, {"language": "YO", "subject": "Agbari ti mu ipo ipo profaili to.", "body": "[' ', <div> <b>Kaabo #USER_NAME# ,</b> <br/><br/></div>, <div> <b>#ORGANIZATION_NAME#</b> ni #PROFILE_STATUS# \u00ecb\u00e9\u00e8r\u00e8 r\u1eb9 lati so profaili r\u1eb9 p\u1eb9lu w\u1ecdn lori #COMPANY_NAME# <br/><br/> <b>O \u1e63eun! #MailFooter#</b> </div>]"}, {"language": "TR", "subject": "Kurulu\u015fun kullan\u0131c\u0131 profili durumunu g\u00fcncellemesi var.", "body": "[' ', <div> <b>Merhaba #USER_NAME# ,</b> <br/><br/></div>, <div> <b>#ORGANIZATION_NAME#</b> #PROFILE_STATUS# profiline #COMPANY_NAME# profilinde onlarla ba\u011flant\u0131 verme iste\u011finde <br/><br/> <b>Te\u015fekk\u00fcrler! #MailFooter#</b> </div>]"}, {"language": "RU", "subject": "\u041e\u0440\u0433\u0430\u043d\u0438\u0437\u0430\u0446\u0438\u044f \u043e\u0431\u043d\u043e\u0432\u0438\u043b\u0430 \u0441\u0442\u0430\u0442\u0443\u0441 \u043f\u0440\u043e\u0444\u0438\u043b\u044f \u043f\u043e\u043b\u044c\u0437\u043e\u0432\u0430\u0442\u0435\u043b\u044f.", "body": "[' ', <div> <b>\u0417\u0434\u0440\u0430\u0432\u0441\u0442\u0432\u0443\u0439\u0442\u0435, #USER_NAME#</b> <br/><br/></div>, <div> <b>#ORGANIZATION_NAME#</b> \u0438\u043c\u0435\u0435\u0442 #PROFILE_STATUS# \u0432\u0430\u0448 \u0437\u0430\u043f\u0440\u043e\u0441 \u043d\u0430 \u043f\u043e\u0434\u043a\u043b\u044e\u0447\u0435\u043d\u0438\u0435 \u0432\u0430\u0448\u0435\u0433\u043e \u043f\u0440\u043e\u0444\u0438\u043b\u044f \u043a \u043d\u0438\u043c \u043d\u0430 #COMPANY_NAME# <br/><br/> <b>\u0421\u043f\u0430\u0441\u0438\u0431\u043e! #MailFooter#</b> </div>]"}, {"language": "FA", "subject": "\u0633\u0627\u0632\u0645\u0627\u0646 \u0648\u0636\u0639\u06cc\u062a \u0628\u0647 \u0631\u0648\u0632 \u0631\u0633\u0627\u0646\u06cc \u06a9\u0627\u0631\u0628\u0631 \u0631\u0627 \u0628\u0647 \u0631\u0648\u0632 \u0631\u0633\u0627\u0646\u06cc \u0645\u06cc \u06a9\u0646\u062f.", "body": "[' ', <div style=\";text-align:right;direction:rtl\"> <b>\u0633\u0644\u0627\u0645 #USER_NAME#</b> <br/><br/></div>, <div style=\";text-align:right;direction:rtl\"> <b>#ORGANIZATION_NAME#</b> \u062f\u0627\u0631\u0627\u06cc #PROFILE_STATUS# \u062f\u0631\u062e\u0648\u0627\u0633\u062a \u0634\u0645\u0627 \u0628\u0631\u0627\u06cc \u0627\u062a\u0635\u0627\u0644 \u067e\u0631\u0648\u0641\u0627\u06cc\u0644 \u0634\u0645\u0627 \u0628\u0627 \u0622\u0646\u0647\u0627 \u062f\u0631 #COMPANY_NAME# <br/><br/> <b>\u0628\u0627 \u062a\u0634\u06a9\u0631! #MailFooter#</b> </div>]"}, {"language": "MY", "subject": "\u1021\u1016\u103d\u1032\u1037\u1021\u1005\u100a\u103a\u1038\u1000 update \u1000\u102d\u102f\u1021\u101e\u102f\u1036\u1038\u1015\u103c\u102f\u101e\u1030\u1015\u101b\u102d\u102f\u1016\u102d\u102f\u1004\u103a status \u1000\u102d\u102f\u101b\u103e\u102d\u1015\u102b\u1010\u101a\u103a\u104b", "body": "[' ', <div> <b>\u1019\u1004\u103a\u1039\u1002\u101c\u102c\u1015\u102b #USER_NAME# ,</b> <br/><br/></div>, <div> <b>#ORGANIZATION_NAME#</b> \u101b\u103e\u102d\u1015\u102b\u1010\u101a\u103a #PROFILE_STATUS# \u1021\u1015\u1031\u102b\u103a\u101e\u1030\u1010\u102d\u102f\u1037\u1014\u103e\u1004\u103a\u1037\u1021\u1010\u1030\u101e\u1004\u103a\u1037\u101b\u1032\u1037\u1015\u101b\u102d\u102f\u1016\u102d\u102f\u1004\u103a\u1038\u1000\u102d\u102f\u1001\u103b\u102d\u1010\u103a\u1006\u1000\u103a\u1016\u102d\u102f\u1037\u101e\u1004\u103a\u1037\u101b\u1032\u1037\u1010\u1031\u102c\u1004\u103b\u1038\u1006\u102d\u102f\u1001\u1000\u103b\u103c #COMPANY_NAME# <br/><br/> <b>\u1000\u103b\u1031\u1038\u1007\u1030\u1038\u1010\u1004\u103a\u1015\u102b\u1010\u101a\u103a! #MailFooter#</b> </div>]"}, {"language": "HI", "subject": "\u0938\u0902\u0917\u0920\u0928 \u0928\u0947 \u0909\u092a\u092f\u094b\u0917\u0915\u0930\u094d\u0924\u093e \u092a\u094d\u0930\u094b\u092b\u093c\u093e\u0907\u0932 \u0938\u094d\u0925\u093f\u0924\u093f \u0905\u092a\u0921\u0947\u091f \u0915\u0940 \u0939\u0948\u0964", "body": "[' ', <div> <b>\u0928\u092e\u0938\u094d\u0915\u093e\u0930 #USER_NAME# ,</b> <br/><br/></div>, <div> <b>#ORGANIZATION_NAME#</b> \u092a\u093e\u0938 #PROFILE_STATUS# \u0906\u092a\u0915\u093e \u0905\u0928\u0941\u0930\u094b\u0927 #COMPANY_NAME# \u092a\u0930 \u0909\u0928\u0915\u0947 \u0938\u093e\u0925 \u0906\u092a\u0915\u0940 \u092a\u094d\u0930\u094b\u092b\u093c\u093e\u0907\u0932 \u0915\u094b \u091c\u094b\u0921\u093c\u0928\u0947 \u0915\u093e \u0906\u092a\u0915\u093e \u0905\u0928\u0941\u0930\u094b\u0927 \u0939\u0948 <br/><br/> <b>\u0927\u0928\u094d\u092f\u0935\u093e\u0926! #MailFooter#</b> </div>]"}, {"language": "IW", "subject": "\u05d4\u05d0\u05e8\u05d2\u05d5\u05df \u05db\u05d5\u05dc\u05dc \u05e1\u05d8\u05d8\u05d5\u05e1 \u05e4\u05e8\u05d5\u05e4\u05d9\u05dc \u05de\u05e9\u05ea\u05de\u05e9 \u05de\u05e2\u05d5\u05d3\u05db\u05df.", "body": "[' ', <div style=\";text-align:right;direction:rtl\"> <b>\u05e9\u05dc\u05d5\u05dd #USER_NAME# ,</b> <br/><br/></div>, <div style=\";text-align:right;direction:rtl\"> <b>#ORGANIZATION_NAME#</b> \u05d9\u05e9 #PROFILE_STATUS# \u05d4\u05d1\u05e7\u05e9\u05d4 \u05e9\u05dc\u05da \u05dc\u05d7\u05d1\u05e8 \u05d0\u05ea \u05d4\u05e4\u05e8\u05d5\u05e4\u05d9\u05dc \u05e9\u05dc\u05da \u05dc- #COMPANY_NAME# <br/><br/> <b>\u05ea\u05d5\u05d3\u05d4! #MailFooter#</b> </div>]"}, {"language": "FR", "subject": "L'organisation a le statut de profil utilisateur mis \u00e0 jour.", "body": "[' ', <div> <b>Bonjour #USER_NAME# ,</b> <br/><br/></div>, <div> <b>#ORGANIZATION_NAME#</b> a #PROFILE_STATUS# votre demande de connecter votre profil avec eux le #COMPANY_NAME# <br/><br/> <b>Merci! #MailFooter#</b> </div>]"}, {"language": "DA", "subject": "Organisationen har opdateret brugerprofil status.", "body": "[' ', <div> <b>Hej #USER_NAME# ,</b> <br/><br/></div>, <div> <b>#ORGANIZATION_NAME#</b> har #PROFILE_STATUS# din anmodning om at forbinde din profil med dem p\u00e5 #COMPANY_NAME# <br/><br/> <b>Tak! #MailFooter#</b> </div>]"}]}