{"purpose": "Notify admin when driver make payment request", "templates": [{"language": "AF", "subject": "Betalingsversoek van Proivder", "body": "[' ', <b>Geagte Admin,</b>, ' ', <br/>, <br/>, ' Verskaffer #driver# het betalingsbedrag aangevra. ', <br/>, <br/>, ' Hieronder is die besonderhede van die verskaffer. ', <br/>, <br/>, ' ', <b>Verskaffer se naam</b>, ' : #Name# ', <br/>, <br/>, ' ', <b>E-pos</b>, ' : #Email# ', <br/>, <br/>, ' ', <b>Reis- / Werksnommers</b>, ' : #Email# ', <br/>, <br/>, ' ', <b>Totale bedrag</b>, ' : #driver# ', <br/>, <br/>, ' ', <b>Naam van Bank:</b>, ' #Bank_Name# ', <br/>, <br/>, ' ', <b>Rekeningnommer:</b>, ' #Account_Number# ', <br/>, <br/>, ' ', <b>BIC / SWIFT-kode:</b>, ' #Account_Number# ', <br/>, <br/>, ' ', <b>Bank Ligging:</b>, ' #Bank_Branch# ', <br/>, <br/>, ' ', <b>Rekeninghouer naam</b>, ' : #Account_Name# ', <br/>, <br/>, ' Dankie! #MailFooter#']"}, {"language": "EN", "subject": "Payment request from Proivder", "body": "[' ', <b>Dear Admin,</b>, ' ', <br/>, <br/>, 'Provider #driver# has requested payment amount. ', <br/>, <br/>, 'Below are the details of provider.', <br/>, '\\n', <br/>, '\\n', <b>Provider Name</b>, ': #Name#', <br/>, '\\n', <br/>, '\\n', <b>Email</b>, ': #Email#', <br/>, '\\n', <br/>, '\\n', <b>Trip/Job Numbers</b>, ': #Trips#', <br/>, '\\n', <br/>, '\\n', <b>Total Amount</b>, ': #Amount#', <br/>, <br/>, <b>Name Of Bank:</b>, ' #Bank_Name#', <br/>, <br/>, <b>Account Number:</b>, ' #Account_Number#', <br/>, <br/>, <b>BIC/SWIFT Code:</b>, ' #BIC/SWIFT_Code#', <br/>, <br/>, <b>Bank Location:</b>, ' #Bank_Branch#', <br/>, <br/>, '\\n', <b>Account  Holder Name</b>, ': #Account_Name#', <br/>, <br/>, 'Thanks!  #MailFooter#']"}, {"language": "TH", "subject": "\u0e04\u0e33\u0e02\u0e2d\u0e0a\u0e33\u0e23\u0e30\u0e40\u0e07\u0e34\u0e19\u0e08\u0e32\u0e01 Proivder", "body": "[' ', <b>\u0e40\u0e23\u0e35\u0e22\u0e19\u0e1c\u0e39\u0e49\u0e14\u0e39\u0e41\u0e25\u0e23\u0e30\u0e1a\u0e1a</b>, ' ', <br/>, <br/>, ' \u0e1c\u0e39\u0e49\u0e43\u0e2b\u0e49\u0e1a\u0e23\u0e34\u0e01\u0e32\u0e23 #driver# \u0e44\u0e14\u0e49\u0e23\u0e49\u0e2d\u0e07\u0e02\u0e2d\u0e08\u0e33\u0e19\u0e27\u0e19\u0e40\u0e07\u0e34\u0e19\u0e17\u0e35\u0e48\u0e0a\u0e33\u0e23\u0e30 ', <br/>, <br/>, ' \u0e14\u0e49\u0e32\u0e19\u0e25\u0e48\u0e32\u0e07\u0e40\u0e1b\u0e47\u0e19\u0e23\u0e32\u0e22\u0e25\u0e30\u0e40\u0e2d\u0e35\u0e22\u0e14\u0e02\u0e2d\u0e07\u0e1c\u0e39\u0e49\u0e43\u0e2b\u0e49\u0e1a\u0e23\u0e34\u0e01\u0e32\u0e23 ', <br/>, <br/>, ' ', <b>\u0e0a\u0e37\u0e48\u0e2d\u0e1c\u0e39\u0e49\u0e43\u0e2b\u0e49\u0e1a\u0e23\u0e34\u0e01\u0e32\u0e23</b>, ' : #Name# ', <br/>, <br/>, ' ', <b>\u0e2d\u0e35\u0e40\u0e21\u0e25</b>, ' : #Email# ', <br/>, <br/>, ' ', <b>\u0e2b\u0e21\u0e32\u0e22\u0e40\u0e25\u0e02\u0e01\u0e32\u0e23\u0e40\u0e14\u0e34\u0e19\u0e17\u0e32\u0e07 / \u0e07\u0e32\u0e19</b>, ' : #Email# ', <br/>, <br/>, ' ', <b>\u0e22\u0e2d\u0e14\u0e23\u0e27\u0e21</b>, ' : #driver# ', <br/>, <br/>, ' ', <b>\u0e0a\u0e37\u0e48\u0e2d\u0e18\u0e19\u0e32\u0e04\u0e32\u0e23:</b>, ' #Bank_Name# ', <br/>, <br/>, ' ', <b>\u0e2b\u0e21\u0e32\u0e22\u0e40\u0e25\u0e02\u0e1a\u0e31\u0e0d\u0e0a\u0e35:</b>, ' #Account_Number# ', <br/>, <br/>, ' ', <b>\u0e23\u0e2b\u0e31\u0e2a BIC / SWIFT:</b>, ' #Account_Number# ', <br/>, <br/>, ' ', <b>\u0e17\u0e35\u0e48\u0e15\u0e31\u0e49\u0e07\u0e18\u0e19\u0e32\u0e04\u0e32\u0e23:</b>, ' #Bank_Branch# ', <br/>, <br/>, ' ', <b>\u0e0a\u0e37\u0e48\u0e2d\u0e40\u0e08\u0e49\u0e32\u0e02\u0e2d\u0e07\u0e1a\u0e31\u0e0d\u0e0a\u0e35</b>, ' : #Account_Name# ', <br/>, <br/>, ' \u0e02\u0e2d\u0e1a\u0e04\u0e38\u0e13! #MailFooter#']"}, {"language": "ID", "subject": "Permintaan pembayaran dari Proivder", "body": "[' ', <b>Admin yang terhormat,</b>, ' ', <br/>, <br/>, ' Penyedia #driver# telah meminta jumlah pembayaran. ', <br/>, <br/>, ' Di bawah ini adalah rincian penyedia. ', <br/>, <br/>, ' ', <b>Nama Penyedia</b>, ' : #Name# ', <br/>, <br/>, ' ', <b>Email</b>, ' : #Email# ', <br/>, <br/>, ' ', <b>Nomor Perjalanan / Pekerjaan</b>, ' : #Email# ', <br/>, <br/>, ' ', <b>Jumlah Total</b>, ' : #driver# ', <br/>, <br/>, ' ', <b>Nama Bank:</b>, ' #Bank_Name# ', <br/>, <br/>, ' ', <b>Nomor Akun:</b>, ' #Account_Number# ', <br/>, <br/>, ' ', <b>Kode BIC / SWIFT:</b>, ' #Account_Number# ', <br/>, <br/>, ' ', <b>Lokasi Bank:</b>, ' #Bank_Branch# ', <br/>, <br/>, ' ', <b>Nama Pemegang Akun</b>, ' : #Account_Name# ', <br/>, <br/>, ' Terima kasih! #MailFooter#']"}, {"language": "DE", "subject": "Zahlungsaufforderung von Proivder", "body": "[' ', <b>Sehr geehrter Admin,</b>, ' ', <br/>, <br/>, ' Provider #driver# hat einen Zahlungsbetrag angefordert. ', <br/>, <br/>, ' Nachfolgend sind die Angaben zum Anbieter aufgef\u00fchrt. ', <br/>, <br/>, ' ', <b>Anbietername</b>, ' : #Name# ', <br/>, <br/>, ' ', <b>E-Mail</b>, ' : #Email# ', <br/>, <br/>, ' ', <b>Reise- / Auftragsnummern</b>, ' : #Email# ', <br/>, <br/>, ' ', <b>Gesamtbetrag</b>, ' : #driver# ', <br/>, <br/>, ' ', <b>Name der Bank:</b>, ' #Bank_Name# ', <br/>, <br/>, ' #Account_Number# ', <b>:</b>, ' #Account_Number# ', <br/>, <br/>, ' ', <b>BIC / SWIFT-Code:</b>, ' #Account_Number# ', <br/>, <br/>, ' #Bank_Branch# ', <b>:</b>, ' #Bank_Branch# ', <br/>, <br/>, ' ', <b>Name des</b>, ' #Account_Name# : #Account_Name# ', <br/>, <br/>, ' Vielen Dank! #MailFooter#']"}, {"language": "ES", "subject": "Solicitud de pago de Proivder", "body": "[' ', <b>Estimado administrador,</b>, ' ', <br/>, <br/>, ' Proveedor #driver# ha solicitado la cantidad de pago. ', <br/>, <br/>, ' A continuaci\u00f3n se presentan los detalles del proveedor. ', <br/>, <br/>, ' ', <b>Nombre del proveedor</b>, ' : #Name# ', <br/>, <br/>, ' ', <b>Correo electr\u00f3nico</b>, ' : #Email# ', <br/>, <br/>, ' ', <b>N\u00fameros de viaje / trabajo</b>, ' : #Email# ', <br/>, <br/>, ' ', <b>Cantidad total</b>, ' : #driver# ', <br/>, <br/>, ' ', <b>Nombre del banco:</b>, ' #Bank_Name# ', <br/>, <br/>, ' ', <b>N\u00famero de cuenta:</b>, ' #Account_Number# ', <br/>, <br/>, ' ', <b>C\u00f3digo BIC / SWIFT:</b>, ' #Account_Number# ', <br/>, <br/>, ' ', <b>Ubicaci\u00f3n del banco:</b>, ' #Bank_Branch# ', <br/>, <br/>, ' ', <b>Nombre del titular de la cuenta</b>, ' : #Account_Name# ', <br/>, <br/>, ' \u00a1Gracias! #MailFooter#']"}, {"language": "IT", "subject": "Richiesta di pagamento da Proivder", "body": "[' ', <b>Caro amministratore,</b>, ' ', <br/>, <br/>, \" Il provider numero #driver# ha richiesto l'importo del pagamento. \", <br/>, <br/>, ' Di seguito sono riportati i dettagli del provider. ', <br/>, <br/>, ' ', <b>Nome provider</b>, ' : #Name# ', <br/>, <br/>, ' ', <b>Email</b>, ' : #Email# ', <br/>, <br/>, ' ', <b>Numeri di viaggio / lavoro</b>, ' : #Email# ', <br/>, <br/>, ' ', <b>Importo totale</b>, ' : #driver# ', <br/>, <br/>, ' ', <b>Nome della banca:</b>, ' #Bank_Name# ', <br/>, <br/>, ' ', <b>Numero di conto:</b>, ' #Account_Number# ', <br/>, <br/>, ' ', <b>Codice BIC / SWIFT:</b>, ' #Account_Number# ', <br/>, <br/>, ' ', <b>Posizione bancaria:</b>, ' #Bank_Branch# ', <br/>, <br/>, ' ', <b>Nome del titolare del conto</b>, ' : #Account_Name# ', <b>Nome</b>, ' #Account_Name# ', <br/>, <br/>, ' Grazie! #MailFooter#']"}, {"language": "AR", "subject": "\u0637\u0644\u0628 \u0627\u0644\u062f\u0641\u0639 \u0645\u0646 Proivder", "body": "[' ', <b>\u0639\u0632\u064a\u0632\u064a \u0627\u0644\u0645\u0634\u0631\u0641 \u060c</b>, ' ', <br/>, <br/>, ' \u0637\u0644\u0628 \u0627\u0644\u0645\u0632\u0648\u062f #driver# \u0645\u0628\u0644\u063a \u0627\u0644\u062f\u0641\u0639. ', <br/>, <br/>, ' \u0623\u062f\u0646\u0627\u0647 \u0647\u064a \u062a\u0641\u0627\u0635\u064a\u0644 \u0645\u0632\u0648\u062f. ', <br/>, <br/>, ' ', <b>\u0627\u0633\u0645 \u0627\u0644\u0645\u0632\u0648\u062f</b>, ' : #Name# ', <br/>, <br/>, ' ', <b>\u0627\u0644\u0628\u0631\u064a\u062f \u0627\u0644\u0625\u0644\u0643\u062a\u0631\u0648\u0646\u064a</b>, ' : #Email# ', <br/>, <br/>, ' ', <b>\u0631\u0642\u0645 \u0627\u0644\u0631\u062d\u0644\u0629 / \u0627\u0644\u0648\u0638\u064a\u0641\u0629</b>, ' : #Email# ', <br/>, <br/>, ' ', <b>\u0627\u0644\u0645\u0628\u0644\u063a \u0627\u0644\u0625\u062c\u0645\u0627\u0644\u064a</b>, ' : #driver# ', <br/>, <br/>, ' ', <b>\u0627\u0633\u0645 \u0627\u0644\u0628\u0646\u0643:</b>, ' #Bank_Name# ', <br/>, <br/>, ' ', <b>\u0631\u0642\u0645 \u0627\u0644\u062d\u0633\u0627\u0628:</b>, ' #Account_Number# ', <br/>, <br/>, ' ', <b>\u0631\u0645\u0632 BIC / SWIFT:</b>, ' #Account_Number# ', <br/>, <br/>, ' ', <b>\u0645\u0648\u0642\u0639 \u0627\u0644\u0628\u0646\u0643:</b>, ' #Bank_Branch# ', <br/>, <br/>, ' ', <b>\u0627\u0633\u0645 \u0635\u0627\u062d\u0628 \u0627\u0644\u062d\u0633\u0627\u0628</b>, ' : #Account_Name# ', <br/>, <br/>, ' \u0634\u0643\u0631! #MailFooter#']"}, {"language": "UR", "subject": "\u067e\u0631\u0648\u0648\u06cc\u0633\u0631 \u0633\u06d2 \u0627\u062f\u0627\u0626\u06cc\u06af\u06cc \u06a9\u06cc \u062f\u0631\u062e\u0648\u0627\u0633\u062a", "body": "[' ', <b>\u0639\u0632\u06cc\u0632 \u0627\u06cc\u0688\u0645\u0646\u060c</b>, ' ', <br/>, <br/>, ' \u0641\u0631\u0627\u06c1\u0645 \u06a9\u0646\u0646\u062f\u06c1 #driver# \u0646\u06d2 \u0627\u062f\u0627\u0626\u06cc\u06af\u06cc \u06a9\u06cc \u0631\u0642\u0645 \u06a9\u06cc \u062f\u0631\u062e\u0648\u0627\u0633\u062a \u06a9\u06cc \u06c1\u06d2. ', <br/>, <br/>, ' \u0645\u0646\u062f\u0631\u062c\u06c1 \u0630\u06cc\u0644 \u0641\u0631\u0627\u06c1\u0645 \u06a9\u0646\u0646\u062f\u06c1 \u06a9\u06cc \u062a\u0641\u0635\u06cc\u0644\u0627\u062a \u06c1\u06cc\u06ba. ', <br/>, <br/>, ' ', <b>\u0641\u0631\u0627\u06c1\u0645 \u06a9\u0646\u0646\u062f\u06c1 \u06a9\u0627 \u0646\u0627\u0645</b>, ' : #Name# ', <br/>, <br/>, ' ', <b>\u0627\u06cc \u0645\u06cc\u0644</b>, ' : #Email# ', <br/>, <br/>, ' ', <b>\u0633\u0641\u0631 / \u0645\u0644\u0627\u0632\u0645\u062a \u0646\u0645\u0628\u0631</b>, ' : #Email# ', <br/>, <br/>, ' ', <b>\u06a9\u0644 \u0631\u0642\u0645</b>, ' : #driver# ', <br/>, <br/>, ' ', <b>\u0628\u06cc\u0646\u06a9 \u06a9\u0627 \u0646\u0627\u0645:</b>, ' #Bank_Name# ', <br/>, <br/>, ' ', <b>\u0627\u06a9\u0627\u0624\u0646\u0679 \u0646\u0645\u0628\u0631:</b>, ' #Account_Number# ', <br/>, <br/>, ' ', <b>BIC / SWIFT \u06a9\u0648\u0688:</b>, ' #Account_Number# ', <br/>, <br/>, ' ', <b>\u0628\u06cc\u0646\u06a9 \u0645\u0642\u0627\u0645:</b>, ' #Bank_Branch# ', <br/>, <br/>, ' ', <b>\u0627\u06a9\u0627\u0624\u0646\u0679 \u062d\u0627\u0645\u0644\u06cc\u0646 \u06a9\u0627 \u0646\u0627\u0645</b>, ' : #Account_Name# ', <br/>, <br/>, ' \u0634\u06a9\u0631\u06cc\u06c1! #MailFooter#']"}, {"language": "AZ", "subject": "\u0130stehsal\u00e7\u0131dan \u00f6d\u0259ni\u015f t\u0259l\u0259bi", "body": "[' ', <b>\u018fziz Admin,</b>, ' ', <br/>, <br/>, ' Provider #driver# \u00f6d\u0259ni\u015f m\u0259bl\u0259\u011fini t\u0259l\u0259b etmi\u015fdir. ', <br/>, <br/>, ' A\u015fa\u011f\u0131da provayderin t\u0259f\u0259rr\u00fcatlar\u0131 var. ', <br/>, <br/>, ' ', <b>T\u0259chizat\u00e7\u0131 Ad\u0131</b>, ' : #Name# ', <br/>, <br/>, ' ', <b>E-po\u00e7t</b>, ' : #Email# ', <br/>, <br/>, ' ', <b>Trip / \u0130\u015f N\u00f6mr\u0259l\u0259ri</b>, ' : #Email# ', <br/>, <br/>, ' ', <b>\u00dcmumi m\u0259bl\u0259\u011f</b>, ' : #driver# ', <br/>, <br/>, ' ', <b>Bank\u0131n ad\u0131:</b>, ' #Bank_Name# ', <br/>, <br/>, ' ', <b>Hesab n\u00f6mr\u0259si:</b>, ' #Account_Number# ', <br/>, <br/>, ' ', <b>BIC / SWIFT Kodu:</b>, ' #Account_Number# ', <br/>, <br/>, ' ', <b>Bank\u0131n yeri:</b>, ' #Bank_Branch# ', <br/>, <br/>, ' ', <b>Haqq-hesab sahibi Ad\u0131</b>, ' : #Account_Name# ', <br/>, <br/>, ' T\u0259\u015f\u0259kk\u00fcr edirik! #MailFooter#']"}, {"language": "ZH", "subject": "\u6765\u81eaProivder\u7684\u4ed8\u6b3e\u8bf7\u6c42", "body": "[' ', <b>\u4eb2\u7231\u7684\u7ba1\u7406\u5458\uff0c</b>, ' ', <br/>, <br/>, ' Provider #driver#\u5df2\u8bf7\u6c42\u4ed8\u6b3e\u91d1\u989d\u3002 ', <br/>, <br/>, '\u4ee5\u4e0b\u662f\u63d0\u4f9b\u5546\u7684\u8be6\u7ec6\u4fe1\u606f\u3002 ', <br/>, <br/>, ' ', <b>\u63d0\u4f9b\u5546\u540d\u79f0</b>, ' \uff1a #Name# ', <br/>, <br/>, ' ', <b>\u7535\u90ae</b>, ' \uff1a #Email# ', <br/>, <br/>, ' ', <b>\u65c5\u884c/\u5de5\u4f5c\u53f7\u7801</b>, ' \uff1a #Email# ', <br/>, <br/>, ' ', <b>\u603b\u91d1\u989d</b>, ' \uff1a #driver# ', <br/>, <br/>, ' ', <b>\u94f6\u884c\u540d\u79f0\uff1a</b>, ' #Bank_Name# ', <br/>, <br/>, ' ', <b>\u5e10\u53f7\uff1a</b>, ' #Account_Number# ', <br/>, <br/>, ' ', <b>BIC / SWIFT\u4ee3\u7801\uff1a</b>, ' #Account_Number# ', <br/>, <br/>, ' ', <b>\u94f6\u884c\u4f4d\u7f6e\uff1a</b>, ' #Bank_Branch# ', <br/>, <br/>, ' ', <b>\u5e10\u6237\u6301\u6709\u4eba\u59d3\u540d</b>, ' \uff1a #Account_Name# ', <br/>, <br/>, '\u8c22\u8c22\uff01 #MailFooter#']"}, {"language": "PT", "subject": "Pedido de pagamento do Proivder", "body": "[' ', <b>Caro Admin,</b>, ' ', <br/>, <br/>, ' O provedor #driver# solicitou o valor do pagamento. ', <br/>, <br/>, ' Abaixo est\u00e3o os detalhes do provedor. ', <br/>, <br/>, ' ', <b>Nome do provedor</b>, ' : #Name# ', <br/>, <br/>, ' ', <b>Email</b>, ' : #Email# ', <br/>, <br/>, ' ', <b>N\u00fameros de viagem / emprego</b>, ' : #Email# ', <br/>, <br/>, ' ', <b>Valor Total</b>, ' : #driver# ', <br/>, <br/>, ' ', <b>Nome do banco:</b>, ' #Bank_Name# ', <br/>, <br/>, ' ', <b>N\u00famero da conta:</b>, ' #Account_Number# ', <br/>, <br/>, ' ', <b>C\u00f3digo BIC / SWIFT:</b>, ' #Account_Number# ', <br/>, <br/>, ' ', <b>Localiza\u00e7\u00e3o do banco:</b>, ' #Bank_Branch# ', <br/>, <br/>, ' ', <b>Nome do Titular da Conta</b>, ' : #Account_Name# ', <br/>, <br/>, ' Obrigado! #MailFooter#']"}, {"language": "ZU", "subject": "Isicelo sokukhokha kusuka ku-Proivder", "body": "[' ', <b>Ukuphatha Okuthandekayo,</b>, ' ', <br/>, <br/>, ' Umhlinzeki #driver# ucele inani lokukhokha. ', <br/>, <br/>, ' Ngezansi kukhona imininingwane yomhlinzeki. ', <br/>, <br/>, ' ', <b>Igama lomhlinzeki</b>, ' : #Name# ', <br/>, <br/>, ' ', <b>Imeyili</b>, ' : #Email# ', <br/>, <br/>, ' ', <b>Uhambo / Job Inombolo</b>, ' : #Email# ', <br/>, <br/>, ' ', <b>Inani eliphelele</b>, ' : #driver# ', <br/>, <br/>, ' ', <b>Igama</b>, ' #Bank_Name# ', <b>:</b>, ' #Bank_Name# ', <br/>, <br/>, ' ', <b>Inombolo ye-Akhawunti:</b>, ' #Account_Number# ', <br/>, <br/>, ' ', <b>I-BIC / SWIFT Ikhodi:</b>, ' #Account_Number# ', <br/>, <br/>, ' ', <b>Indawo yeBhange:</b>, ' #Bank_Branch# ', <br/>, <br/>, ' ', <b>Igama</b>, ' #Account_Name# ', <b>akhawunti</b>, ' : #Account_Name# ', <br/>, <br/>, ' Siyabonga! #MailFooter#']"}, {"language": "SW", "subject": "Ombi la kulipa kutoka kwa Proivder", "body": "[' ', <b>Wapenzi Admin,</b>, ' ', <br/>, <br/>, ' Mpangilio #driver# ameomba kiasi cha malipo. ', <br/>, <br/>, ' Chini ni maelezo ya mtoa huduma. ', <br/>, <br/>, ' ', <b>Jina la Mtoa huduma</b>, ' : #Name# ', <br/>, <br/>, ' ', <b>Barua pepe</b>, ' : #Email# ', <br/>, <br/>, ' ', <b>Safari / Hesabu ya Kazi</b>, ' : #Email# ', <br/>, <br/>, ' ', <b>Kiasi cha jumla</b>, ' : #driver# ', <br/>, <br/>, ' ', <b>Jina la Benki:</b>, ' #Bank_Name# ', <br/>, <br/>, ' ', <b>Nambari ya Akaunti:</b>, ' #Account_Number# ', <b>Akaunti ya Nambari</b>, ' #Account_Number# ', <br/>, <br/>, ' ', <b>Kanuni ya BIC / SWIFT:</b>, ' #Account_Number# ', <br/>, <br/>, ' ', <b>Eneo la Benki:</b>, ' #Bank_Branch# ', <br/>, <br/>, ' ', <b>Jina la Mmiliki wa Akaunti</b>, ' : #Account_Name# ', <br/>, <br/>, ' Asante! #MailFooter#']"}, {"language": "KU", "subject": "Daxwazina ji Proivder\u00ea day\u00een", "body": "[' ', <b>Bir\u00eaz Bir\u00eaz Bir\u00eaz</b>, ' ', <br/>, <br/>, ' #driver# Ajotir #driver# ji m\u00fb\u00e7\u00fbna day\u00een xwestin. ', <br/>, <br/>, ' Li j\u00ear agahdariy\u00ean p\u00ea\u015fk\u00ea\u015fkeriy\u00ea hene. ', <br/>, <br/>, ' ', <b>Provider Name</b>, ' : #Name# ', <br/>, <br/>, ' ', <b>Email</b>, ' : #Email# ', <br/>, <br/>, ' ', <b>Trip / Job Numbers</b>, ' : #Email# ', <br/>, <br/>, ' ', <b>Ti\u015ftek Biha</b>, ' : #driver# ', <br/>, <br/>, ' ', <b>Nav\u00ea Bank:</b>, ' #Bank_Name# ', <br/>, <br/>, ' ', <b>Hejmara Hesab:</b>, ' #Account_Number# ', <br/>, <br/>, ' ', <b>BIC / SWIFT Code:</b>, ' #Account_Number# ', <br/>, <br/>, ' ', <b>Bank Location:</b>, ' #Bank_Branch# ', <br/>, <br/>, ' ', <b>Nav\u00ea Holder</b>, ' : #Account_Name# ', <br/>, <br/>, ' Spas! #MailFooter#']"}, {"language": "MS", "subject": "Permintaan pembayaran dari Proivder", "body": "[' ', <b>Pengurus yang dihormati,</b>, ' ', <br/>, <br/>, ' Pembekal #driver# telah meminta jumlah pembayaran. ', <br/>, <br/>, ' Berikut adalah butiran pembekal. ', <br/>, <br/>, ' ', <b>Nama Pembekal</b>, ' : #Name# ', <br/>, <br/>, ' ', <b>E-mel</b>, ' : #Email# ', <br/>, <br/>, ' ', <b>Nombor Lawatan / Kerja</b>, ' : #Email# ', <br/>, <br/>, ' ', <b>Jumlah Amaun</b>, ' : #driver# ', <br/>, <br/>, ' ', <b>Nama Bank:</b>, ' #Bank_Name# ', <br/>, <br/>, ' ', <b>Nombor Akaun:</b>, ' #Account_Number# ', <br/>, <br/>, ' ', <b>Kod BIC / SWIFT:</b>, ' #Account_Number# ', <br/>, <br/>, ' ', <b>Lokasi Bank:</b>, ' #Bank_Branch# ', <br/>, <br/>, ' ', <b>Nama Pemegang Akaun</b>, ' : #Account_Name# ', <br/>, <br/>, ' Terima kasih! #MailFooter#']"}, {"language": "SI", "subject": "Proivder \u0dc0\u0dd9\u0dad\u0dd2\u0db1\u0dca \u0d9c\u0dd9\u0dc0\u0db1 \u0d89\u0dbd\u0dca\u0dbd\u0dd3\u0db8", "body": "[' ', <b>\u0dc4\u0dd2\u0dad\u0dc0\u0dad\u0dca \u0db4\u0dbb\u0dd2\u0db4\u0dcf\u0dbd\u0d9a,</b>, ' ', <br/>, <br/>, ' \u0dc3\u0dd0\u0db4\u0dba\u0dd4\u0db8\u0dca\u0d9a\u0dbb\u0dd4 #driver# \u0dc0\u0dd2\u0dc3\u0dd2\u0db1\u0dca \u0d9c\u0dd9\u0dc0\u0dd3\u0db8\u0dca \u0d9a\u0dbb\u0db1 \u0db8\u0dd4\u0daf\u0dbd \u0d89\u0dbd\u0dca\u0dbd\u0dcf \u0d87\u0dad. ', <br/>, <br/>, ' \u0dc3\u0db4\u0dba\u0db1\u0dca\u0db1\u0dcf\u0d9c\u0dda \u0dc0\u0dd2\u0dc3\u0dca\u0dad\u0dbb \u0db4\u0dc4\u0dad \u0daf\u0dd0\u0d9a\u0dca\u0dc0\u0dda. ', <br/>, <br/>, ' ', <b>\u0dc3\u0dd0\u0db4\u0dba\u0dd4\u0db8\u0dca\u0d9a\u0dbb\u0dd4\u0d9c\u0dda \u0db1\u0db8</b>, ' : #Name# ', <br/>, <br/>, ' ', <b>\u0dc0\u0dd2\u0daf\u0dca\u0dba\u0dd4\u0dad\u0dca \u0dad\u0dd0\u0db4\u0dd1\u0dbd</b>, ' : #Email# ', <br/>, <br/>, ' ', <b>\u0dc3\u0d82\u0da0\u0dcf\u0dbb\u0dba / \u0dbb\u0dd0\u0d9a\u0dd2\u0dba\u0dcf \u0d85\u0d82\u0d9a\u0dba</b>, ' : #Email# ', <br/>, <br/>, ' ', <b>\u0db8\u0dd4\u0dc5\u0dd4 \u0db8\u0dd4\u0daf\u0dbd</b>, ' : #driver# ', <br/>, <br/>, ' ', <b>\u0db6\u0dd0\u0d82\u0d9a\u0dd4 \u0db1\u0db8:</b>, ' #Bank_Name# ', <b>\u0db6\u0dd0\u0d82\u0d9a\u0dd4</b>, ' #Bank_Name# ', <br/>, <br/>, ' ', <b>\u0d9c\u0dd2\u0dab\u0dd4\u0db8\u0dca \u0d85\u0d82\u0d9a\u0dba:</b>, ' #Account_Number# ', <b>\u0d9c\u0dd2\u0dab\u0dd4\u0db8\u0dca \u0d85\u0d82\u0d9a\u0dba</b>, ' #Account_Number# ', <br/>, <br/>, ' ', <b>BIC / SWIFT \u0d9a\u0dda\u0dad\u0dba:</b>, ' #Account_Number# ', <br/>, <br/>, ' ', <b>\u0db6\u0dd0\u0d82\u0d9a\u0dd4 \u0dc3\u0dca\u0dae\u0dcf\u0db1\u0dba:</b>, ' #Bank_Branch# ', <br/>, <br/>, ' ', <b>\u0d9c\u0dd2\u0dab\u0dd4\u0db8\u0dca</b>, ' #Account_Name# ', <b>\u0db1\u0db8</b>, ' : #Account_Name# ', <b>\u0d9c\u0dd2\u0dab\u0dd4\u0db8\u0dda \u0db1\u0db8</b>, ' #Account_Name# ', <br/>, <br/>, ' \u0dc3\u0dca\u0dad\u0dd6\u0dad\u0dd2\u0dba\u0dd2! #MailFooter#']"}, {"language": "TA", "subject": "Proivder \u0b87\u0bb0\u0bc1\u0ba8\u0bcd\u0ba4\u0bc1 \u0baa\u0ba3\u0bae\u0bcd \u0b95\u0bcb\u0bb0\u0bbf\u0b95\u0bcd\u0b95\u0bc8", "body": "[' ', <b>\u0b85\u0ba9\u0bcd\u0baa\u0bc1\u0bb3\u0bcd\u0bb3 \u0ba8\u0bbf\u0bb0\u0bcd\u0bb5\u0bbe\u0b95\u0bae\u0bcd,</b>, ' ', <br/>, <br/>, ' \u0bb5\u0bb4\u0b99\u0bcd\u0b95\u0bc1\u0ba8\u0bb0\u0bcd #driver# \u0baa\u0ba3\u0bae\u0bcd \u0b9a\u0bc6\u0bb2\u0bc1\u0ba4\u0bcd\u0ba4\u0bbf\u0baf \u0ba4\u0bca\u0b95\u0bc8 \u0b95\u0bcb\u0bb0\u0baa\u0bcd\u0baa\u0b9f\u0bcd\u0b9f\u0bc1\u0bb3\u0bcd\u0bb3\u0ba4\u0bc1. ', <br/>, <br/>, ' \u0bb5\u0bb4\u0b99\u0bcd\u0b95\u0bc1\u0ba8\u0bb0\u0bbf\u0ba9\u0bcd \u0bb5\u0bbf\u0bb5\u0bb0\u0b99\u0bcd\u0b95\u0bb3\u0bcd \u0b95\u0bc0\u0bb4\u0bc7 \u0b89\u0bb3\u0bcd\u0bb3\u0ba9. ', <br/>, <br/>, ' ', <b>\u0bb5\u0bb4\u0b99\u0bcd\u0b95\u0bc1\u0baa\u0bb5\u0bb0\u0bcd \u0baa\u0bc6\u0baf\u0bb0\u0bcd</b>, ' : #Name# ', <br/>, <br/>, ' ', <b>\u0bae\u0bbf\u0ba9\u0bcd\u0ba9\u0b9e\u0bcd\u0b9a\u0bb2\u0bcd</b>, ' : #Email# ', <br/>, <br/>, ' ', <b>\u0baa\u0baf\u0ba3\u0bae\u0bcd / \u0bb5\u0bc7\u0bb2\u0bc8 \u0b8e\u0ba3\u0bcd\u0b95\u0bb3\u0bcd</b>, ' : #Email# ', <br/>, <br/>, ' ', <b>\u0bae\u0bca\u0ba4\u0bcd\u0ba4 \u0ba4\u0bca\u0b95\u0bc8</b>, ' : #driver# ', <br/>, <br/>, ' ', <b>\u0bb5\u0b99\u0bcd\u0b95\u0bbf\u0baf\u0bbf\u0ba9\u0bcd \u0baa\u0bc6\u0baf\u0bb0\u0bcd:</b>, ' #Bank_Name# ', <br/>, <br/>, ' ', <b>\u0b95\u0ba3\u0b95\u0bcd\u0b95\u0bc1 \u0b8e\u0ba3\u0bcd:</b>, ' #Account_Number# ', <br/>, <br/>, ' ', <b>BIC / SWIFT \u0b95\u0bcb\u0b9f\u0bcd:</b>, ' #Account_Number# ', <br/>, <br/>, ' ', <b>\u0bb5\u0b99\u0bcd\u0b95\u0bbf \u0b87\u0bb0\u0bc1\u0baa\u0bcd\u0baa\u0bbf\u0b9f\u0bae\u0bcd:</b>, ' #Bank_Branch# ', <br/>, <br/>, ' ', <b>\u0b95\u0ba3\u0b95\u0bcd\u0b95\u0bc1 \u0bb5\u0bc8\u0ba4\u0bcd\u0ba4\u0bbf\u0bb0\u0bc1\u0baa\u0bcd\u0baa\u0bb5\u0bb0\u0bcd \u0baa\u0bc6\u0baf\u0bb0\u0bcd</b>, ' : #Account_Name# ', <br/>, <br/>, ' \u0ba8\u0ba9\u0bcd\u0bb1\u0bbf! #MailFooter#']"}, {"language": "VI", "subject": "Y\u00eau c\u1ea7u thanh to\u00e1n t\u1eeb Proivder", "body": "[' ', <b>K\u00ednh g\u1eedi qu\u1ea3n tr\u1ecb vi\u00ean</b>, ' ', <br/>, <br/>, ' Nh\u00e0 cung c\u1ea5p #driver# \u0111\u00e3 y\u00eau c\u1ea7u s\u1ed1 ti\u1ec1n thanh to\u00e1n. ', <br/>, <br/>, ' D\u01b0\u1edbi \u0111\u00e2y l\u00e0 chi ti\u1ebft c\u1ee7a nh\u00e0 cung c\u1ea5p. ', <br/>, <br/>, ' ', <b>T\u00ean nh\u00e0 cung c\u1ea5p</b>, ' : #Name# ', <br/>, <br/>, ' ', <b>Email</b>, ' : #Email# ', <br/>, <br/>, ' ', <b>S\u1ed1 chuy\u1ebfn \u0111i / S\u1ed1 c\u00f4ng vi\u1ec7c</b>, ' : #Email# ', <br/>, <br/>, ' ', <b>T\u1ed5ng s\u1ed1 ti\u1ec1n</b>, ' : #driver# ', <br/>, <br/>, ' ', <b>T\u00ean ng\u00e2n h\u00e0ng:</b>, ' #Bank_Name# ', <br/>, <br/>, ' ', <b>S\u1ed1 t\u00e0i kho\u1ea3n:</b>, ' #Account_Number# ', <br/>, <br/>, ' ', <b>M\u00e3 BIC / SWIFT:</b>, ' #Account_Number# ', <br/>, <br/>, ' ', <b>\u0110\u1ecba \u0111i\u1ec3m ng\u00e2n h\u00e0ng:</b>, ' #Bank_Branch# ', <br/>, <br/>, ' ', <b>T\u00ean ch\u1ee7 t\u00e0i kho\u1ea3n</b>, ' : #Account_Name# ', <br/>, <br/>, ' C\u1ea3m \u01a1n! #MailFooter#']"}, {"language": "TL", "subject": "Kahilingan sa pagbabayad mula sa Proivder", "body": "[' ', <b>Mahal na Admin,</b>, ' ', <br/>, <br/>, ' Hiniling ng provider #driver# ang halaga ng pagbabayad. ', <br/>, <br/>, ' Nasa ibaba ang mga detalye ng provider. ', <br/>, <br/>, ' ', <b>Pangalan ng tagapagbigay</b>, ' : #Name# ', <br/>, <br/>, ' ', <b>Email</b>, ' : #Email# ', <br/>, <br/>, ' ', <b>Mga Numero ng Trip / Job</b>, ' : #Email# ', <br/>, <br/>, ' ', <b>Kabuuang Halaga</b>, ' : #driver# ', <br/>, <br/>, ' ', <b>Pangalan Ng Bangko:</b>, ' #Bank_Name# ', <br/>, <br/>, ' ', <b>Numero ng Account:</b>, ' #Account_Number# ', <br/>, <br/>, ' ', <b>BIC / SWIFT Code:</b>, ' #Account_Number# ', <br/>, <br/>, ' ', <b>Lokasyon ng Bangko:</b>, ' #Bank_Branch# ', <br/>, <br/>, ' ', <b>Pangalan ng Holder ng Account</b>, ' : #Account_Name# ', <br/>, <br/>, ' Salamat! #MailFooter#']"}, {"language": "KM", "subject": "\u179f\u17c6\u178e\u17be\u1791\u17bc\u1791\u17b6\u178f\u17cb\u1796\u17b8 Proivder", "body": "[' ', <b>\u179f\u17bc\u1798\u1782\u17c4\u179a\u1796\u179a\u178a\u17d2\u178b\u1794\u17b6\u179b,</b>, ' ', <br/>, <br/>, ' #driver# \u1794\u17b6\u1793\u179f\u17d2\u1793\u17be\u179f\u17bb\u17c6\u1785\u17c6\u1793\u17bd\u1793\u1791\u17b9\u1780\u1794\u17d2\u179a\u17b6\u1780\u17cb\u1794\u1784\u17cb\u1794\u17d2\u179a\u17b6\u1780\u17cb\u17d4 ', <br/>, <br/>, ' \u1781\u17b6\u1784\u1780\u17d2\u179a\u17c4\u1798\u1793\u17c1\u17c7\u1782\u17ba\u1787\u17b6\u1796\u178f\u17cc\u1798\u17b6\u1793\u179b\u17c6\u17a2\u17b7\u178f\u1793\u17c3\u17a2\u17d2\u1793\u1780\u1795\u17d2\u178f\u179b\u17cb\u179f\u17c1\u179c\u17b6\u17d4 ', <br/>, <br/>, ' ', <b>\u1788\u17d2\u1798\u17c4\u17c7\u1780\u17d2\u179a\u17bb\u1798\u17a0\u17ca\u17bb\u1793\u1795\u17d2\u178a\u179b\u17cb</b>, ' : #Name# ', <br/>, <br/>, ' ', <b>\u17a2\u17ca\u17b8\u1798\u17c2\u179b</b>, ' : #Email# ', <br/>, <br/>, ' ', <b>\u178a\u17c6\u178e\u17be\u179a / \u179b\u17c1\u1781\u1780\u17b6\u179a\u1784\u17b6\u179a</b>, ' : #Email# ', <br/>, <br/>, ' ', <b>\u1785\u17c6\u1793\u17bd\u1793\u1791\u17b9\u1780\u1794\u17d2\u179a\u17b6\u1780\u17cb\u179f\u179a\u17bb\u1794</b>, ' : #driver# ', <br/>, <br/>, ' ', <b>\u1788\u17d2\u1798\u17c4\u17c7\u1792\u1793\u17b6\u1782\u17b6\u179a:</b>, ' #Bank_Name# ', <br/>, <br/>, ' ', <b>\u179b\u17c1\u1781\u1782\u178e\u1793\u17b8:</b>, ' #Account_Number# ', <b>\u1782\u178e\u1793\u17b8\u179b\u17c1\u1781</b>, ' #Account_Number# ', <br/>, <br/>, ' ', <b>\u179b\u17c1\u1781\u1780\u17bc\u178a BIC / SWIFT:</b>, ' #Account_Number# ', <br/>, <br/>, ' ', <b>\u1791\u17b8\u178f\u17b6\u17c6\u1784\u1792\u1793\u17b6\u1782\u17b6\u179a:</b>, ' #Bank_Branch# ', <br/>, <br/>, ' ', <b>\u1788\u17d2\u1798\u17c4\u17c7\u1798\u17d2\u1785\u17b6\u179f\u17cb\u1782\u178e\u1793\u17b8</b>, ' : #Account_Name# ', <br/>, <br/>, ' \u179f\u17bc\u1798\u17a2\u179a\u1782\u17bb\u178e! #MailFooter#']"}, {"language": "BN", "subject": "Proivder \u09a5\u09c7\u0995\u09c7 \u09aa\u09c7\u09ae\u09c7\u09a8\u09cd\u099f \u0985\u09a8\u09c1\u09b0\u09cb\u09a7", "body": "[' ', <b>\u09aa\u09cd\u09b0\u09bf\u09af\u09bc \u0985\u09cd\u09af\u09be\u09a1\u09ae\u09bf\u09a8,</b>, ' ', <br/>, <br/>, ' \u09b8\u09b0\u09ac\u09b0\u09be\u09b9\u0995\u09be\u09b0\u09c0 #driver# \u09aa\u09c7\u09ae\u09c7\u09a8\u09cd\u099f \u09aa\u09b0\u09bf\u09ae\u09be\u09a3 \u0985\u09a8\u09c1\u09b0\u09cb\u09a7 \u0995\u09b0\u09c7\u099b\u09c7\u0964 ', <br/>, <br/>, ' \u09a8\u09c0\u099a\u09c7 \u09aa\u09cd\u09b0\u09a6\u09be\u09a8\u0995\u09be\u09b0\u09c0\u09b0 \u09ac\u09bf\u09ac\u09b0\u09a3\u0964 ', <br/>, <br/>, ' ', <b>\u09b8\u09b0\u09ac\u09b0\u09be\u09b9\u0995\u09be\u09b0\u09c0 \u09a8\u09be\u09ae</b>, ' : #Name# ', <br/>, <br/>, ' ', <b>\u0987\u09ae\u09c7\u0987\u09b2</b>, ' : #Email# ', <br/>, <br/>, ' ', <b>\u099f\u09cd\u09b0\u09bf\u09aa / \u099a\u09be\u0995\u09b0\u09bf\u09b0 \u09b8\u0982\u0996\u09cd\u09af\u09be</b>, ' : #Email# ', <br/>, <br/>, ' ', <b>\u09ae\u09cb\u099f \u09aa\u09b0\u09bf\u09ae\u09be\u09a3</b>, ' : #driver# ', <br/>, <br/>, ' ', <b>\u09ac\u09cd\u09af\u09be\u0982\u0995\u09c7\u09b0 \u09a8\u09be\u09ae:</b>, ' #Bank_Name# ', <br/>, <br/>, ' ', <b>\u0985\u09cd\u09af\u09be\u0995\u09be\u0989\u09a8\u09cd\u099f \u09a8\u09ae\u09cd\u09ac\u09b0:</b>, ' #Account_Number# ', <b>\u0985\u09cd\u09af\u09be\u0995\u09be\u0989\u09a8\u09cd\u099f_\u098f\u09a8\u09ac\u09be\u09b0</b>, ' #Account_Number# ', <br/>, <br/>, ' ', <b>\u09ac\u09bf\u0986\u0987\u09b8\u09bf / \u09b8\u09c1\u0987\u09ab\u09cd\u099f \u0995\u09cb\u09a1:</b>, ' #Account_Number# ', <br/>, <br/>, ' ', <b>\u09ac\u09cd\u09af\u09be\u0982\u0995 \u0985\u09ac\u09b8\u09cd\u09a5\u09be\u09a8:</b>, ' #Bank_Branch# ', <br/>, <br/>, ' ', <b>\u0985\u09cd\u09af\u09be\u0995\u09be\u0989\u09a8\u09cd\u099f \u09a7\u09be\u09b0\u0995 \u09a8\u09be\u09ae</b>, ' : #Account_Name# ', <b>\u0985\u09cd\u09af\u09be\u0995\u09be\u0989\u09a8\u09cd\u099f_\u09a8\u09be\u09ae</b>, ' #Account_Name# ', <br/>, <br/>, ' \u09a7\u09a8\u09cd\u09af\u09ac\u09be\u09a6! #MailFooter#']"}, {"language": "JA", "subject": "Proivder\u304b\u3089\u306e\u652f\u6255\u3044\u4f9d\u983c", "body": "[' ', <b>\u7ba1\u7406\u8005\u5404\u4f4d</b>, ' ', <br/>, <br/>, '\u30d7\u30ed\u30d0\u30a4\u30c0#driver#\u304c\u652f\u6255\u3044\u91d1\u984d\u3092\u8981\u6c42\u3057\u307e\u3057\u305f\u3002 ', <br/>, <br/>, '\u4ee5\u4e0b\u306f\u30d7\u30ed\u30d0\u30a4\u30c0\u306e\u8a73\u7d30\u3067\u3059\u3002 ', <br/>, <br/>, ' ', <b>\u30d7\u30ed\u30d0\u30a4\u30c0\u540d</b>, ' \uff1a #Name# ', <br/>, <br/>, ' ', <b>\u30e1\u30fc\u30eb\u30a2\u30c9\u30ec\u30b9</b>, ' \uff1a #Email# ', <br/>, <br/>, ' ', <b>\u65c5\u884c/\u4ed5\u4e8b\u756a\u53f7</b>, ' \uff1a #Email# ', <br/>, <br/>, ' ', <b>\u7dcf\u984d</b>, ' \uff1a #driver# ', <br/>, <br/>, ' ', <b>\u9280\u884c\u306e\u540d\u524d\uff1a</b>, ' #Bank_Name# ', <br/>, <br/>, ' ', <b>\u30a2\u30ab\u30a6\u30f3\u30c8\u756a\u53f7\uff1a</b>, ' #Account_Number# ', <br/>, <br/>, ' ', <b>BIC / SWIFT\u30b3\u30fc\u30c9\uff1a</b>, ' #Account_Number# ', <br/>, <br/>, ' ', <b>\u9280\u884c\u306e\u6240\u5728\u5730\uff1a</b>, ' #Bank_Branch# ', <br/>, <br/>, ' ', <b>\u30a2\u30ab\u30a6\u30f3\u30c8\u6240\u6709\u8005\u540d</b>, ' \uff1a #Account_Name# ', <br/>, <br/>, '\u3042\u308a\u304c\u3068\u3046\u3054\u3056\u3044\u307e\u3059\u3002 #MailFooter#']"}, {"language": "KO", "subject": "Proivder\uc758 \uc9c0\ubd88 \uc694\uccad", "body": "[' ', <b>\uad00\ub9ac\uc790\ub2d8\uaed8,</b>, ' ', <br/>, <br/>, ' \uacf5\uae09\uc790 #driver# \uac00 \uc9c0\ubd88 \uae08\uc561\uc744 \uc694\uccad\ud588\uc2b5\ub2c8\ub2e4. ', <br/>, <br/>, ' \ub2e4\uc74c\uc740 \uc81c\uacf5\uc790\uc758 \uc138\ubd80 \uc0ac\ud56d\uc785\ub2c8\ub2e4. ', <br/>, <br/>, ' ', <b>\uc81c\uacf5\uc790 \uc774\ub984</b>, ' : #Name# ', <br/>, <br/>, ' ', <b>\uc774\uba54\uc77c</b>, ' : #Email# ', <br/>, <br/>, ' ', <b>\uc5ec\ud589 / \uc9c1\uc5c5 \ubc88\ud638</b>, ' : #Email# ', <br/>, <br/>, ' ', <b>\ucd1d \uae08\uc561</b>, ' : #driver# ', <br/>, <br/>, ' ', <b>\uc740\ud589 \uc774\ub984 :</b>, ' #Bank_Name# ', <br/>, <br/>, ' ', <b>\uacc4\uc88c \ubc88\ud638 :</b>, ' #Account_Number# ', <b>\uacc4\uc88c \ubc88\ud638</b>, ' #Account_Number# ', <br/>, <br/>, ' ', <b>BIC / SWIFT \ucf54\ub4dc :</b>, ' #Account_Number# ', <br/>, <br/>, ' ', <b>\uc740\ud589 \uc704\uce58 :</b>, ' #Bank_Branch# ', <br/>, <br/>, ' ', <b>\uacc4\uc815 \uc18c\uc720\uc790 \uc774\ub984</b>, ' : #Account_Name# ', <br/>, <br/>, ' \uac10\uc0ac! #MailFooter#']"}, {"language": "YO", "subject": "Iwifun sisan lati \u1ecdd\u1ecd Olu\u1e63e", "body": "[' ', <b>Eyin Alakoso,</b>, ' ', <br/>, <br/>, ' Olupese #driver# ti beere fun iye owo sisan. ', <br/>, <br/>, ' Ni isal\u1eb9 ni aw\u1ecdn alaye ti olupese. ', <br/>, <br/>, ' ', <b>Olupese Olupese</b>, ' : #Name# ', <br/>, <br/>, ' ', <b>Imeeli</b>, ' : #Email# ', <br/>, <br/>, ' ', <b>Irin ajo / Job Aw\u1ecdn n\u1ecdmba</b>, ' : #Email# ', <br/>, <br/>, ' ', <b>Lapap\u1ecd iye</b>, ' : #driver# ', <br/>, <br/>, ' ', <b>Oruk\u1ecd Bank:</b>, ' #Bank_Name# ', <br/>, <br/>, ' ', <b>N\u1ecdmba Ak\u1ecdsil\u1eb9:</b>, ' #Account_Number# ', <br/>, <br/>, ' ', <b>BIC / SWIFT koodu:</b>, ' #Account_Number# ', <br/>, <br/>, ' ', <b>Ifowo Owo:</b>, ' #Bank_Branch# ', <br/>, <br/>, ' #Account_Name# ', <b>Oruk\u1ecd</b>, ' : #Account_Name# ', <br/>, <br/>, ' O \u1e63eun! #MailFooter#']"}, {"language": "TR", "subject": "Proivder'dan \u00f6deme talebi", "body": "[' ', <b>Sevgili Y\u00f6netici,</b>, ' ', <br/>, <br/>, ' Sa\u011flay\u0131c\u0131 #driver# \u00f6deme tutar\u0131 istedi. ', <br/>, <br/>, ' A\u015fa\u011f\u0131da sa\u011flay\u0131c\u0131n\u0131n detaylar\u0131 verilmi\u015ftir. ', <br/>, <br/>, ' ', <b>Sa\u011flay\u0131c\u0131 Ad\u0131</b>, ' : #Name# ', <br/>, <br/>, ' ', <b>E-posta</b>, ' : #Email# ', <br/>, <br/>, ' ', <b>Yolculuk / \u0130\u015f Numaralar\u0131</b>, ' : #Email# ', <br/>, <br/>, ' ', <b>Toplam Tutar</b>, ' : #driver# ', <br/>, <br/>, ' ', <b>Bankan\u0131n Ad\u0131:</b>, ' #Bank_Name# ', <br/>, <br/>, ' ', <b>Hesap Numaras\u0131:</b>, ' #Account_Number# ', <br/>, <br/>, ' ', <b>BIC / SWIFT Kodu:</b>, ' #Account_Number# ', <br/>, <br/>, ' ', <b>Banka Konumu:</b>, ' #Bank_Branch# ', <br/>, <br/>, ' ', <b>Hesap Sahibinin Ad\u0131</b>, ' : #Account_Name# ', <br/>, <br/>, ' Te\u015fekk\u00fcrler! #MailFooter#']"}, {"language": "RU", "subject": "\u0417\u0430\u043f\u0440\u043e\u0441 \u043d\u0430 \u043e\u043f\u043b\u0430\u0442\u0443 \u043e\u0442 Proivder", "body": "[' ', <b>\u0423\u0432\u0430\u0436\u0430\u0435\u043c\u044b\u0439 \u0430\u0434\u043c\u0438\u043d,</b>, ' ', <br/>, <br/>, ' \u041f\u043e\u0441\u0442\u0430\u0432\u0449\u0438\u043a #driver# \u0437\u0430\u043f\u0440\u043e\u0441\u0438\u043b \u0441\u0443\u043c\u043c\u0443 \u043f\u043b\u0430\u0442\u0435\u0436\u0430. ', <br/>, <br/>, ' \u041d\u0438\u0436\u0435 \u043f\u0440\u0438\u0432\u0435\u0434\u0435\u043d\u044b \u0434\u0435\u0442\u0430\u043b\u0438 \u043f\u0440\u043e\u0432\u0430\u0439\u0434\u0435\u0440\u0430. ', <br/>, <br/>, ' ', <b>\u041d\u0430\u0437\u0432\u0430\u043d\u0438\u0435 \u043f\u0440\u043e\u0432\u0430\u0439\u0434\u0435\u0440\u0430</b>, ' : #Name# ', <br/>, <br/>, ' ', <b>Email</b>, ' : #Email# ', <br/>, <br/>, ' ', <b>\u041d\u043e\u043c\u0435\u0440\u0430 \u043a\u043e\u043c\u0430\u043d\u0434\u0438\u0440\u043e\u0432\u043e\u043a / \u0440\u0430\u0431\u043e\u0447\u0438\u0445 \u043c\u0435\u0441\u0442</b>, ' : #Email# ', <br/>, <br/>, ' ', <b>\u041e\u0431\u0449\u0430\u044f \u0441\u0443\u043c\u043c\u0430</b>, ' : #driver# ', <br/>, <br/>, ' ', <b>\u041d\u0430\u0437\u0432\u0430\u043d\u0438\u0435 \u0431\u0430\u043d\u043a\u0430:</b>, ' #Bank_Name# ', <br/>, <br/>, ' ', <b>\u041d\u043e\u043c\u0435\u0440 \u0441\u0447\u0435\u0442\u0430:</b>, ' #Account_Number# ', <br/>, <br/>, ' ', <b>\u041a\u043e\u0434 BIC / SWIFT:</b>, ' #Account_Number# ', <br/>, <br/>, ' ', <b>\u0420\u0430\u0441\u043f\u043e\u043b\u043e\u0436\u0435\u043d\u0438\u0435 \u0431\u0430\u043d\u043a\u0430:</b>, ' #Bank_Branch# ', <br/>, <br/>, ' ', <b>\u0418\u043c\u044f \u0432\u043b\u0430\u0434\u0435\u043b\u044c\u0446\u0430 \u0443\u0447\u0435\u0442\u043d\u043e\u0439 \u0437\u0430\u043f\u0438\u0441\u0438</b>, ' : #Account_Name# ', <br/>, <br/>, ' \u0421\u043f\u0430\u0441\u0438\u0431\u043e! #MailFooter#']"}, {"language": "FA", "subject": "\u062f\u0631\u062e\u0648\u0627\u0633\u062a \u067e\u0631\u062f\u0627\u062e\u062a \u0627\u0632 Proivder", "body": "[' ', <b>\u0645\u062f\u06cc\u0631 \u0639\u0632\u06cc\u0632</b>, ' ', <br/>, <br/>, ' #driver# \u0645\u0642\u062f\u0627\u0631 \u062f\u0631\u062e\u0648\u0627\u0633\u062a\u06cc \u062f\u0631\u062e\u0648\u0627\u0633\u062a \u06a9\u0631\u062f\u0647 \u0627\u0633\u062a ', <br/>, <br/>, ' \u062f\u0631 \u0632\u06cc\u0631 \u062c\u0632\u0626\u06cc\u0627\u062a \u0627\u0631\u0627\u0626\u0647 \u062f\u0647\u0646\u062f\u0647 \u0627\u0633\u062a. ', <br/>, <br/>, ' ', <b>\u0646\u0627\u0645 \u0627\u0631\u0627\u0626\u0647 \u062f\u0647\u0646\u062f\u0647</b>, ' : #Name# ', <br/>, <br/>, ' ', <b>\u0627\u06cc\u0645\u06cc\u0644</b>, ' : #Email# ', <br/>, <br/>, ' ', <b>\u0634\u0645\u0627\u0631\u0647 \u0633\u0641\u0631 / \u0634\u063a\u0644</b>, ' : #Email# ', <br/>, <br/>, ' ', <b>\u062a\u0639\u062f\u0627\u062f \u06a9\u0644</b>, ' : #driver# ', <br/>, <br/>, ' ', <b>\u0646\u0627\u0645 \u0628\u0627\u0646\u06a9:</b>, ' #Bank_Name# ', <br/>, <br/>, ' ', <b>\u0634\u0645\u0627\u0631\u0647 \u062d\u0633\u0627\u0628:</b>, ' #Account_Number# ', <br/>, <br/>, ' ', <b>BIC / SWIFT \u06a9\u062f:</b>, ' #Account_Number# ', <br/>, <br/>, ' ', <b>\u0645\u062d\u0644 \u0628\u0627\u0646\u06a9:</b>, ' #Bank_Branch# ', <br/>, <br/>, ' ', <b>\u0646\u0627\u0645 \u062f\u0627\u0631\u0646\u062f\u0647 \u062d\u0633\u0627\u0628</b>, ' : #Account_Name# ', <br/>, <br/>, ' \u0628\u0627 \u062a\u0634\u06a9\u0631! #MailFooter#']"}, {"language": "MY", "subject": "Proivder \u1000\u1014\u1031\u1004\u103d\u1031\u1015\u1031\u1038\u1001\u103b\u1031\u1010\u1031\u102c\u1004\u103a\u1038\u1006\u102d\u102f\u1001\u103b\u1000\u103a\u1021\u101b", "body": "[' ', <b>\u1001\u103b\u1005\u103a\u1001\u1004\u103a\u101b\u1015\u102b\u101e\u1031\u102c\u1021\u1012\u103a\u1019\u1004\u103a,</b>, ' ', <br/>, <br/>, ' provider #driver# \u1004\u103d\u1031\u1015\u1031\u1038\u1001\u103b\u1031\u1019\u103e\u102f\u1004\u103d\u1031\u1015\u1019\u102c\u100f\u1000\u102d\u102f\u1019\u1031\u1010\u1039\u1010\u102c\u101b\u1015\u103a\u1001\u1036\u1001\u1032\u1037\u101e\u100a\u103a\u104b ', <br/>, <br/>, ' \u1021\u1031\u102c\u1000\u103a\u1010\u103d\u1004\u103a\u1015\u1031\u1038\u1021\u101e\u1031\u1038\u1005\u102d\u1010\u103a\u1016\u103c\u1005\u103a\u1000\u103c\u101e\u100a\u103a\u104b ', <br/>, <br/>, ' ', <b>provider \u1021\u1019\u100a\u103a:</b>, ' #Name# ', <br/>, <br/>, ' ', <b>\u1021\u102e\u1038\u1019\u1031\u1038\u101c\u103a:</b>, ' #Email# ', <br/>, <br/>, ' ', <b>\u1001\u101b\u102e\u1038\u1005\u1009\u103a / \u101a\u1031\u102c\u1018\u101e\u100a\u103a\u1014\u1036\u1015\u102b\u1010\u103a:</b>, ' #Email# ', <br/>, <br/>, ' ', <b>\u1005\u102f\u1005\u102f\u1015\u1031\u102b\u1004\u103a\u1038\u1004\u103d\u1031\u1015\u1019\u102c\u100f:</b>, ' #driver# ', <br/>, <br/>, ' ', <b>\u1018\u100f\u103a\u104f\u1021\u1019\u100a\u103a:</b>, ' #Bank_Name# ', <br/>, <br/>, ' ', <b>\u1021\u1000\u1031\u102c\u1004\u103a\u1037\u1014\u1036\u1015\u102b\u1010\u103a:</b>, ' #Account_Number# ', <br/>, <br/>, ' ', <b>BIC / SWIFT Code \u1000\u102d\u102f:</b>, ' #Account_Number# ', <br/>, <br/>, ' ', <b>\u1018\u100f\u103a\u1010\u100a\u103a\u1014\u1031\u101b\u102c:</b>, ' #Bank_Branch# ', <br/>, <br/>, ' ', <b>\u1021\u1000\u1031\u102c\u1004\u103a\u1037 Holder \u1021\u1019\u100a\u103a:</b>, ' #Account_Name# ', <br/>, <br/>, ' \u1000\u103b\u1031\u1038\u1007\u1030\u1038\u1010\u1004\u103a\u1015\u102b\u1010\u101a\u103a! #MailFooter#']"}, {"language": "HI", "subject": "Proivder \u0938\u0947 \u092d\u0941\u0917\u0924\u093e\u0928 \u0905\u0928\u0941\u0930\u094b\u0927", "body": "[' ', <b>\u092a\u094d\u0930\u093f\u092f \u0935\u094d\u092f\u0935\u0938\u094d\u0925\u093e\u092a\u0915,</b>, ' ', <br/>, <br/>, ' \u092a\u094d\u0930\u0926\u093e\u0924\u093e #driver# \u0928\u0947 \u092d\u0941\u0917\u0924\u093e\u0928 \u0930\u093e\u0936\u093f \u0915\u093e \u0905\u0928\u0941\u0930\u094b\u0927 \u0915\u093f\u092f\u093e \u0939\u0948\u0964 ', <br/>, <br/>, ' \u0928\u0940\u091a\u0947 \u092a\u094d\u0930\u0926\u093e\u0924\u093e \u0915\u093e \u0935\u093f\u0935\u0930\u0923 \u0926\u093f\u092f\u093e \u0917\u092f\u093e \u0939\u0948\u0964 ', <br/>, <br/>, ' ', <b>\u092a\u094d\u0930\u0926\u093e\u0924\u093e \u0915\u093e \u0928\u093e\u092e</b>, ' : #Name# ', <br/>, <br/>, ' ', <b>\u0908\u092e\u0947\u0932</b>, ' : #Email# ', <br/>, <br/>, ' ', <b>\u092f\u093e\u0924\u094d\u0930\u093e / \u0928\u094c\u0915\u0930\u0940 \u0928\u0902\u092c\u0930</b>, ' : #Email# ', <br/>, <br/>, ' ', <b>\u0915\u0941\u0932 \u0930\u093e\u0936\u093f</b>, ' : #driver# ', <br/>, <br/>, ' ', <b>\u092c\u0948\u0902\u0915 \u0915\u093e \u0928\u093e\u092e:</b>, ' #Bank_Name# ', <br/>, <br/>, ' ', <b>\u0916\u093e\u0924\u093e \u0938\u0902\u0916\u094d\u092f\u093e:</b>, ' #Account_Number# ', <br/>, <br/>, ' ', <b>BIC / \u0938\u094d\u0935\u093f\u092b\u094d\u091f \u0915\u094b\u0921:</b>, ' #Account_Number# ', <br/>, <br/>, ' ', <b>\u092c\u0948\u0902\u0915 \u0938\u094d\u0925\u093e\u0928:</b>, ' #Bank_Branch# ', <br/>, <br/>, ' ', <b>\u0916\u093e\u0924\u093e \u0927\u093e\u0930\u0915 \u0915\u093e \u0928\u093e\u092e</b>, ' : #Account_Name# ', <br/>, <br/>, ' \u0927\u0928\u094d\u092f\u0935\u093e\u0926! #MailFooter#']"}, {"language": "IW", "subject": "\u05d1\u05e7\u05e9\u05ea \u05ea\u05e9\u05dc\u05d5\u05dd \u05de\u05d0\u05ea Proivder", "body": "[' ', <b>\u05de\u05e0\u05d4\u05dc \u05d9\u05e7\u05e8,</b>, ' ', <br/>, <br/>, ' \u05e1\u05e4\u05e7 #driver# \u05d1\u05d9\u05e7\u05e9 \u05e1\u05db\u05d5\u05dd \u05dc\u05ea\u05e9\u05dc\u05d5\u05dd. ', <br/>, <br/>, ' \u05dc\u05d4\u05dc\u05df \u05d4\u05e4\u05e8\u05d8\u05d9\u05dd \u05e9\u05dc \u05e1\u05e4\u05e7. ', <br/>, <br/>, ' ', <b>\u05e9\u05dd \u05e1\u05e4\u05e7</b>, ' : #Name# ', <br/>, <br/>, ' ', <b>\u05d3\u05d5\u05d0\"\u05dc</b>, ' : #Email# ', <br/>, <br/>, ' ', <b>\u05de\u05e1\u05e4\u05e8 \u05de\u05e7\u05d5\u05de\u05d5\u05ea / \u05d8\u05d9\u05d5\u05dc</b>, ' : #Email# ', <br/>, <br/>, ' ', <b>\u05e1\u05d4\"\u05db \u05e1\u05db\u05d5\u05dd</b>, ' : #driver# ', <br/>, <br/>, ' ', <b>\u05e9\u05dd \u05d4\u05d1\u05e0\u05e7:</b>, ' #Bank_Name# ', <br/>, <br/>, ' ', <b>\u05de\u05e1\u05e4\u05e8 \u05d7\u05e9\u05d1\u05d5\u05df:</b>, ' #Account_Number# ', <br/>, <br/>, ' ', <b>\u05e7\u05d5\u05d3 BIC / SWIFT:</b>, ' #Account_Number# ', <br/>, <br/>, ' ', <b>\u05de\u05d9\u05e7\u05d5\u05dd \u05d4\u05d1\u05e0\u05e7:</b>, ' #Bank_Branch# ', <br/>, <br/>, ' ', <b>\u05e9\u05dd \u05d1\u05e2\u05dc \u05d4\u05d7\u05e9\u05d1\u05d5\u05df</b>, ' : #Account_Name# ', <br/>, <br/>, ' \u05ea\u05d5\u05d3\u05d4! #MailFooter#']"}, {"language": "FR", "subject": "Demande de paiement de Proivder", "body": "[' ', <b>Cher administrateur,</b>, ' ', <br/>, <br/>, ' Le fournisseur #driver# a demand\u00e9 le montant du paiement. ', <br/>, <br/>, ' Vous trouverez ci-dessous les d\u00e9tails du fournisseur. ', <br/>, <br/>, ' ', <b>Nom du fournisseur</b>, ' : #Name# ', <br/>, <br/>, ' ', <b>Email</b>, ' : #Email# ', <br/>, <br/>, ' ', <b>Num\u00e9ros de trajet / travail</b>, ' : #Email# ', <br/>, <br/>, ' ', <b>Montant total</b>, ' : #driver# ', <br/>, <br/>, ' ', <b>Nom de la banque:</b>, ' #Bank_Name# ', <br/>, <br/>, ' ', <b>Num\u00e9ro de compte:</b>, ' #Account_Number# ', <br/>, <br/>, ' ', <b>Code BIC / SWIFT:</b>, ' #Account_Number# ', <br/>, <br/>, ' ', <b>Emplacement de la banque:</b>, ' #Bank_Branch# ', <br/>, <br/>, ' ', <b>Nom du titulaire du compte</b>, ' : #Account_Name# ', <br/>, <br/>, ' Merci! #MailFooter#']"}, {"language": "DA", "subject": "Betalingsanmodning fra Proivder", "body": "[' ', <b>K\u00e6re Admin,</b>, ' ', <br/>, <br/>, ' Leverand\u00f8r #driver# har anmodet om betalingsbel\u00f8b. ', <br/>, <br/>, ' Nedenfor er detaljerne af udbyderen. ', <br/>, <br/>, ' ', <b>Navn p\u00e5 leverand\u00f8r</b>, ' : #Name# ', <br/>, <br/>, ' ', <b>Email</b>, ' : #Email# ', <br/>, <br/>, ' ', <b>Trip / Job Numbers</b>, ' : #Email# ', <br/>, <br/>, ' ', <b>Samlede bel\u00f8b</b>, ' : #driver# ', <br/>, <br/>, ' ', <b>Navn p\u00e5 bank:</b>, ' #Bank_Name# ', <br/>, <br/>, ' ', <b>Kontonummer:</b>, ' #Account_Number# ', <br/>, <br/>, ' ', <b>BIC / SWIFT-kode:</b>, ' #Account_Number# ', <br/>, <br/>, ' ', <b>Bank Placering:</b>, ' #Bank_Branch# ', <br/>, <br/>, ' ', <b>Kontoindehaver Navn</b>, ' : #Account_Name# ', <br/>, <br/>, ' Tak! #MailFooter#']"}]}