{"purpose": "To notify the Driver of \u201cride later\u201d booking from the app", "templates": [{"language": "AF", "subject": "Besonderhede vir Handleiding Bespreking", "body": "[' ', <span><br/> Liewe #Driver# , <br/><br/> Jy het 'n nuwe reis! U word aan Trip / Job toegewys met #Rider# . <br/><br/> Hieronder is die detail. <br/><br/> Gebruikersnaam: #Rider# <br/><br/> Besprekingsnommer: #BookingNo# <br/><br/> Adres: #SourceAddress# <br/><br/> Boekingsdatum: #Rider# <br/><br/> Dankie! #MailFooter# <br/></span>]"}, {"language": "EN", "subject": "Details for Manual Booking", "body": "[' ', <span><br/>Dear #Driver#,\n<br/>\n<br/>You  have a new trip! You are assigned to Trip/Job with #Rider#.\n<br/>\n<br/>Below is the detail.\n<br/>\n<br/>User Name: #Rider#\n<br/>\n<br/>Booking No: #BookingNo#\n<br/>\n<br/>Address: #SourceAddress#\n<br/>\n<br/>Booking Date: #Ddate#\n<br/>\n<br/>Thanks!  #MailFooter#</span>, <br/>]"}, {"language": "TH", "subject": "\u0e23\u0e32\u0e22\u0e25\u0e30\u0e40\u0e2d\u0e35\u0e22\u0e14\u0e01\u0e32\u0e23\u0e08\u0e2d\u0e07\u0e14\u0e49\u0e27\u0e22\u0e15\u0e19\u0e40\u0e2d\u0e07", "body": "[' ', <span><br/> \u0e40\u0e23\u0e35\u0e22\u0e19 #Driver# , <br/><br/> \u0e04\u0e38\u0e13\u0e21\u0e35\u0e17\u0e23\u0e34\u0e1b\u0e43\u0e2b\u0e21\u0e48! \u0e04\u0e38\u0e13\u0e44\u0e14\u0e49\u0e23\u0e31\u0e1a\u0e21\u0e2d\u0e1a\u0e2b\u0e21\u0e32\u0e22\u0e43\u0e2b\u0e49\u0e40\u0e14\u0e34\u0e19\u0e17\u0e32\u0e07 / \u0e07\u0e32\u0e19\u0e14\u0e49\u0e27\u0e22 #Rider# <br/><br/> \u0e14\u0e49\u0e32\u0e19\u0e25\u0e48\u0e32\u0e07\u0e40\u0e1b\u0e47\u0e19\u0e23\u0e32\u0e22\u0e25\u0e30\u0e40\u0e2d\u0e35\u0e22\u0e14 <br/><br/> \u0e0a\u0e37\u0e48\u0e2d\u0e1c\u0e39\u0e49\u0e43\u0e0a\u0e49: #Rider# <br/><br/> \u0e2b\u0e21\u0e32\u0e22\u0e40\u0e25\u0e02\u0e01\u0e32\u0e23\u0e08\u0e2d\u0e07: #BookingNo# <br/><br/> \u0e17\u0e35\u0e48\u0e2d\u0e22\u0e39\u0e48: #SourceAddress# <br/><br/> \u0e27\u0e31\u0e19\u0e17\u0e35\u0e48\u0e08\u0e2d\u0e07: #Rider# <br/><br/> \u0e02\u0e2d\u0e1a\u0e04\u0e38\u0e13! #MailFooter# <br/></span>]"}, {"language": "ID", "subject": "Detail untuk Pemesanan Manual", "body": "[' ', <span><br/> Dear #Driver# , <br/><br/> Anda memiliki perjalanan baru! Anda ditugaskan ke Trip / Pekerjaan dengan #Rider# . <br/><br/> Di bawah ini adalah detailnya. <br/><br/> Nama Pengguna: #Rider# <br/><br/> Nomor Pemesanan: #BookingNo# PemesananTidak Ada #BookingNo# <br/><br/> Alamat: #SourceAddress# <br/><br/> Tanggal Pemesanan: #Rider# <br/><br/> Terima kasih! #MailFooter# <br/></span>]"}, {"language": "DE", "subject": "Details zur manuellen Buchung", "body": "[' ', <span><br/> Liebe #Driver# , <br/><br/> Du hast eine neue Reise! Sie sind Trip / Job mit #Rider# <br/><br/> Unten ist das Detail. <br/><br/> Benutzername: #Rider# <br/><br/> Buchungsnummer: #BookingNo# <br/><br/> Adresse: #SourceAddress# <br/><br/> Buchungsdatum: #Rider# <br/><br/> Vielen Dank! #MailFooter# <br/></span>]"}, {"language": "ES", "subject": "Detalles para reserva manual", "body": "[' ', <span><br/> Estimado #Driver# , <br/><br/> Tienes un nuevo viaje! Est\u00e1 asignado a Viaje / Trabajo con #Rider# . <br/><br/> A continuaci\u00f3n se muestra el detalle. <br/><br/> Nombre de usuario: #Rider# <br/><br/> Reservaci\u00f3n No: #BookingNo# <br/><br/> Direcci\u00f3n: #SourceAddress# <br/><br/> Fecha de reserva: #Rider# <br/><br/> \u00a1Gracias! #MailFooter# <br/></span>]"}, {"language": "IT", "subject": "Dettagli per la prenotazione manuale", "body": "[' ', <span><br/> Caro #Driver# , <br/><br/> Hai un nuovo viaggio! Sei assegnato a Trip / Lavoro con #Rider# . <br/><br/> Di seguito \u00e8 il dettaglio. <br/><br/> Nome utente: #Rider# <br/><br/> #BookingNo# prenotazione: #BookingNo# <br/><br/> Indirizzo: #SourceAddress# <br/><br/> Data di prenotazione: #Rider# <br/><br/> Grazie! #MailFooter# <br/></span>]"}, {"language": "AR", "subject": "\u062a\u0641\u0627\u0635\u064a\u0644 \u0627\u0644\u062d\u062c\u0632 \u0627\u0644\u064a\u062f\u0648\u064a", "body": "[' ', <span><br/> \u0639\u0632\u064a\u0632\u064a #Driver# \u060c <br/><br/> \u0644\u062f\u064a\u0643 \u0631\u062d\u0644\u0629 \u062c\u062f\u064a\u062f\u0629! \u062a\u0645 \u062a\u0639\u064a\u064a\u0646\u0643 \u0625\u0644\u0649 Trip / Job \u0628\u0627\u0633\u062a\u062e\u062f\u0627\u0645 #Rider# . <br/><br/> \u0623\u062f\u0646\u0627\u0647 \u0647\u0648 \u0627\u0644\u062a\u0641\u0627\u0635\u064a\u0644. <br/><br/> \u0627\u0633\u0645 \u0627\u0644\u0645\u0633\u062a\u062e\u062f\u0645: #Rider# <br/><br/> \u0631\u0642\u0645 \u0627\u0644\u062d\u062c\u0632: #BookingNo# <br/><br/> \u0627\u0644\u0639\u0646\u0648\u0627\u0646: #SourceAddress# <br/><br/> \u062a\u0627\u0631\u064a\u062e \u0627\u0644\u062d\u062c\u0632: #Rider# <br/><br/> \u0634\u0643\u0631! #MailFooter# <br/></span>]"}, {"language": "UR", "subject": "\u062f\u0633\u062a\u06cc \u06a9\u062a\u0627\u0628\u0686\u06c1 \u06a9\u06d2 \u0644\u0626\u06d2 \u062a\u0641\u0635\u06cc\u0644\u0627\u062a", "body": "[' ', <span><br/> \u067e\u06cc\u0627\u0631\u06d2 #Driver# \u060c <br/><br/> \u0622\u067e \u06a9\u06cc \u0646\u0626\u06cc \u0633\u0641\u0631 \u06c1\u06d2! \u0622\u067e #Rider# \u0633\u0627\u062a\u06be \u0633\u0641\u0631 / \u0645\u0644\u0627\u0632\u0645\u062a \u06a9\u0648 \u062a\u0641\u0648\u06cc\u0636 \u06a9\u06cc\u0627 \u062c\u0627\u062a\u0627 \u06c1\u06d2. <br/><br/> \u0630\u06cc\u0644 \u0645\u06cc\u06ba \u062a\u0641\u0635\u06cc\u0644 \u06c1\u06d2. <br/><br/> \u0635\u0627\u0631\u0641 \u06a9\u0627 \u0646\u0627\u0645: #Rider# <br/><br/> \u0628\u06a9\u0646\u06af \u0646\u0645\u0628\u0631: #BookingNo# \u0628\u06a9\u0646\u06af \u06a9\u0648\u0626\u06cc #BookingNo# <br/><br/> \u0627\u06cc\u0688\u0631\u06cc\u0633: #SourceAddress# <br/><br/> \u0628\u06a9\u0646\u06af \u06a9\u06cc \u062a\u0627\u0631\u06cc\u062e: #Rider# <br/><br/> \u0634\u06a9\u0631\u06cc\u06c1! #MailFooter# <br/></span>]"}, {"language": "AZ", "subject": "Manual Rezervasyon \u00fc\u00e7\u00fcn \u018ftrafl\u0131", "body": "[' ', <span><br/> H\u00f6rm\u0259tli #Driver# <br/><br/> Yeni bir s\u0259f\u0259riniz var! Siz #Rider# il\u0259 Trip / Job'a t\u0259yin olundu. <br/><br/> A\u015fa\u011f\u0131dak\u0131 detal. <br/><br/> \u0130stifad\u0259\u00e7i ad\u0131: #Rider# <br/><br/> Rezervasyon No: #BookingNo# RezervasyonNo #BookingNo# <br/><br/> \u00dcnvan: #SourceAddress# <br/><br/> Rezervasyon tarixi: #Rider# <br/><br/> T\u0259\u015f\u0259kk\u00fcr edirik! #MailFooter# <br/></span>]"}, {"language": "ZH", "subject": "\u624b\u52a8\u9884\u8ba2\u7684\u8be6\u7ec6\u4fe1\u606f", "body": "[' ', <span><br/>\u4eb2\u7231\u7684#Driver# \uff0c <br/><br/>\u4f60\u6709\u4e00\u4e2a\u65b0\u7684\u65c5\u884c\uff01\u60a8\u5c06\u88ab\u5206\u914d\u5230#Rider# Trip / Job\u3002 <br/><br/>\u4ee5\u4e0b\u662f\u8be6\u7ec6\u4fe1\u606f\u3002 <br/><br/>\u7528\u6237\u540d\uff1a #Rider# <br/><br/>\u9884\u8ba2\u53f7\u7801\uff1a #BookingNo# <br/><br/>\u5730\u5740\uff1a #SourceAddress# <br/><br/>\u9884\u8ba2\u65e5\u671f\uff1a #Rider# <br/><br/>\u8c22\u8c22\uff01 #MailFooter# <br/></span>]"}, {"language": "PT", "subject": "Detalhes para reserva manual", "body": "[' ', <span><br/> Dear #Driver# , <br/><br/> Voc\u00ea tem uma nova viagem! Voc\u00ea est\u00e1 atribu\u00eddo a Trip / Job com #Rider# . <br/><br/> Abaixo est\u00e1 o detalhe. <br/><br/> Nome de usu\u00e1rio: #Rider# <br/><br/> Reservas N\u00e3o: #BookingNo# <br/><br/> Endere\u00e7o: #SourceAddress# <br/><br/> Data de reserva: #Rider# <br/><br/> Obrigado! #MailFooter# <br/></span>]"}, {"language": "ZU", "subject": "Imininingwane Yokubhuka Yomqulu", "body": "[' ', <span><br/> Dear #Driver# , <br/><br/> Unokuhamba okusha! Wabelwe Uhambo / Umsebenzi no #Rider# . <br/><br/> Ngezansi imininingwane. <br/><br/> Igama lomsebenzisi: #Rider# <br/><br/> Ukubhuka No: #BookingNo# <br/><br/> Ikheli: #SourceAddress# <br/><br/> Usuku Lokubhuka: #Rider# <br/><br/> Siyabonga! #MailFooter# <br/></span>]"}, {"language": "SW", "subject": "Maelezo kwa Kitabu cha Mwongozo", "body": "[' ', <span><br/> Mpendwa #Driver# , <br/><br/> Una safari mpya! Unastahili Safari / Kazi na #Rider# . <br/><br/> Chini ni maelezo zaidi. <br/><br/> Jina la mtumiaji: #Rider# <br/><br/> Booking No: #BookingNo# <br/><br/> Anwani: #SourceAddress# <br/><br/> Tarehe ya Marejeo: #Rider# <br/><br/> Asante! #MailFooter# <br/></span>]"}, {"language": "KU", "subject": "Agahdariy\u00ean ji bo Biryara Manual\u00ea", "body": "[' ', <span><br/> Bir\u00eaz #Driver# <br/><br/> Tu r\u00eaw\u00eetiyek n\u00fb heye! H\u00fbn di Tripeya / Job de #Rider# . <br/><br/> Li j\u00ear agahdar\u00ee ye. <br/><br/> Nav\u00ea bikarh\u00eaner: #Rider# <br/><br/> #BookingNo# : #BookingNo# <br/><br/> Navn\u00ee\u015fan: #SourceAddress# <br/><br/> Booking Date: #Rider# <br/><br/> Spas! #MailFooter# <br/></span>]"}, {"language": "MS", "subject": "Butiran untuk Tempahan Manual", "body": "[' ', <span><br/> Dear #Driver# , <br/><br/> Anda mempunyai perjalanan baru! Anda ditugaskan untuk Trip / Job dengan #Rider# . <br/><br/> Berikut adalah perinciannya. <br/><br/> Nama Pengguna: #Rider# <br/><br/> Tempahan No: #BookingNo# <br/><br/> Alamat: #SourceAddress# <br/><br/> Tarikh Tempahan: #Rider# <br/><br/> Terima kasih! #MailFooter# <br/></span>]"}, {"language": "SI", "subject": "\u0db4\u0dd0\u0daf\u0dc0\u0dd3\u0db8 \u0dc3\u0db3\u0dc4\u0dcf \u0dc0\u0dd2\u0dc3\u0dca\u0dad\u0dbb", "body": "[' ', <span><br/> \u0daf\u0dba\u0dcf\u0db6\u0dbb #Driver# <br/><br/> \u0db1\u0dc0 \u0dc3\u0d82\u0da0\u0dcf\u0dbb\u0dba\u0d9a\u0dca \u0d94\u0db6\u0da7 \u0dad\u0dd2\u0db6\u0dda! \u0d94\u0db6 \u0dbb\u0dba\u0dd2\u0db4\u0dbb\u0dca / \u0da2\u0ddc\u0db6\u0dca \u0dc0\u0dd9\u0dad #Rider# \u0dc0\u0dd9\u0dad \u0db4\u0dc0\u0dbb\u0dcf \u0d87\u0dad. <br/><br/> \u0db4\u0dc4\u0dad \u0daf\u0dd0\u0d9a\u0dca\u0dc0\u0dd9\u0db1 \u0dc0\u0dd2\u0dc3\u0dca\u0dad\u0dbb\u0dba. <br/><br/> \u0db4\u0dbb\u0dd2\u0dc1\u0dd3\u0dbd\u0d9a \u0db1\u0dcf\u0db8\u0dba: #Rider# <br/><br/> \u0d85\u0d82\u0d9a: #BookingNo# <br/><br/> \u0dbd\u0dd2\u0db4\u0dd2\u0db1\u0dba: #SourceAddress# \u0dbd\u0dd2\u0db4\u0dd2\u0db1\u0dba <br/><br/> \u0dc0\u0dd9\u0db1\u0dca \u0dc0\u0dd9\u0db1\u0dca \u0daf\u0dd2\u0db1\u0dba: #Rider# <br/><br/> \u0dc3\u0dca\u0dad\u0dd6\u0dad\u0dd2\u0dba\u0dd2! #MailFooter# <br/></span>]"}, {"language": "TA", "subject": "\u0b95\u0bc8\u0baf\u0bc7\u0b9f\u0bc1 \u0bae\u0bc1\u0ba9\u0bcd\u0baa\u0ba4\u0bbf\u0bb5\u0bc1 \u0bb5\u0bbf\u0bb5\u0bb0\u0b99\u0bcd\u0b95\u0bb3\u0bcd", "body": "[' ', <span><br/> \u0b85\u0ba9\u0bcd\u0baa\u0bc7 #Driver# , <br/><br/> \u0b89\u0b99\u0bcd\u0b95\u0bb3\u0bc1\u0b95\u0bcd\u0b95\u0bc1 \u0b92\u0bb0\u0bc1 \u0baa\u0bc1\u0ba4\u0bbf\u0baf \u0baa\u0baf\u0ba3\u0bae\u0bcd! \u0ba8\u0bc0\u0b99\u0bcd\u0b95\u0bb3\u0bcd #Rider# \u0bae\u0bc2\u0bb2\u0bae\u0bcd \u0baa\u0baf\u0ba3\u0bae\u0bcd / \u0bb5\u0bc7\u0bb2\u0bc8\u0b95\u0bcd\u0b95\u0bc1 \u0b92\u0ba4\u0bc1\u0b95\u0bcd\u0b95\u0baa\u0bcd\u0baa\u0b9f\u0bcd\u0b9f\u0bc1\u0bb3\u0bcd\u0bb3\u0bc0\u0bb0\u0bcd\u0b95\u0bb3\u0bcd. <br/><br/> \u0b95\u0bc0\u0bb4\u0bc7 \u0bb5\u0bbf\u0bb5\u0bb0\u0bae\u0bcd. <br/><br/> \u0baa\u0baf\u0ba9\u0bb0\u0bcd \u0baa\u0bc6\u0baf\u0bb0\u0bcd: #Rider# <br/><br/> \u0bae\u0bc1\u0ba9\u0bcd\u0baa\u0ba4\u0bbf\u0bb5\u0bc1 \u0b87\u0bb2\u0bcd\u0bb2\u0bc8: #BookingNo# \u0bae\u0bc1\u0ba9\u0bcd\u0baa\u0ba4\u0bbf\u0bb5\u0bc1 #BookingNo# <br/><br/> \u0bae\u0bc1\u0b95\u0bb5\u0bb0\u0bbf: #SourceAddress# \u0bae\u0bc1\u0b95\u0bb5\u0bb0\u0bbf #SourceAddress# <br/><br/> \u0bae\u0bc1\u0ba9\u0bcd\u0baa\u0ba4\u0bbf\u0bb5\u0bc1 \u0ba4\u0bc7\u0ba4\u0bbf: #Rider# <br/><br/> \u0ba8\u0ba9\u0bcd\u0bb1\u0bbf! #MailFooter# <br/></span>]"}, {"language": "VI", "subject": "Chi ti\u1ebft \u0111\u1eb7t ph\u00f2ng th\u1ee7 c\u00f4ng", "body": "[' ', <span><br/> K\u00ednh g\u1eedi #Driver# , <br/><br/> B\u1ea1n c\u00f3 m\u1ed9t chuy\u1ebfn \u0111i m\u1edbi! B\u1ea1n \u0111\u01b0\u1ee3c ch\u1ec9 \u0111\u1ecbnh cho Chuy\u1ebfn \u0111i / C\u00f4ng vi\u1ec7c v\u1edbi #Rider# . <br/><br/> D\u01b0\u1edbi \u0111\u00e2y l\u00e0 chi ti\u1ebft. <br/><br/> T\u00ean ng\u01b0\u1eddi d\u00f9ng: #Rider# <br/><br/> \u0110\u1eb7t ph\u00f2ng s\u1ed1: #BookingNo# \u0110\u1eb7t ph\u00f2ng #BookingNo# <br/><br/> \u0110\u1ecba ch\u1ec9: #SourceAddress# <br/><br/> Ng\u00e0y \u0111\u1eb7t ph\u00f2ng: #Rider# <br/><br/> C\u1ea3m \u01a1n! #MailFooter# <br/></span>]"}, {"language": "TL", "subject": "Mga detalye para sa Manu-manong Booking", "body": "[' ', <span><br/> Mahal #Driver# , <br/><br/> Mayroon kang isang bagong biyahe! Ikaw ay nakatalaga sa Trip / Job na may #Rider# . <br/><br/> Nasa ibaba ang detalye. <br/><br/> Pangalan ng User: #Rider# <br/><br/> Booking No: #BookingNo# <br/><br/> Tirahan: #SourceAddress# <br/><br/> Petsa ng Pag-book: #Rider# <br/><br/> Salamat! #MailFooter# <br/></span>]"}, {"language": "KM", "subject": "\u1796\u17d0\u178f\u17cc\u1798\u17b6\u1793\u179b\u1798\u17d2\u17a2\u17b7\u178f\u179f\u1798\u17d2\u179a\u17b6\u1794\u17cb\u179f\u17c0\u179c\u1797\u17c5\u178a\u17c3", "body": "[' ', <span><br/> \u1787\u17bc\u1793\u1785\u17c6\u1796\u17c4\u17c7 #Driver# , <br/><br/> \u17a2\u17d2\u1793\u1780\u1798\u17b6\u1793\u178a\u17c6\u178e\u17be\u179a\u1790\u17d2\u1798\u17b8! \u17a2\u17d2\u1793\u1780\u178f\u17d2\u179a\u17bc\u179c\u1794\u17b6\u1793\u1785\u17b6\u178f\u17cb\u17b1\u17d2\u1799\u1792\u17d2\u179c\u17be\u178a\u17c6\u178e\u17be\u179a / \u1780\u17b6\u179a\u1784\u17b6\u179a\u1787\u17b6\u1798\u17bd\u1799 #Rider# \u17d4 <br/><br/> \u1781\u17b6\u1784\u1780\u17d2\u179a\u17c4\u1798\u1793\u17c1\u17c7\u1782\u17ba\u1787\u17b6\u179b\u1798\u17d2\u17a2\u17b7\u178f\u17d4 <br/><br/> \u1788\u17d2\u1798\u17c4\u17c7\u17a2\u17d2\u1793\u1780\u1794\u17d2\u179a\u17be: #Rider# <br/><br/> \u179b\u17c1\u1781\u1780\u1780\u17cb: #BookingNo# <br/><br/> \u17a2\u17b6\u179f\u17d0\u1799\u178a\u17d2\u178b\u17b6\u1793: #SourceAddress# <br/><br/> \u1780\u17b6\u179b\u1794\u179a\u17b7\u1785\u17d2\u1786\u17c1\u1791\u1780\u1780\u17cb: #Rider# <br/><br/> \u179f\u17bc\u1798\u17a2\u179a\u1782\u17bb\u178e! #MailFooter# <br/></span>]"}, {"language": "BN", "subject": "\u09ae\u09cd\u09af\u09be\u09a8\u09c1\u09af\u09bc\u09be\u09b2 \u09ac\u09c1\u0995\u09bf\u0982 \u099c\u09a8\u09cd\u09af \u09ac\u09bf\u09ac\u09b0\u09a3", "body": "[' ', <span><br/> \u09aa\u09cd\u09b0\u09bf\u09af\u09bc #Driver# , <br/><br/> \u0986\u09aa\u09a8\u09bf \u098f\u0995\u099f\u09bf \u09a8\u09a4\u09c1\u09a8 \u099f\u09cd\u09b0\u09bf\u09aa \u0986\u099b\u09c7! \u0986\u09aa\u09a8\u09be\u0995\u09c7 #Rider# \u09a6\u09bf\u09af\u09bc\u09c7 \u099f\u09cd\u09b0\u09bf\u09aa / \u0995\u09be\u099c\u09c7\u09b0 \u099c\u09a8\u09cd\u09af \u09ac\u09b0\u09be\u09a6\u09cd\u09a6 \u0995\u09b0\u09be \u09b9\u09af\u09bc\u0964 <br/><br/> \u09a8\u09c0\u099a\u09c7 \u09ac\u09bf\u09b8\u09cd\u09a4\u09be\u09b0\u09bf\u09a4\u0964 <br/><br/> \u09ac\u09cd\u09af\u09ac\u09b9\u09be\u09b0\u0995\u09be\u09b0\u09c0 \u09a8\u09be\u09ae: #Rider# <br/><br/> \u09ac\u09c1\u0995\u09bf\u0982 \u09a8\u0982: #BookingNo# \u09ac\u09c1\u0995\u09bf\u0982 \u09a8\u09c7\u0987 #BookingNo# <br/><br/> \u09a0\u09bf\u0995\u09be\u09a8\u09be: #SourceAddress# <br/><br/> \u09ac\u09c1\u0995\u09bf\u0982 \u09a4\u09be\u09b0\u09bf\u0996: #Rider# <br/><br/> \u09a7\u09a8\u09cd\u09af\u09ac\u09be\u09a6! #MailFooter# <br/></span>]"}, {"language": "JA", "subject": "\u624b\u52d5\u4e88\u7d04\u306e\u8a73\u7d30", "body": "[' ', <span><br/> #Driver# <br/><br/>\u3042\u306a\u305f\u306f\u65b0\u3057\u3044\u65c5\u3092\u3057\u307e\u3059\uff01\u3042\u306a\u305f\u306f#Rider#\u3067Trip / Job\u306b\u5272\u308a\u5f53\u3066\u3089\u308c\u3066\u3044\u307e\u3059\u3002 <br/><br/>\u8a73\u7d30\u306f\u4ee5\u4e0b\u306e\u901a\u308a\u3067\u3059\u3002 <br/><br/>\u30e6\u30fc\u30b6\u30fc\u540d\uff1a #Rider# <br/><br/>\u4e88\u7d04\u756a\u53f7\uff1a #BookingNo#\u4e88\u7d04\u756a\u53f7#BookingNo# <br/><br/>\u30a2\u30c9\u30ec\u30b9\uff1a #SourceAddress# <br/><br/>\u4e88\u7d04\u65e5\uff1a #Rider# <br/><br/>\u3042\u308a\u304c\u3068\u3046\u3054\u3056\u3044\u307e\u3059\u3002 #MailFooter# <br/></span>]"}, {"language": "KO", "subject": "\uc218\ub3d9 \uc608\uc57d\uc5d0 \ub300\ud55c \uc138\ubd80 \uc815\ubcf4", "body": "[' ', <span><br/> \uce5c\uc560\ud558\ub294 #Driver# <br/><br/> \ub2f9\uc2e0\uc740 \uc0c8\ub85c\uc6b4 \uc5ec\ud589\uc744\ud588\uc2b5\ub2c8\ub2e4! #Rider# \uc640 \ud568\uaed8 \uc5ec\ud589 / \uc9c1\uc5c5\uc5d0 \ubc30\uc815\ub429\ub2c8\ub2e4. <br/><br/> \uc544\ub798\ub294 \uc138\ubd80 \uc0ac\ud56d\uc785\ub2c8\ub2e4. <br/><br/> \uc0ac\uc6a9\uc790 \uc774\ub984 : #Rider# <br/><br/> \uc608\uc57d \ubc88\ud638 : #BookingNo# \uc608\uc57d \ubc88\ud638 #BookingNo# <br/><br/> \uc8fc\uc18c : #SourceAddress# <br/><br/> \uc608\uc57d \ub0a0\uc9dc : #Rider# <br/><br/> \uac10\uc0ac! #MailFooter# <br/></span>]"}, {"language": "YO", "subject": "Aw\u1ecdn alaye fun Atil\u1eb9k\u1ecd Afowoyi", "body": "[' ', <span><br/> Eyin #Driver# , <br/><br/> O ni irin ajo tuntun kan! O ti y\u00e0n fun Irin ajo / Job p\u1eb9lu #Rider# . <br/><br/> Ni isal\u1eb9 ni apejuwe aw\u1ecdn. <br/><br/> Oruk\u1ecd olumulo: #Rider# <br/><br/> Fowo si Ko si: #BookingNo# <br/><br/> Adir\u1eb9si: #SourceAddress# <br/><br/> \u1eccj\u1ecd Iwewewe: #Rider# <br/><br/> O \u1e63eun! #MailFooter# <br/></span>]"}, {"language": "TR", "subject": "Manuel Rezervasyon i\u00e7in Detaylar", "body": "[' ', <span><br/> Sevgili #Driver# , <br/><br/> Yeni bir seyahatin var! #Rider# ile Yolculuk / \u0130\u015fe #Rider# . <br/><br/> A\u015fa\u011f\u0131da detay. <br/><br/> Kullan\u0131c\u0131 Ad\u0131: #Rider# <br/><br/> Rezervasyon No: #BookingNo# <br/><br/> Adres: #SourceAddress# <br/><br/> Rezervasyon Tarihi: #Rider# <br/><br/> Te\u015fekk\u00fcrler! #MailFooter# <br/></span>]"}, {"language": "RU", "subject": "\u0414\u0435\u0442\u0430\u043b\u0438 \u0434\u043b\u044f \u0440\u0443\u0447\u043d\u043e\u0433\u043e \u0431\u0440\u043e\u043d\u0438\u0440\u043e\u0432\u0430\u043d\u0438\u044f", "body": "[' ', <span><br/> \u0423\u0432\u0430\u0436\u0430\u0435\u043c\u044b\u0439 #Driver# , <br/><br/> \u0423 \u0432\u0430\u0441 \u043d\u043e\u0432\u0430\u044f \u043f\u043e\u0435\u0437\u0434\u043a\u0430! \u0412\u044b \u043d\u0430\u0437\u043d\u0430\u0447\u0435\u043d\u044b \u043d\u0430 \u043f\u043e\u0435\u0437\u0434\u043a\u0443 / \u0440\u0430\u0431\u043e\u0442\u0443 \u0441 #Rider# . <br/><br/> \u041d\u0438\u0436\u0435 \u043f\u043e\u0434\u0440\u043e\u0431\u043d\u043e. <br/><br/> \u0418\u043c\u044f \u043f\u043e\u043b\u044c\u0437\u043e\u0432\u0430\u0442\u0435\u043b\u044f: #Rider# <br/><br/> \u0411\u0440\u043e\u043d\u0438\u0440\u043e\u0432\u0430\u043d\u0438\u0435 \u2116: #BookingNo# <br/><br/> \u0410\u0434\u0440\u0435\u0441: #SourceAddress# <br/><br/> \u0414\u0430\u0442\u0430 \u0431\u0440\u043e\u043d\u0438\u0440\u043e\u0432\u0430\u043d\u0438\u044f: #Rider# <br/><br/> \u0421\u043f\u0430\u0441\u0438\u0431\u043e! #MailFooter# <br/></span>]"}, {"language": "FA", "subject": "\u062c\u0632\u0626\u06cc\u0627\u062a \u0628\u0631\u0627\u06cc \u0631\u0632\u0631\u0648 \u062f\u0633\u062a\u06cc", "body": "[' ', <span><br/> Dear #Driver# <br/><br/> \u0634\u0645\u0627 \u06cc\u06a9 \u0633\u0641\u0631 \u062c\u062f\u06cc\u062f \u062f\u0627\u0631\u06cc\u062f \u0634\u0645\u0627 \u0628\u0647 Trip / Job \u0628\u0627 #Rider# . <br/><br/> \u062f\u0631 \u0632\u06cc\u0631 \u062c\u0632\u0626\u06cc\u0627\u062a \u0627\u0633\u062a. <br/><br/> \u0646\u0627\u0645 \u06a9\u0627\u0631\u0628\u0631\u06cc: #Rider# <br/><br/> \u0631\u0632\u0631\u0648 \u0628\u062f\u0648\u0646: #BookingNo# \u0631\u0632\u0631\u0648No #BookingNo# <br/><br/> \u0622\u062f\u0631\u0633: #SourceAddress# <br/><br/> \u062a\u0627\u0631\u06cc\u062e \u0631\u0632\u0631\u0648: #Rider# <br/><br/> \u0628\u0627 \u062a\u0634\u06a9\u0631! #MailFooter# <br/></span>]"}, {"language": "MY", "subject": "\u101c\u1000\u103a\u1005\u103d\u1032\u1005\u102c\u1021\u102f\u1015\u103a\u1021\u101e\u1031\u1038\u1005\u102d\u1010\u103a", "body": "[' ', <span><br/> \u1001\u103b\u1005\u103a\u1001\u1004\u103a\u101b\u1015\u102b\u101e\u1031\u102c #Driver# , <br/><br/> \u101e\u1004\u103b\u101e\u100a\u103b\u101e\u1005\u103a\u1010\u1005\u103a\u1001\u102f\u1001\u101b\u102e\u1038\u1005\u1009\u103a\u101b\u103e\u102d\u101e\u100a\u103a! \u101e\u1004\u103a\u1010\u102d\u102f\u1037\u1014\u103e\u1004\u1037\u103a\u1021\u1010\u1030\u101b\u103e\u102d / \u101a\u1031\u102c\u1018\u101e\u100a\u103a\u1001\u101b\u102e\u1038\u1005\u1009\u103a\u1019\u103e\u1010\u102c\u101d\u1014\u103a\u1015\u1031\u1038\u1021\u1015\u103a\u1000\u103c\u101e\u100a\u103a #Rider# \u104b <br/><br/> \u1021\u1031\u102c\u1000\u103a\u1000\u1021\u101e\u1031\u1038\u1005\u102d\u1010\u103a\u1016\u103c\u1005\u103a\u1015\u102b\u1010\u101a\u103a\u104b <br/><br/> \u1021\u101e\u102f\u1036\u1038\u1015\u103c\u102f\u101e\u1030\u1021\u1019\u100a\u103a: #Rider# <br/><br/> \u1021\u1018\u101a\u103a\u101e\u1030\u1019\u103b\u103e\u1019 booking: #BookingNo# <br/><br/> \u1014\u1031\u101b\u1015\u103a\u101c\u102d\u1015\u103a\u1005\u102c: #SourceAddress# <br/><br/> \u1018\u103d\u1010\u103a\u1000\u1004\u103a\u1014\u1031\u1037\u1005\u103d\u1032: #Rider# <br/><br/> \u1000\u103b\u1031\u1038\u1007\u1030\u1038\u1010\u1004\u103a\u1015\u102b\u1010\u101a\u103a! #MailFooter# <br/></span>]"}, {"language": "HI", "subject": "\u092e\u0948\u0928\u0941\u0905\u0932 \u092c\u0941\u0915\u093f\u0902\u0917 \u0915\u0947 \u0932\u093f\u090f \u0935\u093f\u0935\u0930\u0923", "body": "[' ', <span><br/> \u092a\u094d\u0930\u093f\u092f #Driver# , <br/><br/> \u0906\u092a\u0915\u0947 \u092a\u093e\u0938 \u090f\u0915 \u0928\u0908 \u092f\u093e\u0924\u094d\u0930\u093e \u0939\u0948! \u0906\u092a\u0915\u094b #Rider# \u0938\u093e\u0925 \u091f\u094d\u0930\u093f\u092a / \u091c\u0949\u092c \u0938\u094c\u0902\u092a\u093e \u0917\u092f\u093e \u0939\u0948\u0964 <br/><br/> \u0928\u0940\u091a\u0947 \u0935\u093f\u0938\u094d\u0924\u093e\u0930 \u0939\u0948\u0964 <br/><br/> \u0909\u092a\u092f\u094b\u0917\u0915\u0930\u094d\u0924\u093e \u0928\u093e\u092e: #Rider# <br/><br/> \u092c\u0941\u0915\u093f\u0902\u0917 \u0928\u0902\u092c\u0930: #BookingNo# <br/><br/> \u092a\u0924\u093e: #SourceAddress# <br/><br/> \u092c\u0941\u0915\u093f\u0902\u0917 \u0915\u0940 \u0924\u093e\u0930\u0940\u0916: #Rider# <br/><br/> \u0927\u0928\u094d\u092f\u0935\u093e\u0926! #MailFooter# <br/></span>]"}, {"language": "IW", "subject": "\u05e4\u05e8\u05d8\u05d9\u05dd \u05e2\u05dc \u05d4\u05d6\u05de\u05e0\u05d4 \u05d9\u05d3\u05e0\u05d9\u05ea", "body": "[' ', <span><br/> \u05e9\u05dc\u05d5\u05dd #Driver# , <br/><br/> \u05d9\u05e9 \u05dc\u05da \u05d8\u05d9\u05d5\u05dc \u05d7\u05d3\u05e9! \u05d0\u05ea\u05d4 \u05de\u05d5\u05e7\u05e6\u05d4 \u05dc - Trip / Job \u05e2\u05dd #Rider# . <br/><br/> \u05dc\u05d4\u05dc\u05df \u05e4\u05d9\u05e8\u05d5\u05d8. <br/><br/> \u05e9\u05dd \u05de\u05e9\u05ea\u05de\u05e9: #Rider# <br/><br/> \u05de\u05e1\u05e4\u05e8 \u05d4\u05d4\u05d6\u05de\u05e0\u05d4: #BookingNo# <br/><br/> \u05db\u05ea\u05d5\u05d1\u05ea: #SourceAddress# <br/><br/> \u05ea\u05d0\u05e8\u05d9\u05da \u05d4\u05d4\u05d6\u05de\u05e0\u05d4: #Rider# <br/><br/> \u05ea\u05d5\u05d3\u05d4! #MailFooter# <br/></span>]"}, {"language": "FR", "subject": "D\u00e9tails pour la r\u00e9servation manuelle", "body": "[' ', <span><br/> Cher #Driver# , <br/><br/> Vous avez un nouveau voyage! Vous \u00eates affect\u00e9 \u00e0 Trip / Job avec #Rider# . <br/><br/> Ci-dessous le d\u00e9tail. <br/><br/> Nom d'utilisateur: #Rider# <br/><br/> #BookingNo# r\u00e9servation: #BookingNo# <br/><br/> Adresse: #SourceAddress# <br/><br/> Date de r\u00e9servation: #Rider# <br/><br/> Merci! #MailFooter# <br/></span>]"}, {"language": "DA", "subject": "Detaljer for Manuel Booking", "body": "[' ', <span><br/> K\u00e6re #Driver# , <br/><br/> Du har en ny tur! Du er tildelt Trip / Job med #Rider# . <br/><br/> Nedenfor er detaljerne. <br/><br/> Brugernavn: #Rider# <br/><br/> Booking nr .: #BookingNo# <br/><br/> Adresse: #SourceAddress# <br/><br/> Booking Dato: #Rider# <br/><br/> Tak! #MailFooter# <br/></span>]"}]}